Date,Fiscal Year,445 Year,Fiscal Month Label,445 Month Label,445 Quarter Label,Day,Weeks,Weeks in Month,DAY Label,Month #,Day #,BNY Planned Income,Paramount Planned Income,Month Status,Trailing 12 Complete Months,Curr Month,Start Date,End Date YTD,YTD Filter,Today,Today Label,Trailing 14 Days,Trailing 6 Months,Trailing 12 Months,Days in Year Calc,YTD Days,Current Year,Single Year Today
1/4/2021,2021,2021,Jan,Jan,Qtr1,4,1,4,M,1,1,,,Completed,,,44200,44267,YTD,46094,NOT Today,NO,NO,NO,0,67,2026,0
1/5/2021,2021,2021,Jan,Jan,Qtr1,5,1,4,T,1,2,,,Completed,,,44200,44267,YTD,46094,NOT Today,NO,NO,NO,0,67,2026,0
1/6/2021,2021,2021,Jan,Jan,Qtr1,6,1,4,W,1,3,,,Completed,,,44200,44267,YTD,46094,NOT Today,NO,NO,NO,0,67,2026,0
1/7/2021,2021,2021,Jan,Jan,Qtr1,7,1,4,TH,1,4,,,Completed,,,44200,44267,YTD,46094,NOT Today,NO,NO,NO,0,67,2026,0
1/8/2021,2021,2021,Jan,Jan,Qtr1,8,1,4,F,1,5,,,Completed,,,44200,44267,YTD,46094,NOT Today,NO,NO,NO,0,67,2026,0
1/9/2021,2021,2021,Jan,Jan,Qtr1,9,1,4,S,1,6,,,Completed,,,44200,44267,YTD,46094,NOT Today,NO,NO,NO,0,67,2026,0
1/10/2021,2021,2021,Jan,Jan,Qtr1,10,1,4,SU,1,7,,,Completed,,,44200,44267,YTD,46094,NOT Today,NO,NO,NO,0,67,2026,0
1/11/2021,2021,2021,Jan,Jan,Qtr1,11,2,4,M,1,1,,,Completed,,,44200,44267,YTD,46094,NOT Today,NO,NO,NO,0,67,2026,0
1/12/2021,2021,2021,Jan,Jan,Qtr1,12,2,4,T,1,2,,,Completed,,,44200,44267,YTD,46094,NOT Today,NO,NO,NO,0,67,2026,0
1/13/2021,2021,2021,Jan,Jan,Qtr1,13,2,4,W,1,3,,,Completed,,,44200,44267,YTD,46094,NOT Today,NO,NO,NO,0,67,2026,0
1/14/2021,2021,2021,Jan,Jan,Qtr1,14,2,4,TH,1,4,,,Completed,,,44200,44267,YTD,46094,NOT Today,NO,NO,NO,0,67,2026,0
1/15/2021,2021,2021,Jan,Jan,Qtr1,15,2,4,F,1,5,,,Completed,,,44200,44267,YTD,46094,NOT Today,NO,NO,NO,0,67,2026,0
1/16/2021,2021,2021,Jan,Jan,Qtr1,16,2,4,S,1,6,,,Completed,,,44200,44267,YTD,46094,NOT Today,NO,NO,NO,0,67,2026,0
1/17/2021,2021,2021,Jan,Jan,Qtr1,17,2,4,SU,1,7,,,Completed,,,44200,44267,YTD,46094,NOT Today,NO,NO,NO,0,67,2026,0
1/18/2021,2021,2021,Jan,Jan,Qtr1,18,3,4,M,1,1,,,Completed,,,44200,44267,YTD,46094,NOT Today,NO,NO,NO,0,67,2026,0
1/19/2021,2021,2021,Jan,Jan,Qtr1,19,3,4,T,1,2,,,Completed,,,44200,44267,YTD,46094,NOT Today,NO,NO,NO,0,67,2026,0
1/20/2021,2021,2021,Jan,Jan,Qtr1,20,3,4,W,1,3,,,Completed,,,44200,44267,YTD,46094,NOT Today,NO,NO,NO,0,67,2026,0
1/21/2021,2021,2021,Jan,Jan,Qtr1,21,3,4,TH,1,4,,,Completed,,,44200,44267,YTD,46094,NOT Today,NO,NO,NO,0,67,2026,0
1/22/2021,2021,2021,Jan,Jan,Qtr1,22,3,4,F,1,5,,,Completed,,,44200,44267,YTD,46094,NOT Today,NO,NO,NO,0,67,2026,0
1/23/2021,2021,2021,Jan,Jan,Qtr1,23,3,4,S,1,6,,,Completed,,,44200,44267,YTD,46094,NOT Today,NO,NO,NO,0,67,2026,0
1/24/2021,2021,2021,Jan,Jan,Qtr1,24,3,4,SU,1,7,,,Completed,,,44200,44267,YTD,46094,NOT Today,NO,NO,NO,0,67,2026,0
1/25/2021,2021,2021,Jan,Jan,Qtr1,25,4,4,M,1,1,,,Completed,,,44200,44267,YTD,46094,NOT Today,NO,NO,NO,0,67,2026,0
1/26/2021,2021,2021,Jan,Jan,Qtr1,26,4,4,T,1,2,,,Completed,,,44200,44267,YTD,46094,NOT Today,NO,NO,NO,0,67,2026,0
1/27/2021,2021,2021,Jan,Jan,Qtr1,27,4,4,W,1,3,,,Completed,,,44200,44267,YTD,46094,NOT Today,NO,NO,NO,0,67,2026,0
1/28/2021,2021,2021,Jan,Jan,Qtr1,28,4,4,TH,1,4,,,Completed,,,44200,44267,YTD,46094,NOT Today,NO,NO,NO,0,67,2026,0
1/29/2021,2021,2021,Jan,Jan,Qtr1,29,4,4,F,1,5,,,Completed,,,44200,44267,YTD,46094,NOT Today,NO,NO,NO,0,67,2026,0
1/30/2021,2021,2021,Jan,Jan,Qtr1,30,4,4,S,1,6,,,Completed,,,44200,44267,YTD,46094,NOT Today,NO,NO,NO,0,67,2026,0
1/31/2021,2021,2021,Jan,Jan,Qtr1,31,4,4,SU,1,7,,,Completed,,,44200,44267,YTD,46094,NOT Today,NO,NO,NO,0,67,2026,0
2/1/2021,2021,2021,Feb,Feb,Qtr1,1,5,4,M,2,1,,,Completed,,,44200,44267,YTD,46094,NOT Today,NO,NO,NO,0,67,2026,0
2/2/2021,2021,2021,Feb,Feb,Qtr1,2,5,4,T,2,2,,,Completed,,,44200,44267,YTD,46094,NOT Today,NO,NO,NO,0,67,2026,0
2/3/2021,2021,2021,Feb,Feb,Qtr1,3,5,4,W,2,3,,,Completed,,,44200,44267,YTD,46094,NOT Today,NO,NO,NO,0,67,2026,0
2/4/2021,2021,2021,Feb,Feb,Qtr1,4,5,4,TH,2,4,,,Completed,,,44200,44267,YTD,46094,NOT Today,NO,NO,NO,0,67,2026,0
2/5/2021,2021,2021,Feb,Feb,Qtr1,5,5,4,F,2,5,,,Completed,,,44200,44267,YTD,46094,NOT Today,NO,NO,NO,0,67,2026,0
2/6/2021,2021,2021,Feb,Feb,Qtr1,6,5,4,S,2,6,,,Completed,,,44200,44267,YTD,46094,NOT Today,NO,NO,NO,0,67,2026,0
2/7/2021,2021,2021,Feb,Feb,Qtr1,7,5,4,SU,2,7,,,Completed,,,44200,44267,YTD,46094,NOT Today,NO,NO,NO,0,67,2026,0
2/8/2021,2021,2021,Feb,Feb,Qtr1,8,6,4,M,2,1,,,Completed,,,44200,44267,YTD,46094,NOT Today,NO,NO,NO,0,67,2026,0
2/9/2021,2021,2021,Feb,Feb,Qtr1,9,6,4,T,2,2,,,Completed,,,44200,44267,YTD,46094,NOT Today,NO,NO,NO,0,67,2026,0
2/10/2021,2021,2021,Feb,Feb,Qtr1,10,6,4,W,2,3,,,Completed,,,44200,44267,YTD,46094,NOT Today,NO,NO,NO,0,67,2026,0
2/11/2021,2021,2021,Feb,Feb,Qtr1,11,6,4,TH,2,4,,,Completed,,,44200,44267,YTD,46094,NOT Today,NO,NO,NO,0,67,2026,0
2/12/2021,2021,2021,Feb,Feb,Qtr1,12,6,4,F,2,5,,,Completed,,,44200,44267,YTD,46094,NOT Today,NO,NO,NO,0,67,2026,0
2/13/2021,2021,2021,Feb,Feb,Qtr1,13,6,4,S,2,6,,,Completed,,,44200,44267,YTD,46094,NOT Today,NO,NO,NO,0,67,2026,0
2/14/2021,2021,2021,Feb,Feb,Qtr1,14,6,4,SU,2,7,,,Completed,,,44200,44267,YTD,46094,NOT Today,NO,NO,NO,0,67,2026,0
2/15/2021,2021,2021,Feb,Feb,Qtr1,15,7,4,M,2,1,,,Completed,,,44200,44267,YTD,46094,NOT Today,NO,NO,NO,0,67,2026,0
2/16/2021,2021,2021,Feb,Feb,Qtr1,16,7,4,T,2,2,,,Completed,,,44200,44267,YTD,46094,NOT Today,NO,NO,NO,0,67,2026,0
2/17/2021,2021,2021,Feb,Feb,Qtr1,17,7,4,W,2,3,,,Completed,,,44200,44267,YTD,46094,NOT Today,NO,NO,NO,0,67,2026,0
2/18/2021,2021,2021,Feb,Feb,Qtr1,18,7,4,TH,2,4,,,Completed,,,44200,44267,YTD,46094,NOT Today,NO,NO,NO,0,67,2026,0
2/19/2021,2021,2021,Feb,Feb,Qtr1,19,7,4,F,2,5,,,Completed,,,44200,44267,YTD,46094,NOT Today,NO,NO,NO,0,67,2026,0
2/20/2021,2021,2021,Feb,Feb,Qtr1,20,7,4,S,2,6,,,Completed,,,44200,44267,YTD,46094,NOT Today,NO,NO,NO,0,67,2026,0
2/21/2021,2021,2021,Feb,Feb,Qtr1,21,7,4,SU,2,7,,,Completed,,,44200,44267,YTD,46094,NOT Today,NO,NO,NO,0,67,2026,0
2/22/2021,2021,2021,Feb,Feb,Qtr1,22,8,4,M,2,1,,,Completed,,,44200,44267,YTD,46094,NOT Today,NO,NO,NO,0,67,2026,0
2/23/2021,2021,2021,Feb,Feb,Qtr1,23,8,4,T,2,2,,,Completed,,,44200,44267,YTD,46094,NOT Today,NO,NO,NO,0,67,2026,0
2/24/2021,2021,2021,Feb,Feb,Qtr1,24,8,4,W,2,3,,,Completed,,,44200,44267,YTD,46094,NOT Today,NO,NO,NO,0,67,2026,0
2/25/2021,2021,2021,Feb,Feb,Qtr1,25,8,4,TH,2,4,,,Completed,,,44200,44267,YTD,46094,NOT Today,NO,NO,NO,0,67,2026,0
2/26/2021,2021,2021,Feb,Feb,Qtr1,26,8,4,F,2,5,,,Completed,,,44200,44267,YTD,46094,NOT Today,NO,NO,NO,0,67,2026,0
2/27/2021,2021,2021,Feb,Feb,Qtr1,27,8,4,S,2,6,,,Completed,,,44200,44267,YTD,46094,NOT Today,NO,NO,NO,0,67,2026,0
2/28/2021,2021,2021,Feb,Feb,Qtr1,28,8,4,SU,2,7,,,Completed,,,44200,44267,YTD,46094,NOT Today,NO,NO,NO,0,67,2026,0
4/5/2021,2021,2021,Apr,Apr,Qtr2,5,14,4,M,4,1,,,Completed,,,44200,44267,NOT YTD,46094,NOT Today,NO,NO,NO,0,67,2026,0
4/6/2021,2021,2021,Apr,Apr,Qtr2,6,14,4,T,4,2,,,Completed,,,44200,44267,NOT YTD,46094,NOT Today,NO,NO,NO,0,67,2026,0
4/7/2021,2021,2021,Apr,Apr,Qtr2,7,14,4,W,4,3,,,Completed,,,44200,44267,NOT YTD,46094,NOT Today,NO,NO,NO,0,67,2026,0
4/8/2021,2021,2021,Apr,Apr,Qtr2,8,14,4,TH,4,4,,,Completed,,,44200,44267,NOT YTD,46094,NOT Today,NO,NO,NO,0,67,2026,0
4/9/2021,2021,2021,Apr,Apr,Qtr2,9,14,4,F,4,5,,,Completed,,,44200,44267,NOT YTD,46094,NOT Today,NO,NO,NO,0,67,2026,0
4/10/2021,2021,2021,Apr,Apr,Qtr2,10,14,4,S,4,6,,,Completed,,,44200,44267,NOT YTD,46094,NOT Today,NO,NO,NO,0,67,2026,0
4/11/2021,2021,2021,Apr,Apr,Qtr2,11,14,4,SU,4,7,,,Completed,,,44200,44267,NOT YTD,46094,NOT Today,NO,NO,NO,0,67,2026,0
4/12/2021,2021,2021,Apr,Apr,Qtr2,12,15,4,M,4,1,,,Completed,,,44200,44267,NOT YTD,46094,NOT Today,NO,NO,NO,0,67,2026,0
4/13/2021,2021,2021,Apr,Apr,Qtr2,13,15,4,T,4,2,,,Completed,,,44200,44267,NOT YTD,46094,NOT Today,NO,NO,NO,0,67,2026,0
4/14/2021,2021,2021,Apr,Apr,Qtr2,14,15,4,W,4,3,,,Completed,,,44200,44267,NOT YTD,46094,NOT Today,NO,NO,NO,0,67,2026,0
4/15/2021,2021,2021,Apr,Apr,Qtr2,15,15,4,TH,4,4,,,Completed,,,44200,44267,NOT YTD,46094,NOT Today,NO,NO,NO,0,67,2026,0
4/16/2021,2021,2021,Apr,Apr,Qtr2,16,15,4,F,4,5,,,Completed,,,44200,44267,NOT YTD,46094,NOT Today,NO,NO,NO,0,67,2026,0
4/17/2021,2021,2021,Apr,Apr,Qtr2,17,15,4,S,4,6,,,Completed,,,44200,44267,NOT YTD,46094,NOT Today,NO,NO,NO,0,67,2026,0
4/18/2021,2021,2021,Apr,Apr,Qtr2,18,15,4,SU,4,7,,,Completed,,,44200,44267,NOT YTD,46094,NOT Today,NO,NO,NO,0,67,2026,0
4/19/2021,2021,2021,Apr,Apr,Qtr2,19,16,4,M,4,1,,,Completed,,,44200,44267,NOT YTD,46094,NOT Today,NO,NO,NO,0,67,2026,0
4/20/2021,2021,2021,Apr,Apr,Qtr2,20,16,4,T,4,2,,,Completed,,,44200,44267,NOT YTD,46094,NOT Today,NO,NO,NO,0,67,2026,0
4/21/2021,2021,2021,Apr,Apr,Qtr2,21,16,4,W,4,3,,,Completed,,,44200,44267,NOT YTD,46094,NOT Today,NO,NO,NO,0,67,2026,0
4/22/2021,2021,2021,Apr,Apr,Qtr2,22,16,4,TH,4,4,,,Completed,,,44200,44267,NOT YTD,46094,NOT Today,NO,NO,NO,0,67,2026,0
4/23/2021,2021,2021,Apr,Apr,Qtr2,23,16,4,F,4,5,,,Completed,,,44200,44267,NOT YTD,46094,NOT Today,NO,NO,NO,0,67,2026,0
4/24/2021,2021,2021,Apr,Apr,Qtr2,24,16,4,S,4,6,,,Completed,,,44200,44267,NOT YTD,46094,NOT Today,NO,NO,NO,0,67,2026,0
4/25/2021,2021,2021,Apr,Apr,Qtr2,25,16,4,SU,4,7,,,Completed,,,44200,44267,NOT YTD,46094,NOT Today,NO,NO,NO,0,67,2026,0
4/26/2021,2021,2021,Apr,Apr,Qtr2,26,17,4,M,4,1,,,Completed,,,44200,44267,NOT YTD,46094,NOT Today,NO,NO,NO,0,67,2026,0
4/27/2021,2021,2021,Apr,Apr,Qtr2,27,17,4,T,4,2,,,Completed,,,44200,44267,NOT YTD,46094,NOT Today,NO,NO,NO,0,67,2026,0
4/28/2021,2021,2021,Apr,Apr,Qtr2,28,17,4,W,4,3,,,Completed,,,44200,44267,NOT YTD,46094,NOT Today,NO,NO,NO,0,67,2026,0
4/29/2021,2021,2021,Apr,Apr,Qtr2,29,17,4,TH,4,4,,,Completed,,,44200,44267,NOT YTD,46094,NOT Today,NO,NO,NO,0,67,2026,0
4/30/2021,2021,2021,Apr,Apr,Qtr2,30,17,4,F,4,5,,,Completed,,,44200,44267,NOT YTD,46094,NOT Today,NO,NO,NO,0,67,2026,0
5/1/2021,2021,2021,May,Apr,Qtr2,1,17,4,S,4,6,,,Completed,,,44200,44267,NOT YTD,46094,NOT Today,NO,NO,NO,0,67,2026,0
5/2/2021,2021,2021,May,Apr,Qtr2,2,17,4,SU,4,7,,,Completed,,,44200,44267,NOT YTD,46094,NOT Today,NO,NO,NO,0,67,2026,0
5/3/2021,2021,2021,May,May,Qtr2,3,18,4,M,5,1,,,Completed,,,44200,44267,NOT YTD,46094,NOT Today,NO,NO,NO,0,67,2026,0
5/4/2021,2021,2021,May,May,Qtr2,4,18,4,T,5,2,,,Completed,,,44200,44267,NOT YTD,46094,NOT Today,NO,NO,NO,0,67,2026,0
5/5/2021,2021,2021,May,May,Qtr2,5,18,4,W,5,3,,,Completed,,,44200,44267,NOT YTD,46094,NOT Today,NO,NO,NO,0,67,2026,0
5/6/2021,2021,2021,May,May,Qtr2,6,18,4,TH,5,4,,,Completed,,,44200,44267,NOT YTD,46094,NOT Today,NO,NO,NO,0,67,2026,0
5/7/2021,2021,2021,May,May,Qtr2,7,18,4,F,5,5,,,Completed,,,44200,44267,NOT YTD,46094,NOT Today,NO,NO,NO,0,67,2026,0
5/8/2021,2021,2021,May,May,Qtr2,8,18,4,S,5,6,,,Completed,,,44200,44267,NOT YTD,46094,NOT Today,NO,NO,NO,0,67,2026,0
5/9/2021,2021,2021,May,May,Qtr2,9,18,4,SU,5,7,,,Completed,,,44200,44267,NOT YTD,46094,NOT Today,NO,NO,NO,0,67,2026,0
5/10/2021,2021,2021,May,May,Qtr2,10,19,4,M,5,1,,,Completed,,,44200,44267,NOT YTD,46094,NOT Today,NO,NO,NO,0,67,2026,0
5/11/2021,2021,2021,May,May,Qtr2,11,19,4,T,5,2,,,Completed,,,44200,44267,NOT YTD,46094,NOT Today,NO,NO,NO,0,67,2026,0
5/12/2021,2021,2021,May,May,Qtr2,12,19,4,W,5,3,,,Completed,,,44200,44267,NOT YTD,46094,NOT Today,NO,NO,NO,0,67,2026,0
5/13/2021,2021,2021,May,May,Qtr2,13,19,4,TH,5,4,,,Completed,,,44200,44267,NOT YTD,46094,NOT Today,NO,NO,NO,0,67,2026,0
5/14/2021,2021,2021,May,May,Qtr2,14,19,4,F,5,5,,,Completed,,,44200,44267,NOT YTD,46094,NOT Today,NO,NO,NO,0,67,2026,0
5/15/2021,2021,2021,May,May,Qtr2,15,19,4,S,5,6,,,Completed,,,44200,44267,NOT YTD,46094,NOT Today,NO,NO,NO,0,67,2026,0
5/16/2021,2021,2021,May,May,Qtr2,16,19,4,SU,5,7,,,Completed,,,44200,44267,NOT YTD,46094,NOT Today,NO,NO,NO,0,67,2026,0
5/17/2021,2021,2021,May,May,Qtr2,17,20,4,M,5,1,,,Completed,,,44200,44267,NOT YTD,46094,NOT Today,NO,NO,NO,0,67,2026,0
5/18/2021,2021,2021,May,May,Qtr2,18,20,4,T,5,2,,,Completed,,,44200,44267,NOT YTD,46094,NOT Today,NO,NO,NO,0,67,2026,0
5/19/2021,2021,2021,May,May,Qtr2,19,20,4,W,5,3,,,Completed,,,44200,44267,NOT YTD,46094,NOT Today,NO,NO,NO,0,67,2026,0
5/20/2021,2021,2021,May,May,Qtr2,20,20,4,TH,5,4,,,Completed,,,44200,44267,NOT YTD,46094,NOT Today,NO,NO,NO,0,67,2026,0
5/21/2021,2021,2021,May,May,Qtr2,21,20,4,F,5,5,,,Completed,,,44200,44267,NOT YTD,46094,NOT Today,NO,NO,NO,0,67,2026,0
5/22/2021,2021,2021,May,May,Qtr2,22,20,4,S,5,6,,,Completed,,,44200,44267,NOT YTD,46094,NOT Today,NO,NO,NO,0,67,2026,0
5/23/2021,2021,2021,May,May,Qtr2,23,20,4,SU,5,7,,,Completed,,,44200,44267,NOT YTD,46094,NOT Today,NO,NO,NO,0,67,2026,0
5/24/2021,2021,2021,May,May,Qtr2,24,21,4,M,5,1,,,Completed,,,44200,44267,NOT YTD,46094,NOT Today,NO,NO,NO,0,67,2026,0
5/25/2021,2021,2021,May,May,Qtr2,25,21,4,T,5,2,,,Completed,,,44200,44267,NOT YTD,46094,NOT Today,NO,NO,NO,0,67,2026,0
5/26/2021,2021,2021,May,May,Qtr2,26,21,4,W,5,3,,,Completed,,,44200,44267,NOT YTD,46094,NOT Today,NO,NO,NO,0,67,2026,0
5/27/2021,2021,2021,May,May,Qtr2,27,21,4,TH,5,4,,,Completed,,,44200,44267,NOT YTD,46094,NOT Today,NO,NO,NO,0,67,2026,0
5/28/2021,2021,2021,May,May,Qtr2,28,21,4,F,5,5,,,Completed,,,44200,44267,NOT YTD,46094,NOT Today,NO,NO,NO,0,67,2026,0
5/29/2021,2021,2021,May,May,Qtr2,29,21,4,S,5,6,,,Completed,,,44200,44267,NOT YTD,46094,NOT Today,NO,NO,NO,0,67,2026,0
5/30/2021,2021,2021,May,May,Qtr2,30,21,4,SU,5,7,,,Completed,,,44200,44267,NOT YTD,46094,NOT Today,NO,NO,NO,0,67,2026,0
7/5/2021,2021,2021,Jul,Jul,Qtr3,5,27,4,M,7,1,,,Completed,,,44200,44267,NOT YTD,46094,NOT Today,NO,NO,NO,0,67,2026,0
7/6/2021,2021,2021,Jul,Jul,Qtr3,6,27,4,T,7,2,,,Completed,,,44200,44267,NOT YTD,46094,NOT Today,NO,NO,NO,0,67,2026,0
7/7/2021,2021,2021,Jul,Jul,Qtr3,7,27,4,W,7,3,,,Completed,,,44200,44267,NOT YTD,46094,NOT Today,NO,NO,NO,0,67,2026,0
7/8/2021,2021,2021,Jul,Jul,Qtr3,8,27,4,TH,7,4,,,Completed,,,44200,44267,NOT YTD,46094,NOT Today,NO,NO,NO,0,67,2026,0
7/9/2021,2021,2021,Jul,Jul,Qtr3,9,27,4,F,7,5,,,Completed,,,44200,44267,NOT YTD,46094,NOT Today,NO,NO,NO,0,67,2026,0
7/10/2021,2021,2021,Jul,Jul,Qtr3,10,27,4,S,7,6,,,Completed,,,44200,44267,NOT YTD,46094,NOT Today,NO,NO,NO,0,67,2026,0
7/11/2021,2021,2021,Jul,Jul,Qtr3,11,27,4,SU,7,7,,,Completed,,,44200,44267,NOT YTD,46094,NOT Today,NO,NO,NO,0,67,2026,0
7/12/2021,2021,2021,Jul,Jul,Qtr3,12,28,4,M,7,1,,,Completed,,,44200,44267,NOT YTD,46094,NOT Today,NO,NO,NO,0,67,2026,0
7/13/2021,2021,2021,Jul,Jul,Qtr3,13,28,4,T,7,2,,,Completed,,,44200,44267,NOT YTD,46094,NOT Today,NO,NO,NO,0,67,2026,0
7/14/2021,2021,2021,Jul,Jul,Qtr3,14,28,4,W,7,3,,,Completed,,,44200,44267,NOT YTD,46094,NOT Today,NO,NO,NO,0,67,2026,0
7/15/2021,2021,2021,Jul,Jul,Qtr3,15,28,4,TH,7,4,,,Completed,,,44200,44267,NOT YTD,46094,NOT Today,NO,NO,NO,0,67,2026,0
7/16/2021,2021,2021,Jul,Jul,Qtr3,16,28,4,F,7,5,,,Completed,,,44200,44267,NOT YTD,46094,NOT Today,NO,NO,NO,0,67,2026,0
7/17/2021,2021,2021,Jul,Jul,Qtr3,17,28,4,S,7,6,,,Completed,,,44200,44267,NOT YTD,46094,NOT Today,NO,NO,NO,0,67,2026,0
7/18/2021,2021,2021,Jul,Jul,Qtr3,18,28,4,SU,7,7,,,Completed,,,44200,44267,NOT YTD,46094,NOT Today,NO,NO,NO,0,67,2026,0
7/19/2021,2021,2021,Jul,Jul,Qtr3,19,29,4,M,7,1,,,Completed,,,44200,44267,NOT YTD,46094,NOT Today,NO,NO,NO,0,67,2026,0
7/20/2021,2021,2021,Jul,Jul,Qtr3,20,29,4,T,7,2,,,Completed,,,44200,44267,NOT YTD,46094,NOT Today,NO,NO,NO,0,67,2026,0
7/21/2021,2021,2021,Jul,Jul,Qtr3,21,29,4,W,7,3,,,Completed,,,44200,44267,NOT YTD,46094,NOT Today,NO,NO,NO,0,67,2026,0
7/22/2021,2021,2021,Jul,Jul,Qtr3,22,29,4,TH,7,4,,,Completed,,,44200,44267,NOT YTD,46094,NOT Today,NO,NO,NO,0,67,2026,0
7/23/2021,2021,2021,Jul,Jul,Qtr3,23,29,4,F,7,5,,,Completed,,,44200,44267,NOT YTD,46094,NOT Today,NO,NO,NO,0,67,2026,0
7/24/2021,2021,2021,Jul,Jul,Qtr3,24,29,4,S,7,6,,,Completed,,,44200,44267,NOT YTD,46094,NOT Today,NO,NO,NO,0,67,2026,0
7/25/2021,2021,2021,Jul,Jul,Qtr3,25,29,4,SU,7,7,,,Completed,,,44200,44267,NOT YTD,46094,NOT Today,NO,NO,NO,0,67,2026,0
7/26/2021,2021,2021,Jul,Jul,Qtr3,26,30,4,M,7,1,,,Completed,,,44200,44267,NOT YTD,46094,NOT Today,NO,NO,NO,0,67,2026,0
7/27/2021,2021,2021,Jul,Jul,Qtr3,27,30,4,T,7,2,,,Completed,,,44200,44267,NOT YTD,46094,NOT Today,NO,NO,NO,0,67,2026,0
7/28/2021,2021,2021,Jul,Jul,Qtr3,28,30,4,W,7,3,,,Completed,,,44200,44267,NOT YTD,46094,NOT Today,NO,NO,NO,0,67,2026,0
7/29/2021,2021,2021,Jul,Jul,Qtr3,29,30,4,TH,7,4,,,Completed,,,44200,44267,NOT YTD,46094,NOT Today,NO,NO,NO,0,67,2026,0
7/30/2021,2021,2021,Jul,Jul,Qtr3,30,30,4,F,7,5,,,Completed,,,44200,44267,NOT YTD,46094,NOT Today,NO,NO,NO,0,67,2026,0
7/31/2021,2021,2021,Jul,Jul,Qtr3,31,30,4,S,7,6,,,Completed,,,44200,44267,NOT YTD,46094,NOT Today,NO,NO,NO,0,67,2026,0
8/1/2021,2021,2021,Aug,Jul,Qtr3,1,30,4,SU,7,7,,,Completed,,,44200,44267,NOT YTD,46094,NOT Today,NO,NO,NO,0,67,2026,0
8/2/2021,2021,2021,Aug,Aug,Qtr3,2,31,4,M,8,1,,,Completed,,,44200,44267,NOT YTD,46094,NOT Today,NO,NO,NO,0,67,2026,0
8/3/2021,2021,2021,Aug,Aug,Qtr3,3,31,4,T,8,2,,,Completed,,,44200,44267,NOT YTD,46094,NOT Today,NO,NO,NO,0,67,2026,0
8/4/2021,2021,2021,Aug,Aug,Qtr3,4,31,4,W,8,3,,,Completed,,,44200,44267,NOT YTD,46094,NOT Today,NO,NO,NO,0,67,2026,0
8/5/2021,2021,2021,Aug,Aug,Qtr3,5,31,4,TH,8,4,,,Completed,,,44200,44267,NOT YTD,46094,NOT Today,NO,NO,NO,0,67,2026,0
8/6/2021,2021,2021,Aug,Aug,Qtr3,6,31,4,F,8,5,,,Completed,,,44200,44267,NOT YTD,46094,NOT Today,NO,NO,NO,0,67,2026,0
8/7/2021,2021,2021,Aug,Aug,Qtr3,7,31,4,S,8,6,,,Completed,,,44200,44267,NOT YTD,46094,NOT Today,NO,NO,NO,0,67,2026,0
8/8/2021,2021,2021,Aug,Aug,Qtr3,8,31,4,SU,8,7,,,Completed,,,44200,44267,NOT YTD,46094,NOT Today,NO,NO,NO,0,67,2026,0
8/9/2021,2021,2021,Aug,Aug,Qtr3,9,32,4,M,8,1,,,Completed,,,44200,44267,NOT YTD,46094,NOT Today,NO,NO,NO,0,67,2026,0
8/10/2021,2021,2021,Aug,Aug,Qtr3,10,32,4,T,8,2,,,Completed,,,44200,44267,NOT YTD,46094,NOT Today,NO,NO,NO,0,67,2026,0
8/11/2021,2021,2021,Aug,Aug,Qtr3,11,32,4,W,8,3,,,Completed,,,44200,44267,NOT YTD,46094,NOT Today,NO,NO,NO,0,67,2026,0
8/12/2021,2021,2021,Aug,Aug,Qtr3,12,32,4,TH,8,4,,,Completed,,,44200,44267,NOT YTD,46094,NOT Today,NO,NO,NO,0,67,2026,0
8/13/2021,2021,2021,Aug,Aug,Qtr3,13,32,4,F,8,5,,,Completed,,,44200,44267,NOT YTD,46094,NOT Today,NO,NO,NO,0,67,2026,0
8/14/2021,2021,2021,Aug,Aug,Qtr3,14,32,4,S,8,6,,,Completed,,,44200,44267,NOT YTD,46094,NOT Today,NO,NO,NO,0,67,2026,0
8/15/2021,2021,2021,Aug,Aug,Qtr3,15,32,4,SU,8,7,,,Completed,,,44200,44267,NOT YTD,46094,NOT Today,NO,NO,NO,0,67,2026,0
8/16/2021,2021,2021,Aug,Aug,Qtr3,16,33,4,M,8,1,,,Completed,,,44200,44267,NOT YTD,46094,NOT Today,NO,NO,NO,0,67,2026,0
8/17/2021,2021,2021,Aug,Aug,Qtr3,17,33,4,T,8,2,,,Completed,,,44200,44267,NOT YTD,46094,NOT Today,NO,NO,NO,0,67,2026,0
8/18/2021,2021,2021,Aug,Aug,Qtr3,18,33,4,W,8,3,,,Completed,,,44200,44267,NOT YTD,46094,NOT Today,NO,NO,NO,0,67,2026,0
8/19/2021,2021,2021,Aug,Aug,Qtr3,19,33,4,TH,8,4,,,Completed,,,44200,44267,NOT YTD,46094,NOT Today,NO,NO,NO,0,67,2026,0
8/20/2021,2021,2021,Aug,Aug,Qtr3,20,33,4,F,8,5,,,Completed,,,44200,44267,NOT YTD,46094,NOT Today,NO,NO,NO,0,67,2026,0
8/21/2021,2021,2021,Aug,Aug,Qtr3,21,33,4,S,8,6,,,Completed,,,44200,44267,NOT YTD,46094,NOT Today,NO,NO,NO,0,67,2026,0
8/22/2021,2021,2021,Aug,Aug,Qtr3,22,33,4,SU,8,7,,,Completed,,,44200,44267,NOT YTD,46094,NOT Today,NO,NO,NO,0,67,2026,0
8/23/2021,2021,2021,Aug,Aug,Qtr3,23,34,4,M,8,1,,,Completed,,,44200,44267,NOT YTD,46094,NOT Today,NO,NO,NO,0,67,2026,0
8/24/2021,2021,2021,Aug,Aug,Qtr3,24,34,4,T,8,2,,,Completed,,,44200,44267,NOT YTD,46094,NOT Today,NO,NO,NO,0,67,2026,0
8/25/2021,2021,2021,Aug,Aug,Qtr3,25,34,4,W,8,3,,,Completed,,,44200,44267,NOT YTD,46094,NOT Today,NO,NO,NO,0,67,2026,0
8/26/2021,2021,2021,Aug,Aug,Qtr3,26,34,4,TH,8,4,,,Completed,,,44200,44267,NOT YTD,46094,NOT Today,NO,NO,NO,0,67,2026,0
8/27/2021,2021,2021,Aug,Aug,Qtr3,27,34,4,F,8,5,,,Completed,,,44200,44267,NOT YTD,46094,NOT Today,NO,NO,NO,0,67,2026,0
8/28/2021,2021,2021,Aug,Aug,Qtr3,28,34,4,S,8,6,,,Completed,,,44200,44267,NOT YTD,46094,NOT Today,NO,NO,NO,0,67,2026,0
8/29/2021,2021,2021,Aug,Aug,Qtr3,29,34,4,SU,8,7,,,Completed,,,44200,44267,NOT YTD,46094,NOT Today,NO,NO,NO,0,67,2026,0
10/4/2021,2021,2021,Oct,Oct,Qtr4,4,40,4,M,10,1,,,Completed,,,44200,44267,NOT YTD,46094,NOT Today,NO,NO,NO,0,67,2026,0
10/5/2021,2021,2021,Oct,Oct,Qtr4,5,40,4,T,10,2,,,Completed,,,44200,44267,NOT YTD,46094,NOT Today,NO,NO,NO,0,67,2026,0
10/6/2021,2021,2021,Oct,Oct,Qtr4,6,40,4,W,10,3,,,Completed,,,44200,44267,NOT YTD,46094,NOT Today,NO,NO,NO,0,67,2026,0
10/7/2021,2021,2021,Oct,Oct,Qtr4,7,40,4,TH,10,4,,,Completed,,,44200,44267,NOT YTD,46094,NOT Today,NO,NO,NO,0,67,2026,0
10/8/2021,2021,2021,Oct,Oct,Qtr4,8,40,4,F,10,5,,,Completed,,,44200,44267,NOT YTD,46094,NOT Today,NO,NO,NO,0,67,2026,0
10/9/2021,2021,2021,Oct,Oct,Qtr4,9,40,4,S,10,6,,,Completed,,,44200,44267,NOT YTD,46094,NOT Today,NO,NO,NO,0,67,2026,0
10/10/2021,2021,2021,Oct,Oct,Qtr4,10,40,4,SU,10,7,,,Completed,,,44200,44267,NOT YTD,46094,NOT Today,NO,NO,NO,0,67,2026,0
10/11/2021,2021,2021,Oct,Oct,Qtr4,11,41,4,M,10,1,,,Completed,,,44200,44267,NOT YTD,46094,NOT Today,NO,NO,NO,0,67,2026,0
10/12/2021,2021,2021,Oct,Oct,Qtr4,12,41,4,T,10,2,,,Completed,,,44200,44267,NOT YTD,46094,NOT Today,NO,NO,NO,0,67,2026,0
10/13/2021,2021,2021,Oct,Oct,Qtr4,13,41,4,W,10,3,,,Completed,,,44200,44267,NOT YTD,46094,NOT Today,NO,NO,NO,0,67,2026,0
10/14/2021,2021,2021,Oct,Oct,Qtr4,14,41,4,TH,10,4,,,Completed,,,44200,44267,NOT YTD,46094,NOT Today,NO,NO,NO,0,67,2026,0
10/15/2021,2021,2021,Oct,Oct,Qtr4,15,41,4,F,10,5,,,Completed,,,44200,44267,NOT YTD,46094,NOT Today,NO,NO,NO,0,67,2026,0
10/16/2021,2021,2021,Oct,Oct,Qtr4,16,41,4,S,10,6,,,Completed,,,44200,44267,NOT YTD,46094,NOT Today,NO,NO,NO,0,67,2026,0
10/17/2021,2021,2021,Oct,Oct,Qtr4,17,41,4,SU,10,7,,,Completed,,,44200,44267,NOT YTD,46094,NOT Today,NO,NO,NO,0,67,2026,0
10/18/2021,2021,2021,Oct,Oct,Qtr4,18,42,4,M,10,1,,,Completed,,,44200,44267,NOT YTD,46094,NOT Today,NO,NO,NO,0,67,2026,0
10/19/2021,2021,2021,Oct,Oct,Qtr4,19,42,4,T,10,2,,,Completed,,,44200,44267,NOT YTD,46094,NOT Today,NO,NO,NO,0,67,2026,0
10/20/2021,2021,2021,Oct,Oct,Qtr4,20,42,4,W,10,3,,,Completed,,,44200,44267,NOT YTD,46094,NOT Today,NO,NO,NO,0,67,2026,0
10/21/2021,2021,2021,Oct,Oct,Qtr4,21,42,4,TH,10,4,,,Completed,,,44200,44267,NOT YTD,46094,NOT Today,NO,NO,NO,0,67,2026,0
10/22/2021,2021,2021,Oct,Oct,Qtr4,22,42,4,F,10,5,,,Completed,,,44200,44267,NOT YTD,46094,NOT Today,NO,NO,NO,0,67,2026,0
10/23/2021,2021,2021,Oct,Oct,Qtr4,23,42,4,S,10,6,,,Completed,,,44200,44267,NOT YTD,46094,NOT Today,NO,NO,NO,0,67,2026,0
10/24/2021,2021,2021,Oct,Oct,Qtr4,24,42,4,SU,10,7,,,Completed,,,44200,44267,NOT YTD,46094,NOT Today,NO,NO,NO,0,67,2026,0
10/25/2021,2021,2021,Oct,Oct,Qtr4,25,43,4,M,10,1,,,Completed,,,44200,44267,NOT YTD,46094,NOT Today,NO,NO,NO,0,67,2026,0
10/26/2021,2021,2021,Oct,Oct,Qtr4,26,43,4,T,10,2,,,Completed,,,44200,44267,NOT YTD,46094,NOT Today,NO,NO,NO,0,67,2026,0
10/27/2021,2021,2021,Oct,Oct,Qtr4,27,43,4,W,10,3,,,Completed,,,44200,44267,NOT YTD,46094,NOT Today,NO,NO,NO,0,67,2026,0
10/28/2021,2021,2021,Oct,Oct,Qtr4,28,43,4,TH,10,4,,,Completed,,,44200,44267,NOT YTD,46094,NOT Today,NO,NO,NO,0,67,2026,0
10/29/2021,2021,2021,Oct,Oct,Qtr4,29,43,4,F,10,5,,,Completed,,,44200,44267,NOT YTD,46094,NOT Today,NO,NO,NO,0,67,2026,0
10/30/2021,2021,2021,Oct,Oct,Qtr4,30,43,4,S,10,6,,,Completed,,,44200,44267,NOT YTD,46094,NOT Today,NO,NO,NO,0,67,2026,0
10/31/2021,2021,2021,Oct,Oct,Qtr4,31,43,4,SU,10,7,,,Completed,,,44200,44267,NOT YTD,46094,NOT Today,NO,NO,NO,0,67,2026,0
11/1/2021,2021,2021,Nov,Nov,Qtr4,1,44,4,M,11,1,,,Completed,,,44200,44267,NOT YTD,46094,NOT Today,NO,NO,NO,0,67,2026,0
11/2/2021,2021,2021,Nov,Nov,Qtr4,2,44,4,T,11,2,,,Completed,,,44200,44267,NOT YTD,46094,NOT Today,NO,NO,NO,0,67,2026,0
11/3/2021,2021,2021,Nov,Nov,Qtr4,3,44,4,W,11,3,,,Completed,,,44200,44267,NOT YTD,46094,NOT Today,NO,NO,NO,0,67,2026,0
11/4/2021,2021,2021,Nov,Nov,Qtr4,4,44,4,TH,11,4,,,Completed,,,44200,44267,NOT YTD,46094,NOT Today,NO,NO,NO,0,67,2026,0
11/5/2021,2021,2021,Nov,Nov,Qtr4,5,44,4,F,11,5,,,Completed,,,44200,44267,NOT YTD,46094,NOT Today,NO,NO,NO,0,67,2026,0
11/6/2021,2021,2021,Nov,Nov,Qtr4,6,44,4,S,11,6,,,Completed,,,44200,44267,NOT YTD,46094,NOT Today,NO,NO,NO,0,67,2026,0
11/7/2021,2021,2021,Nov,Nov,Qtr4,7,44,4,SU,11,7,,,Completed,,,44200,44267,NOT YTD,46094,NOT Today,NO,NO,NO,0,67,2026,0
11/8/2021,2021,2021,Nov,Nov,Qtr4,8,45,4,M,11,1,,,Completed,,,44200,44267,NOT YTD,46094,NOT Today,NO,NO,NO,0,67,2026,0
11/9/2021,2021,2021,Nov,Nov,Qtr4,9,45,4,T,11,2,,,Completed,,,44200,44267,NOT YTD,46094,NOT Today,NO,NO,NO,0,67,2026,0
11/10/2021,2021,2021,Nov,Nov,Qtr4,10,45,4,W,11,3,,,Completed,,,44200,44267,NOT YTD,46094,NOT Today,NO,NO,NO,0,67,2026,0
11/11/2021,2021,2021,Nov,Nov,Qtr4,11,45,4,TH,11,4,,,Completed,,,44200,44267,NOT YTD,46094,NOT Today,NO,NO,NO,0,67,2026,0
11/12/2021,2021,2021,Nov,Nov,Qtr4,12,45,4,F,11,5,,,Completed,,,44200,44267,NOT YTD,46094,NOT Today,NO,NO,NO,0,67,2026,0
11/13/2021,2021,2021,Nov,Nov,Qtr4,13,45,4,S,11,6,,,Completed,,,44200,44267,NOT YTD,46094,NOT Today,NO,NO,NO,0,67,2026,0
11/14/2021,2021,2021,Nov,Nov,Qtr4,14,45,4,SU,11,7,,,Completed,,,44200,44267,NOT YTD,46094,NOT Today,NO,NO,NO,0,67,2026,0
11/15/2021,2021,2021,Nov,Nov,Qtr4,15,46,4,M,11,1,,,Completed,,,44200,44267,NOT YTD,46094,NOT Today,NO,NO,NO,0,67,2026,0
11/16/2021,2021,2021,Nov,Nov,Qtr4,16,46,4,T,11,2,,,Completed,,,44200,44267,NOT YTD,46094,NOT Today,NO,NO,NO,0,67,2026,0
11/17/2021,2021,2021,Nov,Nov,Qtr4,17,46,4,W,11,3,,,Completed,,,44200,44267,NOT YTD,46094,NOT Today,NO,NO,NO,0,67,2026,0
11/18/2021,2021,2021,Nov,Nov,Qtr4,18,46,4,TH,11,4,,,Completed,,,44200,44267,NOT YTD,46094,NOT Today,NO,NO,NO,0,67,2026,0
11/19/2021,2021,2021,Nov,Nov,Qtr4,19,46,4,F,11,5,,,Completed,,,44200,44267,NOT YTD,46094,NOT Today,NO,NO,NO,0,67,2026,0
11/20/2021,2021,2021,Nov,Nov,Qtr4,20,46,4,S,11,6,,,Completed,,,44200,44267,NOT YTD,46094,NOT Today,NO,NO,NO,0,67,2026,0
11/21/2021,2021,2021,Nov,Nov,Qtr4,21,46,4,SU,11,7,,,Completed,,,44200,44267,NOT YTD,46094,NOT Today,NO,NO,NO,0,67,2026,0
11/22/2021,2021,2021,Nov,Nov,Qtr4,22,47,4,M,11,1,,,Completed,,,44200,44267,NOT YTD,46094,NOT Today,NO,NO,NO,0,67,2026,0
11/23/2021,2021,2021,Nov,Nov,Qtr4,23,47,4,T,11,2,,,Completed,,,44200,44267,NOT YTD,46094,NOT Today,NO,NO,NO,0,67,2026,0
11/24/2021,2021,2021,Nov,Nov,Qtr4,24,47,4,W,11,3,,,Completed,,,44200,44267,NOT YTD,46094,NOT Today,NO,NO,NO,0,67,2026,0
11/25/2021,2021,2021,Nov,Nov,Qtr4,25,47,4,TH,11,4,,,Completed,,,44200,44267,NOT YTD,46094,NOT Today,NO,NO,NO,0,67,2026,0
11/26/2021,2021,2021,Nov,Nov,Qtr4,26,47,4,F,11,5,,,Completed,,,44200,44267,NOT YTD,46094,NOT Today,NO,NO,NO,0,67,2026,0
11/27/2021,2021,2021,Nov,Nov,Qtr4,27,47,4,S,11,6,,,Completed,,,44200,44267,NOT YTD,46094,NOT Today,NO,NO,NO,0,67,2026,0
11/28/2021,2021,2021,Nov,Nov,Qtr4,28,47,4,SU,11,7,,,Completed,,,44200,44267,NOT YTD,46094,NOT Today,NO,NO,NO,0,67,2026,0
1/3/2022,2022,2022,Jan,Jan,Qtr1,3,1,4,M,1,1,,,Completed,,,44564,44631,YTD,46094,NOT Today,NO,NO,NO,0,67,2026,0
1/4/2022,2022,2022,Jan,Jan,Qtr1,4,1,4,T,1,2,,,Completed,,,44564,44631,YTD,46094,NOT Today,NO,NO,NO,0,67,2026,0
1/5/2022,2022,2022,Jan,Jan,Qtr1,5,1,4,W,1,3,,,Completed,,,44564,44631,YTD,46094,NOT Today,NO,NO,NO,0,67,2026,0
1/6/2022,2022,2022,Jan,Jan,Qtr1,6,1,4,TH,1,4,,,Completed,,,44564,44631,YTD,46094,NOT Today,NO,NO,NO,0,67,2026,0
1/7/2022,2022,2022,Jan,Jan,Qtr1,7,1,4,F,1,5,,,Completed,,,44564,44631,YTD,46094,NOT Today,NO,NO,NO,0,67,2026,0
1/8/2022,2022,2022,Jan,Jan,Qtr1,8,1,4,S,1,6,,,Completed,,,44564,44631,YTD,46094,NOT Today,NO,NO,NO,0,67,2026,0
1/9/2022,2022,2022,Jan,Jan,Qtr1,9,1,4,SU,1,7,,,Completed,,,44564,44631,YTD,46094,NOT Today,NO,NO,NO,0,67,2026,0
1/10/2022,2022,2022,Jan,Jan,Qtr1,10,2,4,M,1,1,,,Completed,,,44564,44631,YTD,46094,NOT Today,NO,NO,NO,0,67,2026,0
1/11/2022,2022,2022,Jan,Jan,Qtr1,11,2,4,T,1,2,,,Completed,,,44564,44631,YTD,46094,NOT Today,NO,NO,NO,0,67,2026,0
1/12/2022,2022,2022,Jan,Jan,Qtr1,12,2,4,W,1,3,,,Completed,,,44564,44631,YTD,46094,NOT Today,NO,NO,NO,0,67,2026,0
1/13/2022,2022,2022,Jan,Jan,Qtr1,13,2,4,TH,1,4,,,Completed,,,44564,44631,YTD,46094,NOT Today,NO,NO,NO,0,67,2026,0
1/14/2022,2022,2022,Jan,Jan,Qtr1,14,2,4,F,1,5,,,Completed,,,44564,44631,YTD,46094,NOT Today,NO,NO,NO,0,67,2026,0
1/15/2022,2022,2022,Jan,Jan,Qtr1,15,2,4,S,1,6,,,Completed,,,44564,44631,YTD,46094,NOT Today,NO,NO,NO,0,67,2026,0
1/16/2022,2022,2022,Jan,Jan,Qtr1,16,2,4,SU,1,7,,,Completed,,,44564,44631,YTD,46094,NOT Today,NO,NO,NO,0,67,2026,0
1/17/2022,2022,2022,Jan,Jan,Qtr1,17,3,4,M,1,1,,,Completed,,,44564,44631,YTD,46094,NOT Today,NO,NO,NO,0,67,2026,0
1/18/2022,2022,2022,Jan,Jan,Qtr1,18,3,4,T,1,2,,,Completed,,,44564,44631,YTD,46094,NOT Today,NO,NO,NO,0,67,2026,0
1/19/2022,2022,2022,Jan,Jan,Qtr1,19,3,4,W,1,3,,,Completed,,,44564,44631,YTD,46094,NOT Today,NO,NO,NO,0,67,2026,0
1/20/2022,2022,2022,Jan,Jan,Qtr1,20,3,4,TH,1,4,,,Completed,,,44564,44631,YTD,46094,NOT Today,NO,NO,NO,0,67,2026,0
1/21/2022,2022,2022,Jan,Jan,Qtr1,21,3,4,F,1,5,,,Completed,,,44564,44631,YTD,46094,NOT Today,NO,NO,NO,0,67,2026,0
1/22/2022,2022,2022,Jan,Jan,Qtr1,22,3,4,S,1,6,,,Completed,,,44564,44631,YTD,46094,NOT Today,NO,NO,NO,0,67,2026,0
1/23/2022,2022,2022,Jan,Jan,Qtr1,23,3,4,SU,1,7,,,Completed,,,44564,44631,YTD,46094,NOT Today,NO,NO,NO,0,67,2026,0
1/24/2022,2022,2022,Jan,Jan,Qtr1,24,4,4,M,1,1,,,Completed,,,44564,44631,YTD,46094,NOT Today,NO,NO,NO,0,67,2026,0
1/25/2022,2022,2022,Jan,Jan,Qtr1,25,4,4,T,1,2,,,Completed,,,44564,44631,YTD,46094,NOT Today,NO,NO,NO,0,67,2026,0
1/26/2022,2022,2022,Jan,Jan,Qtr1,26,4,4,W,1,3,,,Completed,,,44564,44631,YTD,46094,NOT Today,NO,NO,NO,0,67,2026,0
1/27/2022,2022,2022,Jan,Jan,Qtr1,27,4,4,TH,1,4,,,Completed,,,44564,44631,YTD,46094,NOT Today,NO,NO,NO,0,67,2026,0
1/28/2022,2022,2022,Jan,Jan,Qtr1,28,4,4,F,1,5,,,Completed,,,44564,44631,YTD,46094,NOT Today,NO,NO,NO,0,67,2026,0
1/29/2022,2022,2022,Jan,Jan,Qtr1,29,4,4,S,1,6,,,Completed,,,44564,44631,YTD,46094,NOT Today,NO,NO,NO,0,67,2026,0
1/30/2022,2022,2022,Jan,Jan,Qtr1,30,4,4,SU,1,7,,,Completed,,,44564,44631,YTD,46094,NOT Today,NO,NO,NO,0,67,2026,0
1/31/2022,2022,2022,Jan,Feb,Qtr1,31,5,4,M,2,1,,,Completed,,,44564,44631,YTD,46094,NOT Today,NO,NO,NO,0,67,2026,0
2/1/2022,2022,2022,Feb,Feb,Qtr1,1,5,4,T,2,2,,,Completed,,,44564,44631,YTD,46094,NOT Today,NO,NO,NO,0,67,2026,0
2/2/2022,2022,2022,Feb,Feb,Qtr1,2,5,4,W,2,3,,,Completed,,,44564,44631,YTD,46094,NOT Today,NO,NO,NO,0,67,2026,0
2/3/2022,2022,2022,Feb,Feb,Qtr1,3,5,4,TH,2,4,,,Completed,,,44564,44631,YTD,46094,NOT Today,NO,NO,NO,0,67,2026,0
2/4/2022,2022,2022,Feb,Feb,Qtr1,4,5,4,F,2,5,,,Completed,,,44564,44631,YTD,46094,NOT Today,NO,NO,NO,0,67,2026,0
2/5/2022,2022,2022,Feb,Feb,Qtr1,5,5,4,S,2,6,,,Completed,,,44564,44631,YTD,46094,NOT Today,NO,NO,NO,0,67,2026,0
2/6/2022,2022,2022,Feb,Feb,Qtr1,6,5,4,SU,2,7,,,Completed,,,44564,44631,YTD,46094,NOT Today,NO,NO,NO,0,67,2026,0
2/7/2022,2022,2022,Feb,Feb,Qtr1,7,6,4,M,2,1,,,Completed,,,44564,44631,YTD,46094,NOT Today,NO,NO,NO,0,67,2026,0
2/8/2022,2022,2022,Feb,Feb,Qtr1,8,6,4,T,2,2,,,Completed,,,44564,44631,YTD,46094,NOT Today,NO,NO,NO,0,67,2026,0
2/9/2022,2022,2022,Feb,Feb,Qtr1,9,6,4,W,2,3,,,Completed,,,44564,44631,YTD,46094,NOT Today,NO,NO,NO,0,67,2026,0
2/10/2022,2022,2022,Feb,Feb,Qtr1,10,6,4,TH,2,4,,,Completed,,,44564,44631,YTD,46094,NOT Today,NO,NO,NO,0,67,2026,0
2/11/2022,2022,2022,Feb,Feb,Qtr1,11,6,4,F,2,5,,,Completed,,,44564,44631,YTD,46094,NOT Today,NO,NO,NO,0,67,2026,0
2/12/2022,2022,2022,Feb,Feb,Qtr1,12,6,4,S,2,6,,,Completed,,,44564,44631,YTD,46094,NOT Today,NO,NO,NO,0,67,2026,0
2/13/2022,2022,2022,Feb,Feb,Qtr1,13,6,4,SU,2,7,,,Completed,,,44564,44631,YTD,46094,NOT Today,NO,NO,NO,0,67,2026,0
2/14/2022,2022,2022,Feb,Feb,Qtr1,14,7,4,M,2,1,,,Completed,,,44564,44631,YTD,46094,NOT Today,NO,NO,NO,0,67,2026,0
2/15/2022,2022,2022,Feb,Feb,Qtr1,15,7,4,T,2,2,,,Completed,,,44564,44631,YTD,46094,NOT Today,NO,NO,NO,0,67,2026,0
2/16/2022,2022,2022,Feb,Feb,Qtr1,16,7,4,W,2,3,,,Completed,,,44564,44631,YTD,46094,NOT Today,NO,NO,NO,0,67,2026,0
2/17/2022,2022,2022,Feb,Feb,Qtr1,17,7,4,TH,2,4,,,Completed,,,44564,44631,YTD,46094,NOT Today,NO,NO,NO,0,67,2026,0
2/18/2022,2022,2022,Feb,Feb,Qtr1,18,7,4,F,2,5,,,Completed,,,44564,44631,YTD,46094,NOT Today,NO,NO,NO,0,67,2026,0
2/19/2022,2022,2022,Feb,Feb,Qtr1,19,7,4,S,2,6,,,Completed,,,44564,44631,YTD,46094,NOT Today,NO,NO,NO,0,67,2026,0
2/20/2022,2022,2022,Feb,Feb,Qtr1,20,7,4,SU,2,7,,,Completed,,,44564,44631,YTD,46094,NOT Today,NO,NO,NO,0,67,2026,0
2/21/2022,2022,2022,Feb,Feb,Qtr1,21,8,4,M,2,1,,,Completed,,,44564,44631,YTD,46094,NOT Today,NO,NO,NO,0,67,2026,0
2/22/2022,2022,2022,Feb,Feb,Qtr1,22,8,4,T,2,2,,,Completed,,,44564,44631,YTD,46094,NOT Today,NO,NO,NO,0,67,2026,0
2/23/2022,2022,2022,Feb,Feb,Qtr1,23,8,4,W,2,3,,,Completed,,,44564,44631,YTD,46094,NOT Today,NO,NO,NO,0,67,2026,0
2/24/2022,2022,2022,Feb,Feb,Qtr1,24,8,4,TH,2,4,,,Completed,,,44564,44631,YTD,46094,NOT Today,NO,NO,NO,0,67,2026,0
2/25/2022,2022,2022,Feb,Feb,Qtr1,25,8,4,F,2,5,,,Completed,,,44564,44631,YTD,46094,NOT Today,NO,NO,NO,0,67,2026,0
2/26/2022,2022,2022,Feb,Feb,Qtr1,26,8,4,S,2,6,,,Completed,,,44564,44631,YTD,46094,NOT Today,NO,NO,NO,0,67,2026,0
2/27/2022,2022,2022,Feb,Feb,Qtr1,27,8,4,SU,2,7,,,Completed,,,44564,44631,YTD,46094,NOT Today,NO,NO,NO,0,67,2026,0
4/4/2022,2022,2022,Apr,Apr,Qtr2,4,14,4,M,4,1,,,Completed,,,44564,44631,NOT YTD,46094,NOT Today,NO,NO,NO,0,67,2026,0
4/5/2022,2022,2022,Apr,Apr,Qtr2,5,14,4,T,4,2,,,Completed,,,44564,44631,NOT YTD,46094,NOT Today,NO,NO,NO,0,67,2026,0
4/6/2022,2022,2022,Apr,Apr,Qtr2,6,14,4,W,4,3,,,Completed,,,44564,44631,NOT YTD,46094,NOT Today,NO,NO,NO,0,67,2026,0
4/7/2022,2022,2022,Apr,Apr,Qtr2,7,14,4,TH,4,4,,,Completed,,,44564,44631,NOT YTD,46094,NOT Today,NO,NO,NO,0,67,2026,0
4/8/2022,2022,2022,Apr,Apr,Qtr2,8,14,4,F,4,5,,,Completed,,,44564,44631,NOT YTD,46094,NOT Today,NO,NO,NO,0,67,2026,0
4/9/2022,2022,2022,Apr,Apr,Qtr2,9,14,4,S,4,6,,,Completed,,,44564,44631,NOT YTD,46094,NOT Today,NO,NO,NO,0,67,2026,0
4/10/2022,2022,2022,Apr,Apr,Qtr2,10,14,4,SU,4,7,,,Completed,,,44564,44631,NOT YTD,46094,NOT Today,NO,NO,NO,0,67,2026,0
4/11/2022,2022,2022,Apr,Apr,Qtr2,11,15,4,M,4,1,,,Completed,,,44564,44631,NOT YTD,46094,NOT Today,NO,NO,NO,0,67,2026,0
4/12/2022,2022,2022,Apr,Apr,Qtr2,12,15,4,T,4,2,,,Completed,,,44564,44631,NOT YTD,46094,NOT Today,NO,NO,NO,0,67,2026,0
4/13/2022,2022,2022,Apr,Apr,Qtr2,13,15,4,W,4,3,,,Completed,,,44564,44631,NOT YTD,46094,NOT Today,NO,NO,NO,0,67,2026,0
4/14/2022,2022,2022,Apr,Apr,Qtr2,14,15,4,TH,4,4,,,Completed,,,44564,44631,NOT YTD,46094,NOT Today,NO,NO,NO,0,67,2026,0
4/15/2022,2022,2022,Apr,Apr,Qtr2,15,15,4,F,4,5,,,Completed,,,44564,44631,NOT YTD,46094,NOT Today,NO,NO,NO,0,67,2026,0
4/16/2022,2022,2022,Apr,Apr,Qtr2,16,15,4,S,4,6,,,Completed,,,44564,44631,NOT YTD,46094,NOT Today,NO,NO,NO,0,67,2026,0
4/17/2022,2022,2022,Apr,Apr,Qtr2,17,15,4,SU,4,7,,,Completed,,,44564,44631,NOT YTD,46094,NOT Today,NO,NO,NO,0,67,2026,0
4/18/2022,2022,2022,Apr,Apr,Qtr2,18,16,4,M,4,1,,,Completed,,,44564,44631,NOT YTD,46094,NOT Today,NO,NO,NO,0,67,2026,0
4/19/2022,2022,2022,Apr,Apr,Qtr2,19,16,4,T,4,2,,,Completed,,,44564,44631,NOT YTD,46094,NOT Today,NO,NO,NO,0,67,2026,0
4/20/2022,2022,2022,Apr,Apr,Qtr2,20,16,4,W,4,3,,,Completed,,,44564,44631,NOT YTD,46094,NOT Today,NO,NO,NO,0,67,2026,0
4/21/2022,2022,2022,Apr,Apr,Qtr2,21,16,4,TH,4,4,,,Completed,,,44564,44631,NOT YTD,46094,NOT Today,NO,NO,NO,0,67,2026,0
4/22/2022,2022,2022,Apr,Apr,Qtr2,22,16,4,F,4,5,,,Completed,,,44564,44631,NOT YTD,46094,NOT Today,NO,NO,NO,0,67,2026,0
4/23/2022,2022,2022,Apr,Apr,Qtr2,23,16,4,S,4,6,,,Completed,,,44564,44631,NOT YTD,46094,NOT Today,NO,NO,NO,0,67,2026,0
4/24/2022,2022,2022,Apr,Apr,Qtr2,24,16,4,SU,4,7,,,Completed,,,44564,44631,NOT YTD,46094,NOT Today,NO,NO,NO,0,67,2026,0
4/25/2022,2022,2022,Apr,Apr,Qtr2,25,17,4,M,4,1,,,Completed,,,44564,44631,NOT YTD,46094,NOT Today,NO,NO,NO,0,67,2026,0
4/26/2022,2022,2022,Apr,Apr,Qtr2,26,17,4,T,4,2,,,Completed,,,44564,44631,NOT YTD,46094,NOT Today,NO,NO,NO,0,67,2026,0
4/27/2022,2022,2022,Apr,Apr,Qtr2,27,17,4,W,4,3,,,Completed,,,44564,44631,NOT YTD,46094,NOT Today,NO,NO,NO,0,67,2026,0
4/28/2022,2022,2022,Apr,Apr,Qtr2,28,17,4,TH,4,4,,,Completed,,,44564,44631,NOT YTD,46094,NOT Today,NO,NO,NO,0,67,2026,0
4/29/2022,2022,2022,Apr,Apr,Qtr2,29,17,4,F,4,5,,,Completed,,,44564,44631,NOT YTD,46094,NOT Today,NO,NO,NO,0,67,2026,0
4/30/2022,2022,2022,Apr,Apr,Qtr2,30,17,4,S,4,6,,,Completed,,,44564,44631,NOT YTD,46094,NOT Today,NO,NO,NO,0,67,2026,0
5/1/2022,2022,2022,May,Apr,Qtr2,1,17,4,SU,4,7,,,Completed,,,44564,44631,NOT YTD,46094,NOT Today,NO,NO,NO,0,67,2026,0
5/2/2022,2022,2022,May,May,Qtr2,2,18,4,M,5,1,,,Completed,,,44564,44631,NOT YTD,46094,NOT Today,NO,NO,NO,0,67,2026,0
5/3/2022,2022,2022,May,May,Qtr2,3,18,4,T,5,2,,,Completed,,,44564,44631,NOT YTD,46094,NOT Today,NO,NO,NO,0,67,2026,0
5/4/2022,2022,2022,May,May,Qtr2,4,18,4,W,5,3,,,Completed,,,44564,44631,NOT YTD,46094,NOT Today,NO,NO,NO,0,67,2026,0
5/5/2022,2022,2022,May,May,Qtr2,5,18,4,TH,5,4,,,Completed,,,44564,44631,NOT YTD,46094,NOT Today,NO,NO,NO,0,67,2026,0
5/6/2022,2022,2022,May,May,Qtr2,6,18,4,F,5,5,,,Completed,,,44564,44631,NOT YTD,46094,NOT Today,NO,NO,NO,0,67,2026,0
5/7/2022,2022,2022,May,May,Qtr2,7,18,4,S,5,6,,,Completed,,,44564,44631,NOT YTD,46094,NOT Today,NO,NO,NO,0,67,2026,0
5/8/2022,2022,2022,May,May,Qtr2,8,18,4,SU,5,7,,,Completed,,,44564,44631,NOT YTD,46094,NOT Today,NO,NO,NO,0,67,2026,0
5/9/2022,2022,2022,May,May,Qtr2,9,19,4,M,5,1,,,Completed,,,44564,44631,NOT YTD,46094,NOT Today,NO,NO,NO,0,67,2026,0
5/10/2022,2022,2022,May,May,Qtr2,10,19,4,T,5,2,,,Completed,,,44564,44631,NOT YTD,46094,NOT Today,NO,NO,NO,0,67,2026,0
5/11/2022,2022,2022,May,May,Qtr2,11,19,4,W,5,3,,,Completed,,,44564,44631,NOT YTD,46094,NOT Today,NO,NO,NO,0,67,2026,0
5/12/2022,2022,2022,May,May,Qtr2,12,19,4,TH,5,4,,,Completed,,,44564,44631,NOT YTD,46094,NOT Today,NO,NO,NO,0,67,2026,0
5/13/2022,2022,2022,May,May,Qtr2,13,19,4,F,5,5,,,Completed,,,44564,44631,NOT YTD,46094,NOT Today,NO,NO,NO,0,67,2026,0
5/14/2022,2022,2022,May,May,Qtr2,14,19,4,S,5,6,,,Completed,,,44564,44631,NOT YTD,46094,NOT Today,NO,NO,NO,0,67,2026,0
5/15/2022,2022,2022,May,May,Qtr2,15,19,4,SU,5,7,,,Completed,,,44564,44631,NOT YTD,46094,NOT Today,NO,NO,NO,0,67,2026,0
5/16/2022,2022,2022,May,May,Qtr2,16,20,4,M,5,1,,,Completed,,,44564,44631,NOT YTD,46094,NOT Today,NO,NO,NO,0,67,2026,0
5/17/2022,2022,2022,May,May,Qtr2,17,20,4,T,5,2,,,Completed,,,44564,44631,NOT YTD,46094,NOT Today,NO,NO,NO,0,67,2026,0
5/18/2022,2022,2022,May,May,Qtr2,18,20,4,W,5,3,,,Completed,,,44564,44631,NOT YTD,46094,NOT Today,NO,NO,NO,0,67,2026,0
5/19/2022,2022,2022,May,May,Qtr2,19,20,4,TH,5,4,,,Completed,,,44564,44631,NOT YTD,46094,NOT Today,NO,NO,NO,0,67,2026,0
5/20/2022,2022,2022,May,May,Qtr2,20,20,4,F,5,5,,,Completed,,,44564,44631,NOT YTD,46094,NOT Today,NO,NO,NO,0,67,2026,0
5/21/2022,2022,2022,May,May,Qtr2,21,20,4,S,5,6,,,Completed,,,44564,44631,NOT YTD,46094,NOT Today,NO,NO,NO,0,67,2026,0
5/22/2022,2022,2022,May,May,Qtr2,22,20,4,SU,5,7,,,Completed,,,44564,44631,NOT YTD,46094,NOT Today,NO,NO,NO,0,67,2026,0
5/23/2022,2022,2022,May,May,Qtr2,23,21,4,M,5,1,,,Completed,,,44564,44631,NOT YTD,46094,NOT Today,NO,NO,NO,0,67,2026,0
5/24/2022,2022,2022,May,May,Qtr2,24,21,4,T,5,2,,,Completed,,,44564,44631,NOT YTD,46094,NOT Today,NO,NO,NO,0,67,2026,0
5/25/2022,2022,2022,May,May,Qtr2,25,21,4,W,5,3,,,Completed,,,44564,44631,NOT YTD,46094,NOT Today,NO,NO,NO,0,67,2026,0
5/26/2022,2022,2022,May,May,Qtr2,26,21,4,TH,5,4,,,Completed,,,44564,44631,NOT YTD,46094,NOT Today,NO,NO,NO,0,67,2026,0
5/27/2022,2022,2022,May,May,Qtr2,27,21,4,F,5,5,,,Completed,,,44564,44631,NOT YTD,46094,NOT Today,NO,NO,NO,0,67,2026,0
5/28/2022,2022,2022,May,May,Qtr2,28,21,4,S,5,6,,,Completed,,,44564,44631,NOT YTD,46094,NOT Today,NO,NO,NO,0,67,2026,0
5/29/2022,2022,2022,May,May,Qtr2,29,21,4,SU,5,7,,,Completed,,,44564,44631,NOT YTD,46094,NOT Today,NO,NO,NO,0,67,2026,0
7/4/2022,2022,2022,Jul,Jul,Qtr3,4,27,4,M,7,1,,,Completed,,,44564,44631,NOT YTD,46094,NOT Today,NO,NO,NO,0,67,2026,0
7/5/2022,2022,2022,Jul,Jul,Qtr3,5,27,4,T,7,2,,,Completed,,,44564,44631,NOT YTD,46094,NOT Today,NO,NO,NO,0,67,2026,0
7/6/2022,2022,2022,Jul,Jul,Qtr3,6,27,4,W,7,3,,,Completed,,,44564,44631,NOT YTD,46094,NOT Today,NO,NO,NO,0,67,2026,0
7/7/2022,2022,2022,Jul,Jul,Qtr3,7,27,4,TH,7,4,,,Completed,,,44564,44631,NOT YTD,46094,NOT Today,NO,NO,NO,0,67,2026,0
7/8/2022,2022,2022,Jul,Jul,Qtr3,8,27,4,F,7,5,,,Completed,,,44564,44631,NOT YTD,46094,NOT Today,NO,NO,NO,0,67,2026,0
7/9/2022,2022,2022,Jul,Jul,Qtr3,9,27,4,S,7,6,,,Completed,,,44564,44631,NOT YTD,46094,NOT Today,NO,NO,NO,0,67,2026,0
7/10/2022,2022,2022,Jul,Jul,Qtr3,10,27,4,SU,7,7,,,Completed,,,44564,44631,NOT YTD,46094,NOT Today,NO,NO,NO,0,67,2026,0
7/11/2022,2022,2022,Jul,Jul,Qtr3,11,28,4,M,7,1,,,Completed,,,44564,44631,NOT YTD,46094,NOT Today,NO,NO,NO,0,67,2026,0
7/12/2022,2022,2022,Jul,Jul,Qtr3,12,28,4,T,7,2,,,Completed,,,44564,44631,NOT YTD,46094,NOT Today,NO,NO,NO,0,67,2026,0
7/13/2022,2022,2022,Jul,Jul,Qtr3,13,28,4,W,7,3,,,Completed,,,44564,44631,NOT YTD,46094,NOT Today,NO,NO,NO,0,67,2026,0
7/14/2022,2022,2022,Jul,Jul,Qtr3,14,28,4,TH,7,4,,,Completed,,,44564,44631,NOT YTD,46094,NOT Today,NO,NO,NO,0,67,2026,0
7/15/2022,2022,2022,Jul,Jul,Qtr3,15,28,4,F,7,5,,,Completed,,,44564,44631,NOT YTD,46094,NOT Today,NO,NO,NO,0,67,2026,0
7/16/2022,2022,2022,Jul,Jul,Qtr3,16,28,4,S,7,6,,,Completed,,,44564,44631,NOT YTD,46094,NOT Today,NO,NO,NO,0,67,2026,0
7/17/2022,2022,2022,Jul,Jul,Qtr3,17,28,4,SU,7,7,,,Completed,,,44564,44631,NOT YTD,46094,NOT Today,NO,NO,NO,0,67,2026,0
7/18/2022,2022,2022,Jul,Jul,Qtr3,18,29,4,M,7,1,,,Completed,,,44564,44631,NOT YTD,46094,NOT Today,NO,NO,NO,0,67,2026,0
7/19/2022,2022,2022,Jul,Jul,Qtr3,19,29,4,T,7,2,,,Completed,,,44564,44631,NOT YTD,46094,NOT Today,NO,NO,NO,0,67,2026,0
7/20/2022,2022,2022,Jul,Jul,Qtr3,20,29,4,W,7,3,,,Completed,,,44564,44631,NOT YTD,46094,NOT Today,NO,NO,NO,0,67,2026,0
7/21/2022,2022,2022,Jul,Jul,Qtr3,21,29,4,TH,7,4,,,Completed,,,44564,44631,NOT YTD,46094,NOT Today,NO,NO,NO,0,67,2026,0
7/22/2022,2022,2022,Jul,Jul,Qtr3,22,29,4,F,7,5,,,Completed,,,44564,44631,NOT YTD,46094,NOT Today,NO,NO,NO,0,67,2026,0
7/23/2022,2022,2022,Jul,Jul,Qtr3,23,29,4,S,7,6,,,Completed,,,44564,44631,NOT YTD,46094,NOT Today,NO,NO,NO,0,67,2026,0
7/24/2022,2022,2022,Jul,Jul,Qtr3,24,29,4,SU,7,7,,,Completed,,,44564,44631,NOT YTD,46094,NOT Today,NO,NO,NO,0,67,2026,0
7/25/2022,2022,2022,Jul,Jul,Qtr3,25,30,4,M,7,1,,,Completed,,,44564,44631,NOT YTD,46094,NOT Today,NO,NO,NO,0,67,2026,0
7/26/2022,2022,2022,Jul,Jul,Qtr3,26,30,4,T,7,2,,,Completed,,,44564,44631,NOT YTD,46094,NOT Today,NO,NO,NO,0,67,2026,0
7/27/2022,2022,2022,Jul,Jul,Qtr3,27,30,4,W,7,3,,,Completed,,,44564,44631,NOT YTD,46094,NOT Today,NO,NO,NO,0,67,2026,0
7/28/2022,2022,2022,Jul,Jul,Qtr3,28,30,4,TH,7,4,,,Completed,,,44564,44631,NOT YTD,46094,NOT Today,NO,NO,NO,0,67,2026,0
7/29/2022,2022,2022,Jul,Jul,Qtr3,29,30,4,F,7,5,,,Completed,,,44564,44631,NOT YTD,46094,NOT Today,NO,NO,NO,0,67,2026,0
7/30/2022,2022,2022,Jul,Jul,Qtr3,30,30,4,S,7,6,,,Completed,,,44564,44631,NOT YTD,46094,NOT Today,NO,NO,NO,0,67,2026,0
7/31/2022,2022,2022,Jul,Jul,Qtr3,31,30,4,SU,7,7,,,Completed,,,44564,44631,NOT YTD,46094,NOT Today,NO,NO,NO,0,67,2026,0
8/1/2022,2022,2022,Aug,Aug,Qtr3,1,31,4,M,8,1,,,Completed,,,44564,44631,NOT YTD,46094,NOT Today,NO,NO,NO,0,67,2026,0
8/2/2022,2022,2022,Aug,Aug,Qtr3,2,31,4,T,8,2,,,Completed,,,44564,44631,NOT YTD,46094,NOT Today,NO,NO,NO,0,67,2026,0
8/3/2022,2022,2022,Aug,Aug,Qtr3,3,31,4,W,8,3,,,Completed,,,44564,44631,NOT YTD,46094,NOT Today,NO,NO,NO,0,67,2026,0
8/4/2022,2022,2022,Aug,Aug,Qtr3,4,31,4,TH,8,4,,,Completed,,,44564,44631,NOT YTD,46094,NOT Today,NO,NO,NO,0,67,2026,0
8/5/2022,2022,2022,Aug,Aug,Qtr3,5,31,4,F,8,5,,,Completed,,,44564,44631,NOT YTD,46094,NOT Today,NO,NO,NO,0,67,2026,0
8/6/2022,2022,2022,Aug,Aug,Qtr3,6,31,4,S,8,6,,,Completed,,,44564,44631,NOT YTD,46094,NOT Today,NO,NO,NO,0,67,2026,0
8/7/2022,2022,2022,Aug,Aug,Qtr3,7,31,4,SU,8,7,,,Completed,,,44564,44631,NOT YTD,46094,NOT Today,NO,NO,NO,0,67,2026,0
8/8/2022,2022,2022,Aug,Aug,Qtr3,8,32,4,M,8,1,,,Completed,,,44564,44631,NOT YTD,46094,NOT Today,NO,NO,NO,0,67,2026,0
8/9/2022,2022,2022,Aug,Aug,Qtr3,9,32,4,T,8,2,,,Completed,,,44564,44631,NOT YTD,46094,NOT Today,NO,NO,NO,0,67,2026,0
8/10/2022,2022,2022,Aug,Aug,Qtr3,10,32,4,W,8,3,,,Completed,,,44564,44631,NOT YTD,46094,NOT Today,NO,NO,NO,0,67,2026,0
8/11/2022,2022,2022,Aug,Aug,Qtr3,11,32,4,TH,8,4,,,Completed,,,44564,44631,NOT YTD,46094,NOT Today,NO,NO,NO,0,67,2026,0
8/12/2022,2022,2022,Aug,Aug,Qtr3,12,32,4,F,8,5,,,Completed,,,44564,44631,NOT YTD,46094,NOT Today,NO,NO,NO,0,67,2026,0
8/13/2022,2022,2022,Aug,Aug,Qtr3,13,32,4,S,8,6,,,Completed,,,44564,44631,NOT YTD,46094,NOT Today,NO,NO,NO,0,67,2026,0
8/14/2022,2022,2022,Aug,Aug,Qtr3,14,32,4,SU,8,7,,,Completed,,,44564,44631,NOT YTD,46094,NOT Today,NO,NO,NO,0,67,2026,0
8/15/2022,2022,2022,Aug,Aug,Qtr3,15,33,4,M,8,1,,,Completed,,,44564,44631,NOT YTD,46094,NOT Today,NO,NO,NO,0,67,2026,0
8/16/2022,2022,2022,Aug,Aug,Qtr3,16,33,4,T,8,2,,,Completed,,,44564,44631,NOT YTD,46094,NOT Today,NO,NO,NO,0,67,2026,0
8/17/2022,2022,2022,Aug,Aug,Qtr3,17,33,4,W,8,3,,,Completed,,,44564,44631,NOT YTD,46094,NOT Today,NO,NO,NO,0,67,2026,0
8/18/2022,2022,2022,Aug,Aug,Qtr3,18,33,4,TH,8,4,,,Completed,,,44564,44631,NOT YTD,46094,NOT Today,NO,NO,NO,0,67,2026,0
8/19/2022,2022,2022,Aug,Aug,Qtr3,19,33,4,F,8,5,,,Completed,,,44564,44631,NOT YTD,46094,NOT Today,NO,NO,NO,0,67,2026,0
8/20/2022,2022,2022,Aug,Aug,Qtr3,20,33,4,S,8,6,,,Completed,,,44564,44631,NOT YTD,46094,NOT Today,NO,NO,NO,0,67,2026,0
8/21/2022,2022,2022,Aug,Aug,Qtr3,21,33,4,SU,8,7,,,Completed,,,44564,44631,NOT YTD,46094,NOT Today,NO,NO,NO,0,67,2026,0
8/22/2022,2022,2022,Aug,Aug,Qtr3,22,34,4,M,8,1,,,Completed,,,44564,44631,NOT YTD,46094,NOT Today,NO,NO,NO,0,67,2026,0
8/23/2022,2022,2022,Aug,Aug,Qtr3,23,34,4,T,8,2,,,Completed,,,44564,44631,NOT YTD,46094,NOT Today,NO,NO,NO,0,67,2026,0
8/24/2022,2022,2022,Aug,Aug,Qtr3,24,34,4,W,8,3,,,Completed,,,44564,44631,NOT YTD,46094,NOT Today,NO,NO,NO,0,67,2026,0
8/25/2022,2022,2022,Aug,Aug,Qtr3,25,34,4,TH,8,4,,,Completed,,,44564,44631,NOT YTD,46094,NOT Today,NO,NO,NO,0,67,2026,0
8/26/2022,2022,2022,Aug,Aug,Qtr3,26,34,4,F,8,5,,,Completed,,,44564,44631,NOT YTD,46094,NOT Today,NO,NO,NO,0,67,2026,0
8/27/2022,2022,2022,Aug,Aug,Qtr3,27,34,4,S,8,6,,,Completed,,,44564,44631,NOT YTD,46094,NOT Today,NO,NO,NO,0,67,2026,0
8/28/2022,2022,2022,Aug,Aug,Qtr3,28,34,4,SU,8,7,,,Completed,,,44564,44631,NOT YTD,46094,NOT Today,NO,NO,NO,0,67,2026,0
10/3/2022,2022,2022,Oct,Oct,Qtr4,3,40,4,M,10,1,,,Completed,,,44564,44631,NOT YTD,46094,NOT Today,NO,NO,NO,0,67,2026,0
10/4/2022,2022,2022,Oct,Oct,Qtr4,4,40,4,T,10,2,,,Completed,,,44564,44631,NOT YTD,46094,NOT Today,NO,NO,NO,0,67,2026,0
10/5/2022,2022,2022,Oct,Oct,Qtr4,5,40,4,W,10,3,,,Completed,,,44564,44631,NOT YTD,46094,NOT Today,NO,NO,NO,0,67,2026,0
10/6/2022,2022,2022,Oct,Oct,Qtr4,6,40,4,TH,10,4,,,Completed,,,44564,44631,NOT YTD,46094,NOT Today,NO,NO,NO,0,67,2026,0
10/7/2022,2022,2022,Oct,Oct,Qtr4,7,40,4,F,10,5,,,Completed,,,44564,44631,NOT YTD,46094,NOT Today,NO,NO,NO,0,67,2026,0
10/8/2022,2022,2022,Oct,Oct,Qtr4,8,40,4,S,10,6,,,Completed,,,44564,44631,NOT YTD,46094,NOT Today,NO,NO,NO,0,67,2026,0
10/9/2022,2022,2022,Oct,Oct,Qtr4,9,40,4,SU,10,7,,,Completed,,,44564,44631,NOT YTD,46094,NOT Today,NO,NO,NO,0,67,2026,0
10/10/2022,2022,2022,Oct,Oct,Qtr4,10,41,4,M,10,1,,,Completed,,,44564,44631,NOT YTD,46094,NOT Today,NO,NO,NO,0,67,2026,0
10/11/2022,2022,2022,Oct,Oct,Qtr4,11,41,4,T,10,2,,,Completed,,,44564,44631,NOT YTD,46094,NOT Today,NO,NO,NO,0,67,2026,0
10/12/2022,2022,2022,Oct,Oct,Qtr4,12,41,4,W,10,3,,,Completed,,,44564,44631,NOT YTD,46094,NOT Today,NO,NO,NO,0,67,2026,0
10/13/2022,2022,2022,Oct,Oct,Qtr4,13,41,4,TH,10,4,,,Completed,,,44564,44631,NOT YTD,46094,NOT Today,NO,NO,NO,0,67,2026,0
10/14/2022,2022,2022,Oct,Oct,Qtr4,14,41,4,F,10,5,,,Completed,,,44564,44631,NOT YTD,46094,NOT Today,NO,NO,NO,0,67,2026,0
10/15/2022,2022,2022,Oct,Oct,Qtr4,15,41,4,S,10,6,,,Completed,,,44564,44631,NOT YTD,46094,NOT Today,NO,NO,NO,0,67,2026,0
10/16/2022,2022,2022,Oct,Oct,Qtr4,16,41,4,SU,10,7,,,Completed,,,44564,44631,NOT YTD,46094,NOT Today,NO,NO,NO,0,67,2026,0
10/17/2022,2022,2022,Oct,Oct,Qtr4,17,42,4,M,10,1,,,Completed,,,44564,44631,NOT YTD,46094,NOT Today,NO,NO,NO,0,67,2026,0
10/18/2022,2022,2022,Oct,Oct,Qtr4,18,42,4,T,10,2,,,Completed,,,44564,44631,NOT YTD,46094,NOT Today,NO,NO,NO,0,67,2026,0
10/19/2022,2022,2022,Oct,Oct,Qtr4,19,42,4,W,10,3,,,Completed,,,44564,44631,NOT YTD,46094,NOT Today,NO,NO,NO,0,67,2026,0
10/20/2022,2022,2022,Oct,Oct,Qtr4,20,42,4,TH,10,4,,,Completed,,,44564,44631,NOT YTD,46094,NOT Today,NO,NO,NO,0,67,2026,0
10/21/2022,2022,2022,Oct,Oct,Qtr4,21,42,4,F,10,5,,,Completed,,,44564,44631,NOT YTD,46094,NOT Today,NO,NO,NO,0,67,2026,0
10/22/2022,2022,2022,Oct,Oct,Qtr4,22,42,4,S,10,6,,,Completed,,,44564,44631,NOT YTD,46094,NOT Today,NO,NO,NO,0,67,2026,0
10/23/2022,2022,2022,Oct,Oct,Qtr4,23,42,4,SU,10,7,,,Completed,,,44564,44631,NOT YTD,46094,NOT Today,NO,NO,NO,0,67,2026,0
10/24/2022,2022,2022,Oct,Oct,Qtr4,24,43,4,M,10,1,,,Completed,,,44564,44631,NOT YTD,46094,NOT Today,NO,NO,NO,0,67,2026,0
10/25/2022,2022,2022,Oct,Oct,Qtr4,25,43,4,T,10,2,,,Completed,,,44564,44631,NOT YTD,46094,NOT Today,NO,NO,NO,0,67,2026,0
10/26/2022,2022,2022,Oct,Oct,Qtr4,26,43,4,W,10,3,,,Completed,,,44564,44631,NOT YTD,46094,NOT Today,NO,NO,NO,0,67,2026,0
10/27/2022,2022,2022,Oct,Oct,Qtr4,27,43,4,TH,10,4,,,Completed,,,44564,44631,NOT YTD,46094,NOT Today,NO,NO,NO,0,67,2026,0
10/28/2022,2022,2022,Oct,Oct,Qtr4,28,43,4,F,10,5,,,Completed,,,44564,44631,NOT YTD,46094,NOT Today,NO,NO,NO,0,67,2026,0
10/29/2022,2022,2022,Oct,Oct,Qtr4,29,43,4,S,10,6,,,Completed,,,44564,44631,NOT YTD,46094,NOT Today,NO,NO,NO,0,67,2026,0
10/30/2022,2022,2022,Oct,Oct,Qtr4,30,43,4,SU,10,7,,,Completed,,,44564,44631,NOT YTD,46094,NOT Today,NO,NO,NO,0,67,2026,0
10/31/2022,2022,2022,Oct,Nov,Qtr4,31,44,4,M,11,1,,,Completed,,,44564,44631,NOT YTD,46094,NOT Today,NO,NO,NO,0,67,2026,0
11/1/2022,2022,2022,Nov,Nov,Qtr4,1,44,4,T,11,2,,,Completed,,,44564,44631,NOT YTD,46094,NOT Today,NO,NO,NO,0,67,2026,0
11/2/2022,2022,2022,Nov,Nov,Qtr4,2,44,4,W,11,3,,,Completed,,,44564,44631,NOT YTD,46094,NOT Today,NO,NO,NO,0,67,2026,0
11/3/2022,2022,2022,Nov,Nov,Qtr4,3,44,4,TH,11,4,,,Completed,,,44564,44631,NOT YTD,46094,NOT Today,NO,NO,NO,0,67,2026,0
11/4/2022,2022,2022,Nov,Nov,Qtr4,4,44,4,F,11,5,,,Completed,,,44564,44631,NOT YTD,46094,NOT Today,NO,NO,NO,0,67,2026,0
11/5/2022,2022,2022,Nov,Nov,Qtr4,5,44,4,S,11,6,,,Completed,,,44564,44631,NOT YTD,46094,NOT Today,NO,NO,NO,0,67,2026,0
11/6/2022,2022,2022,Nov,Nov,Qtr4,6,44,4,SU,11,7,,,Completed,,,44564,44631,NOT YTD,46094,NOT Today,NO,NO,NO,0,67,2026,0
11/7/2022,2022,2022,Nov,Nov,Qtr4,7,45,4,M,11,1,,,Completed,,,44564,44631,NOT YTD,46094,NOT Today,NO,NO,NO,0,67,2026,0
11/8/2022,2022,2022,Nov,Nov,Qtr4,8,45,4,T,11,2,,,Completed,,,44564,44631,NOT YTD,46094,NOT Today,NO,NO,NO,0,67,2026,0
11/9/2022,2022,2022,Nov,Nov,Qtr4,9,45,4,W,11,3,,,Completed,,,44564,44631,NOT YTD,46094,NOT Today,NO,NO,NO,0,67,2026,0
11/10/2022,2022,2022,Nov,Nov,Qtr4,10,45,4,TH,11,4,,,Completed,,,44564,44631,NOT YTD,46094,NOT Today,NO,NO,NO,0,67,2026,0
11/11/2022,2022,2022,Nov,Nov,Qtr4,11,45,4,F,11,5,,,Completed,,,44564,44631,NOT YTD,46094,NOT Today,NO,NO,NO,0,67,2026,0
11/12/2022,2022,2022,Nov,Nov,Qtr4,12,45,4,S,11,6,,,Completed,,,44564,44631,NOT YTD,46094,NOT Today,NO,NO,NO,0,67,2026,0
11/13/2022,2022,2022,Nov,Nov,Qtr4,13,45,4,SU,11,7,,,Completed,,,44564,44631,NOT YTD,46094,NOT Today,NO,NO,NO,0,67,2026,0
11/14/2022,2022,2022,Nov,Nov,Qtr4,14,46,4,M,11,1,,,Completed,,,44564,44631,NOT YTD,46094,NOT Today,NO,NO,NO,0,67,2026,0
11/15/2022,2022,2022,Nov,Nov,Qtr4,15,46,4,T,11,2,,,Completed,,,44564,44631,NOT YTD,46094,NOT Today,NO,NO,NO,0,67,2026,0
11/16/2022,2022,2022,Nov,Nov,Qtr4,16,46,4,W,11,3,,,Completed,,,44564,44631,NOT YTD,46094,NOT Today,NO,NO,NO,0,67,2026,0
11/17/2022,2022,2022,Nov,Nov,Qtr4,17,46,4,TH,11,4,,,Completed,,,44564,44631,NOT YTD,46094,NOT Today,NO,NO,NO,0,67,2026,0
11/18/2022,2022,2022,Nov,Nov,Qtr4,18,46,4,F,11,5,,,Completed,,,44564,44631,NOT YTD,46094,NOT Today,NO,NO,NO,0,67,2026,0
11/19/2022,2022,2022,Nov,Nov,Qtr4,19,46,4,S,11,6,,,Completed,,,44564,44631,NOT YTD,46094,NOT Today,NO,NO,NO,0,67,2026,0
11/20/2022,2022,2022,Nov,Nov,Qtr4,20,46,4,SU,11,7,,,Completed,,,44564,44631,NOT YTD,46094,NOT Today,NO,NO,NO,0,67,2026,0
11/21/2022,2022,2022,Nov,Nov,Qtr4,21,47,4,M,11,1,,,Completed,,,44564,44631,NOT YTD,46094,NOT Today,NO,NO,NO,0,67,2026,0
11/22/2022,2022,2022,Nov,Nov,Qtr4,22,47,4,T,11,2,,,Completed,,,44564,44631,NOT YTD,46094,NOT Today,NO,NO,NO,0,67,2026,0
11/23/2022,2022,2022,Nov,Nov,Qtr4,23,47,4,W,11,3,,,Completed,,,44564,44631,NOT YTD,46094,NOT Today,NO,NO,NO,0,67,2026,0
11/24/2022,2022,2022,Nov,Nov,Qtr4,24,47,4,TH,11,4,,,Completed,,,44564,44631,NOT YTD,46094,NOT Today,NO,NO,NO,0,67,2026,0
11/25/2022,2022,2022,Nov,Nov,Qtr4,25,47,4,F,11,5,,,Completed,,,44564,44631,NOT YTD,46094,NOT Today,NO,NO,NO,0,67,2026,0
11/26/2022,2022,2022,Nov,Nov,Qtr4,26,47,4,S,11,6,,,Completed,,,44564,44631,NOT YTD,46094,NOT Today,NO,NO,NO,0,67,2026,0
11/27/2022,2022,2022,Nov,Nov,Qtr4,27,47,4,SU,11,7,,,Completed,,,44564,44631,NOT YTD,46094,NOT Today,NO,NO,NO,0,67,2026,0
1/2/2023,2023,2023,Jan,Jan,Qtr1,2,1,4,M,1,1,,,Completed,,,44928,44995,YTD,46094,NOT Today,NO,NO,NO,0,67,2026,0
1/3/2023,2023,2023,Jan,Jan,Qtr1,3,1,4,T,1,2,,,Completed,,,44928,44995,YTD,46094,NOT Today,NO,NO,NO,0,67,2026,0
1/4/2023,2023,2023,Jan,Jan,Qtr1,4,1,4,W,1,3,,,Completed,,,44928,44995,YTD,46094,NOT Today,NO,NO,NO,0,67,2026,0
1/5/2023,2023,2023,Jan,Jan,Qtr1,5,1,4,TH,1,4,,,Completed,,,44928,44995,YTD,46094,NOT Today,NO,NO,NO,0,67,2026,0
1/6/2023,2023,2023,Jan,Jan,Qtr1,6,1,4,F,1,5,,,Completed,,,44928,44995,YTD,46094,NOT Today,NO,NO,NO,0,67,2026,0
1/7/2023,2023,2023,Jan,Jan,Qtr1,7,1,4,S,1,6,,,Completed,,,44928,44995,YTD,46094,NOT Today,NO,NO,NO,0,67,2026,0
1/8/2023,2023,2023,Jan,Jan,Qtr1,8,1,4,SU,1,7,,,Completed,,,44928,44995,YTD,46094,NOT Today,NO,NO,NO,0,67,2026,0
1/9/2023,2023,2023,Jan,Jan,Qtr1,9,2,4,M,1,1,,,Completed,,,44928,44995,YTD,46094,NOT Today,NO,NO,NO,0,67,2026,0
1/10/2023,2023,2023,Jan,Jan,Qtr1,10,2,4,T,1,2,,,Completed,,,44928,44995,YTD,46094,NOT Today,NO,NO,NO,0,67,2026,0
1/11/2023,2023,2023,Jan,Jan,Qtr1,11,2,4,W,1,3,,,Completed,,,44928,44995,YTD,46094,NOT Today,NO,NO,NO,0,67,2026,0
1/12/2023,2023,2023,Jan,Jan,Qtr1,12,2,4,TH,1,4,,,Completed,,,44928,44995,YTD,46094,NOT Today,NO,NO,NO,0,67,2026,0
1/13/2023,2023,2023,Jan,Jan,Qtr1,13,2,4,F,1,5,,,Completed,,,44928,44995,YTD,46094,NOT Today,NO,NO,NO,0,67,2026,0
1/14/2023,2023,2023,Jan,Jan,Qtr1,14,2,4,S,1,6,,,Completed,,,44928,44995,YTD,46094,NOT Today,NO,NO,NO,0,67,2026,0
1/15/2023,2023,2023,Jan,Jan,Qtr1,15,2,4,SU,1,7,,,Completed,,,44928,44995,YTD,46094,NOT Today,NO,NO,NO,0,67,2026,0
1/16/2023,2023,2023,Jan,Jan,Qtr1,16,3,4,M,1,1,,,Completed,,,44928,44995,YTD,46094,NOT Today,NO,NO,NO,0,67,2026,0
1/17/2023,2023,2023,Jan,Jan,Qtr1,17,3,4,T,1,2,,,Completed,,,44928,44995,YTD,46094,NOT Today,NO,NO,NO,0,67,2026,0
1/18/2023,2023,2023,Jan,Jan,Qtr1,18,3,4,W,1,3,,,Completed,,,44928,44995,YTD,46094,NOT Today,NO,NO,NO,0,67,2026,0
1/19/2023,2023,2023,Jan,Jan,Qtr1,19,3,4,TH,1,4,,,Completed,,,44928,44995,YTD,46094,NOT Today,NO,NO,NO,0,67,2026,0
1/20/2023,2023,2023,Jan,Jan,Qtr1,20,3,4,F,1,5,,,Completed,,,44928,44995,YTD,46094,NOT Today,NO,NO,NO,0,67,2026,0
1/21/2023,2023,2023,Jan,Jan,Qtr1,21,3,4,S,1,6,,,Completed,,,44928,44995,YTD,46094,NOT Today,NO,NO,NO,0,67,2026,0
1/22/2023,2023,2023,Jan,Jan,Qtr1,22,3,4,SU,1,7,,,Completed,,,44928,44995,YTD,46094,NOT Today,NO,NO,NO,0,67,2026,0
1/23/2023,2023,2023,Jan,Jan,Qtr1,23,4,4,M,1,1,,,Completed,,,44928,44995,YTD,46094,NOT Today,NO,NO,NO,0,67,2026,0
1/24/2023,2023,2023,Jan,Jan,Qtr1,24,4,4,T,1,2,,,Completed,,,44928,44995,YTD,46094,NOT Today,NO,NO,NO,0,67,2026,0
1/25/2023,2023,2023,Jan,Jan,Qtr1,25,4,4,W,1,3,,,Completed,,,44928,44995,YTD,46094,NOT Today,NO,NO,NO,0,67,2026,0
1/26/2023,2023,2023,Jan,Jan,Qtr1,26,4,4,TH,1,4,,,Completed,,,44928,44995,YTD,46094,NOT Today,NO,NO,NO,0,67,2026,0
1/27/2023,2023,2023,Jan,Jan,Qtr1,27,4,4,F,1,5,,,Completed,,,44928,44995,YTD,46094,NOT Today,NO,NO,NO,0,67,2026,0
1/28/2023,2023,2023,Jan,Jan,Qtr1,28,4,4,S,1,6,,,Completed,,,44928,44995,YTD,46094,NOT Today,NO,NO,NO,0,67,2026,0
1/29/2023,2023,2023,Jan,Jan,Qtr1,29,4,4,SU,1,7,,,Completed,,,44928,44995,YTD,46094,NOT Today,NO,NO,NO,0,67,2026,0
1/30/2023,2023,2023,Jan,Feb,Qtr1,30,5,4,M,2,1,,,Completed,,,44928,44995,YTD,46094,NOT Today,NO,NO,NO,0,67,2026,0
1/31/2023,2023,2023,Jan,Feb,Qtr1,31,5,4,T,2,2,,,Completed,,,44928,44995,YTD,46094,NOT Today,NO,NO,NO,0,67,2026,0
2/1/2023,2023,2023,Feb,Feb,Qtr1,1,5,4,W,2,3,,,Completed,,,44928,44995,YTD,46094,NOT Today,NO,NO,NO,0,67,2026,0
2/2/2023,2023,2023,Feb,Feb,Qtr1,2,5,4,TH,2,4,,,Completed,,,44928,44995,YTD,46094,NOT Today,NO,NO,NO,0,67,2026,0
2/3/2023,2023,2023,Feb,Feb,Qtr1,3,5,4,F,2,5,,,Completed,,,44928,44995,YTD,46094,NOT Today,NO,NO,NO,0,67,2026,0
2/4/2023,2023,2023,Feb,Feb,Qtr1,4,5,4,S,2,6,,,Completed,,,44928,44995,YTD,46094,NOT Today,NO,NO,NO,0,67,2026,0
2/5/2023,2023,2023,Feb,Feb,Qtr1,5,5,4,SU,2,7,,,Completed,,,44928,44995,YTD,46094,NOT Today,NO,NO,NO,0,67,2026,0
2/6/2023,2023,2023,Feb,Feb,Qtr1,6,6,4,M,2,1,,,Completed,,,44928,44995,YTD,46094,NOT Today,NO,NO,NO,0,67,2026,0
2/7/2023,2023,2023,Feb,Feb,Qtr1,7,6,4,T,2,2,,,Completed,,,44928,44995,YTD,46094,NOT Today,NO,NO,NO,0,67,2026,0
2/8/2023,2023,2023,Feb,Feb,Qtr1,8,6,4,W,2,3,,,Completed,,,44928,44995,YTD,46094,NOT Today,NO,NO,NO,0,67,2026,0
2/9/2023,2023,2023,Feb,Feb,Qtr1,9,6,4,TH,2,4,,,Completed,,,44928,44995,YTD,46094,NOT Today,NO,NO,NO,0,67,2026,0
2/10/2023,2023,2023,Feb,Feb,Qtr1,10,6,4,F,2,5,,,Completed,,,44928,44995,YTD,46094,NOT Today,NO,NO,NO,0,67,2026,0
2/11/2023,2023,2023,Feb,Feb,Qtr1,11,6,4,S,2,6,,,Completed,,,44928,44995,YTD,46094,NOT Today,NO,NO,NO,0,67,2026,0
2/12/2023,2023,2023,Feb,Feb,Qtr1,12,6,4,SU,2,7,,,Completed,,,44928,44995,YTD,46094,NOT Today,NO,NO,NO,0,67,2026,0
2/13/2023,2023,2023,Feb,Feb,Qtr1,13,7,4,M,2,1,,,Completed,,,44928,44995,YTD,46094,NOT Today,NO,NO,NO,0,67,2026,0
2/14/2023,2023,2023,Feb,Feb,Qtr1,14,7,4,T,2,2,,,Completed,,,44928,44995,YTD,46094,NOT Today,NO,NO,NO,0,67,2026,0
2/15/2023,2023,2023,Feb,Feb,Qtr1,15,7,4,W,2,3,,,Completed,,,44928,44995,YTD,46094,NOT Today,NO,NO,NO,0,67,2026,0
2/16/2023,2023,2023,Feb,Feb,Qtr1,16,7,4,TH,2,4,,,Completed,,,44928,44995,YTD,46094,NOT Today,NO,NO,NO,0,67,2026,0
2/17/2023,2023,2023,Feb,Feb,Qtr1,17,7,4,F,2,5,,,Completed,,,44928,44995,YTD,46094,NOT Today,NO,NO,NO,0,67,2026,0
2/18/2023,2023,2023,Feb,Feb,Qtr1,18,7,4,S,2,6,,,Completed,,,44928,44995,YTD,46094,NOT Today,NO,NO,NO,0,67,2026,0
2/19/2023,2023,2023,Feb,Feb,Qtr1,19,7,4,SU,2,7,,,Completed,,,44928,44995,YTD,46094,NOT Today,NO,NO,NO,0,67,2026,0
2/20/2023,2023,2023,Feb,Feb,Qtr1,20,8,4,M,2,1,,,Completed,,,44928,44995,YTD,46094,NOT Today,NO,NO,NO,0,67,2026,0
2/21/2023,2023,2023,Feb,Feb,Qtr1,21,8,4,T,2,2,,,Completed,,,44928,44995,YTD,46094,NOT Today,NO,NO,NO,0,67,2026,0
2/22/2023,2023,2023,Feb,Feb,Qtr1,22,8,4,W,2,3,,,Completed,,,44928,44995,YTD,46094,NOT Today,NO,NO,NO,0,67,2026,0
2/23/2023,2023,2023,Feb,Feb,Qtr1,23,8,4,TH,2,4,,,Completed,,,44928,44995,YTD,46094,NOT Today,NO,NO,NO,0,67,2026,0
2/24/2023,2023,2023,Feb,Feb,Qtr1,24,8,4,F,2,5,,,Completed,,,44928,44995,YTD,46094,NOT Today,NO,NO,NO,0,67,2026,0
2/25/2023,2023,2023,Feb,Feb,Qtr1,25,8,4,S,2,6,,,Completed,,,44928,44995,YTD,46094,NOT Today,NO,NO,NO,0,67,2026,0
2/26/2023,2023,2023,Feb,Feb,Qtr1,26,8,4,SU,2,7,,,Completed,,,44928,44995,YTD,46094,NOT Today,NO,NO,NO,0,67,2026,0
4/3/2023,2023,2023,Apr,Apr,Qtr2,3,14,4,M,4,1,,,Completed,,,44928,44995,NOT YTD,46094,NOT Today,NO,NO,NO,0,67,2026,0
4/4/2023,2023,2023,Apr,Apr,Qtr2,4,14,4,T,4,2,,,Completed,,,44928,44995,NOT YTD,46094,NOT Today,NO,NO,NO,0,67,2026,0
4/5/2023,2023,2023,Apr,Apr,Qtr2,5,14,4,W,4,3,,,Completed,,,44928,44995,NOT YTD,46094,NOT Today,NO,NO,NO,0,67,2026,0
4/6/2023,2023,2023,Apr,Apr,Qtr2,6,14,4,TH,4,4,,,Completed,,,44928,44995,NOT YTD,46094,NOT Today,NO,NO,NO,0,67,2026,0
4/7/2023,2023,2023,Apr,Apr,Qtr2,7,14,4,F,4,5,,,Completed,,,44928,44995,NOT YTD,46094,NOT Today,NO,NO,NO,0,67,2026,0
4/8/2023,2023,2023,Apr,Apr,Qtr2,8,14,4,S,4,6,,,Completed,,,44928,44995,NOT YTD,46094,NOT Today,NO,NO,NO,0,67,2026,0
4/9/2023,2023,2023,Apr,Apr,Qtr2,9,14,4,SU,4,7,,,Completed,,,44928,44995,NOT YTD,46094,NOT Today,NO,NO,NO,0,67,2026,0
4/10/2023,2023,2023,Apr,Apr,Qtr2,10,15,4,M,4,1,,,Completed,,,44928,44995,NOT YTD,46094,NOT Today,NO,NO,NO,0,67,2026,0
4/11/2023,2023,2023,Apr,Apr,Qtr2,11,15,4,T,4,2,,,Completed,,,44928,44995,NOT YTD,46094,NOT Today,NO,NO,NO,0,67,2026,0
4/12/2023,2023,2023,Apr,Apr,Qtr2,12,15,4,W,4,3,,,Completed,,,44928,44995,NOT YTD,46094,NOT Today,NO,NO,NO,0,67,2026,0
4/13/2023,2023,2023,Apr,Apr,Qtr2,13,15,4,TH,4,4,,,Completed,,,44928,44995,NOT YTD,46094,NOT Today,NO,NO,NO,0,67,2026,0
4/14/2023,2023,2023,Apr,Apr,Qtr2,14,15,4,F,4,5,,,Completed,,,44928,44995,NOT YTD,46094,NOT Today,NO,NO,NO,0,67,2026,0
4/15/2023,2023,2023,Apr,Apr,Qtr2,15,15,4,S,4,6,,,Completed,,,44928,44995,NOT YTD,46094,NOT Today,NO,NO,NO,0,67,2026,0
4/16/2023,2023,2023,Apr,Apr,Qtr2,16,15,4,SU,4,7,,,Completed,,,44928,44995,NOT YTD,46094,NOT Today,NO,NO,NO,0,67,2026,0
4/17/2023,2023,2023,Apr,Apr,Qtr2,17,16,4,M,4,1,,,Completed,,,44928,44995,NOT YTD,46094,NOT Today,NO,NO,NO,0,67,2026,0
4/18/2023,2023,2023,Apr,Apr,Qtr2,18,16,4,T,4,2,,,Completed,,,44928,44995,NOT YTD,46094,NOT Today,NO,NO,NO,0,67,2026,0
4/19/2023,2023,2023,Apr,Apr,Qtr2,19,16,4,W,4,3,,,Completed,,,44928,44995,NOT YTD,46094,NOT Today,NO,NO,NO,0,67,2026,0
4/20/2023,2023,2023,Apr,Apr,Qtr2,20,16,4,TH,4,4,,,Completed,,,44928,44995,NOT YTD,46094,NOT Today,NO,NO,NO,0,67,2026,0
4/21/2023,2023,2023,Apr,Apr,Qtr2,21,16,4,F,4,5,,,Completed,,,44928,44995,NOT YTD,46094,NOT Today,NO,NO,NO,0,67,2026,0
4/22/2023,2023,2023,Apr,Apr,Qtr2,22,16,4,S,4,6,,,Completed,,,44928,44995,NOT YTD,46094,NOT Today,NO,NO,NO,0,67,2026,0
4/23/2023,2023,2023,Apr,Apr,Qtr2,23,16,4,SU,4,7,,,Completed,,,44928,44995,NOT YTD,46094,NOT Today,NO,NO,NO,0,67,2026,0
4/24/2023,2023,2023,Apr,Apr,Qtr2,24,17,4,M,4,1,,,Completed,,,44928,44995,NOT YTD,46094,NOT Today,NO,NO,NO,0,67,2026,0
4/25/2023,2023,2023,Apr,Apr,Qtr2,25,17,4,T,4,2,,,Completed,,,44928,44995,NOT YTD,46094,NOT Today,NO,NO,NO,0,67,2026,0
4/26/2023,2023,2023,Apr,Apr,Qtr2,26,17,4,W,4,3,,,Completed,,,44928,44995,NOT YTD,46094,NOT Today,NO,NO,NO,0,67,2026,0
4/27/2023,2023,2023,Apr,Apr,Qtr2,27,17,4,TH,4,4,,,Completed,,,44928,44995,NOT YTD,46094,NOT Today,NO,NO,NO,0,67,2026,0
4/28/2023,2023,2023,Apr,Apr,Qtr2,28,17,4,F,4,5,,,Completed,,,44928,44995,NOT YTD,46094,NOT Today,NO,NO,NO,0,67,2026,0
4/29/2023,2023,2023,Apr,Apr,Qtr2,29,17,4,S,4,6,,,Completed,,,44928,44995,NOT YTD,46094,NOT Today,NO,NO,NO,0,67,2026,0
4/30/2023,2023,2023,Apr,Apr,Qtr2,30,17,4,SU,4,7,,,Completed,,,44928,44995,NOT YTD,46094,NOT Today,NO,NO,NO,0,67,2026,0
5/1/2023,2023,2023,May,May,Qtr2,1,18,4,M,5,1,,,Completed,,,44928,44995,NOT YTD,46094,NOT Today,NO,NO,NO,0,67,2026,0
5/2/2023,2023,2023,May,May,Qtr2,2,18,4,T,5,2,,,Completed,,,44928,44995,NOT YTD,46094,NOT Today,NO,NO,NO,0,67,2026,0
5/3/2023,2023,2023,May,May,Qtr2,3,18,4,W,5,3,,,Completed,,,44928,44995,NOT YTD,46094,NOT Today,NO,NO,NO,0,67,2026,0
5/4/2023,2023,2023,May,May,Qtr2,4,18,4,TH,5,4,,,Completed,,,44928,44995,NOT YTD,46094,NOT Today,NO,NO,NO,0,67,2026,0
5/5/2023,2023,2023,May,May,Qtr2,5,18,4,F,5,5,,,Completed,,,44928,44995,NOT YTD,46094,NOT Today,NO,NO,NO,0,67,2026,0
5/6/2023,2023,2023,May,May,Qtr2,6,18,4,S,5,6,,,Completed,,,44928,44995,NOT YTD,46094,NOT Today,NO,NO,NO,0,67,2026,0
5/7/2023,2023,2023,May,May,Qtr2,7,18,4,SU,5,7,,,Completed,,,44928,44995,NOT YTD,46094,NOT Today,NO,NO,NO,0,67,2026,0
5/8/2023,2023,2023,May,May,Qtr2,8,19,4,M,5,1,,,Completed,,,44928,44995,NOT YTD,46094,NOT Today,NO,NO,NO,0,67,2026,0
5/9/2023,2023,2023,May,May,Qtr2,9,19,4,T,5,2,,,Completed,,,44928,44995,NOT YTD,46094,NOT Today,NO,NO,NO,0,67,2026,0
5/10/2023,2023,2023,May,May,Qtr2,10,19,4,W,5,3,,,Completed,,,44928,44995,NOT YTD,46094,NOT Today,NO,NO,NO,0,67,2026,0
5/11/2023,2023,2023,May,May,Qtr2,11,19,4,TH,5,4,,,Completed,,,44928,44995,NOT YTD,46094,NOT Today,NO,NO,NO,0,67,2026,0
5/12/2023,2023,2023,May,May,Qtr2,12,19,4,F,5,5,,,Completed,,,44928,44995,NOT YTD,46094,NOT Today,NO,NO,NO,0,67,2026,0
5/13/2023,2023,2023,May,May,Qtr2,13,19,4,S,5,6,,,Completed,,,44928,44995,NOT YTD,46094,NOT Today,NO,NO,NO,0,67,2026,0
5/14/2023,2023,2023,May,May,Qtr2,14,19,4,SU,5,7,,,Completed,,,44928,44995,NOT YTD,46094,NOT Today,NO,NO,NO,0,67,2026,0
5/15/2023,2023,2023,May,May,Qtr2,15,20,4,M,5,1,,,Completed,,,44928,44995,NOT YTD,46094,NOT Today,NO,NO,NO,0,67,2026,0
5/16/2023,2023,2023,May,May,Qtr2,16,20,4,T,5,2,,,Completed,,,44928,44995,NOT YTD,46094,NOT Today,NO,NO,NO,0,67,2026,0
5/17/2023,2023,2023,May,May,Qtr2,17,20,4,W,5,3,,,Completed,,,44928,44995,NOT YTD,46094,NOT Today,NO,NO,NO,0,67,2026,0
5/18/2023,2023,2023,May,May,Qtr2,18,20,4,TH,5,4,,,Completed,,,44928,44995,NOT YTD,46094,NOT Today,NO,NO,NO,0,67,2026,0
5/19/2023,2023,2023,May,May,Qtr2,19,20,4,F,5,5,,,Completed,,,44928,44995,NOT YTD,46094,NOT Today,NO,NO,NO,0,67,2026,0
5/20/2023,2023,2023,May,May,Qtr2,20,20,4,S,5,6,,,Completed,,,44928,44995,NOT YTD,46094,NOT Today,NO,NO,NO,0,67,2026,0
5/21/2023,2023,2023,May,May,Qtr2,21,20,4,SU,5,7,,,Completed,,,44928,44995,NOT YTD,46094,NOT Today,NO,NO,NO,0,67,2026,0
5/22/2023,2023,2023,May,May,Qtr2,22,21,4,M,5,1,,,Completed,,,44928,44995,NOT YTD,46094,NOT Today,NO,NO,NO,0,67,2026,0
5/23/2023,2023,2023,May,May,Qtr2,23,21,4,T,5,2,,,Completed,,,44928,44995,NOT YTD,46094,NOT Today,NO,NO,NO,0,67,2026,0
5/24/2023,2023,2023,May,May,Qtr2,24,21,4,W,5,3,,,Completed,,,44928,44995,NOT YTD,46094,NOT Today,NO,NO,NO,0,67,2026,0
5/25/2023,2023,2023,May,May,Qtr2,25,21,4,TH,5,4,,,Completed,,,44928,44995,NOT YTD,46094,NOT Today,NO,NO,NO,0,67,2026,0
5/26/2023,2023,2023,May,May,Qtr2,26,21,4,F,5,5,,,Completed,,,44928,44995,NOT YTD,46094,NOT Today,NO,NO,NO,0,67,2026,0
5/27/2023,2023,2023,May,May,Qtr2,27,21,4,S,5,6,,,Completed,,,44928,44995,NOT YTD,46094,NOT Today,NO,NO,NO,0,67,2026,0
5/28/2023,2023,2023,May,May,Qtr2,28,21,4,SU,5,7,,,Completed,,,44928,44995,NOT YTD,46094,NOT Today,NO,NO,NO,0,67,2026,0
7/3/2023,2023,2023,Jul,Jul,Qtr3,3,27,4,M,7,1,,,Completed,,,44928,44995,NOT YTD,46094,NOT Today,NO,NO,NO,0,67,2026,0
7/4/2023,2023,2023,Jul,Jul,Qtr3,4,27,4,T,7,2,,,Completed,,,44928,44995,NOT YTD,46094,NOT Today,NO,NO,NO,0,67,2026,0
7/5/2023,2023,2023,Jul,Jul,Qtr3,5,27,4,W,7,3,,,Completed,,,44928,44995,NOT YTD,46094,NOT Today,NO,NO,NO,0,67,2026,0
7/6/2023,2023,2023,Jul,Jul,Qtr3,6,27,4,TH,7,4,,,Completed,,,44928,44995,NOT YTD,46094,NOT Today,NO,NO,NO,0,67,2026,0
7/7/2023,2023,2023,Jul,Jul,Qtr3,7,27,4,F,7,5,,,Completed,,,44928,44995,NOT YTD,46094,NOT Today,NO,NO,NO,0,67,2026,0
7/8/2023,2023,2023,Jul,Jul,Qtr3,8,27,4,S,7,6,,,Completed,,,44928,44995,NOT YTD,46094,NOT Today,NO,NO,NO,0,67,2026,0
7/9/2023,2023,2023,Jul,Jul,Qtr3,9,27,4,SU,7,7,,,Completed,,,44928,44995,NOT YTD,46094,NOT Today,NO,NO,NO,0,67,2026,0
7/10/2023,2023,2023,Jul,Jul,Qtr3,10,28,4,M,7,1,,,Completed,,,44928,44995,NOT YTD,46094,NOT Today,NO,NO,NO,0,67,2026,0
7/11/2023,2023,2023,Jul,Jul,Qtr3,11,28,4,T,7,2,,,Completed,,,44928,44995,NOT YTD,46094,NOT Today,NO,NO,NO,0,67,2026,0
7/12/2023,2023,2023,Jul,Jul,Qtr3,12,28,4,W,7,3,,,Completed,,,44928,44995,NOT YTD,46094,NOT Today,NO,NO,NO,0,67,2026,0
7/13/2023,2023,2023,Jul,Jul,Qtr3,13,28,4,TH,7,4,,,Completed,,,44928,44995,NOT YTD,46094,NOT Today,NO,NO,NO,0,67,2026,0
7/14/2023,2023,2023,Jul,Jul,Qtr3,14,28,4,F,7,5,,,Completed,,,44928,44995,NOT YTD,46094,NOT Today,NO,NO,NO,0,67,2026,0
7/15/2023,2023,2023,Jul,Jul,Qtr3,15,28,4,S,7,6,,,Completed,,,44928,44995,NOT YTD,46094,NOT Today,NO,NO,NO,0,67,2026,0
7/16/2023,2023,2023,Jul,Jul,Qtr3,16,28,4,SU,7,7,,,Completed,,,44928,44995,NOT YTD,46094,NOT Today,NO,NO,NO,0,67,2026,0
7/17/2023,2023,2023,Jul,Jul,Qtr3,17,29,4,M,7,1,,,Completed,,,44928,44995,NOT YTD,46094,NOT Today,NO,NO,NO,0,67,2026,0
7/18/2023,2023,2023,Jul,Jul,Qtr3,18,29,4,T,7,2,,,Completed,,,44928,44995,NOT YTD,46094,NOT Today,NO,NO,NO,0,67,2026,0
7/19/2023,2023,2023,Jul,Jul,Qtr3,19,29,4,W,7,3,,,Completed,,,44928,44995,NOT YTD,46094,NOT Today,NO,NO,NO,0,67,2026,0
7/20/2023,2023,2023,Jul,Jul,Qtr3,20,29,4,TH,7,4,,,Completed,,,44928,44995,NOT YTD,46094,NOT Today,NO,NO,NO,0,67,2026,0
7/21/2023,2023,2023,Jul,Jul,Qtr3,21,29,4,F,7,5,,,Completed,,,44928,44995,NOT YTD,46094,NOT Today,NO,NO,NO,0,67,2026,0
7/22/2023,2023,2023,Jul,Jul,Qtr3,22,29,4,S,7,6,,,Completed,,,44928,44995,NOT YTD,46094,NOT Today,NO,NO,NO,0,67,2026,0
7/23/2023,2023,2023,Jul,Jul,Qtr3,23,29,4,SU,7,7,,,Completed,,,44928,44995,NOT YTD,46094,NOT Today,NO,NO,NO,0,67,2026,0
7/24/2023,2023,2023,Jul,Jul,Qtr3,24,30,4,M,7,1,,,Completed,,,44928,44995,NOT YTD,46094,NOT Today,NO,NO,NO,0,67,2026,0
7/25/2023,2023,2023,Jul,Jul,Qtr3,25,30,4,T,7,2,,,Completed,,,44928,44995,NOT YTD,46094,NOT Today,NO,NO,NO,0,67,2026,0
7/26/2023,2023,2023,Jul,Jul,Qtr3,26,30,4,W,7,3,,,Completed,,,44928,44995,NOT YTD,46094,NOT Today,NO,NO,NO,0,67,2026,0
7/27/2023,2023,2023,Jul,Jul,Qtr3,27,30,4,TH,7,4,,,Completed,,,44928,44995,NOT YTD,46094,NOT Today,NO,NO,NO,0,67,2026,0
7/28/2023,2023,2023,Jul,Jul,Qtr3,28,30,4,F,7,5,,,Completed,,,44928,44995,NOT YTD,46094,NOT Today,NO,NO,NO,0,67,2026,0
7/29/2023,2023,2023,Jul,Jul,Qtr3,29,30,4,S,7,6,,,Completed,,,44928,44995,NOT YTD,46094,NOT Today,NO,NO,NO,0,67,2026,0
7/30/2023,2023,2023,Jul,Jul,Qtr3,30,30,4,SU,7,7,,,Completed,,,44928,44995,NOT YTD,46094,NOT Today,NO,NO,NO,0,67,2026,0
7/31/2023,2023,2023,Jul,Aug,Qtr3,31,31,4,M,8,1,,,Completed,,,44928,44995,NOT YTD,46094,NOT Today,NO,NO,NO,0,67,2026,0
8/1/2023,2023,2023,Aug,Aug,Qtr3,1,31,4,T,8,2,,,Completed,,,44928,44995,NOT YTD,46094,NOT Today,NO,NO,NO,0,67,2026,0
8/2/2023,2023,2023,Aug,Aug,Qtr3,2,31,4,W,8,3,,,Completed,,,44928,44995,NOT YTD,46094,NOT Today,NO,NO,NO,0,67,2026,0
8/3/2023,2023,2023,Aug,Aug,Qtr3,3,31,4,TH,8,4,,,Completed,,,44928,44995,NOT YTD,46094,NOT Today,NO,NO,NO,0,67,2026,0
8/4/2023,2023,2023,Aug,Aug,Qtr3,4,31,4,F,8,5,,,Completed,,,44928,44995,NOT YTD,46094,NOT Today,NO,NO,NO,0,67,2026,0
8/5/2023,2023,2023,Aug,Aug,Qtr3,5,31,4,S,8,6,,,Completed,,,44928,44995,NOT YTD,46094,NOT Today,NO,NO,NO,0,67,2026,0
8/6/2023,2023,2023,Aug,Aug,Qtr3,6,31,4,SU,8,7,,,Completed,,,44928,44995,NOT YTD,46094,NOT Today,NO,NO,NO,0,67,2026,0
8/7/2023,2023,2023,Aug,Aug,Qtr3,7,32,4,M,8,1,,,Completed,,,44928,44995,NOT YTD,46094,NOT Today,NO,NO,NO,0,67,2026,0
8/8/2023,2023,2023,Aug,Aug,Qtr3,8,32,4,T,8,2,,,Completed,,,44928,44995,NOT YTD,46094,NOT Today,NO,NO,NO,0,67,2026,0
8/9/2023,2023,2023,Aug,Aug,Qtr3,9,32,4,W,8,3,,,Completed,,,44928,44995,NOT YTD,46094,NOT Today,NO,NO,NO,0,67,2026,0
8/10/2023,2023,2023,Aug,Aug,Qtr3,10,32,4,TH,8,4,,,Completed,,,44928,44995,NOT YTD,46094,NOT Today,NO,NO,NO,0,67,2026,0
8/11/2023,2023,2023,Aug,Aug,Qtr3,11,32,4,F,8,5,,,Completed,,,44928,44995,NOT YTD,46094,NOT Today,NO,NO,NO,0,67,2026,0
8/12/2023,2023,2023,Aug,Aug,Qtr3,12,32,4,S,8,6,,,Completed,,,44928,44995,NOT YTD,46094,NOT Today,NO,NO,NO,0,67,2026,0
8/13/2023,2023,2023,Aug,Aug,Qtr3,13,32,4,SU,8,7,,,Completed,,,44928,44995,NOT YTD,46094,NOT Today,NO,NO,NO,0,67,2026,0
8/14/2023,2023,2023,Aug,Aug,Qtr3,14,33,4,M,8,1,,,Completed,,,44928,44995,NOT YTD,46094,NOT Today,NO,NO,NO,0,67,2026,0
8/15/2023,2023,2023,Aug,Aug,Qtr3,15,33,4,T,8,2,,,Completed,,,44928,44995,NOT YTD,46094,NOT Today,NO,NO,NO,0,67,2026,0
8/16/2023,2023,2023,Aug,Aug,Qtr3,16,33,4,W,8,3,,,Completed,,,44928,44995,NOT YTD,46094,NOT Today,NO,NO,NO,0,67,2026,0
8/17/2023,2023,2023,Aug,Aug,Qtr3,17,33,4,TH,8,4,,,Completed,,,44928,44995,NOT YTD,46094,NOT Today,NO,NO,NO,0,67,2026,0
8/18/2023,2023,2023,Aug,Aug,Qtr3,18,33,4,F,8,5,,,Completed,,,44928,44995,NOT YTD,46094,NOT Today,NO,NO,NO,0,67,2026,0
8/19/2023,2023,2023,Aug,Aug,Qtr3,19,33,4,S,8,6,,,Completed,,,44928,44995,NOT YTD,46094,NOT Today,NO,NO,NO,0,67,2026,0
8/20/2023,2023,2023,Aug,Aug,Qtr3,20,33,4,SU,8,7,,,Completed,,,44928,44995,NOT YTD,46094,NOT Today,NO,NO,NO,0,67,2026,0
8/21/2023,2023,2023,Aug,Aug,Qtr3,21,34,4,M,8,1,,,Completed,,,44928,44995,NOT YTD,46094,NOT Today,NO,NO,NO,0,67,2026,0
8/22/2023,2023,2023,Aug,Aug,Qtr3,22,34,4,T,8,2,,,Completed,,,44928,44995,NOT YTD,46094,NOT Today,NO,NO,NO,0,67,2026,0
8/23/2023,2023,2023,Aug,Aug,Qtr3,23,34,4,W,8,3,,,Completed,,,44928,44995,NOT YTD,46094,NOT Today,NO,NO,NO,0,67,2026,0
8/24/2023,2023,2023,Aug,Aug,Qtr3,24,34,4,TH,8,4,,,Completed,,,44928,44995,NOT YTD,46094,NOT Today,NO,NO,NO,0,67,2026,0
8/25/2023,2023,2023,Aug,Aug,Qtr3,25,34,4,F,8,5,,,Completed,,,44928,44995,NOT YTD,46094,NOT Today,NO,NO,NO,0,67,2026,0
8/26/2023,2023,2023,Aug,Aug,Qtr3,26,34,4,S,8,6,,,Completed,,,44928,44995,NOT YTD,46094,NOT Today,NO,NO,NO,0,67,2026,0
8/27/2023,2023,2023,Aug,Aug,Qtr3,27,34,4,SU,8,7,,,Completed,,,44928,44995,NOT YTD,46094,NOT Today,NO,NO,NO,0,67,2026,0
10/2/2023,2023,2023,Oct,Oct,Qtr4,2,40,4,M,10,1,,,Completed,,,44928,44995,NOT YTD,46094,NOT Today,NO,NO,NO,0,67,2026,0
10/3/2023,2023,2023,Oct,Oct,Qtr4,3,40,4,T,10,2,,,Completed,,,44928,44995,NOT YTD,46094,NOT Today,NO,NO,NO,0,67,2026,0
10/4/2023,2023,2023,Oct,Oct,Qtr4,4,40,4,W,10,3,,,Completed,,,44928,44995,NOT YTD,46094,NOT Today,NO,NO,NO,0,67,2026,0
10/5/2023,2023,2023,Oct,Oct,Qtr4,5,40,4,TH,10,4,,,Completed,,,44928,44995,NOT YTD,46094,NOT Today,NO,NO,NO,0,67,2026,0
10/6/2023,2023,2023,Oct,Oct,Qtr4,6,40,4,F,10,5,,,Completed,,,44928,44995,NOT YTD,46094,NOT Today,NO,NO,NO,0,67,2026,0
10/7/2023,2023,2023,Oct,Oct,Qtr4,7,40,4,S,10,6,,,Completed,,,44928,44995,NOT YTD,46094,NOT Today,NO,NO,NO,0,67,2026,0
10/8/2023,2023,2023,Oct,Oct,Qtr4,8,40,4,SU,10,7,,,Completed,,,44928,44995,NOT YTD,46094,NOT Today,NO,NO,NO,0,67,2026,0
10/9/2023,2023,2023,Oct,Oct,Qtr4,9,41,4,M,10,1,,,Completed,,,44928,44995,NOT YTD,46094,NOT Today,NO,NO,NO,0,67,2026,0
10/10/2023,2023,2023,Oct,Oct,Qtr4,10,41,4,T,10,2,,,Completed,,,44928,44995,NOT YTD,46094,NOT Today,NO,NO,NO,0,67,2026,0
10/11/2023,2023,2023,Oct,Oct,Qtr4,11,41,4,W,10,3,,,Completed,,,44928,44995,NOT YTD,46094,NOT Today,NO,NO,NO,0,67,2026,0
10/12/2023,2023,2023,Oct,Oct,Qtr4,12,41,4,TH,10,4,,,Completed,,,44928,44995,NOT YTD,46094,NOT Today,NO,NO,NO,0,67,2026,0
10/13/2023,2023,2023,Oct,Oct,Qtr4,13,41,4,F,10,5,,,Completed,,,44928,44995,NOT YTD,46094,NOT Today,NO,NO,NO,0,67,2026,0
10/14/2023,2023,2023,Oct,Oct,Qtr4,14,41,4,S,10,6,,,Completed,,,44928,44995,NOT YTD,46094,NOT Today,NO,NO,NO,0,67,2026,0
10/15/2023,2023,2023,Oct,Oct,Qtr4,15,41,4,SU,10,7,,,Completed,,,44928,44995,NOT YTD,46094,NOT Today,NO,NO,NO,0,67,2026,0
10/16/2023,2023,2023,Oct,Oct,Qtr4,16,42,4,M,10,1,,,Completed,,,44928,44995,NOT YTD,46094,NOT Today,NO,NO,NO,0,67,2026,0
10/17/2023,2023,2023,Oct,Oct,Qtr4,17,42,4,T,10,2,,,Completed,,,44928,44995,NOT YTD,46094,NOT Today,NO,NO,NO,0,67,2026,0
10/18/2023,2023,2023,Oct,Oct,Qtr4,18,42,4,W,10,3,,,Completed,,,44928,44995,NOT YTD,46094,NOT Today,NO,NO,NO,0,67,2026,0
10/19/2023,2023,2023,Oct,Oct,Qtr4,19,42,4,TH,10,4,,,Completed,,,44928,44995,NOT YTD,46094,NOT Today,NO,NO,NO,0,67,2026,0
10/20/2023,2023,2023,Oct,Oct,Qtr4,20,42,4,F,10,5,,,Completed,,,44928,44995,NOT YTD,46094,NOT Today,NO,NO,NO,0,67,2026,0
10/21/2023,2023,2023,Oct,Oct,Qtr4,21,42,4,S,10,6,,,Completed,,,44928,44995,NOT YTD,46094,NOT Today,NO,NO,NO,0,67,2026,0
10/22/2023,2023,2023,Oct,Oct,Qtr4,22,42,4,SU,10,7,,,Completed,,,44928,44995,NOT YTD,46094,NOT Today,NO,NO,NO,0,67,2026,0
10/23/2023,2023,2023,Oct,Oct,Qtr4,23,43,4,M,10,1,,,Completed,,,44928,44995,NOT YTD,46094,NOT Today,NO,NO,NO,0,67,2026,0
10/24/2023,2023,2023,Oct,Oct,Qtr4,24,43,4,T,10,2,,,Completed,,,44928,44995,NOT YTD,46094,NOT Today,NO,NO,NO,0,67,2026,0
10/25/2023,2023,2023,Oct,Oct,Qtr4,25,43,4,W,10,3,,,Completed,,,44928,44995,NOT YTD,46094,NOT Today,NO,NO,NO,0,67,2026,0
10/26/2023,2023,2023,Oct,Oct,Qtr4,26,43,4,TH,10,4,,,Completed,,,44928,44995,NOT YTD,46094,NOT Today,NO,NO,NO,0,67,2026,0
10/27/2023,2023,2023,Oct,Oct,Qtr4,27,43,4,F,10,5,,,Completed,,,44928,44995,NOT YTD,46094,NOT Today,NO,NO,NO,0,67,2026,0
10/28/2023,2023,2023,Oct,Oct,Qtr4,28,43,4,S,10,6,,,Completed,,,44928,44995,NOT YTD,46094,NOT Today,NO,NO,NO,0,67,2026,0
10/29/2023,2023,2023,Oct,Oct,Qtr4,29,43,4,SU,10,7,,,Completed,,,44928,44995,NOT YTD,46094,NOT Today,NO,NO,NO,0,67,2026,0
10/30/2023,2023,2023,Oct,Nov,Qtr4,30,44,4,M,11,1,,,Completed,,,44928,44995,NOT YTD,46094,NOT Today,NO,NO,NO,0,67,2026,0
10/31/2023,2023,2023,Oct,Nov,Qtr4,31,44,4,T,11,2,,,Completed,,,44928,44995,NOT YTD,46094,NOT Today,NO,NO,NO,0,67,2026,0
11/1/2023,2023,2023,Nov,Nov,Qtr4,1,44,4,W,11,3,,,Completed,,,44928,44995,NOT YTD,46094,NOT Today,NO,NO,NO,0,67,2026,0
11/2/2023,2023,2023,Nov,Nov,Qtr4,2,44,4,TH,11,4,,,Completed,,,44928,44995,NOT YTD,46094,NOT Today,NO,NO,NO,0,67,2026,0
11/3/2023,2023,2023,Nov,Nov,Qtr4,3,44,4,F,11,5,,,Completed,,,44928,44995,NOT YTD,46094,NOT Today,NO,NO,NO,0,67,2026,0
11/4/2023,2023,2023,Nov,Nov,Qtr4,4,44,4,S,11,6,,,Completed,,,44928,44995,NOT YTD,46094,NOT Today,NO,NO,NO,0,67,2026,0
11/5/2023,2023,2023,Nov,Nov,Qtr4,5,44,4,SU,11,7,,,Completed,,,44928,44995,NOT YTD,46094,NOT Today,NO,NO,NO,0,67,2026,0
11/6/2023,2023,2023,Nov,Nov,Qtr4,6,45,4,M,11,1,,,Completed,,,44928,44995,NOT YTD,46094,NOT Today,NO,NO,NO,0,67,2026,0
11/7/2023,2023,2023,Nov,Nov,Qtr4,7,45,4,T,11,2,,,Completed,,,44928,44995,NOT YTD,46094,NOT Today,NO,NO,NO,0,67,2026,0
11/8/2023,2023,2023,Nov,Nov,Qtr4,8,45,4,W,11,3,,,Completed,,,44928,44995,NOT YTD,46094,NOT Today,NO,NO,NO,0,67,2026,0
11/9/2023,2023,2023,Nov,Nov,Qtr4,9,45,4,TH,11,4,,,Completed,,,44928,44995,NOT YTD,46094,NOT Today,NO,NO,NO,0,67,2026,0
11/10/2023,2023,2023,Nov,Nov,Qtr4,10,45,4,F,11,5,,,Completed,,,44928,44995,NOT YTD,46094,NOT Today,NO,NO,NO,0,67,2026,0
11/11/2023,2023,2023,Nov,Nov,Qtr4,11,45,4,S,11,6,,,Completed,,,44928,44995,NOT YTD,46094,NOT Today,NO,NO,NO,0,67,2026,0
11/12/2023,2023,2023,Nov,Nov,Qtr4,12,45,4,SU,11,7,,,Completed,,,44928,44995,NOT YTD,46094,NOT Today,NO,NO,NO,0,67,2026,0
11/13/2023,2023,2023,Nov,Nov,Qtr4,13,46,4,M,11,1,,,Completed,,,44928,44995,NOT YTD,46094,NOT Today,NO,NO,NO,0,67,2026,0
11/14/2023,2023,2023,Nov,Nov,Qtr4,14,46,4,T,11,2,,,Completed,,,44928,44995,NOT YTD,46094,NOT Today,NO,NO,NO,0,67,2026,0
11/15/2023,2023,2023,Nov,Nov,Qtr4,15,46,4,W,11,3,,,Completed,,,44928,44995,NOT YTD,46094,NOT Today,NO,NO,NO,0,67,2026,0
11/16/2023,2023,2023,Nov,Nov,Qtr4,16,46,4,TH,11,4,,,Completed,,,44928,44995,NOT YTD,46094,NOT Today,NO,NO,NO,0,67,2026,0
11/17/2023,2023,2023,Nov,Nov,Qtr4,17,46,4,F,11,5,,,Completed,,,44928,44995,NOT YTD,46094,NOT Today,NO,NO,NO,0,67,2026,0
11/18/2023,2023,2023,Nov,Nov,Qtr4,18,46,4,S,11,6,,,Completed,,,44928,44995,NOT YTD,46094,NOT Today,NO,NO,NO,0,67,2026,0
11/19/2023,2023,2023,Nov,Nov,Qtr4,19,46,4,SU,11,7,,,Completed,,,44928,44995,NOT YTD,46094,NOT Today,NO,NO,NO,0,67,2026,0
11/20/2023,2023,2023,Nov,Nov,Qtr4,20,47,4,M,11,1,,,Completed,,,44928,44995,NOT YTD,46094,NOT Today,NO,NO,NO,0,67,2026,0
11/21/2023,2023,2023,Nov,Nov,Qtr4,21,47,4,T,11,2,,,Completed,,,44928,44995,NOT YTD,46094,NOT Today,NO,NO,NO,0,67,2026,0
11/22/2023,2023,2023,Nov,Nov,Qtr4,22,47,4,W,11,3,,,Completed,,,44928,44995,NOT YTD,46094,NOT Today,NO,NO,NO,0,67,2026,0
11/23/2023,2023,2023,Nov,Nov,Qtr4,23,47,4,TH,11,4,,,Completed,,,44928,44995,NOT YTD,46094,NOT Today,NO,NO,NO,0,67,2026,0
11/24/2023,2023,2023,Nov,Nov,Qtr4,24,47,4,F,11,5,,,Completed,,,44928,44995,NOT YTD,46094,NOT Today,NO,NO,NO,0,67,2026,0
11/25/2023,2023,2023,Nov,Nov,Qtr4,25,47,4,S,11,6,,,Completed,,,44928,44995,NOT YTD,46094,NOT Today,NO,NO,NO,0,67,2026,0
11/26/2023,2023,2023,Nov,Nov,Qtr4,26,47,4,SU,11,7,,,Completed,,,44928,44995,NOT YTD,46094,NOT Today,NO,NO,NO,0,67,2026,0
1/5/2026,2026,2026,Jan,Jan,Qtr1,5,1,4,M,1,1,,,Completed,Trailing 12 Months,,46027,46094,YTD,46094,NOT Today,NO,Trailing 6 Months,Trailing 12 Months,67,67,2026,0
1/6/2026,2026,2026,Jan,Jan,Qtr1,6,1,4,T,1,2,,,Completed,Trailing 12 Months,,46027,46094,YTD,46094,NOT Today,NO,Trailing 6 Months,Trailing 12 Months,67,67,2026,0
1/7/2026,2026,2026,Jan,Jan,Qtr1,7,1,4,W,1,3,,,Completed,Trailing 12 Months,,46027,46094,YTD,46094,NOT Today,NO,Trailing 6 Months,Trailing 12 Months,67,67,2026,0
1/8/2026,2026,2026,Jan,Jan,Qtr1,8,1,4,TH,1,4,,,Completed,Trailing 12 Months,,46027,46094,YTD,46094,NOT Today,NO,Trailing 6 Months,Trailing 12 Months,67,67,2026,0
1/9/2026,2026,2026,Jan,Jan,Qtr1,9,1,4,F,1,5,,,Completed,Trailing 12 Months,,46027,46094,YTD,46094,NOT Today,NO,Trailing 6 Months,Trailing 12 Months,67,67,2026,0
1/10/2026,2026,2026,Jan,Jan,Qtr1,10,1,4,S,1,6,,,Completed,Trailing 12 Months,,46027,46094,YTD,46094,NOT Today,NO,Trailing 6 Months,Trailing 12 Months,67,67,2026,0
1/11/2026,2026,2026,Jan,Jan,Qtr1,11,1,4,SU,1,7,,,Completed,Trailing 12 Months,,46027,46094,YTD,46094,NOT Today,NO,Trailing 6 Months,Trailing 12 Months,67,67,2026,0
1/12/2026,2026,2026,Jan,Jan,Qtr1,12,2,4,M,1,1,,,Completed,Trailing 12 Months,,46027,46094,YTD,46094,NOT Today,NO,Trailing 6 Months,Trailing 12 Months,67,67,2026,0
1/13/2026,2026,2026,Jan,Jan,Qtr1,13,2,4,T,1,2,,,Completed,Trailing 12 Months,,46027,46094,YTD,46094,NOT Today,NO,Trailing 6 Months,Trailing 12 Months,67,67,2026,0
1/14/2026,2026,2026,Jan,Jan,Qtr1,14,2,4,W,1,3,,,Completed,Trailing 12 Months,,46027,46094,YTD,46094,NOT Today,NO,Trailing 6 Months,Trailing 12 Months,67,67,2026,0
1/15/2026,2026,2026,Jan,Jan,Qtr1,15,2,4,TH,1,4,,,Completed,Trailing 12 Months,,46027,46094,YTD,46094,NOT Today,NO,Trailing 6 Months,Trailing 12 Months,67,67,2026,0
1/16/2026,2026,2026,Jan,Jan,Qtr1,16,2,4,F,1,5,,,Completed,Trailing 12 Months,,46027,46094,YTD,46094,NOT Today,NO,Trailing 6 Months,Trailing 12 Months,67,67,2026,0
1/17/2026,2026,2026,Jan,Jan,Qtr1,17,2,4,S,1,6,,,Completed,Trailing 12 Months,,46027,46094,YTD,46094,NOT Today,NO,Trailing 6 Months,Trailing 12 Months,67,67,2026,0
1/18/2026,2026,2026,Jan,Jan,Qtr1,18,2,4,SU,1,7,,,Completed,Trailing 12 Months,,46027,46094,YTD,46094,NOT Today,NO,Trailing 6 Months,Trailing 12 Months,67,67,2026,0
1/19/2026,2026,2026,Jan,Jan,Qtr1,19,3,4,M,1,1,,,Completed,Trailing 12 Months,,46027,46094,YTD,46094,NOT Today,NO,Trailing 6 Months,Trailing 12 Months,67,67,2026,0
1/20/2026,2026,2026,Jan,Jan,Qtr1,20,3,4,T,1,2,,,Completed,Trailing 12 Months,,46027,46094,YTD,46094,NOT Today,NO,Trailing 6 Months,Trailing 12 Months,67,67,2026,0
1/21/2026,2026,2026,Jan,Jan,Qtr1,21,3,4,W,1,3,,,Completed,Trailing 12 Months,,46027,46094,YTD,46094,NOT Today,NO,Trailing 6 Months,Trailing 12 Months,67,67,2026,0
1/22/2026,2026,2026,Jan,Jan,Qtr1,22,3,4,TH,1,4,,,Completed,Trailing 12 Months,,46027,46094,YTD,46094,NOT Today,NO,Trailing 6 Months,Trailing 12 Months,67,67,2026,0
1/23/2026,2026,2026,Jan,Jan,Qtr1,23,3,4,F,1,5,,,Completed,Trailing 12 Months,,46027,46094,YTD,46094,NOT Today,NO,Trailing 6 Months,Trailing 12 Months,67,67,2026,0
1/24/2026,2026,2026,Jan,Jan,Qtr1,24,3,4,S,1,6,,,Completed,Trailing 12 Months,,46027,46094,YTD,46094,NOT Today,NO,Trailing 6 Months,Trailing 12 Months,67,67,2026,0
1/25/2026,2026,2026,Jan,Jan,Qtr1,25,3,4,SU,1,7,,,Completed,Trailing 12 Months,,46027,46094,YTD,46094,NOT Today,NO,Trailing 6 Months,Trailing 12 Months,67,67,2026,0
1/26/2026,2026,2026,Jan,Jan,Qtr1,26,4,4,M,1,1,,,Completed,Trailing 12 Months,,46027,46094,YTD,46094,NOT Today,NO,Trailing 6 Months,Trailing 12 Months,67,67,2026,0
1/27/2026,2026,2026,Jan,Jan,Qtr1,27,4,4,T,1,2,,,Completed,Trailing 12 Months,,46027,46094,YTD,46094,NOT Today,NO,Trailing 6 Months,Trailing 12 Months,67,67,2026,0
1/28/2026,2026,2026,Jan,Jan,Qtr1,28,4,4,W,1,3,,,Completed,Trailing 12 Months,,46027,46094,YTD,46094,NOT Today,NO,Trailing 6 Months,Trailing 12 Months,67,67,2026,0
1/29/2026,2026,2026,Jan,Jan,Qtr1,29,4,4,TH,1,4,,,Completed,Trailing 12 Months,,46027,46094,YTD,46094,NOT Today,NO,Trailing 6 Months,Trailing 12 Months,67,67,2026,0
1/30/2026,2026,2026,Jan,Jan,Qtr1,30,4,4,F,1,5,,,Completed,Trailing 12 Months,,46027,46094,YTD,46094,NOT Today,NO,Trailing 6 Months,Trailing 12 Months,67,67,2026,0
1/31/2026,2026,2026,Jan,Jan,Qtr1,31,4,4,S,1,6,,,Completed,Trailing 12 Months,,46027,46094,YTD,46094,NOT Today,NO,Trailing 6 Months,Trailing 12 Months,67,67,2026,0
2/1/2026,2026,2026,Feb,Jan,Qtr1,1,4,4,SU,1,7,,,Completed,Trailing 12 Months,,46027,46094,YTD,46094,NOT Today,NO,Trailing 6 Months,Trailing 12 Months,67,67,2026,0
2/2/2026,2026,2026,Feb,Feb,Qtr1,2,5,4,M,2,1,,,Completed,Trailing 12 Months,,46027,46094,YTD,46094,NOT Today,NO,Trailing 6 Months,Trailing 12 Months,67,67,2026,0
2/3/2026,2026,2026,Feb,Feb,Qtr1,3,5,4,T,2,2,,,Completed,Trailing 12 Months,,46027,46094,YTD,46094,NOT Today,NO,Trailing 6 Months,Trailing 12 Months,67,67,2026,0
2/4/2026,2026,2026,Feb,Feb,Qtr1,4,5,4,W,2,3,,,Completed,Trailing 12 Months,,46027,46094,YTD,46094,NOT Today,NO,Trailing 6 Months,Trailing 12 Months,67,67,2026,0
2/5/2026,2026,2026,Feb,Feb,Qtr1,5,5,4,TH,2,4,,,Completed,Trailing 12 Months,,46027,46094,YTD,46094,NOT Today,NO,Trailing 6 Months,Trailing 12 Months,67,67,2026,0
2/6/2026,2026,2026,Feb,Feb,Qtr1,6,5,4,F,2,5,,,Completed,Trailing 12 Months,,46027,46094,YTD,46094,NOT Today,NO,Trailing 6 Months,Trailing 12 Months,67,67,2026,0
2/7/2026,2026,2026,Feb,Feb,Qtr1,7,5,4,S,2,6,,,Completed,Trailing 12 Months,,46027,46094,YTD,46094,NOT Today,NO,Trailing 6 Months,Trailing 12 Months,67,67,2026,0
2/8/2026,2026,2026,Feb,Feb,Qtr1,8,5,4,SU,2,7,,,Completed,Trailing 12 Months,,46027,46094,YTD,46094,NOT Today,NO,Trailing 6 Months,Trailing 12 Months,67,67,2026,0
2/9/2026,2026,2026,Feb,Feb,Qtr1,9,6,4,M,2,1,,,Completed,Trailing 12 Months,,46027,46094,YTD,46094,NOT Today,NO,Trailing 6 Months,Trailing 12 Months,67,67,2026,0
2/10/2026,2026,2026,Feb,Feb,Qtr1,10,6,4,T,2,2,,,Completed,Trailing 12 Months,,46027,46094,YTD,46094,NOT Today,NO,Trailing 6 Months,Trailing 12 Months,67,67,2026,0
2/11/2026,2026,2026,Feb,Feb,Qtr1,11,6,4,W,2,3,,,Completed,Trailing 12 Months,,46027,46094,YTD,46094,NOT Today,NO,Trailing 6 Months,Trailing 12 Months,67,67,2026,0
2/12/2026,2026,2026,Feb,Feb,Qtr1,12,6,4,TH,2,4,,,Completed,Trailing 12 Months,,46027,46094,YTD,46094,NOT Today,NO,Trailing 6 Months,Trailing 12 Months,67,67,2026,0
2/13/2026,2026,2026,Feb,Feb,Qtr1,13,6,4,F,2,5,,,Completed,Trailing 12 Months,,46027,46094,YTD,46094,NOT Today,NO,Trailing 6 Months,Trailing 12 Months,67,67,2026,0
2/14/2026,2026,2026,Feb,Feb,Qtr1,14,6,4,S,2,6,,,Completed,Trailing 12 Months,,46027,46094,YTD,46094,NOT Today,NO,Trailing 6 Months,Trailing 12 Months,67,67,2026,0
2/15/2026,2026,2026,Feb,Feb,Qtr1,15,6,4,SU,2,7,,,Completed,Trailing 12 Months,,46027,46094,YTD,46094,NOT Today,NO,Trailing 6 Months,Trailing 12 Months,67,67,2026,0
2/16/2026,2026,2026,Feb,Feb,Qtr1,16,7,4,M,2,1,,,Completed,Trailing 12 Months,,46027,46094,YTD,46094,NOT Today,NO,Trailing 6 Months,Trailing 12 Months,67,67,2026,0
2/17/2026,2026,2026,Feb,Feb,Qtr1,17,7,4,T,2,2,,,Completed,Trailing 12 Months,,46027,46094,YTD,46094,NOT Today,NO,Trailing 6 Months,Trailing 12 Months,67,67,2026,0
2/18/2026,2026,2026,Feb,Feb,Qtr1,18,7,4,W,2,3,,,Completed,Trailing 12 Months,,46027,46094,YTD,46094,NOT Today,NO,Trailing 6 Months,Trailing 12 Months,67,67,2026,0
2/19/2026,2026,2026,Feb,Feb,Qtr1,19,7,4,TH,2,4,,,Completed,Trailing 12 Months,,46027,46094,YTD,46094,NOT Today,NO,Trailing 6 Months,Trailing 12 Months,67,67,2026,0
2/20/2026,2026,2026,Feb,Feb,Qtr1,20,7,4,F,2,5,,,Completed,Trailing 12 Months,,46027,46094,YTD,46094,NOT Today,NO,Trailing 6 Months,Trailing 12 Months,67,67,2026,0
2/21/2026,2026,2026,Feb,Feb,Qtr1,21,7,4,S,2,6,,,Completed,Trailing 12 Months,,46027,46094,YTD,46094,NOT Today,NO,Trailing 6 Months,Trailing 12 Months,67,67,2026,0
2/22/2026,2026,2026,Feb,Feb,Qtr1,22,7,4,SU,2,7,,,Completed,Trailing 12 Months,,46027,46094,YTD,46094,NOT Today,NO,Trailing 6 Months,Trailing 12 Months,67,67,2026,0
2/23/2026,2026,2026,Feb,Feb,Qtr1,23,8,4,M,2,1,,,Completed,Trailing 12 Months,,46027,46094,YTD,46094,NOT Today,NO,Trailing 6 Months,Trailing 12 Months,67,67,2026,0
2/24/2026,2026,2026,Feb,Feb,Qtr1,24,8,4,T,2,2,,,Completed,Trailing 12 Months,,46027,46094,YTD,46094,NOT Today,NO,Trailing 6 Months,Trailing 12 Months,67,67,2026,0
2/25/2026,2026,2026,Feb,Feb,Qtr1,25,8,4,W,2,3,,,Completed,Trailing 12 Months,,46027,46094,YTD,46094,NOT Today,NO,Trailing 6 Months,Trailing 12 Months,67,67,2026,0
2/26/2026,2026,2026,Feb,Feb,Qtr1,26,8,4,TH,2,4,,,Completed,Trailing 12 Months,,46027,46094,YTD,46094,NOT Today,NO,Trailing 6 Months,Trailing 12 Months,67,67,2026,0
2/27/2026,2026,2026,Feb,Feb,Qtr1,27,8,4,F,2,5,,,Completed,Trailing 12 Months,,46027,46094,YTD,46094,NOT Today,Trailing 14 Days,Trailing 6 Months,Trailing 12 Months,67,67,2026,0
2/28/2026,2026,2026,Feb,Feb,Qtr1,28,8,4,S,2,6,,,Completed,Trailing 12 Months,,46027,46094,YTD,46094,NOT Today,Trailing 14 Days,Trailing 6 Months,Trailing 12 Months,67,67,2026,0
12/30/2024,2024,2025,Dec,Jan,Qtr1,30,1,4,M,1,1,,,Completed,Trailing 12 Months,,45656,45723,YTD,46094,NOT Today,NO,NO,NO,0,67,2026,0
12/31/2024,2024,2025,Dec,Jan,Qtr1,31,1,4,T,1,2,,,Completed,Trailing 12 Months,,45656,45723,YTD,46094,NOT Today,NO,NO,NO,0,67,2026,0
1/1/2025,2025,2025,Jan,Jan,Qtr1,1,1,4,W,1,3,,,Completed,Trailing 12 Months,,45656,45723,YTD,46094,NOT Today,NO,NO,NO,0,67,2026,0
1/2/2025,2025,2025,Jan,Jan,Qtr1,2,1,4,TH,1,4,,,Completed,Trailing 12 Months,,45656,45723,YTD,46094,NOT Today,NO,NO,NO,0,67,2026,0
1/3/2025,2025,2025,Jan,Jan,Qtr1,3,1,4,F,1,5,,,Completed,Trailing 12 Months,,45656,45723,YTD,46094,NOT Today,NO,NO,NO,0,67,2026,0
1/4/2025,2025,2025,Jan,Jan,Qtr1,4,1,4,S,1,6,,,Completed,Trailing 12 Months,,45656,45723,YTD,46094,NOT Today,NO,NO,NO,0,67,2026,0
1/5/2025,2025,2025,Jan,Jan,Qtr1,5,1,4,SU,1,7,,,Completed,Trailing 12 Months,,45656,45723,YTD,46094,NOT Today,NO,NO,NO,0,67,2026,0
1/6/2025,2025,2025,Jan,Jan,Qtr1,6,2,4,M,1,1,,,Completed,Trailing 12 Months,,45656,45723,YTD,46094,NOT Today,NO,NO,NO,0,67,2026,0
1/7/2025,2025,2025,Jan,Jan,Qtr1,7,2,4,T,1,2,,,Completed,Trailing 12 Months,,45656,45723,YTD,46094,NOT Today,NO,NO,NO,0,67,2026,0
1/8/2025,2025,2025,Jan,Jan,Qtr1,8,2,4,W,1,3,,,Completed,Trailing 12 Months,,45656,45723,YTD,46094,NOT Today,NO,NO,NO,0,67,2026,0
1/9/2025,2025,2025,Jan,Jan,Qtr1,9,2,4,TH,1,4,,,Completed,Trailing 12 Months,,45656,45723,YTD,46094,NOT Today,NO,NO,NO,0,67,2026,0
1/10/2025,2025,2025,Jan,Jan,Qtr1,10,2,4,F,1,5,,,Completed,Trailing 12 Months,,45656,45723,YTD,46094,NOT Today,NO,NO,NO,0,67,2026,0
1/11/2025,2025,2025,Jan,Jan,Qtr1,11,2,4,S,1,6,,,Completed,Trailing 12 Months,,45656,45723,YTD,46094,NOT Today,NO,NO,NO,0,67,2026,0
1/12/2025,2025,2025,Jan,Jan,Qtr1,12,2,4,SU,1,7,,,Completed,Trailing 12 Months,,45656,45723,YTD,46094,NOT Today,NO,NO,NO,0,67,2026,0
1/13/2025,2025,2025,Jan,Jan,Qtr1,13,3,4,M,1,1,,,Completed,Trailing 12 Months,,45656,45723,YTD,46094,NOT Today,NO,NO,NO,0,67,2026,0
1/14/2025,2025,2025,Jan,Jan,Qtr1,14,3,4,T,1,2,,,Completed,Trailing 12 Months,,45656,45723,YTD,46094,NOT Today,NO,NO,NO,0,67,2026,0
1/15/2025,2025,2025,Jan,Jan,Qtr1,15,3,4,W,1,3,,,Completed,Trailing 12 Months,,45656,45723,YTD,46094,NOT Today,NO,NO,NO,0,67,2026,0
1/16/2025,2025,2025,Jan,Jan,Qtr1,16,3,4,TH,1,4,,,Completed,Trailing 12 Months,,45656,45723,YTD,46094,NOT Today,NO,NO,NO,0,67,2026,0
1/17/2025,2025,2025,Jan,Jan,Qtr1,17,3,4,F,1,5,,,Completed,Trailing 12 Months,,45656,45723,YTD,46094,NOT Today,NO,NO,NO,0,67,2026,0
1/18/2025,2025,2025,Jan,Jan,Qtr1,18,3,4,S,1,6,,,Completed,Trailing 12 Months,,45656,45723,YTD,46094,NOT Today,NO,NO,NO,0,67,2026,0
1/19/2025,2025,2025,Jan,Jan,Qtr1,19,3,4,SU,1,7,,,Completed,Trailing 12 Months,,45656,45723,YTD,46094,NOT Today,NO,NO,NO,0,67,2026,0
1/20/2025,2025,2025,Jan,Jan,Qtr1,20,4,4,M,1,1,,,Completed,Trailing 12 Months,,45656,45723,YTD,46094,NOT Today,NO,NO,NO,0,67,2026,0
1/21/2025,2025,2025,Jan,Jan,Qtr1,21,4,4,T,1,2,,,Completed,Trailing 12 Months,,45656,45723,YTD,46094,NOT Today,NO,NO,NO,0,67,2026,0
1/22/2025,2025,2025,Jan,Jan,Qtr1,22,4,4,W,1,3,,,Completed,Trailing 12 Months,,45656,45723,YTD,46094,NOT Today,NO,NO,NO,0,67,2026,0
1/23/2025,2025,2025,Jan,Jan,Qtr1,23,4,4,TH,1,4,,,Completed,Trailing 12 Months,,45656,45723,YTD,46094,NOT Today,NO,NO,NO,0,67,2026,0
1/24/2025,2025,2025,Jan,Jan,Qtr1,24,4,4,F,1,5,,,Completed,Trailing 12 Months,,45656,45723,YTD,46094,NOT Today,NO,NO,NO,0,67,2026,0
1/25/2025,2025,2025,Jan,Jan,Qtr1,25,4,4,S,1,6,,,Completed,Trailing 12 Months,,45656,45723,YTD,46094,NOT Today,NO,NO,NO,0,67,2026,0
1/26/2025,2025,2025,Jan,Jan,Qtr1,26,4,4,SU,1,7,,,Completed,Trailing 12 Months,,45656,45723,YTD,46094,NOT Today,NO,NO,NO,0,67,2026,0
1/27/2025,2025,2025,Jan,Feb,Qtr1,27,5,4,M,2,1,,,Completed,Trailing 12 Months,,45656,45723,YTD,46094,NOT Today,NO,NO,NO,0,67,2026,0
1/28/2025,2025,2025,Jan,Feb,Qtr1,28,5,4,T,2,2,,,Completed,Trailing 12 Months,,45656,45723,YTD,46094,NOT Today,NO,NO,NO,0,67,2026,0
1/29/2025,2025,2025,Jan,Feb,Qtr1,29,5,4,W,2,3,,,Completed,Trailing 12 Months,,45656,45723,YTD,46094,NOT Today,NO,NO,NO,0,67,2026,0
1/30/2025,2025,2025,Jan,Feb,Qtr1,30,5,4,TH,2,4,,,Completed,Trailing 12 Months,,45656,45723,YTD,46094,NOT Today,NO,NO,NO,0,67,2026,0
1/31/2025,2025,2025,Jan,Feb,Qtr1,31,5,4,F,2,5,,,Completed,Trailing 12 Months,,45656,45723,YTD,46094,NOT Today,NO,NO,NO,0,67,2026,0
2/1/2025,2025,2025,Feb,Feb,Qtr1,1,5,4,S,2,6,,,Completed,Trailing 12 Months,,45656,45723,YTD,46094,NOT Today,NO,NO,NO,0,67,2026,0
2/2/2025,2025,2025,Feb,Feb,Qtr1,2,5,4,SU,2,7,,,Completed,Trailing 12 Months,,45656,45723,YTD,46094,NOT Today,NO,NO,NO,0,67,2026,0
2/3/2025,2025,2025,Feb,Feb,Qtr1,3,6,4,M,2,1,,,Completed,Trailing 12 Months,,45656,45723,YTD,46094,NOT Today,NO,NO,NO,0,67,2026,0
2/4/2025,2025,2025,Feb,Feb,Qtr1,4,6,4,T,2,2,,,Completed,Trailing 12 Months,,45656,45723,YTD,46094,NOT Today,NO,NO,NO,0,67,2026,0
2/5/2025,2025,2025,Feb,Feb,Qtr1,5,6,4,W,2,3,,,Completed,Trailing 12 Months,,45656,45723,YTD,46094,NOT Today,NO,NO,NO,0,67,2026,0
2/6/2025,2025,2025,Feb,Feb,Qtr1,6,6,4,TH,2,4,,,Completed,Trailing 12 Months,,45656,45723,YTD,46094,NOT Today,NO,NO,NO,0,67,2026,0
2/7/2025,2025,2025,Feb,Feb,Qtr1,7,6,4,F,2,5,,,Completed,Trailing 12 Months,,45656,45723,YTD,46094,NOT Today,NO,NO,NO,0,67,2026,0
2/8/2025,2025,2025,Feb,Feb,Qtr1,8,6,4,S,2,6,,,Completed,Trailing 12 Months,,45656,45723,YTD,46094,NOT Today,NO,NO,NO,0,67,2026,0
2/9/2025,2025,2025,Feb,Feb,Qtr1,9,6,4,SU,2,7,,,Completed,Trailing 12 Months,,45656,45723,YTD,46094,NOT Today,NO,NO,NO,0,67,2026,0
2/10/2025,2025,2025,Feb,Feb,Qtr1,10,7,4,M,2,1,,,Completed,Trailing 12 Months,,45656,45723,YTD,46094,NOT Today,NO,NO,NO,0,67,2026,0
2/11/2025,2025,2025,Feb,Feb,Qtr1,11,7,4,T,2,2,,,Completed,Trailing 12 Months,,45656,45723,YTD,46094,NOT Today,NO,NO,NO,0,67,2026,0
2/12/2025,2025,2025,Feb,Feb,Qtr1,12,7,4,W,2,3,,,Completed,Trailing 12 Months,,45656,45723,YTD,46094,NOT Today,NO,NO,NO,0,67,2026,0
2/13/2025,2025,2025,Feb,Feb,Qtr1,13,7,4,TH,2,4,,,Completed,Trailing 12 Months,,45656,45723,YTD,46094,NOT Today,NO,NO,NO,0,67,2026,0
2/14/2025,2025,2025,Feb,Feb,Qtr1,14,7,4,F,2,5,,,Completed,Trailing 12 Months,,45656,45723,YTD,46094,NOT Today,NO,NO,NO,0,67,2026,0
2/15/2025,2025,2025,Feb,Feb,Qtr1,15,7,4,S,2,6,,,Completed,Trailing 12 Months,,45656,45723,YTD,46094,NOT Today,NO,NO,NO,0,67,2026,0
2/16/2025,2025,2025,Feb,Feb,Qtr1,16,7,4,SU,2,7,,,Completed,Trailing 12 Months,,45656,45723,YTD,46094,NOT Today,NO,NO,NO,0,67,2026,0
2/17/2025,2025,2025,Feb,Feb,Qtr1,17,8,4,M,2,1,,,Completed,Trailing 12 Months,,45656,45723,YTD,46094,NOT Today,NO,NO,NO,0,67,2026,0
2/18/2025,2025,2025,Feb,Feb,Qtr1,18,8,4,T,2,2,,,Completed,Trailing 12 Months,,45656,45723,YTD,46094,NOT Today,NO,NO,NO,0,67,2026,0
2/19/2025,2025,2025,Feb,Feb,Qtr1,19,8,4,W,2,3,,,Completed,Trailing 12 Months,,45656,45723,YTD,46094,NOT Today,NO,NO,NO,0,67,2026,0
2/20/2025,2025,2025,Feb,Feb,Qtr1,20,8,4,TH,2,4,,,Completed,Trailing 12 Months,,45656,45723,YTD,46094,NOT Today,NO,NO,NO,0,67,2026,0
2/21/2025,2025,2025,Feb,Feb,Qtr1,21,8,4,F,2,5,,,Completed,Trailing 12 Months,,45656,45723,YTD,46094,NOT Today,NO,NO,NO,0,67,2026,0
2/22/2025,2025,2025,Feb,Feb,Qtr1,22,8,4,S,2,6,,,Completed,Trailing 12 Months,,45656,45723,YTD,46094,NOT Today,NO,NO,NO,0,67,2026,0
2/23/2025,2025,2025,Feb,Feb,Qtr1,23,8,4,SU,2,7,,,Completed,Trailing 12 Months,,45656,45723,YTD,46094,NOT Today,NO,NO,NO,0,67,2026,0
3/31/2025,2025,2025,Mar,Apr,Qtr1,31,14,4,M,4,1,,,Completed,Trailing 12 Months,,45656,45723,NOT YTD,46094,NOT Today,NO,NO,Trailing 12 Months,0,67,2026,0
4/1/2025,2025,2025,Apr,Apr,Qtr1,1,14,4,T,4,2,,,Completed,Trailing 12 Months,,45656,45723,NOT YTD,46094,NOT Today,NO,NO,Trailing 12 Months,0,67,2026,0
4/2/2025,2025,2025,Apr,Apr,Qtr1,2,14,4,W,4,3,,,Completed,Trailing 12 Months,,45656,45723,NOT YTD,46094,NOT Today,NO,NO,Trailing 12 Months,0,67,2026,0
4/3/2025,2025,2025,Apr,Apr,Qtr1,3,14,4,TH,4,4,,,Completed,Trailing 12 Months,,45656,45723,NOT YTD,46094,NOT Today,NO,NO,Trailing 12 Months,0,67,2026,0
4/4/2025,2025,2025,Apr,Apr,Qtr1,4,14,4,F,4,5,,,Completed,Trailing 12 Months,,45656,45723,NOT YTD,46094,NOT Today,NO,NO,Trailing 12 Months,0,67,2026,0
4/5/2025,2025,2025,Apr,Apr,Qtr1,5,14,4,S,4,6,,,Completed,Trailing 12 Months,,45656,45723,NOT YTD,46094,NOT Today,NO,NO,Trailing 12 Months,0,67,2026,0
4/6/2025,2025,2025,Apr,Apr,Qtr1,6,14,4,SU,4,7,,,Completed,Trailing 12 Months,,45656,45723,NOT YTD,46094,NOT Today,NO,NO,Trailing 12 Months,0,67,2026,0
4/7/2025,2025,2025,Apr,Apr,Qtr2,7,15,4,M,4,1,,,Completed,Trailing 12 Months,,45656,45723,NOT YTD,46094,NOT Today,NO,NO,Trailing 12 Months,0,67,2026,0
4/8/2025,2025,2025,Apr,Apr,Qtr2,8,15,4,T,4,2,,,Completed,Trailing 12 Months,,45656,45723,NOT YTD,46094,NOT Today,NO,NO,Trailing 12 Months,0,67,2026,0
4/9/2025,2025,2025,Apr,Apr,Qtr2,9,15,4,W,4,3,,,Completed,Trailing 12 Months,,45656,45723,NOT YTD,46094,NOT Today,NO,NO,Trailing 12 Months,0,67,2026,0
4/10/2025,2025,2025,Apr,Apr,Qtr2,10,15,4,TH,4,4,,,Completed,Trailing 12 Months,,45656,45723,NOT YTD,46094,NOT Today,NO,NO,Trailing 12 Months,0,67,2026,0
4/11/2025,2025,2025,Apr,Apr,Qtr2,11,15,4,F,4,5,,,Completed,Trailing 12 Months,,45656,45723,NOT YTD,46094,NOT Today,NO,NO,Trailing 12 Months,0,67,2026,0
4/12/2025,2025,2025,Apr,Apr,Qtr2,12,15,4,S,4,6,,,Completed,Trailing 12 Months,,45656,45723,NOT YTD,46094,NOT Today,NO,NO,Trailing 12 Months,0,67,2026,0
4/13/2025,2025,2025,Apr,Apr,Qtr2,13,15,4,SU,4,7,,,Completed,Trailing 12 Months,,45656,45723,NOT YTD,46094,NOT Today,NO,NO,Trailing 12 Months,0,67,2026,0
4/14/2025,2025,2025,Apr,Apr,Qtr2,14,16,4,M,4,1,,,Completed,Trailing 12 Months,,45656,45723,NOT YTD,46094,NOT Today,NO,NO,Trailing 12 Months,0,67,2026,0
4/15/2025,2025,2025,Apr,Apr,Qtr2,15,16,4,T,4,2,,,Completed,Trailing 12 Months,,45656,45723,NOT YTD,46094,NOT Today,NO,NO,Trailing 12 Months,0,67,2026,0
4/16/2025,2025,2025,Apr,Apr,Qtr2,16,16,4,W,4,3,,,Completed,Trailing 12 Months,,45656,45723,NOT YTD,46094,NOT Today,NO,NO,Trailing 12 Months,0,67,2026,0
4/17/2025,2025,2025,Apr,Apr,Qtr2,17,16,4,TH,4,4,,,Completed,Trailing 12 Months,,45656,45723,NOT YTD,46094,NOT Today,NO,NO,Trailing 12 Months,0,67,2026,0
4/18/2025,2025,2025,Apr,Apr,Qtr2,18,16,4,F,4,5,,,Completed,Trailing 12 Months,,45656,45723,NOT YTD,46094,NOT Today,NO,NO,Trailing 12 Months,0,67,2026,0
4/19/2025,2025,2025,Apr,Apr,Qtr2,19,16,4,S,4,6,,,Completed,Trailing 12 Months,,45656,45723,NOT YTD,46094,NOT Today,NO,NO,Trailing 12 Months,0,67,2026,0
4/20/2025,2025,2025,Apr,Apr,Qtr2,20,16,4,SU,4,7,,,Completed,Trailing 12 Months,,45656,45723,NOT YTD,46094,NOT Today,NO,NO,Trailing 12 Months,0,67,2026,0
4/21/2025,2025,2025,Apr,Apr,Qtr2,21,17,4,M,4,1,,,Completed,Trailing 12 Months,,45656,45723,NOT YTD,46094,NOT Today,NO,NO,Trailing 12 Months,0,67,2026,0
4/22/2025,2025,2025,Apr,Apr,Qtr2,22,17,4,T,4,2,,,Completed,Trailing 12 Months,,45656,45723,NOT YTD,46094,NOT Today,NO,NO,Trailing 12 Months,0,67,2026,0
4/23/2025,2025,2025,Apr,Apr,Qtr2,23,17,4,W,4,3,,,Completed,Trailing 12 Months,,45656,45723,NOT YTD,46094,NOT Today,NO,NO,Trailing 12 Months,0,67,2026,0
4/24/2025,2025,2025,Apr,Apr,Qtr2,24,17,4,TH,4,4,,,Completed,Trailing 12 Months,,45656,45723,NOT YTD,46094,NOT Today,NO,NO,Trailing 12 Months,0,67,2026,0
4/25/2025,2025,2025,Apr,Apr,Qtr2,25,17,4,F,4,5,,,Completed,Trailing 12 Months,,45656,45723,NOT YTD,46094,NOT Today,NO,NO,Trailing 12 Months,0,67,2026,0
4/26/2025,2025,2025,Apr,Apr,Qtr2,26,17,4,S,4,6,,,Completed,Trailing 12 Months,,45656,45723,NOT YTD,46094,NOT Today,NO,NO,Trailing 12 Months,0,67,2026,0
4/27/2025,2025,2025,Apr,Apr,Qtr2,27,17,4,SU,4,7,,,Completed,Trailing 12 Months,,45656,45723,NOT YTD,46094,NOT Today,NO,NO,Trailing 12 Months,0,67,2026,0
4/28/2025,2025,2025,Apr,May,Qtr2,28,18,4,M,5,1,,,Completed,Trailing 12 Months,,45656,45723,NOT YTD,46094,NOT Today,NO,NO,Trailing 12 Months,0,67,2026,0
4/29/2025,2025,2025,Apr,May,Qtr2,29,18,4,T,5,2,,,Completed,Trailing 12 Months,,45656,45723,NOT YTD,46094,NOT Today,NO,NO,Trailing 12 Months,0,67,2026,0
4/30/2025,2025,2025,Apr,May,Qtr2,30,18,4,W,5,3,,,Completed,Trailing 12 Months,,45656,45723,NOT YTD,46094,NOT Today,NO,NO,Trailing 12 Months,0,67,2026,0
5/1/2025,2025,2025,May,May,Qtr2,1,18,4,TH,5,4,,,Completed,Trailing 12 Months,,45656,45723,NOT YTD,46094,NOT Today,NO,NO,Trailing 12 Months,0,67,2026,0
5/2/2025,2025,2025,May,May,Qtr2,2,18,4,F,5,5,,,Completed,Trailing 12 Months,,45656,45723,NOT YTD,46094,NOT Today,NO,NO,Trailing 12 Months,0,67,2026,0
5/3/2025,2025,2025,May,May,Qtr2,3,18,4,S,5,6,,,Completed,Trailing 12 Months,,45656,45723,NOT YTD,46094,NOT Today,NO,NO,Trailing 12 Months,0,67,2026,0
5/4/2025,2025,2025,May,May,Qtr2,4,18,4,SU,5,7,,,Completed,Trailing 12 Months,,45656,45723,NOT YTD,46094,NOT Today,NO,NO,Trailing 12 Months,0,67,2026,0
5/5/2025,2025,2025,May,May,Qtr2,5,19,4,M,5,1,,,Completed,Trailing 12 Months,,45656,45723,NOT YTD,46094,NOT Today,NO,NO,Trailing 12 Months,0,67,2026,0
5/6/2025,2025,2025,May,May,Qtr2,6,19,4,T,5,2,,,Completed,Trailing 12 Months,,45656,45723,NOT YTD,46094,NOT Today,NO,NO,Trailing 12 Months,0,67,2026,0
5/7/2025,2025,2025,May,May,Qtr2,7,19,4,W,5,3,,,Completed,Trailing 12 Months,,45656,45723,NOT YTD,46094,NOT Today,NO,NO,Trailing 12 Months,0,67,2026,0
5/8/2025,2025,2025,May,May,Qtr2,8,19,4,TH,5,4,,,Completed,Trailing 12 Months,,45656,45723,NOT YTD,46094,NOT Today,NO,NO,Trailing 12 Months,0,67,2026,0
5/9/2025,2025,2025,May,May,Qtr2,9,19,4,F,5,5,,,Completed,Trailing 12 Months,,45656,45723,NOT YTD,46094,NOT Today,NO,NO,Trailing 12 Months,0,67,2026,0
5/10/2025,2025,2025,May,May,Qtr2,10,19,4,S,5,6,,,Completed,Trailing 12 Months,,45656,45723,NOT YTD,46094,NOT Today,NO,NO,Trailing 12 Months,0,67,2026,0
5/11/2025,2025,2025,May,May,Qtr2,11,19,4,SU,5,7,,,Completed,Trailing 12 Months,,45656,45723,NOT YTD,46094,NOT Today,NO,NO,Trailing 12 Months,0,67,2026,0
5/12/2025,2025,2025,May,May,Qtr2,12,20,4,M,5,1,,,Completed,Trailing 12 Months,,45656,45723,NOT YTD,46094,NOT Today,NO,NO,Trailing 12 Months,0,67,2026,0
5/13/2025,2025,2025,May,May,Qtr2,13,20,4,T,5,2,,,Completed,Trailing 12 Months,,45656,45723,NOT YTD,46094,NOT Today,NO,NO,Trailing 12 Months,0,67,2026,0
5/14/2025,2025,2025,May,May,Qtr2,14,20,4,W,5,3,,,Completed,Trailing 12 Months,,45656,45723,NOT YTD,46094,NOT Today,NO,NO,Trailing 12 Months,0,67,2026,0
5/15/2025,2025,2025,May,May,Qtr2,15,20,4,TH,5,4,,,Completed,Trailing 12 Months,,45656,45723,NOT YTD,46094,NOT Today,NO,NO,Trailing 12 Months,0,67,2026,0
5/16/2025,2025,2025,May,May,Qtr2,16,20,4,F,5,5,,,Completed,Trailing 12 Months,,45656,45723,NOT YTD,46094,NOT Today,NO,NO,Trailing 12 Months,0,67,2026,0
5/17/2025,2025,2025,May,May,Qtr2,17,20,4,S,5,6,,,Completed,Trailing 12 Months,,45656,45723,NOT YTD,46094,NOT Today,NO,NO,Trailing 12 Months,0,67,2026,0
5/18/2025,2025,2025,May,May,Qtr2,18,20,4,SU,5,7,,,Completed,Trailing 12 Months,,45656,45723,NOT YTD,46094,NOT Today,NO,NO,Trailing 12 Months,0,67,2026,0
5/19/2025,2025,2025,May,May,Qtr2,19,21,4,M,5,1,,,Completed,Trailing 12 Months,,45656,45723,NOT YTD,46094,NOT Today,NO,NO,Trailing 12 Months,0,67,2026,0
5/20/2025,2025,2025,May,May,Qtr2,20,21,4,T,5,2,,,Completed,Trailing 12 Months,,45656,45723,NOT YTD,46094,NOT Today,NO,NO,Trailing 12 Months,0,67,2026,0
5/21/2025,2025,2025,May,May,Qtr2,21,21,4,W,5,3,,,Completed,Trailing 12 Months,,45656,45723,NOT YTD,46094,NOT Today,NO,NO,Trailing 12 Months,0,67,2026,0
5/22/2025,2025,2025,May,May,Qtr2,22,21,4,TH,5,4,,,Completed,Trailing 12 Months,,45656,45723,NOT YTD,46094,NOT Today,NO,NO,Trailing 12 Months,0,67,2026,0
5/23/2025,2025,2025,May,May,Qtr2,23,21,4,F,5,5,,,Completed,Trailing 12 Months,,45656,45723,NOT YTD,46094,NOT Today,NO,NO,Trailing 12 Months,0,67,2026,0
5/24/2025,2025,2025,May,May,Qtr2,24,21,4,S,5,6,,,Completed,Trailing 12 Months,,45656,45723,NOT YTD,46094,NOT Today,NO,NO,Trailing 12 Months,0,67,2026,0
5/25/2025,2025,2025,May,May,Qtr2,25,21,4,SU,5,7,,,Completed,Trailing 12 Months,,45656,45723,NOT YTD,46094,NOT Today,NO,NO,Trailing 12 Months,0,67,2026,0
6/30/2025,2025,2025,Jun,Jul,Qtr2,30,27,4,M,7,1,,,Completed,Trailing 12 Months,,45656,45723,NOT YTD,46094,NOT Today,NO,NO,Trailing 12 Months,0,67,2026,0
7/1/2025,2025,2025,Jul,Jul,Qtr2,1,27,4,T,7,2,,,Completed,Trailing 12 Months,,45656,45723,NOT YTD,46094,NOT Today,NO,NO,Trailing 12 Months,0,67,2026,0
7/2/2025,2025,2025,Jul,Jul,Qtr2,2,27,4,W,7,3,,,Completed,Trailing 12 Months,,45656,45723,NOT YTD,46094,NOT Today,NO,NO,Trailing 12 Months,0,67,2026,0
7/3/2025,2025,2025,Jul,Jul,Qtr2,3,27,4,TH,7,4,,,Completed,Trailing 12 Months,,45656,45723,NOT YTD,46094,NOT Today,NO,NO,Trailing 12 Months,0,67,2026,0
7/4/2025,2025,2025,Jul,Jul,Qtr2,4,27,4,F,7,5,,,Completed,Trailing 12 Months,,45656,45723,NOT YTD,46094,NOT Today,NO,NO,Trailing 12 Months,0,67,2026,0
7/5/2025,2025,2025,Jul,Jul,Qtr2,5,27,4,S,7,6,,,Completed,Trailing 12 Months,,45656,45723,NOT YTD,46094,NOT Today,NO,NO,Trailing 12 Months,0,67,2026,0
7/6/2025,2025,2025,Jul,Jul,Qtr2,6,27,4,SU,7,7,,,Completed,Trailing 12 Months,,45656,45723,NOT YTD,46094,NOT Today,NO,NO,Trailing 12 Months,0,67,2026,0
7/7/2025,2025,2025,Jul,Jul,Qtr3,7,28,4,M,7,1,,,Completed,Trailing 12 Months,,45656,45723,NOT YTD,46094,NOT Today,NO,NO,Trailing 12 Months,0,67,2026,0
7/8/2025,2025,2025,Jul,Jul,Qtr3,8,28,4,T,7,2,,,Completed,Trailing 12 Months,,45656,45723,NOT YTD,46094,NOT Today,NO,NO,Trailing 12 Months,0,67,2026,0
7/9/2025,2025,2025,Jul,Jul,Qtr3,9,28,4,W,7,3,,,Completed,Trailing 12 Months,,45656,45723,NOT YTD,46094,NOT Today,NO,NO,Trailing 12 Months,0,67,2026,0
7/10/2025,2025,2025,Jul,Jul,Qtr3,10,28,4,TH,7,4,,,Completed,Trailing 12 Months,,45656,45723,NOT YTD,46094,NOT Today,NO,NO,Trailing 12 Months,0,67,2026,0
7/11/2025,2025,2025,Jul,Jul,Qtr3,11,28,4,F,7,5,,,Completed,Trailing 12 Months,,45656,45723,NOT YTD,46094,NOT Today,NO,NO,Trailing 12 Months,0,67,2026,0
7/12/2025,2025,2025,Jul,Jul,Qtr3,12,28,4,S,7,6,,,Completed,Trailing 12 Months,,45656,45723,NOT YTD,46094,NOT Today,NO,NO,Trailing 12 Months,0,67,2026,0
7/13/2025,2025,2025,Jul,Jul,Qtr3,13,28,4,SU,7,7,,,Completed,Trailing 12 Months,,45656,45723,NOT YTD,46094,NOT Today,NO,NO,Trailing 12 Months,0,67,2026,0
7/14/2025,2025,2025,Jul,Jul,Qtr3,14,29,4,M,7,1,,,Completed,Trailing 12 Months,,45656,45723,NOT YTD,46094,NOT Today,NO,NO,Trailing 12 Months,0,67,2026,0
7/15/2025,2025,2025,Jul,Jul,Qtr3,15,29,4,T,7,2,,,Completed,Trailing 12 Months,,45656,45723,NOT YTD,46094,NOT Today,NO,NO,Trailing 12 Months,0,67,2026,0
7/16/2025,2025,2025,Jul,Jul,Qtr3,16,29,4,W,7,3,,,Completed,Trailing 12 Months,,45656,45723,NOT YTD,46094,NOT Today,NO,NO,Trailing 12 Months,0,67,2026,0
7/17/2025,2025,2025,Jul,Jul,Qtr3,17,29,4,TH,7,4,,,Completed,Trailing 12 Months,,45656,45723,NOT YTD,46094,NOT Today,NO,NO,Trailing 12 Months,0,67,2026,0
7/18/2025,2025,2025,Jul,Jul,Qtr3,18,29,4,F,7,5,,,Completed,Trailing 12 Months,,45656,45723,NOT YTD,46094,NOT Today,NO,NO,Trailing 12 Months,0,67,2026,0
7/19/2025,2025,2025,Jul,Jul,Qtr3,19,29,4,S,7,6,,,Completed,Trailing 12 Months,,45656,45723,NOT YTD,46094,NOT Today,NO,NO,Trailing 12 Months,0,67,2026,0
7/20/2025,2025,2025,Jul,Jul,Qtr3,20,29,4,SU,7,7,,,Completed,Trailing 12 Months,,45656,45723,NOT YTD,46094,NOT Today,NO,NO,Trailing 12 Months,0,67,2026,0
7/21/2025,2025,2025,Jul,Jul,Qtr3,21,30,4,M,7,1,,,Completed,Trailing 12 Months,,45656,45723,NOT YTD,46094,NOT Today,NO,NO,Trailing 12 Months,0,67,2026,0
7/22/2025,2025,2025,Jul,Jul,Qtr3,22,30,4,T,7,2,,,Completed,Trailing 12 Months,,45656,45723,NOT YTD,46094,NOT Today,NO,NO,Trailing 12 Months,0,67,2026,0
7/23/2025,2025,2025,Jul,Jul,Qtr3,23,30,4,W,7,3,,,Completed,Trailing 12 Months,,45656,45723,NOT YTD,46094,NOT Today,NO,NO,Trailing 12 Months,0,67,2026,0
7/24/2025,2025,2025,Jul,Jul,Qtr3,24,30,4,TH,7,4,,,Completed,Trailing 12 Months,,45656,45723,NOT YTD,46094,NOT Today,NO,NO,Trailing 12 Months,0,67,2026,0
7/25/2025,2025,2025,Jul,Jul,Qtr3,25,30,4,F,7,5,,,Completed,Trailing 12 Months,,45656,45723,NOT YTD,46094,NOT Today,NO,NO,Trailing 12 Months,0,67,2026,0
7/26/2025,2025,2025,Jul,Jul,Qtr3,26,30,4,S,7,6,,,Completed,Trailing 12 Months,,45656,45723,NOT YTD,46094,NOT Today,NO,NO,Trailing 12 Months,0,67,2026,0
7/27/2025,2025,2025,Jul,Jul,Qtr3,27,30,4,SU,7,7,,,Completed,Trailing 12 Months,,45656,45723,NOT YTD,46094,NOT Today,NO,NO,Trailing 12 Months,0,67,2026,0
7/28/2025,2025,2025,Jul,Aug,Qtr3,28,31,4,M,8,1,,,Completed,Trailing 12 Months,,45656,45723,NOT YTD,46094,NOT Today,NO,NO,Trailing 12 Months,0,67,2026,0
7/29/2025,2025,2025,Jul,Aug,Qtr3,29,31,4,T,8,2,,,Completed,Trailing 12 Months,,45656,45723,NOT YTD,46094,NOT Today,NO,NO,Trailing 12 Months,0,67,2026,0
7/30/2025,2025,2025,Jul,Aug,Qtr3,30,31,4,W,8,3,,,Completed,Trailing 12 Months,,45656,45723,NOT YTD,46094,NOT Today,NO,NO,Trailing 12 Months,0,67,2026,0
7/31/2025,2025,2025,Jul,Aug,Qtr3,31,31,4,TH,8,4,,,Completed,Trailing 12 Months,,45656,45723,NOT YTD,46094,NOT Today,NO,NO,Trailing 12 Months,0,67,2026,0
8/1/2025,2025,2025,Aug,Aug,Qtr3,1,31,4,F,8,5,,,Completed,Trailing 12 Months,,45656,45723,NOT YTD,46094,NOT Today,NO,NO,Trailing 12 Months,0,67,2026,0
8/2/2025,2025,2025,Aug,Aug,Qtr3,2,31,4,S,8,6,,,Completed,Trailing 12 Months,,45656,45723,NOT YTD,46094,NOT Today,NO,NO,Trailing 12 Months,0,67,2026,0
8/3/2025,2025,2025,Aug,Aug,Qtr3,3,31,4,SU,8,7,,,Completed,Trailing 12 Months,,45656,45723,NOT YTD,46094,NOT Today,NO,NO,Trailing 12 Months,0,67,2026,0
8/4/2025,2025,2025,Aug,Aug,Qtr3,4,32,4,M,8,1,,,Completed,Trailing 12 Months,,45656,45723,NOT YTD,46094,NOT Today,NO,NO,Trailing 12 Months,0,67,2026,0
8/5/2025,2025,2025,Aug,Aug,Qtr3,5,32,4,T,8,2,,,Completed,Trailing 12 Months,,45656,45723,NOT YTD,46094,NOT Today,NO,NO,Trailing 12 Months,0,67,2026,0
8/6/2025,2025,2025,Aug,Aug,Qtr3,6,32,4,W,8,3,,,Completed,Trailing 12 Months,,45656,45723,NOT YTD,46094,NOT Today,NO,NO,Trailing 12 Months,0,67,2026,0
8/7/2025,2025,2025,Aug,Aug,Qtr3,7,32,4,TH,8,4,,,Completed,Trailing 12 Months,,45656,45723,NOT YTD,46094,NOT Today,NO,NO,Trailing 12 Months,0,67,2026,0
8/8/2025,2025,2025,Aug,Aug,Qtr3,8,32,4,F,8,5,,,Completed,Trailing 12 Months,,45656,45723,NOT YTD,46094,NOT Today,NO,NO,Trailing 12 Months,0,67,2026,0
8/9/2025,2025,2025,Aug,Aug,Qtr3,9,32,4,S,8,6,,,Completed,Trailing 12 Months,,45656,45723,NOT YTD,46094,NOT Today,NO,NO,Trailing 12 Months,0,67,2026,0
8/10/2025,2025,2025,Aug,Aug,Qtr3,10,32,4,SU,8,7,,,Completed,Trailing 12 Months,,45656,45723,NOT YTD,46094,NOT Today,NO,NO,Trailing 12 Months,0,67,2026,0
8/11/2025,2025,2025,Aug,Aug,Qtr3,11,33,4,M,8,1,,,Completed,Trailing 12 Months,,45656,45723,NOT YTD,46094,NOT Today,NO,NO,Trailing 12 Months,0,67,2026,0
8/12/2025,2025,2025,Aug,Aug,Qtr3,12,33,4,T,8,2,,,Completed,Trailing 12 Months,,45656,45723,NOT YTD,46094,NOT Today,NO,NO,Trailing 12 Months,0,67,2026,0
8/13/2025,2025,2025,Aug,Aug,Qtr3,13,33,4,W,8,3,,,Completed,Trailing 12 Months,,45656,45723,NOT YTD,46094,NOT Today,NO,NO,Trailing 12 Months,0,67,2026,0
8/14/2025,2025,2025,Aug,Aug,Qtr3,14,33,4,TH,8,4,,,Completed,Trailing 12 Months,,45656,45723,NOT YTD,46094,NOT Today,NO,NO,Trailing 12 Months,0,67,2026,0
8/15/2025,2025,2025,Aug,Aug,Qtr3,15,33,4,F,8,5,,,Completed,Trailing 12 Months,,45656,45723,NOT YTD,46094,NOT Today,NO,NO,Trailing 12 Months,0,67,2026,0
8/16/2025,2025,2025,Aug,Aug,Qtr3,16,33,4,S,8,6,,,Completed,Trailing 12 Months,,45656,45723,NOT YTD,46094,NOT Today,NO,NO,Trailing 12 Months,0,67,2026,0
8/17/2025,2025,2025,Aug,Aug,Qtr3,17,33,4,SU,8,7,,,Completed,Trailing 12 Months,,45656,45723,NOT YTD,46094,NOT Today,NO,NO,Trailing 12 Months,0,67,2026,0
8/18/2025,2025,2025,Aug,Aug,Qtr3,18,34,4,M,8,1,,,Completed,Trailing 12 Months,,45656,45723,NOT YTD,46094,NOT Today,NO,NO,Trailing 12 Months,0,67,2026,0
8/19/2025,2025,2025,Aug,Aug,Qtr3,19,34,4,T,8,2,,,Completed,Trailing 12 Months,,45656,45723,NOT YTD,46094,NOT Today,NO,NO,Trailing 12 Months,0,67,2026,0
8/20/2025,2025,2025,Aug,Aug,Qtr3,20,34,4,W,8,3,,,Completed,Trailing 12 Months,,45656,45723,NOT YTD,46094,NOT Today,NO,NO,Trailing 12 Months,0,67,2026,0
8/21/2025,2025,2025,Aug,Aug,Qtr3,21,34,4,TH,8,4,,,Completed,Trailing 12 Months,,45656,45723,NOT YTD,46094,NOT Today,NO,NO,Trailing 12 Months,0,67,2026,0
8/22/2025,2025,2025,Aug,Aug,Qtr3,22,34,4,F,8,5,,,Completed,Trailing 12 Months,,45656,45723,NOT YTD,46094,NOT Today,NO,NO,Trailing 12 Months,0,67,2026,0
8/23/2025,2025,2025,Aug,Aug,Qtr3,23,34,4,S,8,6,,,Completed,Trailing 12 Months,,45656,45723,NOT YTD,46094,NOT Today,NO,NO,Trailing 12 Months,0,67,2026,0
8/24/2025,2025,2025,Aug,Aug,Qtr3,24,34,4,SU,8,7,,,Completed,Trailing 12 Months,,45656,45723,NOT YTD,46094,NOT Today,NO,NO,Trailing 12 Months,0,67,2026,0
9/29/2025,2025,2025,Sep,Oct,Qtr3,29,40,4,M,10,1,,,Completed,Trailing 12 Months,,45656,45723,NOT YTD,46094,NOT Today,NO,Trailing 6 Months,Trailing 12 Months,0,67,2026,0
9/30/2025,2025,2025,Sep,Oct,Qtr3,30,40,4,T,10,2,,,Completed,Trailing 12 Months,,45656,45723,NOT YTD,46094,NOT Today,NO,Trailing 6 Months,Trailing 12 Months,0,67,2026,0
10/1/2025,2025,2025,Oct,Oct,Qtr3,1,40,4,W,10,3,,,Completed,Trailing 12 Months,,45656,45723,NOT YTD,46094,NOT Today,NO,Trailing 6 Months,Trailing 12 Months,0,67,2026,0
10/2/2025,2025,2025,Oct,Oct,Qtr3,2,40,4,TH,10,4,,,Completed,Trailing 12 Months,,45656,45723,NOT YTD,46094,NOT Today,NO,Trailing 6 Months,Trailing 12 Months,0,67,2026,0
10/3/2025,2025,2025,Oct,Oct,Qtr3,3,40,4,F,10,5,,,Completed,Trailing 12 Months,,45656,45723,NOT YTD,46094,NOT Today,NO,Trailing 6 Months,Trailing 12 Months,0,67,2026,0
10/4/2025,2025,2025,Oct,Oct,Qtr3,4,40,4,S,10,6,,,Completed,Trailing 12 Months,,45656,45723,NOT YTD,46094,NOT Today,NO,Trailing 6 Months,Trailing 12 Months,0,67,2026,0
10/5/2025,2025,2025,Oct,Oct,Qtr3,5,40,4,SU,10,7,,,Completed,Trailing 12 Months,,45656,45723,NOT YTD,46094,NOT Today,NO,Trailing 6 Months,Trailing 12 Months,0,67,2026,0
10/6/2025,2025,2025,Oct,Oct,Qtr4,6,41,4,M,10,1,,,Completed,Trailing 12 Months,,45656,45723,NOT YTD,46094,NOT Today,NO,Trailing 6 Months,Trailing 12 Months,0,67,2026,0
10/7/2025,2025,2025,Oct,Oct,Qtr4,7,41,4,T,10,2,,,Completed,Trailing 12 Months,,45656,45723,NOT YTD,46094,NOT Today,NO,Trailing 6 Months,Trailing 12 Months,0,67,2026,0
10/8/2025,2025,2025,Oct,Oct,Qtr4,8,41,4,W,10,3,,,Completed,Trailing 12 Months,,45656,45723,NOT YTD,46094,NOT Today,NO,Trailing 6 Months,Trailing 12 Months,0,67,2026,0
10/9/2025,2025,2025,Oct,Oct,Qtr4,9,41,4,TH,10,4,,,Completed,Trailing 12 Months,,45656,45723,NOT YTD,46094,NOT Today,NO,Trailing 6 Months,Trailing 12 Months,0,67,2026,0
10/10/2025,2025,2025,Oct,Oct,Qtr4,10,41,4,F,10,5,,,Completed,Trailing 12 Months,,45656,45723,NOT YTD,46094,NOT Today,NO,Trailing 6 Months,Trailing 12 Months,0,67,2026,0
10/11/2025,2025,2025,Oct,Oct,Qtr4,11,41,4,S,10,6,,,Completed,Trailing 12 Months,,45656,45723,NOT YTD,46094,NOT Today,NO,Trailing 6 Months,Trailing 12 Months,0,67,2026,0
10/12/2025,2025,2025,Oct,Oct,Qtr4,12,41,4,SU,10,7,,,Completed,Trailing 12 Months,,45656,45723,NOT YTD,46094,NOT Today,NO,Trailing 6 Months,Trailing 12 Months,0,67,2026,0
10/13/2025,2025,2025,Oct,Oct,Qtr4,13,42,4,M,10,1,,,Completed,Trailing 12 Months,,45656,45723,NOT YTD,46094,NOT Today,NO,Trailing 6 Months,Trailing 12 Months,0,67,2026,0
10/14/2025,2025,2025,Oct,Oct,Qtr4,14,42,4,T,10,2,,,Completed,Trailing 12 Months,,45656,45723,NOT YTD,46094,NOT Today,NO,Trailing 6 Months,Trailing 12 Months,0,67,2026,0
10/15/2025,2025,2025,Oct,Oct,Qtr4,15,42,4,W,10,3,,,Completed,Trailing 12 Months,,45656,45723,NOT YTD,46094,NOT Today,NO,Trailing 6 Months,Trailing 12 Months,0,67,2026,0
10/16/2025,2025,2025,Oct,Oct,Qtr4,16,42,4,TH,10,4,,,Completed,Trailing 12 Months,,45656,45723,NOT YTD,46094,NOT Today,NO,Trailing 6 Months,Trailing 12 Months,0,67,2026,0
10/17/2025,2025,2025,Oct,Oct,Qtr4,17,42,4,F,10,5,,,Completed,Trailing 12 Months,,45656,45723,NOT YTD,46094,NOT Today,NO,Trailing 6 Months,Trailing 12 Months,0,67,2026,0
10/18/2025,2025,2025,Oct,Oct,Qtr4,18,42,4,S,10,6,,,Completed,Trailing 12 Months,,45656,45723,NOT YTD,46094,NOT Today,NO,Trailing 6 Months,Trailing 12 Months,0,67,2026,0
10/19/2025,2025,2025,Oct,Oct,Qtr4,19,42,4,SU,10,7,,,Completed,Trailing 12 Months,,45656,45723,NOT YTD,46094,NOT Today,NO,Trailing 6 Months,Trailing 12 Months,0,67,2026,0
10/20/2025,2025,2025,Oct,Oct,Qtr4,20,43,4,M,10,1,,,Completed,Trailing 12 Months,,45656,45723,NOT YTD,46094,NOT Today,NO,Trailing 6 Months,Trailing 12 Months,0,67,2026,0
10/21/2025,2025,2025,Oct,Oct,Qtr4,21,43,4,T,10,2,,,Completed,Trailing 12 Months,,45656,45723,NOT YTD,46094,NOT Today,NO,Trailing 6 Months,Trailing 12 Months,0,67,2026,0
10/22/2025,2025,2025,Oct,Oct,Qtr4,22,43,4,W,10,3,,,Completed,Trailing 12 Months,,45656,45723,NOT YTD,46094,NOT Today,NO,Trailing 6 Months,Trailing 12 Months,0,67,2026,0
10/23/2025,2025,2025,Oct,Oct,Qtr4,23,43,4,TH,10,4,,,Completed,Trailing 12 Months,,45656,45723,NOT YTD,46094,NOT Today,NO,Trailing 6 Months,Trailing 12 Months,0,67,2026,0
10/24/2025,2025,2025,Oct,Oct,Qtr4,24,43,4,F,10,5,,,Completed,Trailing 12 Months,,45656,45723,NOT YTD,46094,NOT Today,NO,Trailing 6 Months,Trailing 12 Months,0,67,2026,0
10/25/2025,2025,2025,Oct,Oct,Qtr4,25,43,4,S,10,6,,,Completed,Trailing 12 Months,,45656,45723,NOT YTD,46094,NOT Today,NO,Trailing 6 Months,Trailing 12 Months,0,67,2026,0
10/26/2025,2025,2025,Oct,Oct,Qtr4,26,43,4,SU,10,7,,,Completed,Trailing 12 Months,,45656,45723,NOT YTD,46094,NOT Today,NO,Trailing 6 Months,Trailing 12 Months,0,67,2026,0
10/27/2025,2025,2025,Oct,Nov,Qtr4,27,44,4,M,11,1,,,Completed,Trailing 12 Months,,45656,45723,NOT YTD,46094,NOT Today,NO,Trailing 6 Months,Trailing 12 Months,0,67,2026,0
10/28/2025,2025,2025,Oct,Nov,Qtr4,28,44,4,T,11,2,,,Completed,Trailing 12 Months,,45656,45723,NOT YTD,46094,NOT Today,NO,Trailing 6 Months,Trailing 12 Months,0,67,2026,0
10/29/2025,2025,2025,Oct,Nov,Qtr4,29,44,4,W,11,3,,,Completed,Trailing 12 Months,,45656,45723,NOT YTD,46094,NOT Today,NO,Trailing 6 Months,Trailing 12 Months,0,67,2026,0
10/30/2025,2025,2025,Oct,Nov,Qtr4,30,44,4,TH,11,4,,,Completed,Trailing 12 Months,,45656,45723,NOT YTD,46094,NOT Today,NO,Trailing 6 Months,Trailing 12 Months,0,67,2026,0
10/31/2025,2025,2025,Oct,Nov,Qtr4,31,44,4,F,11,5,,,Completed,Trailing 12 Months,,45656,45723,NOT YTD,46094,NOT Today,NO,Trailing 6 Months,Trailing 12 Months,0,67,2026,0
11/1/2025,2025,2025,Nov,Nov,Qtr4,1,44,4,S,11,6,,,Completed,Trailing 12 Months,,45656,45723,NOT YTD,46094,NOT Today,NO,Trailing 6 Months,Trailing 12 Months,0,67,2026,0
11/2/2025,2025,2025,Nov,Nov,Qtr4,2,44,4,SU,11,7,,,Completed,Trailing 12 Months,,45656,45723,NOT YTD,46094,NOT Today,NO,Trailing 6 Months,Trailing 12 Months,0,67,2026,0
11/3/2025,2025,2025,Nov,Nov,Qtr4,3,45,4,M,11,1,,,Completed,Trailing 12 Months,,45656,45723,NOT YTD,46094,NOT Today,NO,Trailing 6 Months,Trailing 12 Months,0,67,2026,0
11/4/2025,2025,2025,Nov,Nov,Qtr4,4,45,4,T,11,2,,,Completed,Trailing 12 Months,,45656,45723,NOT YTD,46094,NOT Today,NO,Trailing 6 Months,Trailing 12 Months,0,67,2026,0
11/5/2025,2025,2025,Nov,Nov,Qtr4,5,45,4,W,11,3,,,Completed,Trailing 12 Months,,45656,45723,NOT YTD,46094,NOT Today,NO,Trailing 6 Months,Trailing 12 Months,0,67,2026,0
11/6/2025,2025,2025,Nov,Nov,Qtr4,6,45,4,TH,11,4,,,Completed,Trailing 12 Months,,45656,45723,NOT YTD,46094,NOT Today,NO,Trailing 6 Months,Trailing 12 Months,0,67,2026,0
11/7/2025,2025,2025,Nov,Nov,Qtr4,7,45,4,F,11,5,,,Completed,Trailing 12 Months,,45656,45723,NOT YTD,46094,NOT Today,NO,Trailing 6 Months,Trailing 12 Months,0,67,2026,0
11/8/2025,2025,2025,Nov,Nov,Qtr4,8,45,4,S,11,6,,,Completed,Trailing 12 Months,,45656,45723,NOT YTD,46094,NOT Today,NO,Trailing 6 Months,Trailing 12 Months,0,67,2026,0
11/9/2025,2025,2025,Nov,Nov,Qtr4,9,45,4,SU,11,7,,,Completed,Trailing 12 Months,,45656,45723,NOT YTD,46094,NOT Today,NO,Trailing 6 Months,Trailing 12 Months,0,67,2026,0
11/10/2025,2025,2025,Nov,Nov,Qtr4,10,46,4,M,11,1,,,Completed,Trailing 12 Months,,45656,45723,NOT YTD,46094,NOT Today,NO,Trailing 6 Months,Trailing 12 Months,0,67,2026,0
11/11/2025,2025,2025,Nov,Nov,Qtr4,11,46,4,T,11,2,,,Completed,Trailing 12 Months,,45656,45723,NOT YTD,46094,NOT Today,NO,Trailing 6 Months,Trailing 12 Months,0,67,2026,0
11/12/2025,2025,2025,Nov,Nov,Qtr4,12,46,4,W,11,3,,,Completed,Trailing 12 Months,,45656,45723,NOT YTD,46094,NOT Today,NO,Trailing 6 Months,Trailing 12 Months,0,67,2026,0
11/13/2025,2025,2025,Nov,Nov,Qtr4,13,46,4,TH,11,4,,,Completed,Trailing 12 Months,,45656,45723,NOT YTD,46094,NOT Today,NO,Trailing 6 Months,Trailing 12 Months,0,67,2026,0
11/14/2025,2025,2025,Nov,Nov,Qtr4,14,46,4,F,11,5,,,Completed,Trailing 12 Months,,45656,45723,NOT YTD,46094,NOT Today,NO,Trailing 6 Months,Trailing 12 Months,0,67,2026,0
11/15/2025,2025,2025,Nov,Nov,Qtr4,15,46,4,S,11,6,,,Completed,Trailing 12 Months,,45656,45723,NOT YTD,46094,NOT Today,NO,Trailing 6 Months,Trailing 12 Months,0,67,2026,0
11/16/2025,2025,2025,Nov,Nov,Qtr4,16,46,4,SU,11,7,,,Completed,Trailing 12 Months,,45656,45723,NOT YTD,46094,NOT Today,NO,Trailing 6 Months,Trailing 12 Months,0,67,2026,0
11/17/2025,2025,2025,Nov,Nov,Qtr4,17,47,4,M,11,1,,,Completed,Trailing 12 Months,,45656,45723,NOT YTD,46094,NOT Today,NO,Trailing 6 Months,Trailing 12 Months,0,67,2026,0
11/18/2025,2025,2025,Nov,Nov,Qtr4,18,47,4,T,11,2,,,Completed,Trailing 12 Months,,45656,45723,NOT YTD,46094,NOT Today,NO,Trailing 6 Months,Trailing 12 Months,0,67,2026,0
11/19/2025,2025,2025,Nov,Nov,Qtr4,19,47,4,W,11,3,,,Completed,Trailing 12 Months,,45656,45723,NOT YTD,46094,NOT Today,NO,Trailing 6 Months,Trailing 12 Months,0,67,2026,0
11/20/2025,2025,2025,Nov,Nov,Qtr4,20,47,4,TH,11,4,,,Completed,Trailing 12 Months,,45656,45723,NOT YTD,46094,NOT Today,NO,Trailing 6 Months,Trailing 12 Months,0,67,2026,0
11/21/2025,2025,2025,Nov,Nov,Qtr4,21,47,4,F,11,5,,,Completed,Trailing 12 Months,,45656,45723,NOT YTD,46094,NOT Today,NO,Trailing 6 Months,Trailing 12 Months,0,67,2026,0
11/22/2025,2025,2025,Nov,Nov,Qtr4,22,47,4,S,11,6,,,Completed,Trailing 12 Months,,45656,45723,NOT YTD,46094,NOT Today,NO,Trailing 6 Months,Trailing 12 Months,0,67,2026,0
11/23/2025,2025,2025,Nov,Nov,Qtr4,23,47,4,SU,11,7,,,Completed,Trailing 12 Months,,45656,45723,NOT YTD,46094,NOT Today,NO,Trailing 6 Months,Trailing 12 Months,0,67,2026,0
4/6/2026,2026,2026,Apr,Apr,Qtr2,6,14,4,M,4,1,,,,,,46027,46094,NOT YTD,46094,NOT Today,NO,NO,NO,67,67,2026,0
4/7/2026,2026,2026,Apr,Apr,Qtr2,7,14,4,T,4,2,,,,,,46027,46094,NOT YTD,46094,NOT Today,NO,NO,NO,67,67,2026,0
4/8/2026,2026,2026,Apr,Apr,Qtr2,8,14,4,W,4,3,,,,,,46027,46094,NOT YTD,46094,NOT Today,NO,NO,NO,67,67,2026,0
4/9/2026,2026,2026,Apr,Apr,Qtr2,9,14,4,TH,4,4,,,,,,46027,46094,NOT YTD,46094,NOT Today,NO,NO,NO,67,67,2026,0
4/10/2026,2026,2026,Apr,Apr,Qtr2,10,14,4,F,4,5,,,,,,46027,46094,NOT YTD,46094,NOT Today,NO,NO,NO,67,67,2026,0
4/11/2026,2026,2026,Apr,Apr,Qtr2,11,14,4,S,4,6,,,,,,46027,46094,NOT YTD,46094,NOT Today,NO,NO,NO,67,67,2026,0
4/12/2026,2026,2026,Apr,Apr,Qtr2,12,14,4,SU,4,7,,,,,,46027,46094,NOT YTD,46094,NOT Today,NO,NO,NO,67,67,2026,0
4/13/2026,2026,2026,Apr,Apr,Qtr2,13,15,4,M,4,1,,,,,,46027,46094,NOT YTD,46094,NOT Today,NO,NO,NO,67,67,2026,0
4/14/2026,2026,2026,Apr,Apr,Qtr2,14,15,4,T,4,2,,,,,,46027,46094,NOT YTD,46094,NOT Today,NO,NO,NO,67,67,2026,0
4/15/2026,2026,2026,Apr,Apr,Qtr2,15,15,4,W,4,3,,,,,,46027,46094,NOT YTD,46094,NOT Today,NO,NO,NO,67,67,2026,0
4/16/2026,2026,2026,Apr,Apr,Qtr2,16,15,4,TH,4,4,,,,,,46027,46094,NOT YTD,46094,NOT Today,NO,NO,NO,67,67,2026,0
4/17/2026,2026,2026,Apr,Apr,Qtr2,17,15,4,F,4,5,,,,,,46027,46094,NOT YTD,46094,NOT Today,NO,NO,NO,67,67,2026,0
4/18/2026,2026,2026,Apr,Apr,Qtr2,18,15,4,S,4,6,,,,,,46027,46094,NOT YTD,46094,NOT Today,NO,NO,NO,67,67,2026,0
4/19/2026,2026,2026,Apr,Apr,Qtr2,19,15,4,SU,4,7,,,,,,46027,46094,NOT YTD,46094,NOT Today,NO,NO,NO,67,67,2026,0
4/20/2026,2026,2026,Apr,Apr,Qtr2,20,16,4,M,4,1,,,,,,46027,46094,NOT YTD,46094,NOT Today,NO,NO,NO,67,67,2026,0
4/21/2026,2026,2026,Apr,Apr,Qtr2,21,16,4,T,4,2,,,,,,46027,46094,NOT YTD,46094,NOT Today,NO,NO,NO,67,67,2026,0
4/22/2026,2026,2026,Apr,Apr,Qtr2,22,16,4,W,4,3,,,,,,46027,46094,NOT YTD,46094,NOT Today,NO,NO,NO,67,67,2026,0
4/23/2026,2026,2026,Apr,Apr,Qtr2,23,16,4,TH,4,4,,,,,,46027,46094,NOT YTD,46094,NOT Today,NO,NO,NO,67,67,2026,0
4/24/2026,2026,2026,Apr,Apr,Qtr2,24,16,4,F,4,5,,,,,,46027,46094,NOT YTD,46094,NOT Today,NO,NO,NO,67,67,2026,0
4/25/2026,2026,2026,Apr,Apr,Qtr2,25,16,4,S,4,6,,,,,,46027,46094,NOT YTD,46094,NOT Today,NO,NO,NO,67,67,2026,0
4/26/2026,2026,2026,Apr,Apr,Qtr2,26,16,4,SU,4,7,,,,,,46027,46094,NOT YTD,46094,NOT Today,NO,NO,NO,67,67,2026,0
4/27/2026,2026,2026,Apr,Apr,Qtr2,27,17,4,M,4,1,,,,,,46027,46094,NOT YTD,46094,NOT Today,NO,NO,NO,67,67,2026,0
4/28/2026,2026,2026,Apr,Apr,Qtr2,28,17,4,T,4,2,,,,,,46027,46094,NOT YTD,46094,NOT Today,NO,NO,NO,67,67,2026,0
4/29/2026,2026,2026,Apr,Apr,Qtr2,29,17,4,W,4,3,,,,,,46027,46094,NOT YTD,46094,NOT Today,NO,NO,NO,67,67,2026,0
4/30/2026,2026,2026,Apr,Apr,Qtr2,30,17,4,TH,4,4,,,,,,46027,46094,NOT YTD,46094,NOT Today,NO,NO,NO,67,67,2026,0
5/1/2026,2026,2026,May,Apr,Qtr2,1,17,4,F,4,5,,,,,,46027,46094,NOT YTD,46094,NOT Today,NO,NO,NO,67,67,2026,0
5/2/2026,2026,2026,May,Apr,Qtr2,2,17,4,S,4,6,,,,,,46027,46094,NOT YTD,46094,NOT Today,NO,NO,NO,67,67,2026,0
5/3/2026,2026,2026,May,Apr,Qtr2,3,17,4,SU,4,7,,,,,,46027,46094,NOT YTD,46094,NOT Today,NO,NO,NO,67,67,2026,0
5/4/2026,2026,2026,May,May,Qtr2,4,18,4,M,5,1,,,,,,46027,46094,NOT YTD,46094,NOT Today,NO,NO,NO,67,67,2026,0
5/5/2026,2026,2026,May,May,Qtr2,5,18,4,T,5,2,,,,,,46027,46094,NOT YTD,46094,NOT Today,NO,NO,NO,67,67,2026,0
5/6/2026,2026,2026,May,May,Qtr2,6,18,4,W,5,3,,,,,,46027,46094,NOT YTD,46094,NOT Today,NO,NO,NO,67,67,2026,0
5/7/2026,2026,2026,May,May,Qtr2,7,18,4,TH,5,4,,,,,,46027,46094,NOT YTD,46094,NOT Today,NO,NO,NO,67,67,2026,0
5/8/2026,2026,2026,May,May,Qtr2,8,18,4,F,5,5,,,,,,46027,46094,NOT YTD,46094,NOT Today,NO,NO,NO,67,67,2026,0
5/9/2026,2026,2026,May,May,Qtr2,9,18,4,S,5,6,,,,,,46027,46094,NOT YTD,46094,NOT Today,NO,NO,NO,67,67,2026,0
5/10/2026,2026,2026,May,May,Qtr2,10,18,4,SU,5,7,,,,,,46027,46094,NOT YTD,46094,NOT Today,NO,NO,NO,67,67,2026,0
5/11/2026,2026,2026,May,May,Qtr2,11,19,4,M,5,1,,,,,,46027,46094,NOT YTD,46094,NOT Today,NO,NO,NO,67,67,2026,0
5/12/2026,2026,2026,May,May,Qtr2,12,19,4,T,5,2,,,,,,46027,46094,NOT YTD,46094,NOT Today,NO,NO,NO,67,67,2026,0
5/13/2026,2026,2026,May,May,Qtr2,13,19,4,W,5,3,,,,,,46027,46094,NOT YTD,46094,NOT Today,NO,NO,NO,67,67,2026,0
5/14/2026,2026,2026,May,May,Qtr2,14,19,4,TH,5,4,,,,,,46027,46094,NOT YTD,46094,NOT Today,NO,NO,NO,67,67,2026,0
5/15/2026,2026,2026,May,May,Qtr2,15,19,4,F,5,5,,,,,,46027,46094,NOT YTD,46094,NOT Today,NO,NO,NO,67,67,2026,0
5/16/2026,2026,2026,May,May,Qtr2,16,19,4,S,5,6,,,,,,46027,46094,NOT YTD,46094,NOT Today,NO,NO,NO,67,67,2026,0
5/17/2026,2026,2026,May,May,Qtr2,17,19,4,SU,5,7,,,,,,46027,46094,NOT YTD,46094,NOT Today,NO,NO,NO,67,67,2026,0
5/18/2026,2026,2026,May,May,Qtr2,18,20,4,M,5,1,,,,,,46027,46094,NOT YTD,46094,NOT Today,NO,NO,NO,67,67,2026,0
5/19/2026,2026,2026,May,May,Qtr2,19,20,4,T,5,2,,,,,,46027,46094,NOT YTD,46094,NOT Today,NO,NO,NO,67,67,2026,0
5/20/2026,2026,2026,May,May,Qtr2,20,20,4,W,5,3,,,,,,46027,46094,NOT YTD,46094,NOT Today,NO,NO,NO,67,67,2026,0
5/21/2026,2026,2026,May,May,Qtr2,21,20,4,TH,5,4,,,,,,46027,46094,NOT YTD,46094,NOT Today,NO,NO,NO,67,67,2026,0
5/22/2026,2026,2026,May,May,Qtr2,22,20,4,F,5,5,,,,,,46027,46094,NOT YTD,46094,NOT Today,NO,NO,NO,67,67,2026,0
5/23/2026,2026,2026,May,May,Qtr2,23,20,4,S,5,6,,,,,,46027,46094,NOT YTD,46094,NOT Today,NO,NO,NO,67,67,2026,0
5/24/2026,2026,2026,May,May,Qtr2,24,20,4,SU,5,7,,,,,,46027,46094,NOT YTD,46094,NOT Today,NO,NO,NO,67,67,2026,0
5/25/2026,2026,2026,May,May,Qtr2,25,21,4,M,5,1,,,,,,46027,46094,NOT YTD,46094,NOT Today,NO,NO,NO,67,67,2026,0
5/26/2026,2026,2026,May,May,Qtr2,26,21,4,T,5,2,,,,,,46027,46094,NOT YTD,46094,NOT Today,NO,NO,NO,67,67,2026,0
5/27/2026,2026,2026,May,May,Qtr2,27,21,4,W,5,3,,,,,,46027,46094,NOT YTD,46094,NOT Today,NO,NO,NO,67,67,2026,0
5/28/2026,2026,2026,May,May,Qtr2,28,21,4,TH,5,4,,,,,,46027,46094,NOT YTD,46094,NOT Today,NO,NO,NO,67,67,2026,0
5/29/2026,2026,2026,May,May,Qtr2,29,21,4,F,5,5,,,,,,46027,46094,NOT YTD,46094,NOT Today,NO,NO,NO,67,67,2026,0
5/30/2026,2026,2026,May,May,Qtr2,30,21,4,S,5,6,,,,,,46027,46094,NOT YTD,46094,NOT Today,NO,NO,NO,67,67,2026,0
5/31/2026,2026,2026,May,May,Qtr2,31,21,4,SU,5,7,,,,,,46027,46094,NOT YTD,46094,NOT Today,NO,NO,NO,67,67,2026,0
7/6/2026,2026,2026,Jul,Jul,Qtr3,6,27,4,M,7,1,,,,,,46027,46094,NOT YTD,46094,NOT Today,NO,NO,NO,67,67,2026,0
7/7/2026,2026,2026,Jul,Jul,Qtr3,7,27,4,T,7,2,,,,,,46027,46094,NOT YTD,46094,NOT Today,NO,NO,NO,67,67,2026,0
7/8/2026,2026,2026,Jul,Jul,Qtr3,8,27,4,W,7,3,,,,,,46027,46094,NOT YTD,46094,NOT Today,NO,NO,NO,67,67,2026,0
7/9/2026,2026,2026,Jul,Jul,Qtr3,9,27,4,TH,7,4,,,,,,46027,46094,NOT YTD,46094,NOT Today,NO,NO,NO,67,67,2026,0
7/10/2026,2026,2026,Jul,Jul,Qtr3,10,27,4,F,7,5,,,,,,46027,46094,NOT YTD,46094,NOT Today,NO,NO,NO,67,67,2026,0
7/11/2026,2026,2026,Jul,Jul,Qtr3,11,27,4,S,7,6,,,,,,46027,46094,NOT YTD,46094,NOT Today,NO,NO,NO,67,67,2026,0
7/12/2026,2026,2026,Jul,Jul,Qtr3,12,27,4,SU,7,7,,,,,,46027,46094,NOT YTD,46094,NOT Today,NO,NO,NO,67,67,2026,0
7/13/2026,2026,2026,Jul,Jul,Qtr3,13,28,4,M,7,1,,,,,,46027,46094,NOT YTD,46094,NOT Today,NO,NO,NO,67,67,2026,0
7/14/2026,2026,2026,Jul,Jul,Qtr3,14,28,4,T,7,2,,,,,,46027,46094,NOT YTD,46094,NOT Today,NO,NO,NO,67,67,2026,0
7/15/2026,2026,2026,Jul,Jul,Qtr3,15,28,4,W,7,3,,,,,,46027,46094,NOT YTD,46094,NOT Today,NO,NO,NO,67,67,2026,0
7/16/2026,2026,2026,Jul,Jul,Qtr3,16,28,4,TH,7,4,,,,,,46027,46094,NOT YTD,46094,NOT Today,NO,NO,NO,67,67,2026,0
7/17/2026,2026,2026,Jul,Jul,Qtr3,17,28,4,F,7,5,,,,,,46027,46094,NOT YTD,46094,NOT Today,NO,NO,NO,67,67,2026,0
7/18/2026,2026,2026,Jul,Jul,Qtr3,18,28,4,S,7,6,,,,,,46027,46094,NOT YTD,46094,NOT Today,NO,NO,NO,67,67,2026,0
7/19/2026,2026,2026,Jul,Jul,Qtr3,19,28,4,SU,7,7,,,,,,46027,46094,NOT YTD,46094,NOT Today,NO,NO,NO,67,67,2026,0
7/20/2026,2026,2026,Jul,Jul,Qtr3,20,29,4,M,7,1,,,,,,46027,46094,NOT YTD,46094,NOT Today,NO,NO,NO,67,67,2026,0
7/21/2026,2026,2026,Jul,Jul,Qtr3,21,29,4,T,7,2,,,,,,46027,46094,NOT YTD,46094,NOT Today,NO,NO,NO,67,67,2026,0
7/22/2026,2026,2026,Jul,Jul,Qtr3,22,29,4,W,7,3,,,,,,46027,46094,NOT YTD,46094,NOT Today,NO,NO,NO,67,67,2026,0
7/23/2026,2026,2026,Jul,Jul,Qtr3,23,29,4,TH,7,4,,,,,,46027,46094,NOT YTD,46094,NOT Today,NO,NO,NO,67,67,2026,0
7/24/2026,2026,2026,Jul,Jul,Qtr3,24,29,4,F,7,5,,,,,,46027,46094,NOT YTD,46094,NOT Today,NO,NO,NO,67,67,2026,0
7/25/2026,2026,2026,Jul,Jul,Qtr3,25,29,4,S,7,6,,,,,,46027,46094,NOT YTD,46094,NOT Today,NO,NO,NO,67,67,2026,0
7/26/2026,2026,2026,Jul,Jul,Qtr3,26,29,4,SU,7,7,,,,,,46027,46094,NOT YTD,46094,NOT Today,NO,NO,NO,67,67,2026,0
7/27/2026,2026,2026,Jul,Jul,Qtr3,27,30,4,M,7,1,,,,,,46027,46094,NOT YTD,46094,NOT Today,NO,NO,NO,67,67,2026,0
7/28/2026,2026,2026,Jul,Jul,Qtr3,28,30,4,T,7,2,,,,,,46027,46094,NOT YTD,46094,NOT Today,NO,NO,NO,67,67,2026,0
7/29/2026,2026,2026,Jul,Jul,Qtr3,29,30,4,W,7,3,,,,,,46027,46094,NOT YTD,46094,NOT Today,NO,NO,NO,67,67,2026,0
7/30/2026,2026,2026,Jul,Jul,Qtr3,30,30,4,TH,7,4,,,,,,46027,46094,NOT YTD,46094,NOT Today,NO,NO,NO,67,67,2026,0
7/31/2026,2026,2026,Jul,Jul,Qtr3,31,30,4,F,7,5,,,,,,46027,46094,NOT YTD,46094,NOT Today,NO,NO,NO,67,67,2026,0
8/1/2026,2026,2026,Aug,Jul,Qtr3,1,30,4,S,7,6,,,,,,46027,46094,NOT YTD,46094,NOT Today,NO,NO,NO,67,67,2026,0
8/2/2026,2026,2026,Aug,Jul,Qtr3,2,30,4,SU,7,7,,,,,,46027,46094,NOT YTD,46094,NOT Today,NO,NO,NO,67,67,2026,0
8/3/2026,2026,2026,Aug,Aug,Qtr3,3,31,4,M,8,1,,,,,,46027,46094,NOT YTD,46094,NOT Today,NO,NO,NO,67,67,2026,0
8/4/2026,2026,2026,Aug,Aug,Qtr3,4,31,4,T,8,2,,,,,,46027,46094,NOT YTD,46094,NOT Today,NO,NO,NO,67,67,2026,0
8/5/2026,2026,2026,Aug,Aug,Qtr3,5,31,4,W,8,3,,,,,,46027,46094,NOT YTD,46094,NOT Today,NO,NO,NO,67,67,2026,0
8/6/2026,2026,2026,Aug,Aug,Qtr3,6,31,4,TH,8,4,,,,,,46027,46094,NOT YTD,46094,NOT Today,NO,NO,NO,67,67,2026,0
8/7/2026,2026,2026,Aug,Aug,Qtr3,7,31,4,F,8,5,,,,,,46027,46094,NOT YTD,46094,NOT Today,NO,NO,NO,67,67,2026,0
8/8/2026,2026,2026,Aug,Aug,Qtr3,8,31,4,S,8,6,,,,,,46027,46094,NOT YTD,46094,NOT Today,NO,NO,NO,67,67,2026,0
8/9/2026,2026,2026,Aug,Aug,Qtr3,9,31,4,SU,8,7,,,,,,46027,46094,NOT YTD,46094,NOT Today,NO,NO,NO,67,67,2026,0
8/10/2026,2026,2026,Aug,Aug,Qtr3,10,32,4,M,8,1,,,,,,46027,46094,NOT YTD,46094,NOT Today,NO,NO,NO,67,67,2026,0
8/11/2026,2026,2026,Aug,Aug,Qtr3,11,32,4,T,8,2,,,,,,46027,46094,NOT YTD,46094,NOT Today,NO,NO,NO,67,67,2026,0
8/12/2026,2026,2026,Aug,Aug,Qtr3,12,32,4,W,8,3,,,,,,46027,46094,NOT YTD,46094,NOT Today,NO,NO,NO,67,67,2026,0
8/13/2026,2026,2026,Aug,Aug,Qtr3,13,32,4,TH,8,4,,,,,,46027,46094,NOT YTD,46094,NOT Today,NO,NO,NO,67,67,2026,0
8/14/2026,2026,2026,Aug,Aug,Qtr3,14,32,4,F,8,5,,,,,,46027,46094,NOT YTD,46094,NOT Today,NO,NO,NO,67,67,2026,0
8/15/2026,2026,2026,Aug,Aug,Qtr3,15,32,4,S,8,6,,,,,,46027,46094,NOT YTD,46094,NOT Today,NO,NO,NO,67,67,2026,0
8/16/2026,2026,2026,Aug,Aug,Qtr3,16,32,4,SU,8,7,,,,,,46027,46094,NOT YTD,46094,NOT Today,NO,NO,NO,67,67,2026,0
8/17/2026,2026,2026,Aug,Aug,Qtr3,17,33,4,M,8,1,,,,,,46027,46094,NOT YTD,46094,NOT Today,NO,NO,NO,67,67,2026,0
8/18/2026,2026,2026,Aug,Aug,Qtr3,18,33,4,T,8,2,,,,,,46027,46094,NOT YTD,46094,NOT Today,NO,NO,NO,67,67,2026,0
8/19/2026,2026,2026,Aug,Aug,Qtr3,19,33,4,W,8,3,,,,,,46027,46094,NOT YTD,46094,NOT Today,NO,NO,NO,67,67,2026,0
8/20/2026,2026,2026,Aug,Aug,Qtr3,20,33,4,TH,8,4,,,,,,46027,46094,NOT YTD,46094,NOT Today,NO,NO,NO,67,67,2026,0
8/21/2026,2026,2026,Aug,Aug,Qtr3,21,33,4,F,8,5,,,,,,46027,46094,NOT YTD,46094,NOT Today,NO,NO,NO,67,67,2026,0
8/22/2026,2026,2026,Aug,Aug,Qtr3,22,33,4,S,8,6,,,,,,46027,46094,NOT YTD,46094,NOT Today,NO,NO,NO,67,67,2026,0
8/23/2026,2026,2026,Aug,Aug,Qtr3,23,33,4,SU,8,7,,,,,,46027,46094,NOT YTD,46094,NOT Today,NO,NO,NO,67,67,2026,0
8/24/2026,2026,2026,Aug,Aug,Qtr3,24,34,4,M,8,1,,,,,,46027,46094,NOT YTD,46094,NOT Today,NO,NO,NO,67,67,2026,0
8/25/2026,2026,2026,Aug,Aug,Qtr3,25,34,4,T,8,2,,,,,,46027,46094,NOT YTD,46094,NOT Today,NO,NO,NO,67,67,2026,0
8/26/2026,2026,2026,Aug,Aug,Qtr3,26,34,4,W,8,3,,,,,,46027,46094,NOT YTD,46094,NOT Today,NO,NO,NO,67,67,2026,0
8/27/2026,2026,2026,Aug,Aug,Qtr3,27,34,4,TH,8,4,,,,,,46027,46094,NOT YTD,46094,NOT Today,NO,NO,NO,67,67,2026,0
8/28/2026,2026,2026,Aug,Aug,Qtr3,28,34,4,F,8,5,,,,,,46027,46094,NOT YTD,46094,NOT Today,NO,NO,NO,67,67,2026,0
8/29/2026,2026,2026,Aug,Aug,Qtr3,29,34,4,S,8,6,,,,,,46027,46094,NOT YTD,46094,NOT Today,NO,NO,NO,67,67,2026,0
8/30/2026,2026,2026,Aug,Aug,Qtr3,30,34,4,SU,8,7,,,,,,46027,46094,NOT YTD,46094,NOT Today,NO,NO,NO,67,67,2026,0
10/5/2026,2026,2026,Oct,Oct,Qtr4,5,40,4,M,10,1,,,,,,46027,46094,NOT YTD,46094,NOT Today,NO,NO,NO,67,67,2026,0
10/6/2026,2026,2026,Oct,Oct,Qtr4,6,40,4,T,10,2,,,,,,46027,46094,NOT YTD,46094,NOT Today,NO,NO,NO,67,67,2026,0
10/7/2026,2026,2026,Oct,Oct,Qtr4,7,40,4,W,10,3,,,,,,46027,46094,NOT YTD,46094,NOT Today,NO,NO,NO,67,67,2026,0
10/8/2026,2026,2026,Oct,Oct,Qtr4,8,40,4,TH,10,4,,,,,,46027,46094,NOT YTD,46094,NOT Today,NO,NO,NO,67,67,2026,0
10/9/2026,2026,2026,Oct,Oct,Qtr4,9,40,4,F,10,5,,,,,,46027,46094,NOT YTD,46094,NOT Today,NO,NO,NO,67,67,2026,0
10/10/2026,2026,2026,Oct,Oct,Qtr4,10,40,4,S,10,6,,,,,,46027,46094,NOT YTD,46094,NOT Today,NO,NO,NO,67,67,2026,0
10/11/2026,2026,2026,Oct,Oct,Qtr4,11,40,4,SU,10,7,,,,,,46027,46094,NOT YTD,46094,NOT Today,NO,NO,NO,67,67,2026,0
10/12/2026,2026,2026,Oct,Oct,Qtr4,12,41,4,M,10,1,,,,,,46027,46094,NOT YTD,46094,NOT Today,NO,NO,NO,67,67,2026,0
10/13/2026,2026,2026,Oct,Oct,Qtr4,13,41,4,T,10,2,,,,,,46027,46094,NOT YTD,46094,NOT Today,NO,NO,NO,67,67,2026,0
10/14/2026,2026,2026,Oct,Oct,Qtr4,14,41,4,W,10,3,,,,,,46027,46094,NOT YTD,46094,NOT Today,NO,NO,NO,67,67,2026,0
10/15/2026,2026,2026,Oct,Oct,Qtr4,15,41,4,TH,10,4,,,,,,46027,46094,NOT YTD,46094,NOT Today,NO,NO,NO,67,67,2026,0
10/16/2026,2026,2026,Oct,Oct,Qtr4,16,41,4,F,10,5,,,,,,46027,46094,NOT YTD,46094,NOT Today,NO,NO,NO,67,67,2026,0
10/17/2026,2026,2026,Oct,Oct,Qtr4,17,41,4,S,10,6,,,,,,46027,46094,NOT YTD,46094,NOT Today,NO,NO,NO,67,67,2026,0
10/18/2026,2026,2026,Oct,Oct,Qtr4,18,41,4,SU,10,7,,,,,,46027,46094,NOT YTD,46094,NOT Today,NO,NO,NO,67,67,2026,0
10/19/2026,2026,2026,Oct,Oct,Qtr4,19,42,4,M,10,1,,,,,,46027,46094,NOT YTD,46094,NOT Today,NO,NO,NO,67,67,2026,0
10/20/2026,2026,2026,Oct,Oct,Qtr4,20,42,4,T,10,2,,,,,,46027,46094,NOT YTD,46094,NOT Today,NO,NO,NO,67,67,2026,0
10/21/2026,2026,2026,Oct,Oct,Qtr4,21,42,4,W,10,3,,,,,,46027,46094,NOT YTD,46094,NOT Today,NO,NO,NO,67,67,2026,0
10/22/2026,2026,2026,Oct,Oct,Qtr4,22,42,4,TH,10,4,,,,,,46027,46094,NOT YTD,46094,NOT Today,NO,NO,NO,67,67,2026,0
10/23/2026,2026,2026,Oct,Oct,Qtr4,23,42,4,F,10,5,,,,,,46027,46094,NOT YTD,46094,NOT Today,NO,NO,NO,67,67,2026,0
10/24/2026,2026,2026,Oct,Oct,Qtr4,24,42,4,S,10,6,,,,,,46027,46094,NOT YTD,46094,NOT Today,NO,NO,NO,67,67,2026,0
10/25/2026,2026,2026,Oct,Oct,Qtr4,25,42,4,SU,10,7,,,,,,46027,46094,NOT YTD,46094,NOT Today,NO,NO,NO,67,67,2026,0
10/26/2026,2026,2026,Oct,Oct,Qtr4,26,43,4,M,10,1,,,,,,46027,46094,NOT YTD,46094,NOT Today,NO,NO,NO,67,67,2026,0
10/27/2026,2026,2026,Oct,Oct,Qtr4,27,43,4,T,10,2,,,,,,46027,46094,NOT YTD,46094,NOT Today,NO,NO,NO,67,67,2026,0
10/28/2026,2026,2026,Oct,Oct,Qtr4,28,43,4,W,10,3,,,,,,46027,46094,NOT YTD,46094,NOT Today,NO,NO,NO,67,67,2026,0
10/29/2026,2026,2026,Oct,Oct,Qtr4,29,43,4,TH,10,4,,,,,,46027,46094,NOT YTD,46094,NOT Today,NO,NO,NO,67,67,2026,0
10/30/2026,2026,2026,Oct,Oct,Qtr4,30,43,4,F,10,5,,,,,,46027,46094,NOT YTD,46094,NOT Today,NO,NO,NO,67,67,2026,0
10/31/2026,2026,2026,Oct,Oct,Qtr4,31,43,4,S,10,6,,,,,,46027,46094,NOT YTD,46094,NOT Today,NO,NO,NO,67,67,2026,0
11/1/2026,2026,2026,Nov,Oct,Qtr4,1,43,4,SU,10,7,,,,,,46027,46094,NOT YTD,46094,NOT Today,NO,NO,NO,67,67,2026,0
11/2/2026,2026,2026,Nov,Nov,Qtr4,2,44,4,M,11,1,,,,,,46027,46094,NOT YTD,46094,NOT Today,NO,NO,NO,67,67,2026,0
11/3/2026,2026,2026,Nov,Nov,Qtr4,3,44,4,T,11,2,,,,,,46027,46094,NOT YTD,46094,NOT Today,NO,NO,NO,67,67,2026,0
11/4/2026,2026,2026,Nov,Nov,Qtr4,4,44,4,W,11,3,,,,,,46027,46094,NOT YTD,46094,NOT Today,NO,NO,NO,67,67,2026,0
11/5/2026,2026,2026,Nov,Nov,Qtr4,5,44,4,TH,11,4,,,,,,46027,46094,NOT YTD,46094,NOT Today,NO,NO,NO,67,67,2026,0
11/6/2026,2026,2026,Nov,Nov,Qtr4,6,44,4,F,11,5,,,,,,46027,46094,NOT YTD,46094,NOT Today,NO,NO,NO,67,67,2026,0
11/7/2026,2026,2026,Nov,Nov,Qtr4,7,44,4,S,11,6,,,,,,46027,46094,NOT YTD,46094,NOT Today,NO,NO,NO,67,67,2026,0
11/8/2026,2026,2026,Nov,Nov,Qtr4,8,44,4,SU,11,7,,,,,,46027,46094,NOT YTD,46094,NOT Today,NO,NO,NO,67,67,2026,0
11/9/2026,2026,2026,Nov,Nov,Qtr4,9,45,4,M,11,1,,,,,,46027,46094,NOT YTD,46094,NOT Today,NO,NO,NO,67,67,2026,0
11/10/2026,2026,2026,Nov,Nov,Qtr4,10,45,4,T,11,2,,,,,,46027,46094,NOT YTD,46094,NOT Today,NO,NO,NO,67,67,2026,0
11/11/2026,2026,2026,Nov,Nov,Qtr4,11,45,4,W,11,3,,,,,,46027,46094,NOT YTD,46094,NOT Today,NO,NO,NO,67,67,2026,0
11/12/2026,2026,2026,Nov,Nov,Qtr4,12,45,4,TH,11,4,,,,,,46027,46094,NOT YTD,46094,NOT Today,NO,NO,NO,67,67,2026,0
11/13/2026,2026,2026,Nov,Nov,Qtr4,13,45,4,F,11,5,,,,,,46027,46094,NOT YTD,46094,NOT Today,NO,NO,NO,67,67,2026,0
11/14/2026,2026,2026,Nov,Nov,Qtr4,14,45,4,S,11,6,,,,,,46027,46094,NOT YTD,46094,NOT Today,NO,NO,NO,67,67,2026,0
11/15/2026,2026,2026,Nov,Nov,Qtr4,15,45,4,SU,11,7,,,,,,46027,46094,NOT YTD,46094,NOT Today,NO,NO,NO,67,67,2026,0
11/16/2026,2026,2026,Nov,Nov,Qtr4,16,46,4,M,11,1,,,,,,46027,46094,NOT YTD,46094,NOT Today,NO,NO,NO,67,67,2026,0
11/17/2026,2026,2026,Nov,Nov,Qtr4,17,46,4,T,11,2,,,,,,46027,46094,NOT YTD,46094,NOT Today,NO,NO,NO,67,67,2026,0
11/18/2026,2026,2026,Nov,Nov,Qtr4,18,46,4,W,11,3,,,,,,46027,46094,NOT YTD,46094,NOT Today,NO,NO,NO,67,67,2026,0
11/19/2026,2026,2026,Nov,Nov,Qtr4,19,46,4,TH,11,4,,,,,,46027,46094,NOT YTD,46094,NOT Today,NO,NO,NO,67,67,2026,0
11/20/2026,2026,2026,Nov,Nov,Qtr4,20,46,4,F,11,5,,,,,,46027,46094,NOT YTD,46094,NOT Today,NO,NO,NO,67,67,2026,0
11/21/2026,2026,2026,Nov,Nov,Qtr4,21,46,4,S,11,6,,,,,,46027,46094,NOT YTD,46094,NOT Today,NO,NO,NO,67,67,2026,0
11/22/2026,2026,2026,Nov,Nov,Qtr4,22,46,4,SU,11,7,,,,,,46027,46094,NOT YTD,46094,NOT Today,NO,NO,NO,67,67,2026,0
11/23/2026,2026,2026,Nov,Nov,Qtr4,23,47,4,M,11,1,,,,,,46027,46094,NOT YTD,46094,NOT Today,NO,NO,NO,67,67,2026,0
11/24/2026,2026,2026,Nov,Nov,Qtr4,24,47,4,T,11,2,,,,,,46027,46094,NOT YTD,46094,NOT Today,NO,NO,NO,67,67,2026,0
11/25/2026,2026,2026,Nov,Nov,Qtr4,25,47,4,W,11,3,,,,,,46027,46094,NOT YTD,46094,NOT Today,NO,NO,NO,67,67,2026,0
11/26/2026,2026,2026,Nov,Nov,Qtr4,26,47,4,TH,11,4,,,,,,46027,46094,NOT YTD,46094,NOT Today,NO,NO,NO,67,67,2026,0
11/27/2026,2026,2026,Nov,Nov,Qtr4,27,47,4,F,11,5,,,,,,46027,46094,NOT YTD,46094,NOT Today,NO,NO,NO,67,67,2026,0
11/28/2026,2026,2026,Nov,Nov,Qtr4,28,47,4,S,11,6,,,,,,46027,46094,NOT YTD,46094,NOT Today,NO,NO,NO,67,67,2026,0
11/29/2026,2026,2026,Nov,Nov,Qtr4,29,47,4,SU,11,7,,,,,,46027,46094,NOT YTD,46094,NOT Today,NO,NO,NO,67,67,2026,0
3/1/2026,2026,2026,Mar,Feb,Qtr1,1,8,4,SU,2,7,,,,,Curr Month,46027,46094,YTD,46094,NOT Today,Trailing 14 Days,Trailing 6 Months,Trailing 12 Months,67,67,2026,0
11/29/2021,2021,2021,Nov,Dec,Qtr4,29,48,5,M,12,1,,,Completed,,,44200,44267,NOT YTD,46094,NOT Today,NO,NO,NO,0,67,2026,0
11/30/2021,2021,2021,Nov,Dec,Qtr4,30,48,5,T,12,2,,,Completed,,,44200,44267,NOT YTD,46094,NOT Today,NO,NO,NO,0,67,2026,0
1/1/2022,2022,2021,Jan,Dec,Qtr4,1,52,5,S,12,6,,,Completed,,,44200,44267,NOT YTD,46094,NOT Today,NO,NO,NO,0,67,2026,0
1/2/2022,2022,2021,Jan,Dec,Qtr4,2,52,5,SU,12,7,,,Completed,,,44200,44267,NOT YTD,46094,NOT Today,NO,NO,NO,0,67,2026,0
11/28/2022,2022,2022,Nov,Dec,Qtr4,28,48,5,M,12,1,,,Completed,,,44564,44631,NOT YTD,46094,NOT Today,NO,NO,NO,0,67,2026,0
11/29/2022,2022,2022,Nov,Dec,Qtr4,29,48,5,T,12,2,,,Completed,,,44564,44631,NOT YTD,46094,NOT Today,NO,NO,NO,0,67,2026,0
11/30/2022,2022,2022,Nov,Dec,Qtr4,30,48,5,W,12,3,,,Completed,,,44564,44631,NOT YTD,46094,NOT Today,NO,NO,NO,0,67,2026,0
1/1/2023,2023,2022,Jan,Dec,Qtr4,1,52,5,SU,12,7,,,Completed,,,44564,44631,NOT YTD,46094,NOT Today,NO,NO,NO,0,67,2026,0
11/27/2023,2023,2023,Nov,Dec,Qtr4,27,48,5,M,12,1,,,Completed,,,44928,44995,NOT YTD,46094,NOT Today,NO,NO,NO,0,67,2026,0
11/28/2023,2023,2023,Nov,Dec,Qtr4,28,48,5,T,12,2,,,Completed,,,44928,44995,NOT YTD,46094,NOT Today,NO,NO,NO,0,67,2026,0
11/29/2023,2023,2023,Nov,Dec,Qtr4,29,48,5,W,12,3,,,Completed,,,44928,44995,NOT YTD,46094,NOT Today,NO,NO,NO,0,67,2026,0
11/30/2023,2023,2023,Nov,Dec,Qtr4,30,48,5,TH,12,4,,,Completed,,,44928,44995,NOT YTD,46094,NOT Today,NO,NO,NO,0,67,2026,0
11/30/2026,2026,2026,Nov,Dec,Qtr4,30,48,5,M,12,1,,,,,,46027,46094,NOT YTD,46094,NOT Today,NO,NO,NO,67,67,2026,0
1/1/2027,2027,2026,Jan,Dec,Qtr4,1,52,5,F,12,5,,,,,,46027,46094,NOT YTD,46094,NOT Today,NO,NO,NO,67,67,2026,0
1/2/2027,2027,2026,Jan,Dec,Qtr4,2,52,5,S,12,6,,,,,,46027,46094,NOT YTD,46094,NOT Today,NO,NO,NO,67,67,2026,0
1/3/2027,2027,2026,Jan,Dec,Qtr4,3,52,5,SU,12,7,,,,,,46027,46094,NOT YTD,46094,NOT Today,NO,NO,NO,67,67,2026,0
12/1/2026,2026,2026,Dec,Dec,Qtr4,1,48,5,T,12,2,,,,,,46027,46094,NOT YTD,46094,NOT Today,NO,NO,NO,67,67,2026,0
12/2/2026,2026,2026,Dec,Dec,Qtr4,2,48,5,W,12,3,,,,,,46027,46094,NOT YTD,46094,NOT Today,NO,NO,NO,67,67,2026,0
12/3/2026,2026,2026,Dec,Dec,Qtr4,3,48,5,TH,12,4,,,,,,46027,46094,NOT YTD,46094,NOT Today,NO,NO,NO,67,67,2026,0
12/4/2026,2026,2026,Dec,Dec,Qtr4,4,48,5,F,12,5,,,,,,46027,46094,NOT YTD,46094,NOT Today,NO,NO,NO,67,67,2026,0
12/5/2026,2026,2026,Dec,Dec,Qtr4,5,48,5,S,12,6,,,,,,46027,46094,NOT YTD,46094,NOT Today,NO,NO,NO,67,67,2026,0
12/6/2026,2026,2026,Dec,Dec,Qtr4,6,48,5,SU,12,7,,,,,,46027,46094,NOT YTD,46094,NOT Today,NO,NO,NO,67,67,2026,0
12/7/2026,2026,2026,Dec,Dec,Qtr4,7,49,5,M,12,1,,,,,,46027,46094,NOT YTD,46094,NOT Today,NO,NO,NO,67,67,2026,0
12/8/2026,2026,2026,Dec,Dec,Qtr4,8,49,5,T,12,2,,,,,,46027,46094,NOT YTD,46094,NOT Today,NO,NO,NO,67,67,2026,0
12/9/2026,2026,2026,Dec,Dec,Qtr4,9,49,5,W,12,3,,,,,,46027,46094,NOT YTD,46094,NOT Today,NO,NO,NO,67,67,2026,0
12/10/2026,2026,2026,Dec,Dec,Qtr4,10,49,5,TH,12,4,,,,,,46027,46094,NOT YTD,46094,NOT Today,NO,NO,NO,67,67,2026,0
12/11/2026,2026,2026,Dec,Dec,Qtr4,11,49,5,F,12,5,,,,,,46027,46094,NOT YTD,46094,NOT Today,NO,NO,NO,67,67,2026,0
12/12/2026,2026,2026,Dec,Dec,Qtr4,12,49,5,S,12,6,,,,,,46027,46094,NOT YTD,46094,NOT Today,NO,NO,NO,67,67,2026,0
12/13/2026,2026,2026,Dec,Dec,Qtr4,13,49,5,SU,12,7,,,,,,46027,46094,NOT YTD,46094,NOT Today,NO,NO,NO,67,67,2026,0
12/14/2026,2026,2026,Dec,Dec,Qtr4,14,50,5,M,12,1,,,,,,46027,46094,NOT YTD,46094,NOT Today,NO,NO,NO,67,67,2026,0
12/15/2026,2026,2026,Dec,Dec,Qtr4,15,50,5,T,12,2,,,,,,46027,46094,NOT YTD,46094,NOT Today,NO,NO,NO,67,67,2026,0
12/16/2026,2026,2026,Dec,Dec,Qtr4,16,50,5,W,12,3,,,,,,46027,46094,NOT YTD,46094,NOT Today,NO,NO,NO,67,67,2026,0
12/17/2026,2026,2026,Dec,Dec,Qtr4,17,50,5,TH,12,4,,,,,,46027,46094,NOT YTD,46094,NOT Today,NO,NO,NO,67,67,2026,0
12/18/2026,2026,2026,Dec,Dec,Qtr4,18,50,5,F,12,5,,,,,,46027,46094,NOT YTD,46094,NOT Today,NO,NO,NO,67,67,2026,0
12/19/2026,2026,2026,Dec,Dec,Qtr4,19,50,5,S,12,6,,,,,,46027,46094,NOT YTD,46094,NOT Today,NO,NO,NO,67,67,2026,0
12/20/2026,2026,2026,Dec,Dec,Qtr4,20,50,5,SU,12,7,,,,,,46027,46094,NOT YTD,46094,NOT Today,NO,NO,NO,67,67,2026,0
12/21/2026,2026,2026,Dec,Dec,Qtr4,21,51,5,M,12,1,,,,,,46027,46094,NOT YTD,46094,NOT Today,NO,NO,NO,67,67,2026,0
12/22/2026,2026,2026,Dec,Dec,Qtr4,22,51,5,T,12,2,,,,,,46027,46094,NOT YTD,46094,NOT Today,NO,NO,NO,67,67,2026,0
12/23/2026,2026,2026,Dec,Dec,Qtr4,23,51,5,W,12,3,,,,,,46027,46094,NOT YTD,46094,NOT Today,NO,NO,NO,67,67,2026,0
12/24/2026,2026,2026,Dec,Dec,Qtr4,24,51,5,TH,12,4,,,,,,46027,46094,NOT YTD,46094,NOT Today,NO,NO,NO,67,67,2026,0
12/25/2026,2026,2026,Dec,Dec,Qtr4,25,51,5,F,12,5,,,,,,46027,46094,NOT YTD,46094,NOT Today,NO,NO,NO,67,67,2026,0
12/26/2026,2026,2026,Dec,Dec,Qtr4,26,51,5,S,12,6,,,,,,46027,46094,NOT YTD,46094,NOT Today,NO,NO,NO,67,67,2026,0
12/27/2026,2026,2026,Dec,Dec,Qtr4,27,51,5,SU,12,7,,,,,,46027,46094,NOT YTD,46094,NOT Today,NO,NO,NO,67,67,2026,0
12/28/2026,2026,2026,Dec,Dec,Qtr4,28,52,5,M,12,1,,,,,,46027,46094,NOT YTD,46094,NOT Today,NO,NO,NO,67,67,2026,0
12/29/2026,2026,2026,Dec,Dec,Qtr4,29,52,5,T,12,2,,,,,,46027,46094,NOT YTD,46094,NOT Today,NO,NO,NO,67,67,2026,0
12/30/2026,2026,2026,Dec,Dec,Qtr4,30,52,5,W,12,3,,,,,,46027,46094,NOT YTD,46094,NOT Today,NO,NO,NO,67,67,2026,0
12/31/2026,2026,2026,Dec,Dec,Qtr4,31,52,5,TH,12,4,,,,,,46027,46094,NOT YTD,46094,NOT Today,NO,NO,NO,67,67,2026,0
12/1/2021,2021,2021,Dec,Dec,Qtr4,1,48,5,W,12,3,,,Completed,,,44200,44267,NOT YTD,46094,NOT Today,NO,NO,NO,0,67,2026,0
12/2/2021,2021,2021,Dec,Dec,Qtr4,2,48,5,TH,12,4,,,Completed,,,44200,44267,NOT YTD,46094,NOT Today,NO,NO,NO,0,67,2026,0
12/3/2021,2021,2021,Dec,Dec,Qtr4,3,48,5,F,12,5,,,Completed,,,44200,44267,NOT YTD,46094,NOT Today,NO,NO,NO,0,67,2026,0
12/4/2021,2021,2021,Dec,Dec,Qtr4,4,48,5,S,12,6,,,Completed,,,44200,44267,NOT YTD,46094,NOT Today,NO,NO,NO,0,67,2026,0
12/5/2021,2021,2021,Dec,Dec,Qtr4,5,48,5,SU,12,7,,,Completed,,,44200,44267,NOT YTD,46094,NOT Today,NO,NO,NO,0,67,2026,0
12/6/2021,2021,2021,Dec,Dec,Qtr4,6,49,5,M,12,1,,,Completed,,,44200,44267,NOT YTD,46094,NOT Today,NO,NO,NO,0,67,2026,0
12/7/2021,2021,2021,Dec,Dec,Qtr4,7,49,5,T,12,2,,,Completed,,,44200,44267,NOT YTD,46094,NOT Today,NO,NO,NO,0,67,2026,0
12/8/2021,2021,2021,Dec,Dec,Qtr4,8,49,5,W,12,3,,,Completed,,,44200,44267,NOT YTD,46094,NOT Today,NO,NO,NO,0,67,2026,0
12/9/2021,2021,2021,Dec,Dec,Qtr4,9,49,5,TH,12,4,,,Completed,,,44200,44267,NOT YTD,46094,NOT Today,NO,NO,NO,0,67,2026,0
12/10/2021,2021,2021,Dec,Dec,Qtr4,10,49,5,F,12,5,,,Completed,,,44200,44267,NOT YTD,46094,NOT Today,NO,NO,NO,0,67,2026,0
12/11/2021,2021,2021,Dec,Dec,Qtr4,11,49,5,S,12,6,,,Completed,,,44200,44267,NOT YTD,46094,NOT Today,NO,NO,NO,0,67,2026,0
12/12/2021,2021,2021,Dec,Dec,Qtr4,12,49,5,SU,12,7,,,Completed,,,44200,44267,NOT YTD,46094,NOT Today,NO,NO,NO,0,67,2026,0
12/13/2021,2021,2021,Dec,Dec,Qtr4,13,50,5,M,12,1,,,Completed,,,44200,44267,NOT YTD,46094,NOT Today,NO,NO,NO,0,67,2026,0
12/14/2021,2021,2021,Dec,Dec,Qtr4,14,50,5,T,12,2,,,Completed,,,44200,44267,NOT YTD,46094,NOT Today,NO,NO,NO,0,67,2026,0
12/15/2021,2021,2021,Dec,Dec,Qtr4,15,50,5,W,12,3,,,Completed,,,44200,44267,NOT YTD,46094,NOT Today,NO,NO,NO,0,67,2026,0
12/16/2021,2021,2021,Dec,Dec,Qtr4,16,50,5,TH,12,4,,,Completed,,,44200,44267,NOT YTD,46094,NOT Today,NO,NO,NO,0,67,2026,0
12/17/2021,2021,2021,Dec,Dec,Qtr4,17,50,5,F,12,5,,,Completed,,,44200,44267,NOT YTD,46094,NOT Today,NO,NO,NO,0,67,2026,0
12/18/2021,2021,2021,Dec,Dec,Qtr4,18,50,5,S,12,6,,,Completed,,,44200,44267,NOT YTD,46094,NOT Today,NO,NO,NO,0,67,2026,0
12/19/2021,2021,2021,Dec,Dec,Qtr4,19,50,5,SU,12,7,,,Completed,,,44200,44267,NOT YTD,46094,NOT Today,NO,NO,NO,0,67,2026,0
12/20/2021,2021,2021,Dec,Dec,Qtr4,20,51,5,M,12,1,,,Completed,,,44200,44267,NOT YTD,46094,NOT Today,NO,NO,NO,0,67,2026,0
12/21/2021,2021,2021,Dec,Dec,Qtr4,21,51,5,T,12,2,,,Completed,,,44200,44267,NOT YTD,46094,NOT Today,NO,NO,NO,0,67,2026,0
12/22/2021,2021,2021,Dec,Dec,Qtr4,22,51,5,W,12,3,,,Completed,,,44200,44267,NOT YTD,46094,NOT Today,NO,NO,NO,0,67,2026,0
12/23/2021,2021,2021,Dec,Dec,Qtr4,23,51,5,TH,12,4,,,Completed,,,44200,44267,NOT YTD,46094,NOT Today,NO,NO,NO,0,67,2026,0
12/24/2021,2021,2021,Dec,Dec,Qtr4,24,51,5,F,12,5,,,Completed,,,44200,44267,NOT YTD,46094,NOT Today,NO,NO,NO,0,67,2026,0
12/25/2021,2021,2021,Dec,Dec,Qtr4,25,51,5,S,12,6,,,Completed,,,44200,44267,NOT YTD,46094,NOT Today,NO,NO,NO,0,67,2026,0
12/26/2021,2021,2021,Dec,Dec,Qtr4,26,51,5,SU,12,7,,,Completed,,,44200,44267,NOT YTD,46094,NOT Today,NO,NO,NO,0,67,2026,0
12/27/2021,2021,2021,Dec,Dec,Qtr4,27,52,5,M,12,1,,,Completed,,,44200,44267,NOT YTD,46094,NOT Today,NO,NO,NO,0,67,2026,0
12/28/2021,2021,2021,Dec,Dec,Qtr4,28,52,5,T,12,2,,,Completed,,,44200,44267,NOT YTD,46094,NOT Today,NO,NO,NO,0,67,2026,0
12/29/2021,2021,2021,Dec,Dec,Qtr4,29,52,5,W,12,3,,,Completed,,,44200,44267,NOT YTD,46094,NOT Today,NO,NO,NO,0,67,2026,0
12/30/2021,2021,2021,Dec,Dec,Qtr4,30,52,5,TH,12,4,,,Completed,,,44200,44267,NOT YTD,46094,NOT Today,NO,NO,NO,0,67,2026,0
12/31/2021,2021,2021,Dec,Dec,Qtr4,31,52,5,F,12,5,,,Completed,,,44200,44267,NOT YTD,46094,NOT Today,NO,NO,NO,0,67,2026,0
12/1/2022,2022,2022,Dec,Dec,Qtr4,1,48,5,TH,12,4,,,Completed,,,44564,44631,NOT YTD,46094,NOT Today,NO,NO,NO,0,67,2026,0
12/2/2022,2022,2022,Dec,Dec,Qtr4,2,48,5,F,12,5,,,Completed,,,44564,44631,NOT YTD,46094,NOT Today,NO,NO,NO,0,67,2026,0
12/3/2022,2022,2022,Dec,Dec,Qtr4,3,48,5,S,12,6,,,Completed,,,44564,44631,NOT YTD,46094,NOT Today,NO,NO,NO,0,67,2026,0
12/4/2022,2022,2022,Dec,Dec,Qtr4,4,48,5,SU,12,7,,,Completed,,,44564,44631,NOT YTD,46094,NOT Today,NO,NO,NO,0,67,2026,0
12/5/2022,2022,2022,Dec,Dec,Qtr4,5,49,5,M,12,1,,,Completed,,,44564,44631,NOT YTD,46094,NOT Today,NO,NO,NO,0,67,2026,0
12/6/2022,2022,2022,Dec,Dec,Qtr4,6,49,5,T,12,2,,,Completed,,,44564,44631,NOT YTD,46094,NOT Today,NO,NO,NO,0,67,2026,0
12/7/2022,2022,2022,Dec,Dec,Qtr4,7,49,5,W,12,3,,,Completed,,,44564,44631,NOT YTD,46094,NOT Today,NO,NO,NO,0,67,2026,0
12/8/2022,2022,2022,Dec,Dec,Qtr4,8,49,5,TH,12,4,,,Completed,,,44564,44631,NOT YTD,46094,NOT Today,NO,NO,NO,0,67,2026,0
12/9/2022,2022,2022,Dec,Dec,Qtr4,9,49,5,F,12,5,,,Completed,,,44564,44631,NOT YTD,46094,NOT Today,NO,NO,NO,0,67,2026,0
12/10/2022,2022,2022,Dec,Dec,Qtr4,10,49,5,S,12,6,,,Completed,,,44564,44631,NOT YTD,46094,NOT Today,NO,NO,NO,0,67,2026,0
12/11/2022,2022,2022,Dec,Dec,Qtr4,11,49,5,SU,12,7,,,Completed,,,44564,44631,NOT YTD,46094,NOT Today,NO,NO,NO,0,67,2026,0
12/12/2022,2022,2022,Dec,Dec,Qtr4,12,50,5,M,12,1,,,Completed,,,44564,44631,NOT YTD,46094,NOT Today,NO,NO,NO,0,67,2026,0
12/13/2022,2022,2022,Dec,Dec,Qtr4,13,50,5,T,12,2,,,Completed,,,44564,44631,NOT YTD,46094,NOT Today,NO,NO,NO,0,67,2026,0
12/14/2022,2022,2022,Dec,Dec,Qtr4,14,50,5,W,12,3,,,Completed,,,44564,44631,NOT YTD,46094,NOT Today,NO,NO,NO,0,67,2026,0
12/15/2022,2022,2022,Dec,Dec,Qtr4,15,50,5,TH,12,4,,,Completed,,,44564,44631,NOT YTD,46094,NOT Today,NO,NO,NO,0,67,2026,0
12/16/2022,2022,2022,Dec,Dec,Qtr4,16,50,5,F,12,5,,,Completed,,,44564,44631,NOT YTD,46094,NOT Today,NO,NO,NO,0,67,2026,0
12/17/2022,2022,2022,Dec,Dec,Qtr4,17,50,5,S,12,6,,,Completed,,,44564,44631,NOT YTD,46094,NOT Today,NO,NO,NO,0,67,2026,0
12/18/2022,2022,2022,Dec,Dec,Qtr4,18,50,5,SU,12,7,,,Completed,,,44564,44631,NOT YTD,46094,NOT Today,NO,NO,NO,0,67,2026,0
12/19/2022,2022,2022,Dec,Dec,Qtr4,19,51,5,M,12,1,,,Completed,,,44564,44631,NOT YTD,46094,NOT Today,NO,NO,NO,0,67,2026,0
12/20/2022,2022,2022,Dec,Dec,Qtr4,20,51,5,T,12,2,,,Completed,,,44564,44631,NOT YTD,46094,NOT Today,NO,NO,NO,0,67,2026,0
12/21/2022,2022,2022,Dec,Dec,Qtr4,21,51,5,W,12,3,,,Completed,,,44564,44631,NOT YTD,46094,NOT Today,NO,NO,NO,0,67,2026,0
12/22/2022,2022,2022,Dec,Dec,Qtr4,22,51,5,TH,12,4,,,Completed,,,44564,44631,NOT YTD,46094,NOT Today,NO,NO,NO,0,67,2026,0
12/23/2022,2022,2022,Dec,Dec,Qtr4,23,51,5,F,12,5,,,Completed,,,44564,44631,NOT YTD,46094,NOT Today,NO,NO,NO,0,67,2026,0
12/24/2022,2022,2022,Dec,Dec,Qtr4,24,51,5,S,12,6,,,Completed,,,44564,44631,NOT YTD,46094,NOT Today,NO,NO,NO,0,67,2026,0
12/25/2022,2022,2022,Dec,Dec,Qtr4,25,51,5,SU,12,7,,,Completed,,,44564,44631,NOT YTD,46094,NOT Today,NO,NO,NO,0,67,2026,0
12/26/2022,2022,2022,Dec,Dec,Qtr4,26,52,5,M,12,1,,,Completed,,,44564,44631,NOT YTD,46094,NOT Today,NO,NO,NO,0,67,2026,0
12/27/2022,2022,2022,Dec,Dec,Qtr4,27,52,5,T,12,2,,,Completed,,,44564,44631,NOT YTD,46094,NOT Today,NO,NO,NO,0,67,2026,0
12/28/2022,2022,2022,Dec,Dec,Qtr4,28,52,5,W,12,3,,,Completed,,,44564,44631,NOT YTD,46094,NOT Today,NO,NO,NO,0,67,2026,0
12/29/2022,2022,2022,Dec,Dec,Qtr4,29,52,5,TH,12,4,,,Completed,,,44564,44631,NOT YTD,46094,NOT Today,NO,NO,NO,0,67,2026,0
12/30/2022,2022,2022,Dec,Dec,Qtr4,30,52,5,F,12,5,,,Completed,,,44564,44631,NOT YTD,46094,NOT Today,NO,NO,NO,0,67,2026,0
12/31/2022,2022,2022,Dec,Dec,Qtr4,31,52,5,S,12,6,,,Completed,,,44564,44631,NOT YTD,46094,NOT Today,NO,NO,NO,0,67,2026,0
12/1/2023,2023,2023,Dec,Dec,Qtr4,1,48,5,F,12,5,,,Completed,,,44928,44995,NOT YTD,46094,NOT Today,NO,NO,NO,0,67,2026,0
12/2/2023,2023,2023,Dec,Dec,Qtr4,2,48,5,S,12,6,,,Completed,,,44928,44995,NOT YTD,46094,NOT Today,NO,NO,NO,0,67,2026,0
12/3/2023,2023,2023,Dec,Dec,Qtr4,3,48,5,SU,12,7,,,Completed,,,44928,44995,NOT YTD,46094,NOT Today,NO,NO,NO,0,67,2026,0
12/4/2023,2023,2023,Dec,Dec,Qtr4,4,49,5,M,12,1,,,Completed,,,44928,44995,NOT YTD,46094,NOT Today,NO,NO,NO,0,67,2026,0
12/5/2023,2023,2023,Dec,Dec,Qtr4,5,49,5,T,12,2,,,Completed,,,44928,44995,NOT YTD,46094,NOT Today,NO,NO,NO,0,67,2026,0
12/6/2023,2023,2023,Dec,Dec,Qtr4,6,49,5,W,12,3,,,Completed,,,44928,44995,NOT YTD,46094,NOT Today,NO,NO,NO,0,67,2026,0
12/7/2023,2023,2023,Dec,Dec,Qtr4,7,49,5,TH,12,4,,,Completed,,,44928,44995,NOT YTD,46094,NOT Today,NO,NO,NO,0,67,2026,0
12/8/2023,2023,2023,Dec,Dec,Qtr4,8,49,5,F,12,5,,,Completed,,,44928,44995,NOT YTD,46094,NOT Today,NO,NO,NO,0,67,2026,0
12/9/2023,2023,2023,Dec,Dec,Qtr4,9,49,5,S,12,6,,,Completed,,,44928,44995,NOT YTD,46094,NOT Today,NO,NO,NO,0,67,2026,0
12/10/2023,2023,2023,Dec,Dec,Qtr4,10,49,5,SU,12,7,,,Completed,,,44928,44995,NOT YTD,46094,NOT Today,NO,NO,NO,0,67,2026,0
12/11/2023,2023,2023,Dec,Dec,Qtr4,11,50,5,M,12,1,,,Completed,,,44928,44995,NOT YTD,46094,NOT Today,NO,NO,NO,0,67,2026,0
12/12/2023,2023,2023,Dec,Dec,Qtr4,12,50,5,T,12,2,,,Completed,,,44928,44995,NOT YTD,46094,NOT Today,NO,NO,NO,0,67,2026,0
12/13/2023,2023,2023,Dec,Dec,Qtr4,13,50,5,W,12,3,,,Completed,,,44928,44995,NOT YTD,46094,NOT Today,NO,NO,NO,0,67,2026,0
12/14/2023,2023,2023,Dec,Dec,Qtr4,14,50,5,TH,12,4,,,Completed,,,44928,44995,NOT YTD,46094,NOT Today,NO,NO,NO,0,67,2026,0
12/15/2023,2023,2023,Dec,Dec,Qtr4,15,50,5,F,12,5,,,Completed,,,44928,44995,NOT YTD,46094,NOT Today,NO,NO,NO,0,67,2026,0
12/16/2023,2023,2023,Dec,Dec,Qtr4,16,50,5,S,12,6,,,Completed,,,44928,44995,NOT YTD,46094,NOT Today,NO,NO,NO,0,67,2026,0
12/17/2023,2023,2023,Dec,Dec,Qtr4,17,50,5,SU,12,7,,,Completed,,,44928,44995,NOT YTD,46094,NOT Today,NO,NO,NO,0,67,2026,0
12/18/2023,2023,2023,Dec,Dec,Qtr4,18,51,5,M,12,1,,,Completed,,,44928,44995,NOT YTD,46094,NOT Today,NO,NO,NO,0,67,2026,0
12/19/2023,2023,2023,Dec,Dec,Qtr4,19,51,5,T,12,2,,,Completed,,,44928,44995,NOT YTD,46094,NOT Today,NO,NO,NO,0,67,2026,0
12/20/2023,2023,2023,Dec,Dec,Qtr4,20,51,5,W,12,3,,,Completed,,,44928,44995,NOT YTD,46094,NOT Today,NO,NO,NO,0,67,2026,0
12/21/2023,2023,2023,Dec,Dec,Qtr4,21,51,5,TH,12,4,,,Completed,,,44928,44995,NOT YTD,46094,NOT Today,NO,NO,NO,0,67,2026,0
12/22/2023,2023,2023,Dec,Dec,Qtr4,22,51,5,F,12,5,,,Completed,,,44928,44995,NOT YTD,46094,NOT Today,NO,NO,NO,0,67,2026,0
12/23/2023,2023,2023,Dec,Dec,Qtr4,23,51,5,S,12,6,,,Completed,,,44928,44995,NOT YTD,46094,NOT Today,NO,NO,NO,0,67,2026,0
12/24/2023,2023,2023,Dec,Dec,Qtr4,24,51,5,SU,12,7,,,Completed,,,44928,44995,NOT YTD,46094,NOT Today,NO,NO,NO,0,67,2026,0
12/25/2023,2023,2023,Dec,Dec,Qtr4,25,52,5,M,12,1,,,Completed,,,44928,44995,NOT YTD,46094,NOT Today,NO,NO,NO,0,67,2026,0
12/26/2023,2023,2023,Dec,Dec,Qtr4,26,52,5,T,12,2,,,Completed,,,44928,44995,NOT YTD,46094,NOT Today,NO,NO,NO,0,67,2026,0
12/27/2023,2023,2023,Dec,Dec,Qtr4,27,52,5,W,12,3,,,Completed,,,44928,44995,NOT YTD,46094,NOT Today,NO,NO,NO,0,67,2026,0
12/28/2023,2023,2023,Dec,Dec,Qtr4,28,52,5,TH,12,4,,,Completed,,,44928,44995,NOT YTD,46094,NOT Today,NO,NO,NO,0,67,2026,0
12/29/2023,2023,2023,Dec,Dec,Qtr4,29,52,5,F,12,5,,,Completed,,,44928,44995,NOT YTD,46094,NOT Today,NO,NO,NO,0,67,2026,0
12/30/2023,2023,2023,Dec,Dec,Qtr4,30,52,5,S,12,6,,,Completed,,,44928,44995,NOT YTD,46094,NOT Today,NO,NO,NO,0,67,2026,0
12/31/2023,2023,2023,Dec,Dec,Qtr4,31,52,5,SU,12,7,,,Completed,,,44928,44995,NOT YTD,46094,NOT Today,NO,NO,NO,0,67,2026,0
8/30/2021,2021,2021,Aug,Sep,Qtr3,30,35,5,M,9,1,,,Completed,,,44200,44267,NOT YTD,46094,NOT Today,NO,NO,NO,0,67,2026,0
8/31/2021,2021,2021,Aug,Sep,Qtr3,31,35,5,T,9,2,,,Completed,,,44200,44267,NOT YTD,46094,NOT Today,NO,NO,NO,0,67,2026,0
10/1/2021,2021,2021,Oct,Sep,Qtr3,1,39,5,F,9,5,,,Completed,,,44200,44267,NOT YTD,46094,NOT Today,NO,NO,NO,0,67,2026,0
10/2/2021,2021,2021,Oct,Sep,Qtr3,2,39,5,S,9,6,,,Completed,,,44200,44267,NOT YTD,46094,NOT Today,NO,NO,NO,0,67,2026,0
10/3/2021,2021,2021,Oct,Sep,Qtr3,3,39,5,SU,9,7,,,Completed,,,44200,44267,NOT YTD,46094,NOT Today,NO,NO,NO,0,67,2026,0
8/29/2022,2022,2022,Aug,Sep,Qtr3,29,35,5,M,9,1,,,Completed,,,44564,44631,NOT YTD,46094,NOT Today,NO,NO,NO,0,67,2026,0
8/30/2022,2022,2022,Aug,Sep,Qtr3,30,35,5,T,9,2,,,Completed,,,44564,44631,NOT YTD,46094,NOT Today,NO,NO,NO,0,67,2026,0
8/31/2022,2022,2022,Aug,Sep,Qtr3,31,35,5,W,9,3,,,Completed,,,44564,44631,NOT YTD,46094,NOT Today,NO,NO,NO,0,67,2026,0
10/1/2022,2022,2022,Oct,Sep,Qtr3,1,39,5,S,9,6,,,Completed,,,44564,44631,NOT YTD,46094,NOT Today,NO,NO,NO,0,67,2026,0
10/2/2022,2022,2022,Oct,Sep,Qtr3,2,39,5,SU,9,7,,,Completed,,,44564,44631,NOT YTD,46094,NOT Today,NO,NO,NO,0,67,2026,0
8/28/2023,2023,2023,Aug,Sep,Qtr3,28,35,5,M,9,1,,,Completed,,,44928,44995,NOT YTD,46094,NOT Today,NO,NO,NO,0,67,2026,0
8/29/2023,2023,2023,Aug,Sep,Qtr3,29,35,5,T,9,2,,,Completed,,,44928,44995,NOT YTD,46094,NOT Today,NO,NO,NO,0,67,2026,0
8/30/2023,2023,2023,Aug,Sep,Qtr3,30,35,5,W,9,3,,,Completed,,,44928,44995,NOT YTD,46094,NOT Today,NO,NO,NO,0,67,2026,0
8/31/2023,2023,2023,Aug,Sep,Qtr3,31,35,5,TH,9,4,,,Completed,,,44928,44995,NOT YTD,46094,NOT Today,NO,NO,NO,0,67,2026,0
10/1/2023,2023,2023,Oct,Sep,Qtr3,1,39,5,SU,9,7,,,Completed,,,44928,44995,NOT YTD,46094,NOT Today,NO,NO,NO,0,67,2026,0
8/25/2025,2025,2025,Aug,Sep,Qtr3,25,35,5,M,9,1,,,Completed,Trailing 12 Months,,45656,45723,NOT YTD,46094,NOT Today,NO,NO,Trailing 12 Months,0,67,2026,0
8/26/2025,2025,2025,Aug,Sep,Qtr3,26,35,5,T,9,2,,,Completed,Trailing 12 Months,,45656,45723,NOT YTD,46094,NOT Today,NO,NO,Trailing 12 Months,0,67,2026,0
8/27/2025,2025,2025,Aug,Sep,Qtr3,27,35,5,W,9,3,,,Completed,Trailing 12 Months,,45656,45723,NOT YTD,46094,NOT Today,NO,NO,Trailing 12 Months,0,67,2026,0
8/28/2025,2025,2025,Aug,Sep,Qtr3,28,35,5,TH,9,4,,,Completed,Trailing 12 Months,,45656,45723,NOT YTD,46094,NOT Today,NO,NO,Trailing 12 Months,0,67,2026,0
8/29/2025,2025,2025,Aug,Sep,Qtr3,29,35,5,F,9,5,,,Completed,Trailing 12 Months,,45656,45723,NOT YTD,46094,NOT Today,NO,NO,Trailing 12 Months,0,67,2026,0
8/30/2025,2025,2025,Aug,Sep,Qtr3,30,35,5,S,9,6,,,Completed,Trailing 12 Months,,45656,45723,NOT YTD,46094,NOT Today,NO,NO,Trailing 12 Months,0,67,2026,0
8/31/2025,2025,2025,Aug,Sep,Qtr3,31,35,5,SU,9,7,,,Completed,Trailing 12 Months,,45656,45723,NOT YTD,46094,NOT Today,NO,NO,Trailing 12 Months,0,67,2026,0
8/31/2026,2026,2026,Aug,Sep,Qtr3,31,35,5,M,9,1,,,,,,46027,46094,NOT YTD,46094,NOT Today,NO,NO,NO,67,67,2026,0
10/1/2026,2026,2026,Oct,Sep,Qtr3,1,39,5,TH,9,4,,,,,,46027,46094,NOT YTD,46094,NOT Today,NO,NO,NO,67,67,2026,0
10/2/2026,2026,2026,Oct,Sep,Qtr3,2,39,5,F,9,5,,,,,,46027,46094,NOT YTD,46094,NOT Today,NO,NO,NO,67,67,2026,0
10/3/2026,2026,2026,Oct,Sep,Qtr3,3,39,5,S,9,6,,,,,,46027,46094,NOT YTD,46094,NOT Today,NO,NO,NO,67,67,2026,0
10/4/2026,2026,2026,Oct,Sep,Qtr3,4,39,5,SU,9,7,,,,,,46027,46094,NOT YTD,46094,NOT Today,NO,NO,NO,67,67,2026,0
9/1/2025,2025,2025,Sep,Sep,Qtr3,1,36,5,M,9,1,,,Completed,Trailing 12 Months,,45656,45723,NOT YTD,46094,NOT Today,NO,NO,Trailing 12 Months,0,67,2026,0
9/2/2025,2025,2025,Sep,Sep,Qtr3,2,36,5,T,9,2,,,Completed,Trailing 12 Months,,45656,45723,NOT YTD,46094,NOT Today,NO,NO,Trailing 12 Months,0,67,2026,0
9/3/2025,2025,2025,Sep,Sep,Qtr3,3,36,5,W,9,3,,,Completed,Trailing 12 Months,,45656,45723,NOT YTD,46094,NOT Today,NO,NO,Trailing 12 Months,0,67,2026,0
9/4/2025,2025,2025,Sep,Sep,Qtr3,4,36,5,TH,9,4,,,Completed,Trailing 12 Months,,45656,45723,NOT YTD,46094,NOT Today,NO,NO,Trailing 12 Months,0,67,2026,0
9/5/2025,2025,2025,Sep,Sep,Qtr3,5,36,5,F,9,5,,,Completed,Trailing 12 Months,,45656,45723,NOT YTD,46094,NOT Today,NO,NO,Trailing 12 Months,0,67,2026,0
9/6/2025,2025,2025,Sep,Sep,Qtr3,6,36,5,S,9,6,,,Completed,Trailing 12 Months,,45656,45723,NOT YTD,46094,NOT Today,NO,NO,Trailing 12 Months,0,67,2026,0
9/7/2025,2025,2025,Sep,Sep,Qtr3,7,36,5,SU,9,7,,,Completed,Trailing 12 Months,,45656,45723,NOT YTD,46094,NOT Today,NO,NO,Trailing 12 Months,0,67,2026,0
9/8/2025,2025,2025,Sep,Sep,Qtr3,8,37,5,M,9,1,,,Completed,Trailing 12 Months,,45656,45723,NOT YTD,46094,NOT Today,NO,NO,Trailing 12 Months,0,67,2026,0
9/9/2025,2025,2025,Sep,Sep,Qtr3,9,37,5,T,9,2,,,Completed,Trailing 12 Months,,45656,45723,NOT YTD,46094,NOT Today,NO,NO,Trailing 12 Months,0,67,2026,0
9/10/2025,2025,2025,Sep,Sep,Qtr3,10,37,5,W,9,3,,,Completed,Trailing 12 Months,,45656,45723,NOT YTD,46094,NOT Today,NO,NO,Trailing 12 Months,0,67,2026,0
9/11/2025,2025,2025,Sep,Sep,Qtr3,11,37,5,TH,9,4,,,Completed,Trailing 12 Months,,45656,45723,NOT YTD,46094,NOT Today,NO,NO,Trailing 12 Months,0,67,2026,0
9/12/2025,2025,2025,Sep,Sep,Qtr3,12,37,5,F,9,5,,,Completed,Trailing 12 Months,,45656,45723,NOT YTD,46094,NOT Today,NO,Trailing 6 Months,Trailing 12 Months,0,67,2026,0
9/13/2025,2025,2025,Sep,Sep,Qtr3,13,37,5,S,9,6,,,Completed,Trailing 12 Months,,45656,45723,NOT YTD,46094,NOT Today,NO,Trailing 6 Months,Trailing 12 Months,0,67,2026,0
9/14/2025,2025,2025,Sep,Sep,Qtr3,14,37,5,SU,9,7,,,Completed,Trailing 12 Months,,45656,45723,NOT YTD,46094,NOT Today,NO,Trailing 6 Months,Trailing 12 Months,0,67,2026,0
9/15/2025,2025,2025,Sep,Sep,Qtr3,15,38,5,M,9,1,,,Completed,Trailing 12 Months,,45656,45723,NOT YTD,46094,NOT Today,NO,Trailing 6 Months,Trailing 12 Months,0,67,2026,0
9/16/2025,2025,2025,Sep,Sep,Qtr3,16,38,5,T,9,2,,,Completed,Trailing 12 Months,,45656,45723,NOT YTD,46094,NOT Today,NO,Trailing 6 Months,Trailing 12 Months,0,67,2026,0
9/17/2025,2025,2025,Sep,Sep,Qtr3,17,38,5,W,9,3,,,Completed,Trailing 12 Months,,45656,45723,NOT YTD,46094,NOT Today,NO,Trailing 6 Months,Trailing 12 Months,0,67,2026,0
9/18/2025,2025,2025,Sep,Sep,Qtr3,18,38,5,TH,9,4,,,Completed,Trailing 12 Months,,45656,45723,NOT YTD,46094,NOT Today,NO,Trailing 6 Months,Trailing 12 Months,0,67,2026,0
9/19/2025,2025,2025,Sep,Sep,Qtr3,19,38,5,F,9,5,,,Completed,Trailing 12 Months,,45656,45723,NOT YTD,46094,NOT Today,NO,Trailing 6 Months,Trailing 12 Months,0,67,2026,0
9/20/2025,2025,2025,Sep,Sep,Qtr3,20,38,5,S,9,6,,,Completed,Trailing 12 Months,,45656,45723,NOT YTD,46094,NOT Today,NO,Trailing 6 Months,Trailing 12 Months,0,67,2026,0
9/21/2025,2025,2025,Sep,Sep,Qtr3,21,38,5,SU,9,7,,,Completed,Trailing 12 Months,,45656,45723,NOT YTD,46094,NOT Today,NO,Trailing 6 Months,Trailing 12 Months,0,67,2026,0
9/22/2025,2025,2025,Sep,Sep,Qtr3,22,39,5,M,9,1,,,Completed,Trailing 12 Months,,45656,45723,NOT YTD,46094,NOT Today,NO,Trailing 6 Months,Trailing 12 Months,0,67,2026,0
9/23/2025,2025,2025,Sep,Sep,Qtr3,23,39,5,T,9,2,,,Completed,Trailing 12 Months,,45656,45723,NOT YTD,46094,NOT Today,NO,Trailing 6 Months,Trailing 12 Months,0,67,2026,0
9/24/2025,2025,2025,Sep,Sep,Qtr3,24,39,5,W,9,3,,,Completed,Trailing 12 Months,,45656,45723,NOT YTD,46094,NOT Today,NO,Trailing 6 Months,Trailing 12 Months,0,67,2026,0
9/25/2025,2025,2025,Sep,Sep,Qtr3,25,39,5,TH,9,4,,,Completed,Trailing 12 Months,,45656,45723,NOT YTD,46094,NOT Today,NO,Trailing 6 Months,Trailing 12 Months,0,67,2026,0
9/26/2025,2025,2025,Sep,Sep,Qtr3,26,39,5,F,9,5,,,Completed,Trailing 12 Months,,45656,45723,NOT YTD,46094,NOT Today,NO,Trailing 6 Months,Trailing 12 Months,0,67,2026,0
9/27/2025,2025,2025,Sep,Sep,Qtr3,27,39,5,S,9,6,,,Completed,Trailing 12 Months,,45656,45723,NOT YTD,46094,NOT Today,NO,Trailing 6 Months,Trailing 12 Months,0,67,2026,0
9/28/2025,2025,2025,Sep,Sep,Qtr3,28,39,5,SU,9,7,,,Completed,Trailing 12 Months,,45656,45723,NOT YTD,46094,NOT Today,NO,Trailing 6 Months,Trailing 12 Months,0,67,2026,0
9/1/2026,2026,2026,Sep,Sep,Qtr3,1,35,5,T,9,2,,,,,,46027,46094,NOT YTD,46094,NOT Today,NO,NO,NO,67,67,2026,0
9/2/2026,2026,2026,Sep,Sep,Qtr3,2,35,5,W,9,3,,,,,,46027,46094,NOT YTD,46094,NOT Today,NO,NO,NO,67,67,2026,0
9/3/2026,2026,2026,Sep,Sep,Qtr3,3,35,5,TH,9,4,,,,,,46027,46094,NOT YTD,46094,NOT Today,NO,NO,NO,67,67,2026,0
9/4/2026,2026,2026,Sep,Sep,Qtr3,4,35,5,F,9,5,,,,,,46027,46094,NOT YTD,46094,NOT Today,NO,NO,NO,67,67,2026,0
9/5/2026,2026,2026,Sep,Sep,Qtr3,5,35,5,S,9,6,,,,,,46027,46094,NOT YTD,46094,NOT Today,NO,NO,NO,67,67,2026,0
9/6/2026,2026,2026,Sep,Sep,Qtr3,6,35,5,SU,9,7,,,,,,46027,46094,NOT YTD,46094,NOT Today,NO,NO,NO,67,67,2026,0
9/7/2026,2026,2026,Sep,Sep,Qtr3,7,36,5,M,9,1,,,,,,46027,46094,NOT YTD,46094,NOT Today,NO,NO,NO,67,67,2026,0
9/8/2026,2026,2026,Sep,Sep,Qtr3,8,36,5,T,9,2,,,,,,46027,46094,NOT YTD,46094,NOT Today,NO,NO,NO,67,67,2026,0
9/9/2026,2026,2026,Sep,Sep,Qtr3,9,36,5,W,9,3,,,,,,46027,46094,NOT YTD,46094,NOT Today,NO,NO,NO,67,67,2026,0
9/10/2026,2026,2026,Sep,Sep,Qtr3,10,36,5,TH,9,4,,,,,,46027,46094,NOT YTD,46094,NOT Today,NO,NO,NO,67,67,2026,0
9/11/2026,2026,2026,Sep,Sep,Qtr3,11,36,5,F,9,5,,,,,,46027,46094,NOT YTD,46094,NOT Today,NO,NO,NO,67,67,2026,0
9/12/2026,2026,2026,Sep,Sep,Qtr3,12,36,5,S,9,6,,,,,,46027,46094,NOT YTD,46094,NOT Today,NO,NO,NO,67,67,2026,0
9/13/2026,2026,2026,Sep,Sep,Qtr3,13,36,5,SU,9,7,,,,,,46027,46094,NOT YTD,46094,NOT Today,NO,NO,NO,67,67,2026,0
9/14/2026,2026,2026,Sep,Sep,Qtr3,14,37,5,M,9,1,,,,,,46027,46094,NOT YTD,46094,NOT Today,NO,NO,NO,67,67,2026,0
9/15/2026,2026,2026,Sep,Sep,Qtr3,15,37,5,T,9,2,,,,,,46027,46094,NOT YTD,46094,NOT Today,NO,NO,NO,67,67,2026,0
9/16/2026,2026,2026,Sep,Sep,Qtr3,16,37,5,W,9,3,,,,,,46027,46094,NOT YTD,46094,NOT Today,NO,NO,NO,67,67,2026,0
9/17/2026,2026,2026,Sep,Sep,Qtr3,17,37,5,TH,9,4,,,,,,46027,46094,NOT YTD,46094,NOT Today,NO,NO,NO,67,67,2026,0
9/18/2026,2026,2026,Sep,Sep,Qtr3,18,37,5,F,9,5,,,,,,46027,46094,NOT YTD,46094,NOT Today,NO,NO,NO,67,67,2026,0
9/19/2026,2026,2026,Sep,Sep,Qtr3,19,37,5,S,9,6,,,,,,46027,46094,NOT YTD,46094,NOT Today,NO,NO,NO,67,67,2026,0
9/20/2026,2026,2026,Sep,Sep,Qtr3,20,37,5,SU,9,7,,,,,,46027,46094,NOT YTD,46094,NOT Today,NO,NO,NO,67,67,2026,0
9/21/2026,2026,2026,Sep,Sep,Qtr3,21,38,5,M,9,1,,,,,,46027,46094,NOT YTD,46094,NOT Today,NO,NO,NO,67,67,2026,0
9/22/2026,2026,2026,Sep,Sep,Qtr3,22,38,5,T,9,2,,,,,,46027,46094,NOT YTD,46094,NOT Today,NO,NO,NO,67,67,2026,0
9/23/2026,2026,2026,Sep,Sep,Qtr3,23,38,5,W,9,3,,,,,,46027,46094,NOT YTD,46094,NOT Today,NO,NO,NO,67,67,2026,0
9/24/2026,2026,2026,Sep,Sep,Qtr3,24,38,5,TH,9,4,,,,,,46027,46094,NOT YTD,46094,NOT Today,NO,NO,NO,67,67,2026,0
9/25/2026,2026,2026,Sep,Sep,Qtr3,25,38,5,F,9,5,,,,,,46027,46094,NOT YTD,46094,NOT Today,NO,NO,NO,67,67,2026,0
9/26/2026,2026,2026,Sep,Sep,Qtr3,26,38,5,S,9,6,,,,,,46027,46094,NOT YTD,46094,NOT Today,NO,NO,NO,67,67,2026,0
9/27/2026,2026,2026,Sep,Sep,Qtr3,27,38,5,SU,9,7,,,,,,46027,46094,NOT YTD,46094,NOT Today,NO,NO,NO,67,67,2026,0
9/28/2026,2026,2026,Sep,Sep,Qtr3,28,39,5,M,9,1,,,,,,46027,46094,NOT YTD,46094,NOT Today,NO,NO,NO,67,67,2026,0
9/29/2026,2026,2026,Sep,Sep,Qtr3,29,39,5,T,9,2,,,,,,46027,46094,NOT YTD,46094,NOT Today,NO,NO,NO,67,67,2026,0
9/30/2026,2026,2026,Sep,Sep,Qtr3,30,39,5,W,9,3,,,,,,46027,46094,NOT YTD,46094,NOT Today,NO,NO,NO,67,67,2026,0
9/1/2021,2021,2021,Sep,Sep,Qtr3,1,35,5,W,9,3,,,Completed,,,44200,44267,NOT YTD,46094,NOT Today,NO,NO,NO,0,67,2026,0
9/2/2021,2021,2021,Sep,Sep,Qtr3,2,35,5,TH,9,4,,,Completed,,,44200,44267,NOT YTD,46094,NOT Today,NO,NO,NO,0,67,2026,0
9/3/2021,2021,2021,Sep,Sep,Qtr3,3,35,5,F,9,5,,,Completed,,,44200,44267,NOT YTD,46094,NOT Today,NO,NO,NO,0,67,2026,0
9/4/2021,2021,2021,Sep,Sep,Qtr3,4,35,5,S,9,6,,,Completed,,,44200,44267,NOT YTD,46094,NOT Today,NO,NO,NO,0,67,2026,0
9/5/2021,2021,2021,Sep,Sep,Qtr3,5,35,5,SU,9,7,,,Completed,,,44200,44267,NOT YTD,46094,NOT Today,NO,NO,NO,0,67,2026,0
9/6/2021,2021,2021,Sep,Sep,Qtr3,6,36,5,M,9,1,,,Completed,,,44200,44267,NOT YTD,46094,NOT Today,NO,NO,NO,0,67,2026,0
9/7/2021,2021,2021,Sep,Sep,Qtr3,7,36,5,T,9,2,,,Completed,,,44200,44267,NOT YTD,46094,NOT Today,NO,NO,NO,0,67,2026,0
9/8/2021,2021,2021,Sep,Sep,Qtr3,8,36,5,W,9,3,,,Completed,,,44200,44267,NOT YTD,46094,NOT Today,NO,NO,NO,0,67,2026,0
9/9/2021,2021,2021,Sep,Sep,Qtr3,9,36,5,TH,9,4,,,Completed,,,44200,44267,NOT YTD,46094,NOT Today,NO,NO,NO,0,67,2026,0
9/10/2021,2021,2021,Sep,Sep,Qtr3,10,36,5,F,9,5,,,Completed,,,44200,44267,NOT YTD,46094,NOT Today,NO,NO,NO,0,67,2026,0
9/11/2021,2021,2021,Sep,Sep,Qtr3,11,36,5,S,9,6,,,Completed,,,44200,44267,NOT YTD,46094,NOT Today,NO,NO,NO,0,67,2026,0
9/12/2021,2021,2021,Sep,Sep,Qtr3,12,36,5,SU,9,7,,,Completed,,,44200,44267,NOT YTD,46094,NOT Today,NO,NO,NO,0,67,2026,0
9/13/2021,2021,2021,Sep,Sep,Qtr3,13,37,5,M,9,1,,,Completed,,,44200,44267,NOT YTD,46094,NOT Today,NO,NO,NO,0,67,2026,0
9/14/2021,2021,2021,Sep,Sep,Qtr3,14,37,5,T,9,2,,,Completed,,,44200,44267,NOT YTD,46094,NOT Today,NO,NO,NO,0,67,2026,0
9/15/2021,2021,2021,Sep,Sep,Qtr3,15,37,5,W,9,3,,,Completed,,,44200,44267,NOT YTD,46094,NOT Today,NO,NO,NO,0,67,2026,0
9/16/2021,2021,2021,Sep,Sep,Qtr3,16,37,5,TH,9,4,,,Completed,,,44200,44267,NOT YTD,46094,NOT Today,NO,NO,NO,0,67,2026,0
9/17/2021,2021,2021,Sep,Sep,Qtr3,17,37,5,F,9,5,,,Completed,,,44200,44267,NOT YTD,46094,NOT Today,NO,NO,NO,0,67,2026,0
9/18/2021,2021,2021,Sep,Sep,Qtr3,18,37,5,S,9,6,,,Completed,,,44200,44267,NOT YTD,46094,NOT Today,NO,NO,NO,0,67,2026,0
9/19/2021,2021,2021,Sep,Sep,Qtr3,19,37,5,SU,9,7,,,Completed,,,44200,44267,NOT YTD,46094,NOT Today,NO,NO,NO,0,67,2026,0
9/20/2021,2021,2021,Sep,Sep,Qtr3,20,38,5,M,9,1,,,Completed,,,44200,44267,NOT YTD,46094,NOT Today,NO,NO,NO,0,67,2026,0
9/21/2021,2021,2021,Sep,Sep,Qtr3,21,38,5,T,9,2,,,Completed,,,44200,44267,NOT YTD,46094,NOT Today,NO,NO,NO,0,67,2026,0
9/22/2021,2021,2021,Sep,Sep,Qtr3,22,38,5,W,9,3,,,Completed,,,44200,44267,NOT YTD,46094,NOT Today,NO,NO,NO,0,67,2026,0
9/23/2021,2021,2021,Sep,Sep,Qtr3,23,38,5,TH,9,4,,,Completed,,,44200,44267,NOT YTD,46094,NOT Today,NO,NO,NO,0,67,2026,0
9/24/2021,2021,2021,Sep,Sep,Qtr3,24,38,5,F,9,5,,,Completed,,,44200,44267,NOT YTD,46094,NOT Today,NO,NO,NO,0,67,2026,0
9/25/2021,2021,2021,Sep,Sep,Qtr3,25,38,5,S,9,6,,,Completed,,,44200,44267,NOT YTD,46094,NOT Today,NO,NO,NO,0,67,2026,0
9/26/2021,2021,2021,Sep,Sep,Qtr3,26,38,5,SU,9,7,,,Completed,,,44200,44267,NOT YTD,46094,NOT Today,NO,NO,NO,0,67,2026,0
9/27/2021,2021,2021,Sep,Sep,Qtr3,27,39,5,M,9,1,,,Completed,,,44200,44267,NOT YTD,46094,NOT Today,NO,NO,NO,0,67,2026,0
9/28/2021,2021,2021,Sep,Sep,Qtr3,28,39,5,T,9,2,,,Completed,,,44200,44267,NOT YTD,46094,NOT Today,NO,NO,NO,0,67,2026,0
9/29/2021,2021,2021,Sep,Sep,Qtr3,29,39,5,W,9,3,,,Completed,,,44200,44267,NOT YTD,46094,NOT Today,NO,NO,NO,0,67,2026,0
9/30/2021,2021,2021,Sep,Sep,Qtr3,30,39,5,TH,9,4,,,Completed,,,44200,44267,NOT YTD,46094,NOT Today,NO,NO,NO,0,67,2026,0
9/1/2022,2022,2022,Sep,Sep,Qtr3,1,35,5,TH,9,4,,,Completed,,,44564,44631,NOT YTD,46094,NOT Today,NO,NO,NO,0,67,2026,0
9/2/2022,2022,2022,Sep,Sep,Qtr3,2,35,5,F,9,5,,,Completed,,,44564,44631,NOT YTD,46094,NOT Today,NO,NO,NO,0,67,2026,0
9/3/2022,2022,2022,Sep,Sep,Qtr3,3,35,5,S,9,6,,,Completed,,,44564,44631,NOT YTD,46094,NOT Today,NO,NO,NO,0,67,2026,0
9/4/2022,2022,2022,Sep,Sep,Qtr3,4,35,5,SU,9,7,,,Completed,,,44564,44631,NOT YTD,46094,NOT Today,NO,NO,NO,0,67,2026,0
9/5/2022,2022,2022,Sep,Sep,Qtr3,5,36,5,M,9,1,,,Completed,,,44564,44631,NOT YTD,46094,NOT Today,NO,NO,NO,0,67,2026,0
9/6/2022,2022,2022,Sep,Sep,Qtr3,6,36,5,T,9,2,,,Completed,,,44564,44631,NOT YTD,46094,NOT Today,NO,NO,NO,0,67,2026,0
9/7/2022,2022,2022,Sep,Sep,Qtr3,7,36,5,W,9,3,,,Completed,,,44564,44631,NOT YTD,46094,NOT Today,NO,NO,NO,0,67,2026,0
9/8/2022,2022,2022,Sep,Sep,Qtr3,8,36,5,TH,9,4,,,Completed,,,44564,44631,NOT YTD,46094,NOT Today,NO,NO,NO,0,67,2026,0
9/9/2022,2022,2022,Sep,Sep,Qtr3,9,36,5,F,9,5,,,Completed,,,44564,44631,NOT YTD,46094,NOT Today,NO,NO,NO,0,67,2026,0
9/10/2022,2022,2022,Sep,Sep,Qtr3,10,36,5,S,9,6,,,Completed,,,44564,44631,NOT YTD,46094,NOT Today,NO,NO,NO,0,67,2026,0
9/11/2022,2022,2022,Sep,Sep,Qtr3,11,36,5,SU,9,7,,,Completed,,,44564,44631,NOT YTD,46094,NOT Today,NO,NO,NO,0,67,2026,0
9/12/2022,2022,2022,Sep,Sep,Qtr3,12,37,5,M,9,1,,,Completed,,,44564,44631,NOT YTD,46094,NOT Today,NO,NO,NO,0,67,2026,0
9/13/2022,2022,2022,Sep,Sep,Qtr3,13,37,5,T,9,2,,,Completed,,,44564,44631,NOT YTD,46094,NOT Today,NO,NO,NO,0,67,2026,0
9/14/2022,2022,2022,Sep,Sep,Qtr3,14,37,5,W,9,3,,,Completed,,,44564,44631,NOT YTD,46094,NOT Today,NO,NO,NO,0,67,2026,0
9/15/2022,2022,2022,Sep,Sep,Qtr3,15,37,5,TH,9,4,,,Completed,,,44564,44631,NOT YTD,46094,NOT Today,NO,NO,NO,0,67,2026,0
9/16/2022,2022,2022,Sep,Sep,Qtr3,16,37,5,F,9,5,,,Completed,,,44564,44631,NOT YTD,46094,NOT Today,NO,NO,NO,0,67,2026,0
9/17/2022,2022,2022,Sep,Sep,Qtr3,17,37,5,S,9,6,,,Completed,,,44564,44631,NOT YTD,46094,NOT Today,NO,NO,NO,0,67,2026,0
9/18/2022,2022,2022,Sep,Sep,Qtr3,18,37,5,SU,9,7,,,Completed,,,44564,44631,NOT YTD,46094,NOT Today,NO,NO,NO,0,67,2026,0
9/19/2022,2022,2022,Sep,Sep,Qtr3,19,38,5,M,9,1,,,Completed,,,44564,44631,NOT YTD,46094,NOT Today,NO,NO,NO,0,67,2026,0
9/20/2022,2022,2022,Sep,Sep,Qtr3,20,38,5,T,9,2,,,Completed,,,44564,44631,NOT YTD,46094,NOT Today,NO,NO,NO,0,67,2026,0
9/21/2022,2022,2022,Sep,Sep,Qtr3,21,38,5,W,9,3,,,Completed,,,44564,44631,NOT YTD,46094,NOT Today,NO,NO,NO,0,67,2026,0
9/22/2022,2022,2022,Sep,Sep,Qtr3,22,38,5,TH,9,4,,,Completed,,,44564,44631,NOT YTD,46094,NOT Today,NO,NO,NO,0,67,2026,0
9/23/2022,2022,2022,Sep,Sep,Qtr3,23,38,5,F,9,5,,,Completed,,,44564,44631,NOT YTD,46094,NOT Today,NO,NO,NO,0,67,2026,0
9/24/2022,2022,2022,Sep,Sep,Qtr3,24,38,5,S,9,6,,,Completed,,,44564,44631,NOT YTD,46094,NOT Today,NO,NO,NO,0,67,2026,0
9/25/2022,2022,2022,Sep,Sep,Qtr3,25,38,5,SU,9,7,,,Completed,,,44564,44631,NOT YTD,46094,NOT Today,NO,NO,NO,0,67,2026,0
9/26/2022,2022,2022,Sep,Sep,Qtr3,26,39,5,M,9,1,,,Completed,,,44564,44631,NOT YTD,46094,NOT Today,NO,NO,NO,0,67,2026,0
9/27/2022,2022,2022,Sep,Sep,Qtr3,27,39,5,T,9,2,,,Completed,,,44564,44631,NOT YTD,46094,NOT Today,NO,NO,NO,0,67,2026,0
9/28/2022,2022,2022,Sep,Sep,Qtr3,28,39,5,W,9,3,,,Completed,,,44564,44631,NOT YTD,46094,NOT Today,NO,NO,NO,0,67,2026,0
9/29/2022,2022,2022,Sep,Sep,Qtr3,29,39,5,TH,9,4,,,Completed,,,44564,44631,NOT YTD,46094,NOT Today,NO,NO,NO,0,67,2026,0
9/30/2022,2022,2022,Sep,Sep,Qtr3,30,39,5,F,9,5,,,Completed,,,44564,44631,NOT YTD,46094,NOT Today,NO,NO,NO,0,67,2026,0
9/1/2023,2023,2023,Sep,Sep,Qtr3,1,35,5,F,9,5,,,Completed,,,44928,44995,NOT YTD,46094,NOT Today,NO,NO,NO,0,67,2026,0
9/2/2023,2023,2023,Sep,Sep,Qtr3,2,35,5,S,9,6,,,Completed,,,44928,44995,NOT YTD,46094,NOT Today,NO,NO,NO,0,67,2026,0
9/3/2023,2023,2023,Sep,Sep,Qtr3,3,35,5,SU,9,7,,,Completed,,,44928,44995,NOT YTD,46094,NOT Today,NO,NO,NO,0,67,2026,0
9/4/2023,2023,2023,Sep,Sep,Qtr3,4,36,5,M,9,1,,,Completed,,,44928,44995,NOT YTD,46094,NOT Today,NO,NO,NO,0,67,2026,0
9/5/2023,2023,2023,Sep,Sep,Qtr3,5,36,5,T,9,2,,,Completed,,,44928,44995,NOT YTD,46094,NOT Today,NO,NO,NO,0,67,2026,0
9/6/2023,2023,2023,Sep,Sep,Qtr3,6,36,5,W,9,3,,,Completed,,,44928,44995,NOT YTD,46094,NOT Today,NO,NO,NO,0,67,2026,0
9/7/2023,2023,2023,Sep,Sep,Qtr3,7,36,5,TH,9,4,,,Completed,,,44928,44995,NOT YTD,46094,NOT Today,NO,NO,NO,0,67,2026,0
9/8/2023,2023,2023,Sep,Sep,Qtr3,8,36,5,F,9,5,,,Completed,,,44928,44995,NOT YTD,46094,NOT Today,NO,NO,NO,0,67,2026,0
9/9/2023,2023,2023,Sep,Sep,Qtr3,9,36,5,S,9,6,,,Completed,,,44928,44995,NOT YTD,46094,NOT Today,NO,NO,NO,0,67,2026,0
9/10/2023,2023,2023,Sep,Sep,Qtr3,10,36,5,SU,9,7,,,Completed,,,44928,44995,NOT YTD,46094,NOT Today,NO,NO,NO,0,67,2026,0
9/11/2023,2023,2023,Sep,Sep,Qtr3,11,37,5,M,9,1,,,Completed,,,44928,44995,NOT YTD,46094,NOT Today,NO,NO,NO,0,67,2026,0
9/12/2023,2023,2023,Sep,Sep,Qtr3,12,37,5,T,9,2,,,Completed,,,44928,44995,NOT YTD,46094,NOT Today,NO,NO,NO,0,67,2026,0
9/13/2023,2023,2023,Sep,Sep,Qtr3,13,37,5,W,9,3,,,Completed,,,44928,44995,NOT YTD,46094,NOT Today,NO,NO,NO,0,67,2026,0
9/14/2023,2023,2023,Sep,Sep,Qtr3,14,37,5,TH,9,4,,,Completed,,,44928,44995,NOT YTD,46094,NOT Today,NO,NO,NO,0,67,2026,0
9/15/2023,2023,2023,Sep,Sep,Qtr3,15,37,5,F,9,5,,,Completed,,,44928,44995,NOT YTD,46094,NOT Today,NO,NO,NO,0,67,2026,0
9/16/2023,2023,2023,Sep,Sep,Qtr3,16,37,5,S,9,6,,,Completed,,,44928,44995,NOT YTD,46094,NOT Today,NO,NO,NO,0,67,2026,0
9/17/2023,2023,2023,Sep,Sep,Qtr3,17,37,5,SU,9,7,,,Completed,,,44928,44995,NOT YTD,46094,NOT Today,NO,NO,NO,0,67,2026,0
9/18/2023,2023,2023,Sep,Sep,Qtr3,18,38,5,M,9,1,,,Completed,,,44928,44995,NOT YTD,46094,NOT Today,NO,NO,NO,0,67,2026,0
9/19/2023,2023,2023,Sep,Sep,Qtr3,19,38,5,T,9,2,,,Completed,,,44928,44995,NOT YTD,46094,NOT Today,NO,NO,NO,0,67,2026,0
9/20/2023,2023,2023,Sep,Sep,Qtr3,20,38,5,W,9,3,,,Completed,,,44928,44995,NOT YTD,46094,NOT Today,NO,NO,NO,0,67,2026,0
9/21/2023,2023,2023,Sep,Sep,Qtr3,21,38,5,TH,9,4,,,Completed,,,44928,44995,NOT YTD,46094,NOT Today,NO,NO,NO,0,67,2026,0
9/22/2023,2023,2023,Sep,Sep,Qtr3,22,38,5,F,9,5,,,Completed,,,44928,44995,NOT YTD,46094,NOT Today,NO,NO,NO,0,67,2026,0
9/23/2023,2023,2023,Sep,Sep,Qtr3,23,38,5,S,9,6,,,Completed,,,44928,44995,NOT YTD,46094,NOT Today,NO,NO,NO,0,67,2026,0
9/24/2023,2023,2023,Sep,Sep,Qtr3,24,38,5,SU,9,7,,,Completed,,,44928,44995,NOT YTD,46094,NOT Today,NO,NO,NO,0,67,2026,0
9/25/2023,2023,2023,Sep,Sep,Qtr3,25,39,5,M,9,1,,,Completed,,,44928,44995,NOT YTD,46094,NOT Today,NO,NO,NO,0,67,2026,0
9/26/2023,2023,2023,Sep,Sep,Qtr3,26,39,5,T,9,2,,,Completed,,,44928,44995,NOT YTD,46094,NOT Today,NO,NO,NO,0,67,2026,0
9/27/2023,2023,2023,Sep,Sep,Qtr3,27,39,5,W,9,3,,,Completed,,,44928,44995,NOT YTD,46094,NOT Today,NO,NO,NO,0,67,2026,0
9/28/2023,2023,2023,Sep,Sep,Qtr3,28,39,5,TH,9,4,,,Completed,,,44928,44995,NOT YTD,46094,NOT Today,NO,NO,NO,0,67,2026,0
9/29/2023,2023,2023,Sep,Sep,Qtr3,29,39,5,F,9,5,,,Completed,,,44928,44995,NOT YTD,46094,NOT Today,NO,NO,NO,0,67,2026,0
9/30/2023,2023,2023,Sep,Sep,Qtr3,30,39,5,S,9,6,,,Completed,,,44928,44995,NOT YTD,46094,NOT Today,NO,NO,NO,0,67,2026,0
6/1/2026,2026,2026,Jun,Jun,Qtr2,1,22,5,M,6,1,,,,,,46027,46094,NOT YTD,46094,NOT Today,NO,NO,NO,67,67,2026,0
6/2/2026,2026,2026,Jun,Jun,Qtr2,2,22,5,T,6,2,,,,,,46027,46094,NOT YTD,46094,NOT Today,NO,NO,NO,67,67,2026,0
6/3/2026,2026,2026,Jun,Jun,Qtr2,3,22,5,W,6,3,,,,,,46027,46094,NOT YTD,46094,NOT Today,NO,NO,NO,67,67,2026,0
6/4/2026,2026,2026,Jun,Jun,Qtr2,4,22,5,TH,6,4,,,,,,46027,46094,NOT YTD,46094,NOT Today,NO,NO,NO,67,67,2026,0
6/5/2026,2026,2026,Jun,Jun,Qtr2,5,22,5,F,6,5,,,,,,46027,46094,NOT YTD,46094,NOT Today,NO,NO,NO,67,67,2026,0
6/6/2026,2026,2026,Jun,Jun,Qtr2,6,22,5,S,6,6,,,,,,46027,46094,NOT YTD,46094,NOT Today,NO,NO,NO,67,67,2026,0
6/7/2026,2026,2026,Jun,Jun,Qtr2,7,22,5,SU,6,7,,,,,,46027,46094,NOT YTD,46094,NOT Today,NO,NO,NO,67,67,2026,0
6/8/2026,2026,2026,Jun,Jun,Qtr2,8,23,5,M,6,1,,,,,,46027,46094,NOT YTD,46094,NOT Today,NO,NO,NO,67,67,2026,0
6/9/2026,2026,2026,Jun,Jun,Qtr2,9,23,5,T,6,2,,,,,,46027,46094,NOT YTD,46094,NOT Today,NO,NO,NO,67,67,2026,0
6/10/2026,2026,2026,Jun,Jun,Qtr2,10,23,5,W,6,3,,,,,,46027,46094,NOT YTD,46094,NOT Today,NO,NO,NO,67,67,2026,0
6/11/2026,2026,2026,Jun,Jun,Qtr2,11,23,5,TH,6,4,,,,,,46027,46094,NOT YTD,46094,NOT Today,NO,NO,NO,67,67,2026,0
6/12/2026,2026,2026,Jun,Jun,Qtr2,12,23,5,F,6,5,,,,,,46027,46094,NOT YTD,46094,NOT Today,NO,NO,NO,67,67,2026,0
6/13/2026,2026,2026,Jun,Jun,Qtr2,13,23,5,S,6,6,,,,,,46027,46094,NOT YTD,46094,NOT Today,NO,NO,NO,67,67,2026,0
6/14/2026,2026,2026,Jun,Jun,Qtr2,14,23,5,SU,6,7,,,,,,46027,46094,NOT YTD,46094,NOT Today,NO,NO,NO,67,67,2026,0
6/15/2026,2026,2026,Jun,Jun,Qtr2,15,24,5,M,6,1,,,,,,46027,46094,NOT YTD,46094,NOT Today,NO,NO,NO,67,67,2026,0
6/16/2026,2026,2026,Jun,Jun,Qtr2,16,24,5,T,6,2,,,,,,46027,46094,NOT YTD,46094,NOT Today,NO,NO,NO,67,67,2026,0
6/17/2026,2026,2026,Jun,Jun,Qtr2,17,24,5,W,6,3,,,,,,46027,46094,NOT YTD,46094,NOT Today,NO,NO,NO,67,67,2026,0
6/18/2026,2026,2026,Jun,Jun,Qtr2,18,24,5,TH,6,4,,,,,,46027,46094,NOT YTD,46094,NOT Today,NO,NO,NO,67,67,2026,0
6/19/2026,2026,2026,Jun,Jun,Qtr2,19,24,5,F,6,5,,,,,,46027,46094,NOT YTD,46094,NOT Today,NO,NO,NO,67,67,2026,0
6/20/2026,2026,2026,Jun,Jun,Qtr2,20,24,5,S,6,6,,,,,,46027,46094,NOT YTD,46094,NOT Today,NO,NO,NO,67,67,2026,0
6/21/2026,2026,2026,Jun,Jun,Qtr2,21,24,5,SU,6,7,,,,,,46027,46094,NOT YTD,46094,NOT Today,NO,NO,NO,67,67,2026,0
6/22/2026,2026,2026,Jun,Jun,Qtr2,22,25,5,M,6,1,,,,,,46027,46094,NOT YTD,46094,NOT Today,NO,NO,NO,67,67,2026,0
6/23/2026,2026,2026,Jun,Jun,Qtr2,23,25,5,T,6,2,,,,,,46027,46094,NOT YTD,46094,NOT Today,NO,NO,NO,67,67,2026,0
6/24/2026,2026,2026,Jun,Jun,Qtr2,24,25,5,W,6,3,,,,,,46027,46094,NOT YTD,46094,NOT Today,NO,NO,NO,67,67,2026,0
6/25/2026,2026,2026,Jun,Jun,Qtr2,25,25,5,TH,6,4,,,,,,46027,46094,NOT YTD,46094,NOT Today,NO,NO,NO,67,67,2026,0
6/26/2026,2026,2026,Jun,Jun,Qtr2,26,25,5,F,6,5,,,,,,46027,46094,NOT YTD,46094,NOT Today,NO,NO,NO,67,67,2026,0
6/27/2026,2026,2026,Jun,Jun,Qtr2,27,25,5,S,6,6,,,,,,46027,46094,NOT YTD,46094,NOT Today,NO,NO,NO,67,67,2026,0
6/28/2026,2026,2026,Jun,Jun,Qtr2,28,25,5,SU,6,7,,,,,,46027,46094,NOT YTD,46094,NOT Today,NO,NO,NO,67,67,2026,0
6/29/2026,2026,2026,Jun,Jun,Qtr2,29,26,5,M,6,1,,,,,,46027,46094,NOT YTD,46094,NOT Today,NO,NO,NO,67,67,2026,0
6/30/2026,2026,2026,Jun,Jun,Qtr2,30,26,5,T,6,2,,,,,,46027,46094,NOT YTD,46094,NOT Today,NO,NO,NO,67,67,2026,0
6/1/2025,2025,2025,Jun,Jun,Qtr2,1,22,5,SU,6,7,,,Completed,Trailing 12 Months,,45656,45723,NOT YTD,46094,NOT Today,NO,NO,Trailing 12 Months,0,67,2026,0
6/2/2025,2025,2025,Jun,Jun,Qtr2,2,23,5,M,6,1,,,Completed,Trailing 12 Months,,45656,45723,NOT YTD,46094,NOT Today,NO,NO,Trailing 12 Months,0,67,2026,0
6/3/2025,2025,2025,Jun,Jun,Qtr2,3,23,5,T,6,2,,,Completed,Trailing 12 Months,,45656,45723,NOT YTD,46094,NOT Today,NO,NO,Trailing 12 Months,0,67,2026,0
6/4/2025,2025,2025,Jun,Jun,Qtr2,4,23,5,W,6,3,,,Completed,Trailing 12 Months,,45656,45723,NOT YTD,46094,NOT Today,NO,NO,Trailing 12 Months,0,67,2026,0
6/5/2025,2025,2025,Jun,Jun,Qtr2,5,23,5,TH,6,4,,,Completed,Trailing 12 Months,,45656,45723,NOT YTD,46094,NOT Today,NO,NO,Trailing 12 Months,0,67,2026,0
6/6/2025,2025,2025,Jun,Jun,Qtr2,6,23,5,F,6,5,,,Completed,Trailing 12 Months,,45656,45723,NOT YTD,46094,NOT Today,NO,NO,Trailing 12 Months,0,67,2026,0
6/7/2025,2025,2025,Jun,Jun,Qtr2,7,23,5,S,6,6,,,Completed,Trailing 12 Months,,45656,45723,NOT YTD,46094,NOT Today,NO,NO,Trailing 12 Months,0,67,2026,0
6/8/2025,2025,2025,Jun,Jun,Qtr2,8,23,5,SU,6,7,,,Completed,Trailing 12 Months,,45656,45723,NOT YTD,46094,NOT Today,NO,NO,Trailing 12 Months,0,67,2026,0
6/9/2025,2025,2025,Jun,Jun,Qtr2,9,24,5,M,6,1,,,Completed,Trailing 12 Months,,45656,45723,NOT YTD,46094,NOT Today,NO,NO,Trailing 12 Months,0,67,2026,0
6/10/2025,2025,2025,Jun,Jun,Qtr2,10,24,5,T,6,2,,,Completed,Trailing 12 Months,,45656,45723,NOT YTD,46094,NOT Today,NO,NO,Trailing 12 Months,0,67,2026,0
6/11/2025,2025,2025,Jun,Jun,Qtr2,11,24,5,W,6,3,,,Completed,Trailing 12 Months,,45656,45723,NOT YTD,46094,NOT Today,NO,NO,Trailing 12 Months,0,67,2026,0
6/12/2025,2025,2025,Jun,Jun,Qtr2,12,24,5,TH,6,4,,,Completed,Trailing 12 Months,,45656,45723,NOT YTD,46094,NOT Today,NO,NO,Trailing 12 Months,0,67,2026,0
6/13/2025,2025,2025,Jun,Jun,Qtr2,13,24,5,F,6,5,,,Completed,Trailing 12 Months,,45656,45723,NOT YTD,46094,NOT Today,NO,NO,Trailing 12 Months,0,67,2026,0
6/14/2025,2025,2025,Jun,Jun,Qtr2,14,24,5,S,6,6,,,Completed,Trailing 12 Months,,45656,45723,NOT YTD,46094,NOT Today,NO,NO,Trailing 12 Months,0,67,2026,0
6/15/2025,2025,2025,Jun,Jun,Qtr2,15,24,5,SU,6,7,,,Completed,Trailing 12 Months,,45656,45723,NOT YTD,46094,NOT Today,NO,NO,Trailing 12 Months,0,67,2026,0
6/16/2025,2025,2025,Jun,Jun,Qtr2,16,25,5,M,6,1,,,Completed,Trailing 12 Months,,45656,45723,NOT YTD,46094,NOT Today,NO,NO,Trailing 12 Months,0,67,2026,0
6/17/2025,2025,2025,Jun,Jun,Qtr2,17,25,5,T,6,2,,,Completed,Trailing 12 Months,,45656,45723,NOT YTD,46094,NOT Today,NO,NO,Trailing 12 Months,0,67,2026,0
6/18/2025,2025,2025,Jun,Jun,Qtr2,18,25,5,W,6,3,,,Completed,Trailing 12 Months,,45656,45723,NOT YTD,46094,NOT Today,NO,NO,Trailing 12 Months,0,67,2026,0
6/19/2025,2025,2025,Jun,Jun,Qtr2,19,25,5,TH,6,4,,,Completed,Trailing 12 Months,,45656,45723,NOT YTD,46094,NOT Today,NO,NO,Trailing 12 Months,0,67,2026,0
6/20/2025,2025,2025,Jun,Jun,Qtr2,20,25,5,F,6,5,,,Completed,Trailing 12 Months,,45656,45723,NOT YTD,46094,NOT Today,NO,NO,Trailing 12 Months,0,67,2026,0
6/21/2025,2025,2025,Jun,Jun,Qtr2,21,25,5,S,6,6,,,Completed,Trailing 12 Months,,45656,45723,NOT YTD,46094,NOT Today,NO,NO,Trailing 12 Months,0,67,2026,0
6/22/2025,2025,2025,Jun,Jun,Qtr2,22,25,5,SU,6,7,,,Completed,Trailing 12 Months,,45656,45723,NOT YTD,46094,NOT Today,NO,NO,Trailing 12 Months,0,67,2026,0
6/23/2025,2025,2025,Jun,Jun,Qtr2,23,26,5,M,6,1,,,Completed,Trailing 12 Months,,45656,45723,NOT YTD,46094,NOT Today,NO,NO,Trailing 12 Months,0,67,2026,0
6/24/2025,2025,2025,Jun,Jun,Qtr2,24,26,5,T,6,2,,,Completed,Trailing 12 Months,,45656,45723,NOT YTD,46094,NOT Today,NO,NO,Trailing 12 Months,0,67,2026,0
6/25/2025,2025,2025,Jun,Jun,Qtr2,25,26,5,W,6,3,,,Completed,Trailing 12 Months,,45656,45723,NOT YTD,46094,NOT Today,NO,NO,Trailing 12 Months,0,67,2026,0
6/26/2025,2025,2025,Jun,Jun,Qtr2,26,26,5,TH,6,4,,,Completed,Trailing 12 Months,,45656,45723,NOT YTD,46094,NOT Today,NO,NO,Trailing 12 Months,0,67,2026,0
6/27/2025,2025,2025,Jun,Jun,Qtr2,27,26,5,F,6,5,,,Completed,Trailing 12 Months,,45656,45723,NOT YTD,46094,NOT Today,NO,NO,Trailing 12 Months,0,67,2026,0
6/28/2025,2025,2025,Jun,Jun,Qtr2,28,26,5,S,6,6,,,Completed,Trailing 12 Months,,45656,45723,NOT YTD,46094,NOT Today,NO,NO,Trailing 12 Months,0,67,2026,0
6/29/2025,2025,2025,Jun,Jun,Qtr2,29,26,5,SU,6,7,,,Completed,Trailing 12 Months,,45656,45723,NOT YTD,46094,NOT Today,NO,NO,Trailing 12 Months,0,67,2026,0
6/1/2021,2021,2021,Jun,Jun,Qtr2,1,22,5,T,6,2,,,Completed,,,44200,44267,NOT YTD,46094,NOT Today,NO,NO,NO,0,67,2026,0
6/2/2021,2021,2021,Jun,Jun,Qtr2,2,22,5,W,6,3,,,Completed,,,44200,44267,NOT YTD,46094,NOT Today,NO,NO,NO,0,67,2026,0
6/3/2021,2021,2021,Jun,Jun,Qtr2,3,22,5,TH,6,4,,,Completed,,,44200,44267,NOT YTD,46094,NOT Today,NO,NO,NO,0,67,2026,0
6/4/2021,2021,2021,Jun,Jun,Qtr2,4,22,5,F,6,5,,,Completed,,,44200,44267,NOT YTD,46094,NOT Today,NO,NO,NO,0,67,2026,0
6/5/2021,2021,2021,Jun,Jun,Qtr2,5,22,5,S,6,6,,,Completed,,,44200,44267,NOT YTD,46094,NOT Today,NO,NO,NO,0,67,2026,0
6/6/2021,2021,2021,Jun,Jun,Qtr2,6,22,5,SU,6,7,,,Completed,,,44200,44267,NOT YTD,46094,NOT Today,NO,NO,NO,0,67,2026,0
6/7/2021,2021,2021,Jun,Jun,Qtr2,7,23,5,M,6,1,,,Completed,,,44200,44267,NOT YTD,46094,NOT Today,NO,NO,NO,0,67,2026,0
6/8/2021,2021,2021,Jun,Jun,Qtr2,8,23,5,T,6,2,,,Completed,,,44200,44267,NOT YTD,46094,NOT Today,NO,NO,NO,0,67,2026,0
6/9/2021,2021,2021,Jun,Jun,Qtr2,9,23,5,W,6,3,,,Completed,,,44200,44267,NOT YTD,46094,NOT Today,NO,NO,NO,0,67,2026,0
6/10/2021,2021,2021,Jun,Jun,Qtr2,10,23,5,TH,6,4,,,Completed,,,44200,44267,NOT YTD,46094,NOT Today,NO,NO,NO,0,67,2026,0
6/11/2021,2021,2021,Jun,Jun,Qtr2,11,23,5,F,6,5,,,Completed,,,44200,44267,NOT YTD,46094,NOT Today,NO,NO,NO,0,67,2026,0
6/12/2021,2021,2021,Jun,Jun,Qtr2,12,23,5,S,6,6,,,Completed,,,44200,44267,NOT YTD,46094,NOT Today,NO,NO,NO,0,67,2026,0
6/13/2021,2021,2021,Jun,Jun,Qtr2,13,23,5,SU,6,7,,,Completed,,,44200,44267,NOT YTD,46094,NOT Today,NO,NO,NO,0,67,2026,0
6/14/2021,2021,2021,Jun,Jun,Qtr2,14,24,5,M,6,1,,,Completed,,,44200,44267,NOT YTD,46094,NOT Today,NO,NO,NO,0,67,2026,0
6/15/2021,2021,2021,Jun,Jun,Qtr2,15,24,5,T,6,2,,,Completed,,,44200,44267,NOT YTD,46094,NOT Today,NO,NO,NO,0,67,2026,0
6/16/2021,2021,2021,Jun,Jun,Qtr2,16,24,5,W,6,3,,,Completed,,,44200,44267,NOT YTD,46094,NOT Today,NO,NO,NO,0,67,2026,0
6/17/2021,2021,2021,Jun,Jun,Qtr2,17,24,5,TH,6,4,,,Completed,,,44200,44267,NOT YTD,46094,NOT Today,NO,NO,NO,0,67,2026,0
6/18/2021,2021,2021,Jun,Jun,Qtr2,18,24,5,F,6,5,,,Completed,,,44200,44267,NOT YTD,46094,NOT Today,NO,NO,NO,0,67,2026,0
6/19/2021,2021,2021,Jun,Jun,Qtr2,19,24,5,S,6,6,,,Completed,,,44200,44267,NOT YTD,46094,NOT Today,NO,NO,NO,0,67,2026,0
6/20/2021,2021,2021,Jun,Jun,Qtr2,20,24,5,SU,6,7,,,Completed,,,44200,44267,NOT YTD,46094,NOT Today,NO,NO,NO,0,67,2026,0
6/21/2021,2021,2021,Jun,Jun,Qtr2,21,25,5,M,6,1,,,Completed,,,44200,44267,NOT YTD,46094,NOT Today,NO,NO,NO,0,67,2026,0
6/22/2021,2021,2021,Jun,Jun,Qtr2,22,25,5,T,6,2,,,Completed,,,44200,44267,NOT YTD,46094,NOT Today,NO,NO,NO,0,67,2026,0
6/23/2021,2021,2021,Jun,Jun,Qtr2,23,25,5,W,6,3,,,Completed,,,44200,44267,NOT YTD,46094,NOT Today,NO,NO,NO,0,67,2026,0
6/24/2021,2021,2021,Jun,Jun,Qtr2,24,25,5,TH,6,4,,,Completed,,,44200,44267,NOT YTD,46094,NOT Today,NO,NO,NO,0,67,2026,0
6/25/2021,2021,2021,Jun,Jun,Qtr2,25,25,5,F,6,5,,,Completed,,,44200,44267,NOT YTD,46094,NOT Today,NO,NO,NO,0,67,2026,0
6/26/2021,2021,2021,Jun,Jun,Qtr2,26,25,5,S,6,6,,,Completed,,,44200,44267,NOT YTD,46094,NOT Today,NO,NO,NO,0,67,2026,0
6/27/2021,2021,2021,Jun,Jun,Qtr2,27,25,5,SU,6,7,,,Completed,,,44200,44267,NOT YTD,46094,NOT Today,NO,NO,NO,0,67,2026,0
6/28/2021,2021,2021,Jun,Jun,Qtr2,28,26,5,M,6,1,,,Completed,,,44200,44267,NOT YTD,46094,NOT Today,NO,NO,NO,0,67,2026,0
6/29/2021,2021,2021,Jun,Jun,Qtr2,29,26,5,T,6,2,,,Completed,,,44200,44267,NOT YTD,46094,NOT Today,NO,NO,NO,0,67,2026,0
6/30/2021,2021,2021,Jun,Jun,Qtr2,30,26,5,W,6,3,,,Completed,,,44200,44267,NOT YTD,46094,NOT Today,NO,NO,NO,0,67,2026,0
6/1/2022,2022,2022,Jun,Jun,Qtr2,1,22,5,W,6,3,,,Completed,,,44564,44631,NOT YTD,46094,NOT Today,NO,NO,NO,0,67,2026,0
6/2/2022,2022,2022,Jun,Jun,Qtr2,2,22,5,TH,6,4,,,Completed,,,44564,44631,NOT YTD,46094,NOT Today,NO,NO,NO,0,67,2026,0
6/3/2022,2022,2022,Jun,Jun,Qtr2,3,22,5,F,6,5,,,Completed,,,44564,44631,NOT YTD,46094,NOT Today,NO,NO,NO,0,67,2026,0
6/4/2022,2022,2022,Jun,Jun,Qtr2,4,22,5,S,6,6,,,Completed,,,44564,44631,NOT YTD,46094,NOT Today,NO,NO,NO,0,67,2026,0
6/5/2022,2022,2022,Jun,Jun,Qtr2,5,22,5,SU,6,7,,,Completed,,,44564,44631,NOT YTD,46094,NOT Today,NO,NO,NO,0,67,2026,0
6/6/2022,2022,2022,Jun,Jun,Qtr2,6,23,5,M,6,1,,,Completed,,,44564,44631,NOT YTD,46094,NOT Today,NO,NO,NO,0,67,2026,0
6/7/2022,2022,2022,Jun,Jun,Qtr2,7,23,5,T,6,2,,,Completed,,,44564,44631,NOT YTD,46094,NOT Today,NO,NO,NO,0,67,2026,0
6/8/2022,2022,2022,Jun,Jun,Qtr2,8,23,5,W,6,3,,,Completed,,,44564,44631,NOT YTD,46094,NOT Today,NO,NO,NO,0,67,2026,0
6/9/2022,2022,2022,Jun,Jun,Qtr2,9,23,5,TH,6,4,,,Completed,,,44564,44631,NOT YTD,46094,NOT Today,NO,NO,NO,0,67,2026,0
6/10/2022,2022,2022,Jun,Jun,Qtr2,10,23,5,F,6,5,,,Completed,,,44564,44631,NOT YTD,46094,NOT Today,NO,NO,NO,0,67,2026,0
6/11/2022,2022,2022,Jun,Jun,Qtr2,11,23,5,S,6,6,,,Completed,,,44564,44631,NOT YTD,46094,NOT Today,NO,NO,NO,0,67,2026,0
6/12/2022,2022,2022,Jun,Jun,Qtr2,12,23,5,SU,6,7,,,Completed,,,44564,44631,NOT YTD,46094,NOT Today,NO,NO,NO,0,67,2026,0
6/13/2022,2022,2022,Jun,Jun,Qtr2,13,24,5,M,6,1,,,Completed,,,44564,44631,NOT YTD,46094,NOT Today,NO,NO,NO,0,67,2026,0
6/14/2022,2022,2022,Jun,Jun,Qtr2,14,24,5,T,6,2,,,Completed,,,44564,44631,NOT YTD,46094,NOT Today,NO,NO,NO,0,67,2026,0
6/15/2022,2022,2022,Jun,Jun,Qtr2,15,24,5,W,6,3,,,Completed,,,44564,44631,NOT YTD,46094,NOT Today,NO,NO,NO,0,67,2026,0
6/16/2022,2022,2022,Jun,Jun,Qtr2,16,24,5,TH,6,4,,,Completed,,,44564,44631,NOT YTD,46094,NOT Today,NO,NO,NO,0,67,2026,0
6/17/2022,2022,2022,Jun,Jun,Qtr2,17,24,5,F,6,5,,,Completed,,,44564,44631,NOT YTD,46094,NOT Today,NO,NO,NO,0,67,2026,0
6/18/2022,2022,2022,Jun,Jun,Qtr2,18,24,5,S,6,6,,,Completed,,,44564,44631,NOT YTD,46094,NOT Today,NO,NO,NO,0,67,2026,0
6/19/2022,2022,2022,Jun,Jun,Qtr2,19,24,5,SU,6,7,,,Completed,,,44564,44631,NOT YTD,46094,NOT Today,NO,NO,NO,0,67,2026,0
6/20/2022,2022,2022,Jun,Jun,Qtr2,20,25,5,M,6,1,,,Completed,,,44564,44631,NOT YTD,46094,NOT Today,NO,NO,NO,0,67,2026,0
6/21/2022,2022,2022,Jun,Jun,Qtr2,21,25,5,T,6,2,,,Completed,,,44564,44631,NOT YTD,46094,NOT Today,NO,NO,NO,0,67,2026,0
6/22/2022,2022,2022,Jun,Jun,Qtr2,22,25,5,W,6,3,,,Completed,,,44564,44631,NOT YTD,46094,NOT Today,NO,NO,NO,0,67,2026,0
6/23/2022,2022,2022,Jun,Jun,Qtr2,23,25,5,TH,6,4,,,Completed,,,44564,44631,NOT YTD,46094,NOT Today,NO,NO,NO,0,67,2026,0
6/24/2022,2022,2022,Jun,Jun,Qtr2,24,25,5,F,6,5,,,Completed,,,44564,44631,NOT YTD,46094,NOT Today,NO,NO,NO,0,67,2026,0
6/25/2022,2022,2022,Jun,Jun,Qtr2,25,25,5,S,6,6,,,Completed,,,44564,44631,NOT YTD,46094,NOT Today,NO,NO,NO,0,67,2026,0
6/26/2022,2022,2022,Jun,Jun,Qtr2,26,25,5,SU,6,7,,,Completed,,,44564,44631,NOT YTD,46094,NOT Today,NO,NO,NO,0,67,2026,0
6/27/2022,2022,2022,Jun,Jun,Qtr2,27,26,5,M,6,1,,,Completed,,,44564,44631,NOT YTD,46094,NOT Today,NO,NO,NO,0,67,2026,0
6/28/2022,2022,2022,Jun,Jun,Qtr2,28,26,5,T,6,2,,,Completed,,,44564,44631,NOT YTD,46094,NOT Today,NO,NO,NO,0,67,2026,0
6/29/2022,2022,2022,Jun,Jun,Qtr2,29,26,5,W,6,3,,,Completed,,,44564,44631,NOT YTD,46094,NOT Today,NO,NO,NO,0,67,2026,0
6/30/2022,2022,2022,Jun,Jun,Qtr2,30,26,5,TH,6,4,,,Completed,,,44564,44631,NOT YTD,46094,NOT Today,NO,NO,NO,0,67,2026,0
6/1/2023,2023,2023,Jun,Jun,Qtr2,1,22,5,TH,6,4,,,Completed,,,44928,44995,NOT YTD,46094,NOT Today,NO,NO,NO,0,67,2026,0
6/2/2023,2023,2023,Jun,Jun,Qtr2,2,22,5,F,6,5,,,Completed,,,44928,44995,NOT YTD,46094,NOT Today,NO,NO,NO,0,67,2026,0
6/3/2023,2023,2023,Jun,Jun,Qtr2,3,22,5,S,6,6,,,Completed,,,44928,44995,NOT YTD,46094,NOT Today,NO,NO,NO,0,67,2026,0
6/4/2023,2023,2023,Jun,Jun,Qtr2,4,22,5,SU,6,7,,,Completed,,,44928,44995,NOT YTD,46094,NOT Today,NO,NO,NO,0,67,2026,0
6/5/2023,2023,2023,Jun,Jun,Qtr2,5,23,5,M,6,1,,,Completed,,,44928,44995,NOT YTD,46094,NOT Today,NO,NO,NO,0,67,2026,0
6/6/2023,2023,2023,Jun,Jun,Qtr2,6,23,5,T,6,2,,,Completed,,,44928,44995,NOT YTD,46094,NOT Today,NO,NO,NO,0,67,2026,0
6/7/2023,2023,2023,Jun,Jun,Qtr2,7,23,5,W,6,3,,,Completed,,,44928,44995,NOT YTD,46094,NOT Today,NO,NO,NO,0,67,2026,0
6/8/2023,2023,2023,Jun,Jun,Qtr2,8,23,5,TH,6,4,,,Completed,,,44928,44995,NOT YTD,46094,NOT Today,NO,NO,NO,0,67,2026,0
6/9/2023,2023,2023,Jun,Jun,Qtr2,9,23,5,F,6,5,,,Completed,,,44928,44995,NOT YTD,46094,NOT Today,NO,NO,NO,0,67,2026,0
6/10/2023,2023,2023,Jun,Jun,Qtr2,10,23,5,S,6,6,,,Completed,,,44928,44995,NOT YTD,46094,NOT Today,NO,NO,NO,0,67,2026,0
6/11/2023,2023,2023,Jun,Jun,Qtr2,11,23,5,SU,6,7,,,Completed,,,44928,44995,NOT YTD,46094,NOT Today,NO,NO,NO,0,67,2026,0
6/12/2023,2023,2023,Jun,Jun,Qtr2,12,24,5,M,6,1,,,Completed,,,44928,44995,NOT YTD,46094,NOT Today,NO,NO,NO,0,67,2026,0
6/13/2023,2023,2023,Jun,Jun,Qtr2,13,24,5,T,6,2,,,Completed,,,44928,44995,NOT YTD,46094,NOT Today,NO,NO,NO,0,67,2026,0
6/14/2023,2023,2023,Jun,Jun,Qtr2,14,24,5,W,6,3,,,Completed,,,44928,44995,NOT YTD,46094,NOT Today,NO,NO,NO,0,67,2026,0
6/15/2023,2023,2023,Jun,Jun,Qtr2,15,24,5,TH,6,4,,,Completed,,,44928,44995,NOT YTD,46094,NOT Today,NO,NO,NO,0,67,2026,0
6/16/2023,2023,2023,Jun,Jun,Qtr2,16,24,5,F,6,5,,,Completed,,,44928,44995,NOT YTD,46094,NOT Today,NO,NO,NO,0,67,2026,0
6/17/2023,2023,2023,Jun,Jun,Qtr2,17,24,5,S,6,6,,,Completed,,,44928,44995,NOT YTD,46094,NOT Today,NO,NO,NO,0,67,2026,0
6/18/2023,2023,2023,Jun,Jun,Qtr2,18,24,5,SU,6,7,,,Completed,,,44928,44995,NOT YTD,46094,NOT Today,NO,NO,NO,0,67,2026,0
6/19/2023,2023,2023,Jun,Jun,Qtr2,19,25,5,M,6,1,,,Completed,,,44928,44995,NOT YTD,46094,NOT Today,NO,NO,NO,0,67,2026,0
6/20/2023,2023,2023,Jun,Jun,Qtr2,20,25,5,T,6,2,,,Completed,,,44928,44995,NOT YTD,46094,NOT Today,NO,NO,NO,0,67,2026,0
6/21/2023,2023,2023,Jun,Jun,Qtr2,21,25,5,W,6,3,,,Completed,,,44928,44995,NOT YTD,46094,NOT Today,NO,NO,NO,0,67,2026,0
6/22/2023,2023,2023,Jun,Jun,Qtr2,22,25,5,TH,6,4,,,Completed,,,44928,44995,NOT YTD,46094,NOT Today,NO,NO,NO,0,67,2026,0
6/23/2023,2023,2023,Jun,Jun,Qtr2,23,25,5,F,6,5,,,Completed,,,44928,44995,NOT YTD,46094,NOT Today,NO,NO,NO,0,67,2026,0
6/24/2023,2023,2023,Jun,Jun,Qtr2,24,25,5,S,6,6,,,Completed,,,44928,44995,NOT YTD,46094,NOT Today,NO,NO,NO,0,67,2026,0
6/25/2023,2023,2023,Jun,Jun,Qtr2,25,25,5,SU,6,7,,,Completed,,,44928,44995,NOT YTD,46094,NOT Today,NO,NO,NO,0,67,2026,0
6/26/2023,2023,2023,Jun,Jun,Qtr2,26,26,5,M,6,1,,,Completed,,,44928,44995,NOT YTD,46094,NOT Today,NO,NO,NO,0,67,2026,0
6/27/2023,2023,2023,Jun,Jun,Qtr2,27,26,5,T,6,2,,,Completed,,,44928,44995,NOT YTD,46094,NOT Today,NO,NO,NO,0,67,2026,0
6/28/2023,2023,2023,Jun,Jun,Qtr2,28,26,5,W,6,3,,,Completed,,,44928,44995,NOT YTD,46094,NOT Today,NO,NO,NO,0,67,2026,0
6/29/2023,2023,2023,Jun,Jun,Qtr2,29,26,5,TH,6,4,,,Completed,,,44928,44995,NOT YTD,46094,NOT Today,NO,NO,NO,0,67,2026,0
6/30/2023,2023,2023,Jun,Jun,Qtr2,30,26,5,F,6,5,,,Completed,,,44928,44995,NOT YTD,46094,NOT Today,NO,NO,NO,0,67,2026,0
5/31/2021,2021,2021,May,Jun,Qtr2,31,22,5,M,6,1,,,Completed,,,44200,44267,NOT YTD,46094,NOT Today,NO,NO,NO,0,67,2026,0
7/1/2021,2021,2021,Jul,Jun,Qtr2,1,26,5,TH,6,4,,,Completed,,,44200,44267,NOT YTD,46094,NOT Today,NO,NO,NO,0,67,2026,0
7/2/2021,2021,2021,Jul,Jun,Qtr2,2,26,5,F,6,5,,,Completed,,,44200,44267,NOT YTD,46094,NOT Today,NO,NO,NO,0,67,2026,0
7/3/2021,2021,2021,Jul,Jun,Qtr2,3,26,5,S,6,6,,,Completed,,,44200,44267,NOT YTD,46094,NOT Today,NO,NO,NO,0,67,2026,0
7/4/2021,2021,2021,Jul,Jun,Qtr2,4,26,5,SU,6,7,,,Completed,,,44200,44267,NOT YTD,46094,NOT Today,NO,NO,NO,0,67,2026,0
5/30/2022,2022,2022,May,Jun,Qtr2,30,22,5,M,6,1,,,Completed,,,44564,44631,NOT YTD,46094,NOT Today,NO,NO,NO,0,67,2026,0
5/31/2022,2022,2022,May,Jun,Qtr2,31,22,5,T,6,2,,,Completed,,,44564,44631,NOT YTD,46094,NOT Today,NO,NO,NO,0,67,2026,0
7/1/2022,2022,2022,Jul,Jun,Qtr2,1,26,5,F,6,5,,,Completed,,,44564,44631,NOT YTD,46094,NOT Today,NO,NO,NO,0,67,2026,0
7/2/2022,2022,2022,Jul,Jun,Qtr2,2,26,5,S,6,6,,,Completed,,,44564,44631,NOT YTD,46094,NOT Today,NO,NO,NO,0,67,2026,0
7/3/2022,2022,2022,Jul,Jun,Qtr2,3,26,5,SU,6,7,,,Completed,,,44564,44631,NOT YTD,46094,NOT Today,NO,NO,NO,0,67,2026,0
5/29/2023,2023,2023,May,Jun,Qtr2,29,22,5,M,6,1,,,Completed,,,44928,44995,NOT YTD,46094,NOT Today,NO,NO,NO,0,67,2026,0
5/30/2023,2023,2023,May,Jun,Qtr2,30,22,5,T,6,2,,,Completed,,,44928,44995,NOT YTD,46094,NOT Today,NO,NO,NO,0,67,2026,0
5/31/2023,2023,2023,May,Jun,Qtr2,31,22,5,W,6,3,,,Completed,,,44928,44995,NOT YTD,46094,NOT Today,NO,NO,NO,0,67,2026,0
7/1/2023,2023,2023,Jul,Jun,Qtr2,1,26,5,S,6,6,,,Completed,,,44928,44995,NOT YTD,46094,NOT Today,NO,NO,NO,0,67,2026,0
7/2/2023,2023,2023,Jul,Jun,Qtr2,2,26,5,SU,6,7,,,Completed,,,44928,44995,NOT YTD,46094,NOT Today,NO,NO,NO,0,67,2026,0
5/26/2025,2025,2025,May,Jun,Qtr2,26,22,5,M,6,1,,,Completed,Trailing 12 Months,,45656,45723,NOT YTD,46094,NOT Today,NO,NO,Trailing 12 Months,0,67,2026,0
5/27/2025,2025,2025,May,Jun,Qtr2,27,22,5,T,6,2,,,Completed,Trailing 12 Months,,45656,45723,NOT YTD,46094,NOT Today,NO,NO,Trailing 12 Months,0,67,2026,0
5/28/2025,2025,2025,May,Jun,Qtr2,28,22,5,W,6,3,,,Completed,Trailing 12 Months,,45656,45723,NOT YTD,46094,NOT Today,NO,NO,Trailing 12 Months,0,67,2026,0
5/29/2025,2025,2025,May,Jun,Qtr2,29,22,5,TH,6,4,,,Completed,Trailing 12 Months,,45656,45723,NOT YTD,46094,NOT Today,NO,NO,Trailing 12 Months,0,67,2026,0
5/30/2025,2025,2025,May,Jun,Qtr2,30,22,5,F,6,5,,,Completed,Trailing 12 Months,,45656,45723,NOT YTD,46094,NOT Today,NO,NO,Trailing 12 Months,0,67,2026,0
5/31/2025,2025,2025,May,Jun,Qtr2,31,22,5,S,6,6,,,Completed,Trailing 12 Months,,45656,45723,NOT YTD,46094,NOT Today,NO,NO,Trailing 12 Months,0,67,2026,0
7/1/2026,2026,2026,Jul,Jun,Qtr2,1,26,5,W,6,3,,,,,,46027,46094,NOT YTD,46094,NOT Today,NO,NO,NO,67,67,2026,0
7/2/2026,2026,2026,Jul,Jun,Qtr2,2,26,5,TH,6,4,,,,,,46027,46094,NOT YTD,46094,NOT Today,NO,NO,NO,67,67,2026,0
7/3/2026,2026,2026,Jul,Jun,Qtr2,3,26,5,F,6,5,,,,,,46027,46094,NOT YTD,46094,NOT Today,NO,NO,NO,67,67,2026,0
7/4/2026,2026,2026,Jul,Jun,Qtr2,4,26,5,S,6,6,,,,,,46027,46094,NOT YTD,46094,NOT Today,NO,NO,NO,67,67,2026,0
7/5/2026,2026,2026,Jul,Jun,Qtr2,5,26,5,SU,6,7,,,,,,46027,46094,NOT YTD,46094,NOT Today,NO,NO,NO,67,67,2026,0
4/1/2021,2021,2021,Apr,Mar,Qtr1,1,13,5,TH,3,4,,,Completed,,,44200,44267,NOT YTD,46094,NOT Today,NO,NO,NO,0,67,2026,0
4/2/2021,2021,2021,Apr,Mar,Qtr1,2,13,5,F,3,5,,,Completed,,,44200,44267,NOT YTD,46094,NOT Today,NO,NO,NO,0,67,2026,0
4/3/2021,2021,2021,Apr,Mar,Qtr1,3,13,5,S,3,6,,,Completed,,,44200,44267,NOT YTD,46094,NOT Today,NO,NO,NO,0,67,2026,0
4/4/2021,2021,2021,Apr,Mar,Qtr1,4,13,5,SU,3,7,,,Completed,,,44200,44267,NOT YTD,46094,NOT Today,NO,NO,NO,0,67,2026,0
2/28/2022,2022,2022,Feb,Mar,Qtr1,28,9,5,M,3,1,,,Completed,,,44564,44631,YTD,46094,NOT Today,NO,NO,NO,0,67,2026,0
4/1/2022,2022,2022,Apr,Mar,Qtr1,1,13,5,F,3,5,,,Completed,,,44564,44631,NOT YTD,46094,NOT Today,NO,NO,NO,0,67,2026,0
4/2/2022,2022,2022,Apr,Mar,Qtr1,2,13,5,S,3,6,,,Completed,,,44564,44631,NOT YTD,46094,NOT Today,NO,NO,NO,0,67,2026,0
4/3/2022,2022,2022,Apr,Mar,Qtr1,3,13,5,SU,3,7,,,Completed,,,44564,44631,NOT YTD,46094,NOT Today,NO,NO,NO,0,67,2026,0
2/27/2023,2023,2023,Feb,Mar,Qtr1,27,9,5,M,3,1,,,Completed,,,44928,44995,YTD,46094,NOT Today,NO,NO,NO,0,67,2026,0
2/28/2023,2023,2023,Feb,Mar,Qtr1,28,9,5,T,3,2,,,Completed,,,44928,44995,YTD,46094,NOT Today,NO,NO,NO,0,67,2026,0
4/1/2023,2023,2023,Apr,Mar,Qtr1,1,13,5,S,3,6,,,Completed,,,44928,44995,NOT YTD,46094,NOT Today,NO,NO,NO,0,67,2026,0
4/2/2023,2023,2023,Apr,Mar,Qtr1,2,13,5,SU,3,7,,,Completed,,,44928,44995,NOT YTD,46094,NOT Today,NO,NO,NO,0,67,2026,0
2/24/2025,2025,2025,Feb,Mar,Qtr1,24,9,5,M,3,1,,,Completed,Trailing 12 Months,,45656,45723,YTD,46094,NOT Today,NO,NO,NO,0,67,2026,0
2/25/2025,2025,2025,Feb,Mar,Qtr1,25,9,5,T,3,2,,,Completed,Trailing 12 Months,,45656,45723,YTD,46094,NOT Today,NO,NO,NO,0,67,2026,0
2/26/2025,2025,2025,Feb,Mar,Qtr1,26,9,5,W,3,3,,,Completed,Trailing 12 Months,,45656,45723,YTD,46094,NOT Today,NO,NO,NO,0,67,2026,0
2/27/2025,2025,2025,Feb,Mar,Qtr1,27,9,5,TH,3,4,,,Completed,Trailing 12 Months,,45656,45723,YTD,46094,NOT Today,NO,NO,NO,0,67,2026,0
2/28/2025,2025,2025,Feb,Mar,Qtr1,28,9,5,F,3,5,,,Completed,Trailing 12 Months,,45656,45723,YTD,46094,NOT Today,NO,NO,NO,0,67,2026,0
4/1/2026,2026,2026,Apr,Mar,Qtr1,1,13,5,W,3,3,,,,,Curr Month,46027,46094,NOT YTD,46094,NOT Today,NO,NO,NO,67,67,2026,0
4/2/2026,2026,2026,Apr,Mar,Qtr1,2,13,5,TH,3,4,,,,,Curr Month,46027,46094,NOT YTD,46094,NOT Today,NO,NO,NO,67,67,2026,0
4/3/2026,2026,2026,Apr,Mar,Qtr1,3,13,5,F,3,5,,,,,Curr Month,46027,46094,NOT YTD,46094,NOT Today,NO,NO,NO,67,67,2026,0
4/4/2026,2026,2026,Apr,Mar,Qtr1,4,13,5,S,3,6,,,,,Curr Month,46027,46094,NOT YTD,46094,NOT Today,NO,NO,NO,67,67,2026,0
4/5/2026,2026,2026,Apr,Mar,Qtr1,5,13,5,SU,3,7,,,,,Curr Month,46027,46094,NOT YTD,46094,NOT Today,NO,NO,NO,67,67,2026,0
3/2/2026,2026,2026,Mar,Mar,Qtr1,2,9,5,M,3,1,,,,,Curr Month,46027,46094,YTD,46094,NOT Today,Trailing 14 Days,Trailing 6 Months,Trailing 12 Months,67,67,2026,0
3/3/2026,2026,2026,Mar,Mar,Qtr1,3,9,5,T,3,2,,,,,Curr Month,46027,46094,YTD,46094,NOT Today,Trailing 14 Days,Trailing 6 Months,Trailing 12 Months,67,67,2026,0
3/4/2026,2026,2026,Mar,Mar,Qtr1,4,9,5,W,3,3,,,,,Curr Month,46027,46094,YTD,46094,NOT Today,Trailing 14 Days,Trailing 6 Months,Trailing 12 Months,67,67,2026,0
3/5/2026,2026,2026,Mar,Mar,Qtr1,5,9,5,TH,3,4,,,,,Curr Month,46027,46094,YTD,46094,NOT Today,Trailing 14 Days,Trailing 6 Months,Trailing 12 Months,67,67,2026,0
3/6/2026,2026,2026,Mar,Mar,Qtr1,6,9,5,F,3,5,,,,,Curr Month,46027,46094,YTD,46094,NOT Today,Trailing 14 Days,Trailing 6 Months,Trailing 12 Months,67,67,2026,0
3/7/2026,2026,2026,Mar,Mar,Qtr1,7,9,5,S,3,6,,,,,Curr Month,46027,46094,YTD,46094,NOT Today,Trailing 14 Days,Trailing 6 Months,Trailing 12 Months,67,67,2026,0
3/8/2026,2026,2026,Mar,Mar,Qtr1,8,9,5,SU,3,7,,,,,Curr Month,46027,46094,YTD,46094,NOT Today,Trailing 14 Days,Trailing 6 Months,Trailing 12 Months,67,67,2026,0
3/9/2026,2026,2026,Mar,Mar,Qtr1,9,10,5,M,3,1,,,,,Curr Month,46027,46094,YTD,46094,NOT Today,Trailing 14 Days,Trailing 6 Months,Trailing 12 Months,67,67,2026,0
3/10/2026,2026,2026,Mar,Mar,Qtr1,10,10,5,T,3,2,,,,,Curr Month,46027,46094,YTD,46094,NOT Today,Trailing 14 Days,Trailing 6 Months,Trailing 12 Months,67,67,2026,0
3/11/2026,2026,2026,Mar,Mar,Qtr1,11,10,5,W,3,3,,,,,Curr Month,46027,46094,YTD,46094,NOT Today,Trailing 14 Days,Trailing 6 Months,Trailing 12 Months,67,67,2026,0
3/12/2026,2026,2026,Mar,Mar,Qtr1,12,10,5,TH,3,4,,,,,Curr Month,46027,46094,YTD,46094,NOT Today,Trailing 14 Days,Trailing 6 Months,Trailing 12 Months,67,67,2026,0
3/13/2026,2026,2026,Mar,Mar,Qtr1,13,10,5,F,3,5,,,,,Curr Month,46027,46094,YTD,46094,Today,Trailing 14 Days,Trailing 6 Months,Trailing 12 Months,67,67,2026,2026
3/14/2026,2026,2026,Mar,Mar,Qtr1,14,10,5,S,3,6,,,,,Curr Month,46027,46094,NOT YTD,46094,NOT Today,NO,NO,NO,67,67,2026,0
3/15/2026,2026,2026,Mar,Mar,Qtr1,15,10,5,SU,3,7,,,,,Curr Month,46027,46094,NOT YTD,46094,NOT Today,NO,NO,NO,67,67,2026,0
3/16/2026,2026,2026,Mar,Mar,Qtr1,16,11,5,M,3,1,,,,,Curr Month,46027,46094,NOT YTD,46094,NOT Today,NO,NO,NO,67,67,2026,0
3/17/2026,2026,2026,Mar,Mar,Qtr1,17,11,5,T,3,2,,,,,Curr Month,46027,46094,NOT YTD,46094,NOT Today,NO,NO,NO,67,67,2026,0
3/18/2026,2026,2026,Mar,Mar,Qtr1,18,11,5,W,3,3,,,,,Curr Month,46027,46094,NOT YTD,46094,NOT Today,NO,NO,NO,67,67,2026,0
3/19/2026,2026,2026,Mar,Mar,Qtr1,19,11,5,TH,3,4,,,,,Curr Month,46027,46094,NOT YTD,46094,NOT Today,NO,NO,NO,67,67,2026,0
3/20/2026,2026,2026,Mar,Mar,Qtr1,20,11,5,F,3,5,,,,,Curr Month,46027,46094,NOT YTD,46094,NOT Today,NO,NO,NO,67,67,2026,0
3/21/2026,2026,2026,Mar,Mar,Qtr1,21,11,5,S,3,6,,,,,Curr Month,46027,46094,NOT YTD,46094,NOT Today,NO,NO,NO,67,67,2026,0
3/22/2026,2026,2026,Mar,Mar,Qtr1,22,11,5,SU,3,7,,,,,Curr Month,46027,46094,NOT YTD,46094,NOT Today,NO,NO,NO,67,67,2026,0
3/23/2026,2026,2026,Mar,Mar,Qtr1,23,12,5,M,3,1,,,,,Curr Month,46027,46094,NOT YTD,46094,NOT Today,NO,NO,NO,67,67,2026,0
3/24/2026,2026,2026,Mar,Mar,Qtr1,24,12,5,T,3,2,,,,,Curr Month,46027,46094,NOT YTD,46094,NOT Today,NO,NO,NO,67,67,2026,0
3/25/2026,2026,2026,Mar,Mar,Qtr1,25,12,5,W,3,3,,,,,Curr Month,46027,46094,NOT YTD,46094,NOT Today,NO,NO,NO,67,67,2026,0
3/26/2026,2026,2026,Mar,Mar,Qtr1,26,12,5,TH,3,4,,,,,Curr Month,46027,46094,NOT YTD,46094,NOT Today,NO,NO,NO,67,67,2026,0
3/27/2026,2026,2026,Mar,Mar,Qtr1,27,12,5,F,3,5,,,,,Curr Month,46027,46094,NOT YTD,46094,NOT Today,NO,NO,NO,67,67,2026,0
3/28/2026,2026,2026,Mar,Mar,Qtr1,28,12,5,S,3,6,,,,,Curr Month,46027,46094,NOT YTD,46094,NOT Today,NO,NO,NO,67,67,2026,0
3/29/2026,2026,2026,Mar,Mar,Qtr1,29,12,5,SU,3,7,,,,,Curr Month,46027,46094,NOT YTD,46094,NOT Today,NO,NO,NO,67,67,2026,0
3/30/2026,2026,2026,Mar,Mar,Qtr1,30,13,5,M,3,1,,,,,Curr Month,46027,46094,NOT YTD,46094,NOT Today,NO,NO,NO,67,67,2026,0
3/31/2026,2026,2026,Mar,Mar,Qtr1,31,13,5,T,3,2,,,,,Curr Month,46027,46094,NOT YTD,46094,NOT Today,NO,NO,NO,67,67,2026,0
3/1/2025,2025,2025,Mar,Mar,Qtr1,1,9,5,S,3,6,,,Completed,Trailing 12 Months,,45656,45723,YTD,46094,NOT Today,NO,NO,NO,0,67,2026,0
3/2/2025,2025,2025,Mar,Mar,Qtr1,2,9,5,SU,3,7,,,Completed,Trailing 12 Months,,45656,45723,YTD,46094,NOT Today,NO,NO,NO,0,67,2026,0
3/3/2025,2025,2025,Mar,Mar,Qtr1,3,10,5,M,3,1,,,Completed,Trailing 12 Months,,45656,45723,YTD,46094,NOT Today,NO,NO,NO,0,67,2026,0
3/4/2025,2025,2025,Mar,Mar,Qtr1,4,10,5,T,3,2,,,Completed,Trailing 12 Months,,45656,45723,YTD,46094,NOT Today,NO,NO,NO,0,67,2026,0
3/5/2025,2025,2025,Mar,Mar,Qtr1,5,10,5,W,3,3,,,Completed,Trailing 12 Months,,45656,45723,YTD,46094,NOT Today,NO,NO,NO,0,67,2026,0
3/6/2025,2025,2025,Mar,Mar,Qtr1,6,10,5,TH,3,4,,,Completed,Trailing 12 Months,,45656,45723,YTD,46094,NOT Today,NO,NO,NO,0,67,2026,0
3/7/2025,2025,2025,Mar,Mar,Qtr1,7,10,5,F,3,5,,,Completed,Trailing 12 Months,,45656,45723,YTD,46094,NOT Today,NO,NO,NO,0,67,2026,0
3/8/2025,2025,2025,Mar,Mar,Qtr1,8,10,5,S,3,6,,,Completed,Trailing 12 Months,,45656,45723,NOT YTD,46094,NOT Today,NO,NO,NO,0,67,2026,0
3/9/2025,2025,2025,Mar,Mar,Qtr1,9,10,5,SU,3,7,,,Completed,Trailing 12 Months,,45656,45723,NOT YTD,46094,NOT Today,NO,NO,NO,0,67,2026,0
3/10/2025,2025,2025,Mar,Mar,Qtr1,10,11,5,M,3,1,,,Completed,Trailing 12 Months,,45656,45723,NOT YTD,46094,NOT Today,NO,NO,NO,0,67,2026,0
3/11/2025,2025,2025,Mar,Mar,Qtr1,11,11,5,T,3,2,,,Completed,Trailing 12 Months,,45656,45723,NOT YTD,46094,NOT Today,NO,NO,NO,0,67,2026,0
3/12/2025,2025,2025,Mar,Mar,Qtr1,12,11,5,W,3,3,,,Completed,Trailing 12 Months,,45656,45723,NOT YTD,46094,NOT Today,NO,NO,NO,0,67,2026,0
3/13/2025,2025,2025,Mar,Mar,Qtr1,13,11,5,TH,3,4,,,Completed,Trailing 12 Months,,45656,45723,NOT YTD,46094,NOT Today,NO,NO,NO,0,67,2026,0
3/14/2025,2025,2025,Mar,Mar,Qtr1,14,11,5,F,3,5,,,Completed,Trailing 12 Months,,45656,45723,NOT YTD,46094,NOT Today,NO,NO,Trailing 12 Months,0,67,2026,0
3/15/2025,2025,2025,Mar,Mar,Qtr1,15,11,5,S,3,6,,,Completed,Trailing 12 Months,,45656,45723,NOT YTD,46094,NOT Today,NO,NO,Trailing 12 Months,0,67,2026,0
3/16/2025,2025,2025,Mar,Mar,Qtr1,16,11,5,SU,3,7,,,Completed,Trailing 12 Months,,45656,45723,NOT YTD,46094,NOT Today,NO,NO,Trailing 12 Months,0,67,2026,0
3/17/2025,2025,2025,Mar,Mar,Qtr1,17,12,5,M,3,1,,,Completed,Trailing 12 Months,,45656,45723,NOT YTD,46094,NOT Today,NO,NO,Trailing 12 Months,0,67,2026,0
3/18/2025,2025,2025,Mar,Mar,Qtr1,18,12,5,T,3,2,,,Completed,Trailing 12 Months,,45656,45723,NOT YTD,46094,NOT Today,NO,NO,Trailing 12 Months,0,67,2026,0
3/19/2025,2025,2025,Mar,Mar,Qtr1,19,12,5,W,3,3,,,Completed,Trailing 12 Months,,45656,45723,NOT YTD,46094,NOT Today,NO,NO,Trailing 12 Months,0,67,2026,0
3/20/2025,2025,2025,Mar,Mar,Qtr1,20,12,5,TH,3,4,,,Completed,Trailing 12 Months,,45656,45723,NOT YTD,46094,NOT Today,NO,NO,Trailing 12 Months,0,67,2026,0
3/21/2025,2025,2025,Mar,Mar,Qtr1,21,12,5,F,3,5,,,Completed,Trailing 12 Months,,45656,45723,NOT YTD,46094,NOT Today,NO,NO,Trailing 12 Months,0,67,2026,0
3/22/2025,2025,2025,Mar,Mar,Qtr1,22,12,5,S,3,6,,,Completed,Trailing 12 Months,,45656,45723,NOT YTD,46094,NOT Today,NO,NO,Trailing 12 Months,0,67,2026,0
3/23/2025,2025,2025,Mar,Mar,Qtr1,23,12,5,SU,3,7,,,Completed,Trailing 12 Months,,45656,45723,NOT YTD,46094,NOT Today,NO,NO,Trailing 12 Months,0,67,2026,0
3/24/2025,2025,2025,Mar,Mar,Qtr1,24,13,5,M,3,1,,,Completed,Trailing 12 Months,,45656,45723,NOT YTD,46094,NOT Today,NO,NO,Trailing 12 Months,0,67,2026,0
3/25/2025,2025,2025,Mar,Mar,Qtr1,25,13,5,T,3,2,,,Completed,Trailing 12 Months,,45656,45723,NOT YTD,46094,NOT Today,NO,NO,Trailing 12 Months,0,67,2026,0
3/26/2025,2025,2025,Mar,Mar,Qtr1,26,13,5,W,3,3,,,Completed,Trailing 12 Months,,45656,45723,NOT YTD,46094,NOT Today,NO,NO,Trailing 12 Months,0,67,2026,0
3/27/2025,2025,2025,Mar,Mar,Qtr1,27,13,5,TH,3,4,,,Completed,Trailing 12 Months,,45656,45723,NOT YTD,46094,NOT Today,NO,NO,Trailing 12 Months,0,67,2026,0
3/28/2025,2025,2025,Mar,Mar,Qtr1,28,13,5,F,3,5,,,Completed,Trailing 12 Months,,45656,45723,NOT YTD,46094,NOT Today,NO,NO,Trailing 12 Months,0,67,2026,0
3/29/2025,2025,2025,Mar,Mar,Qtr1,29,13,5,S,3,6,,,Completed,Trailing 12 Months,,45656,45723,NOT YTD,46094,NOT Today,NO,NO,Trailing 12 Months,0,67,2026,0
3/30/2025,2025,2025,Mar,Mar,Qtr1,30,13,5,SU,3,7,,,Completed,Trailing 12 Months,,45656,45723,NOT YTD,46094,NOT Today,NO,NO,Trailing 12 Months,0,67,2026,0
3/1/2021,2021,2021,Mar,Mar,Qtr1,1,9,5,M,3,1,,,Completed,,,44200,44267,YTD,46094,NOT Today,NO,NO,NO,0,67,2026,0
3/2/2021,2021,2021,Mar,Mar,Qtr1,2,9,5,T,3,2,,,Completed,,,44200,44267,YTD,46094,NOT Today,NO,NO,NO,0,67,2026,0
3/3/2021,2021,2021,Mar,Mar,Qtr1,3,9,5,W,3,3,,,Completed,,,44200,44267,YTD,46094,NOT Today,NO,NO,NO,0,67,2026,0
3/4/2021,2021,2021,Mar,Mar,Qtr1,4,9,5,TH,3,4,,,Completed,,,44200,44267,YTD,46094,NOT Today,NO,NO,NO,0,67,2026,0
3/5/2021,2021,2021,Mar,Mar,Qtr1,5,9,5,F,3,5,,,Completed,,,44200,44267,YTD,46094,NOT Today,NO,NO,NO,0,67,2026,0
3/6/2021,2021,2021,Mar,Mar,Qtr1,6,9,5,S,3,6,,,Completed,,,44200,44267,YTD,46094,NOT Today,NO,NO,NO,0,67,2026,0
3/7/2021,2021,2021,Mar,Mar,Qtr1,7,9,5,SU,3,7,,,Completed,,,44200,44267,YTD,46094,NOT Today,NO,NO,NO,0,67,2026,0
3/8/2021,2021,2021,Mar,Mar,Qtr1,8,10,5,M,3,1,,,Completed,,,44200,44267,YTD,46094,NOT Today,NO,NO,NO,0,67,2026,0
3/9/2021,2021,2021,Mar,Mar,Qtr1,9,10,5,T,3,2,,,Completed,,,44200,44267,YTD,46094,NOT Today,NO,NO,NO,0,67,2026,0
3/10/2021,2021,2021,Mar,Mar,Qtr1,10,10,5,W,3,3,,,Completed,,,44200,44267,YTD,46094,NOT Today,NO,NO,NO,0,67,2026,0
3/11/2021,2021,2021,Mar,Mar,Qtr1,11,10,5,TH,3,4,,,Completed,,,44200,44267,YTD,46094,NOT Today,NO,NO,NO,0,67,2026,0
3/12/2021,2021,2021,Mar,Mar,Qtr1,12,10,5,F,3,5,,,Completed,,,44200,44267,YTD,46094,NOT Today,NO,NO,NO,0,67,2026,0
3/13/2021,2021,2021,Mar,Mar,Qtr1,13,10,5,S,3,6,,,Completed,,,44200,44267,NOT YTD,46094,NOT Today,NO,NO,NO,0,67,2026,0
3/14/2021,2021,2021,Mar,Mar,Qtr1,14,10,5,SU,3,7,,,Completed,,,44200,44267,NOT YTD,46094,NOT Today,NO,NO,NO,0,67,2026,0
3/15/2021,2021,2021,Mar,Mar,Qtr1,15,11,5,M,3,1,,,Completed,,,44200,44267,NOT YTD,46094,NOT Today,NO,NO,NO,0,67,2026,0
3/16/2021,2021,2021,Mar,Mar,Qtr1,16,11,5,T,3,2,,,Completed,,,44200,44267,NOT YTD,46094,NOT Today,NO,NO,NO,0,67,2026,0
3/17/2021,2021,2021,Mar,Mar,Qtr1,17,11,5,W,3,3,,,Completed,,,44200,44267,NOT YTD,46094,NOT Today,NO,NO,NO,0,67,2026,0
3/18/2021,2021,2021,Mar,Mar,Qtr1,18,11,5,TH,3,4,,,Completed,,,44200,44267,NOT YTD,46094,NOT Today,NO,NO,NO,0,67,2026,0
3/19/2021,2021,2021,Mar,Mar,Qtr1,19,11,5,F,3,5,,,Completed,,,44200,44267,NOT YTD,46094,NOT Today,NO,NO,NO,0,67,2026,0
3/20/2021,2021,2021,Mar,Mar,Qtr1,20,11,5,S,3,6,,,Completed,,,44200,44267,NOT YTD,46094,NOT Today,NO,NO,NO,0,67,2026,0
3/21/2021,2021,2021,Mar,Mar,Qtr1,21,11,5,SU,3,7,,,Completed,,,44200,44267,NOT YTD,46094,NOT Today,NO,NO,NO,0,67,2026,0
3/22/2021,2021,2021,Mar,Mar,Qtr1,22,12,5,M,3,1,,,Completed,,,44200,44267,NOT YTD,46094,NOT Today,NO,NO,NO,0,67,2026,0
3/23/2021,2021,2021,Mar,Mar,Qtr1,23,12,5,T,3,2,,,Completed,,,44200,44267,NOT YTD,46094,NOT Today,NO,NO,NO,0,67,2026,0
3/24/2021,2021,2021,Mar,Mar,Qtr1,24,12,5,W,3,3,,,Completed,,,44200,44267,NOT YTD,46094,NOT Today,NO,NO,NO,0,67,2026,0
3/25/2021,2021,2021,Mar,Mar,Qtr1,25,12,5,TH,3,4,,,Completed,,,44200,44267,NOT YTD,46094,NOT Today,NO,NO,NO,0,67,2026,0
3/26/2021,2021,2021,Mar,Mar,Qtr1,26,12,5,F,3,5,,,Completed,,,44200,44267,NOT YTD,46094,NOT Today,NO,NO,NO,0,67,2026,0
3/27/2021,2021,2021,Mar,Mar,Qtr1,27,12,5,S,3,6,,,Completed,,,44200,44267,NOT YTD,46094,NOT Today,NO,NO,NO,0,67,2026,0
3/28/2021,2021,2021,Mar,Mar,Qtr1,28,12,5,SU,3,7,,,Completed,,,44200,44267,NOT YTD,46094,NOT Today,NO,NO,NO,0,67,2026,0
3/29/2021,2021,2021,Mar,Mar,Qtr1,29,13,5,M,3,1,,,Completed,,,44200,44267,NOT YTD,46094,NOT Today,NO,NO,NO,0,67,2026,0
3/30/2021,2021,2021,Mar,Mar,Qtr1,30,13,5,T,3,2,,,Completed,,,44200,44267,NOT YTD,46094,NOT Today,NO,NO,NO,0,67,2026,0
3/31/2021,2021,2021,Mar,Mar,Qtr1,31,13,5,W,3,3,,,Completed,,,44200,44267,NOT YTD,46094,NOT Today,NO,NO,NO,0,67,2026,0
3/1/2022,2022,2022,Mar,Mar,Qtr1,1,9,5,T,3,2,,,Completed,,,44564,44631,YTD,46094,NOT Today,NO,NO,NO,0,67,2026,0
3/2/2022,2022,2022,Mar,Mar,Qtr1,2,9,5,W,3,3,,,Completed,,,44564,44631,YTD,46094,NOT Today,NO,NO,NO,0,67,2026,0
3/3/2022,2022,2022,Mar,Mar,Qtr1,3,9,5,TH,3,4,,,Completed,,,44564,44631,YTD,46094,NOT Today,NO,NO,NO,0,67,2026,0
3/4/2022,2022,2022,Mar,Mar,Qtr1,4,9,5,F,3,5,,,Completed,,,44564,44631,YTD,46094,NOT Today,NO,NO,NO,0,67,2026,0
3/5/2022,2022,2022,Mar,Mar,Qtr1,5,9,5,S,3,6,,,Completed,,,44564,44631,YTD,46094,NOT Today,NO,NO,NO,0,67,2026,0
3/6/2022,2022,2022,Mar,Mar,Qtr1,6,9,5,SU,3,7,,,Completed,,,44564,44631,YTD,46094,NOT Today,NO,NO,NO,0,67,2026,0
3/7/2022,2022,2022,Mar,Mar,Qtr1,7,10,5,M,3,1,,,Completed,,,44564,44631,YTD,46094,NOT Today,NO,NO,NO,0,67,2026,0
3/8/2022,2022,2022,Mar,Mar,Qtr1,8,10,5,T,3,2,,,Completed,,,44564,44631,YTD,46094,NOT Today,NO,NO,NO,0,67,2026,0
3/9/2022,2022,2022,Mar,Mar,Qtr1,9,10,5,W,3,3,,,Completed,,,44564,44631,YTD,46094,NOT Today,NO,NO,NO,0,67,2026,0
3/10/2022,2022,2022,Mar,Mar,Qtr1,10,10,5,TH,3,4,,,Completed,,,44564,44631,YTD,46094,NOT Today,NO,NO,NO,0,67,2026,0
3/11/2022,2022,2022,Mar,Mar,Qtr1,11,10,5,F,3,5,,,Completed,,,44564,44631,YTD,46094,NOT Today,NO,NO,NO,0,67,2026,0
3/12/2022,2022,2022,Mar,Mar,Qtr1,12,10,5,S,3,6,,,Completed,,,44564,44631,NOT YTD,46094,NOT Today,NO,NO,NO,0,67,2026,0
3/13/2022,2022,2022,Mar,Mar,Qtr1,13,10,5,SU,3,7,,,Completed,,,44564,44631,NOT YTD,46094,NOT Today,NO,NO,NO,0,67,2026,0
3/14/2022,2022,2022,Mar,Mar,Qtr1,14,11,5,M,3,1,,,Completed,,,44564,44631,NOT YTD,46094,NOT Today,NO,NO,NO,0,67,2026,0
3/15/2022,2022,2022,Mar,Mar,Qtr1,15,11,5,T,3,2,,,Completed,,,44564,44631,NOT YTD,46094,NOT Today,NO,NO,NO,0,67,2026,0
3/16/2022,2022,2022,Mar,Mar,Qtr1,16,11,5,W,3,3,,,Completed,,,44564,44631,NOT YTD,46094,NOT Today,NO,NO,NO,0,67,2026,0
3/17/2022,2022,2022,Mar,Mar,Qtr1,17,11,5,TH,3,4,,,Completed,,,44564,44631,NOT YTD,46094,NOT Today,NO,NO,NO,0,67,2026,0
3/18/2022,2022,2022,Mar,Mar,Qtr1,18,11,5,F,3,5,,,Completed,,,44564,44631,NOT YTD,46094,NOT Today,NO,NO,NO,0,67,2026,0
3/19/2022,2022,2022,Mar,Mar,Qtr1,19,11,5,S,3,6,,,Completed,,,44564,44631,NOT YTD,46094,NOT Today,NO,NO,NO,0,67,2026,0
3/20/2022,2022,2022,Mar,Mar,Qtr1,20,11,5,SU,3,7,,,Completed,,,44564,44631,NOT YTD,46094,NOT Today,NO,NO,NO,0,67,2026,0
3/21/2022,2022,2022,Mar,Mar,Qtr1,21,12,5,M,3,1,,,Completed,,,44564,44631,NOT YTD,46094,NOT Today,NO,NO,NO,0,67,2026,0
3/22/2022,2022,2022,Mar,Mar,Qtr1,22,12,5,T,3,2,,,Completed,,,44564,44631,NOT YTD,46094,NOT Today,NO,NO,NO,0,67,2026,0
3/23/2022,2022,2022,Mar,Mar,Qtr1,23,12,5,W,3,3,,,Completed,,,44564,44631,NOT YTD,46094,NOT Today,NO,NO,NO,0,67,2026,0
3/24/2022,2022,2022,Mar,Mar,Qtr1,24,12,5,TH,3,4,,,Completed,,,44564,44631,NOT YTD,46094,NOT Today,NO,NO,NO,0,67,2026,0
3/25/2022,2022,2022,Mar,Mar,Qtr1,25,12,5,F,3,5,,,Completed,,,44564,44631,NOT YTD,46094,NOT Today,NO,NO,NO,0,67,2026,0
3/26/2022,2022,2022,Mar,Mar,Qtr1,26,12,5,S,3,6,,,Completed,,,44564,44631,NOT YTD,46094,NOT Today,NO,NO,NO,0,67,2026,0
3/27/2022,2022,2022,Mar,Mar,Qtr1,27,12,5,SU,3,7,,,Completed,,,44564,44631,NOT YTD,46094,NOT Today,NO,NO,NO,0,67,2026,0
3/28/2022,2022,2022,Mar,Mar,Qtr1,28,13,5,M,3,1,,,Completed,,,44564,44631,NOT YTD,46094,NOT Today,NO,NO,NO,0,67,2026,0
3/29/2022,2022,2022,Mar,Mar,Qtr1,29,13,5,T,3,2,,,Completed,,,44564,44631,NOT YTD,46094,NOT Today,NO,NO,NO,0,67,2026,0
3/30/2022,2022,2022,Mar,Mar,Qtr1,30,13,5,W,3,3,,,Completed,,,44564,44631,NOT YTD,46094,NOT Today,NO,NO,NO,0,67,2026,0
3/31/2022,2022,2022,Mar,Mar,Qtr1,31,13,5,TH,3,4,,,Completed,,,44564,44631,NOT YTD,46094,NOT Today,NO,NO,NO,0,67,2026,0
3/1/2023,2023,2023,Mar,Mar,Qtr1,1,9,5,W,3,3,,,Completed,,,44928,44995,YTD,46094,NOT Today,NO,NO,NO,0,67,2026,0
3/2/2023,2023,2023,Mar,Mar,Qtr1,2,9,5,TH,3,4,,,Completed,,,44928,44995,YTD,46094,NOT Today,NO,NO,NO,0,67,2026,0
3/3/2023,2023,2023,Mar,Mar,Qtr1,3,9,5,F,3,5,,,Completed,,,44928,44995,YTD,46094,NOT Today,NO,NO,NO,0,67,2026,0
3/4/2023,2023,2023,Mar,Mar,Qtr1,4,9,5,S,3,6,,,Completed,,,44928,44995,YTD,46094,NOT Today,NO,NO,NO,0,67,2026,0
3/5/2023,2023,2023,Mar,Mar,Qtr1,5,9,5,SU,3,7,,,Completed,,,44928,44995,YTD,46094,NOT Today,NO,NO,NO,0,67,2026,0
3/6/2023,2023,2023,Mar,Mar,Qtr1,6,10,5,M,3,1,,,Completed,,,44928,44995,YTD,46094,NOT Today,NO,NO,NO,0,67,2026,0
3/7/2023,2023,2023,Mar,Mar,Qtr1,7,10,5,T,3,2,,,Completed,,,44928,44995,YTD,46094,NOT Today,NO,NO,NO,0,67,2026,0
3/8/2023,2023,2023,Mar,Mar,Qtr1,8,10,5,W,3,3,,,Completed,,,44928,44995,YTD,46094,NOT Today,NO,NO,NO,0,67,2026,0
3/9/2023,2023,2023,Mar,Mar,Qtr1,9,10,5,TH,3,4,,,Completed,,,44928,44995,YTD,46094,NOT Today,NO,NO,NO,0,67,2026,0
3/10/2023,2023,2023,Mar,Mar,Qtr1,10,10,5,F,3,5,,,Completed,,,44928,44995,YTD,46094,NOT Today,NO,NO,NO,0,67,2026,0
3/11/2023,2023,2023,Mar,Mar,Qtr1,11,10,5,S,3,6,,,Completed,,,44928,44995,NOT YTD,46094,NOT Today,NO,NO,NO,0,67,2026,0
3/12/2023,2023,2023,Mar,Mar,Qtr1,12,10,5,SU,3,7,,,Completed,,,44928,44995,NOT YTD,46094,NOT Today,NO,NO,NO,0,67,2026,0
3/13/2023,2023,2023,Mar,Mar,Qtr1,13,11,5,M,3,1,,,Completed,,,44928,44995,NOT YTD,46094,NOT Today,NO,NO,NO,0,67,2026,0
3/14/2023,2023,2023,Mar,Mar,Qtr1,14,11,5,T,3,2,,,Completed,,,44928,44995,NOT YTD,46094,NOT Today,NO,NO,NO,0,67,2026,0
3/15/2023,2023,2023,Mar,Mar,Qtr1,15,11,5,W,3,3,,,Completed,,,44928,44995,NOT YTD,46094,NOT Today,NO,NO,NO,0,67,2026,0
3/16/2023,2023,2023,Mar,Mar,Qtr1,16,11,5,TH,3,4,,,Completed,,,44928,44995,NOT YTD,46094,NOT Today,NO,NO,NO,0,67,2026,0
3/17/2023,2023,2023,Mar,Mar,Qtr1,17,11,5,F,3,5,,,Completed,,,44928,44995,NOT YTD,46094,NOT Today,NO,NO,NO,0,67,2026,0
3/18/2023,2023,2023,Mar,Mar,Qtr1,18,11,5,S,3,6,,,Completed,,,44928,44995,NOT YTD,46094,NOT Today,NO,NO,NO,0,67,2026,0
3/19/2023,2023,2023,Mar,Mar,Qtr1,19,11,5,SU,3,7,,,Completed,,,44928,44995,NOT YTD,46094,NOT Today,NO,NO,NO,0,67,2026,0
3/20/2023,2023,2023,Mar,Mar,Qtr1,20,12,5,M,3,1,,,Completed,,,44928,44995,NOT YTD,46094,NOT Today,NO,NO,NO,0,67,2026,0
3/21/2023,2023,2023,Mar,Mar,Qtr1,21,12,5,T,3,2,,,Completed,,,44928,44995,NOT YTD,46094,NOT Today,NO,NO,NO,0,67,2026,0
3/22/2023,2023,2023,Mar,Mar,Qtr1,22,12,5,W,3,3,,,Completed,,,44928,44995,NOT YTD,46094,NOT Today,NO,NO,NO,0,67,2026,0
3/23/2023,2023,2023,Mar,Mar,Qtr1,23,12,5,TH,3,4,,,Completed,,,44928,44995,NOT YTD,46094,NOT Today,NO,NO,NO,0,67,2026,0
3/24/2023,2023,2023,Mar,Mar,Qtr1,24,12,5,F,3,5,,,Completed,,,44928,44995,NOT YTD,46094,NOT Today,NO,NO,NO,0,67,2026,0
3/25/2023,2023,2023,Mar,Mar,Qtr1,25,12,5,S,3,6,,,Completed,,,44928,44995,NOT YTD,46094,NOT Today,NO,NO,NO,0,67,2026,0
3/26/2023,2023,2023,Mar,Mar,Qtr1,26,12,5,SU,3,7,,,Completed,,,44928,44995,NOT YTD,46094,NOT Today,NO,NO,NO,0,67,2026,0
3/27/2023,2023,2023,Mar,Mar,Qtr1,27,13,5,M,3,1,,,Completed,,,44928,44995,NOT YTD,46094,NOT Today,NO,NO,NO,0,67,2026,0
3/28/2023,2023,2023,Mar,Mar,Qtr1,28,13,5,T,3,2,,,Completed,,,44928,44995,NOT YTD,46094,NOT Today,NO,NO,NO,0,67,2026,0
3/29/2023,2023,2023,Mar,Mar,Qtr1,29,13,5,W,3,3,,,Completed,,,44928,44995,NOT YTD,46094,NOT Today,NO,NO,NO,0,67,2026,0
3/30/2023,2023,2023,Mar,Mar,Qtr1,30,13,5,TH,3,4,,,Completed,,,44928,44995,NOT YTD,46094,NOT Today,NO,NO,NO,0,67,2026,0
3/31/2023,2023,2023,Mar,Mar,Qtr1,31,13,5,F,3,5,,,Completed,,,44928,44995,NOT YTD,46094,NOT Today,NO,NO,NO,0,67,2026,0
11/24/2025,2025,2025,Nov,Dec,Qtr4,24,48,6,M,12,1,,,Completed,Trailing 12 Months,,45656,45723,NOT YTD,46094,NOT Today,NO,Trailing 6 Months,Trailing 12 Months,0,67,2026,0
11/25/2025,2025,2025,Nov,Dec,Qtr4,25,48,6,T,12,2,,,Completed,Trailing 12 Months,,45656,45723,NOT YTD,46094,NOT Today,NO,Trailing 6 Months,Trailing 12 Months,0,67,2026,0
11/26/2025,2025,2025,Nov,Dec,Qtr4,26,48,6,W,12,3,,,Completed,Trailing 12 Months,,45656,45723,NOT YTD,46094,NOT Today,NO,Trailing 6 Months,Trailing 12 Months,0,67,2026,0
11/27/2025,2025,2025,Nov,Dec,Qtr4,27,48,6,TH,12,4,,,Completed,Trailing 12 Months,,45656,45723,NOT YTD,46094,NOT Today,NO,Trailing 6 Months,Trailing 12 Months,0,67,2026,0
11/28/2025,2025,2025,Nov,Dec,Qtr4,28,48,6,F,12,5,,,Completed,Trailing 12 Months,,45656,45723,NOT YTD,46094,NOT Today,NO,Trailing 6 Months,Trailing 12 Months,0,67,2026,0
11/29/2025,2025,2025,Nov,Dec,Qtr4,29,48,6,S,12,6,,,Completed,Trailing 12 Months,,45656,45723,NOT YTD,46094,NOT Today,NO,Trailing 6 Months,Trailing 12 Months,0,67,2026,0
11/30/2025,2025,2025,Nov,Dec,Qtr4,30,48,6,SU,12,7,,,Completed,Trailing 12 Months,,45656,45723,NOT YTD,46094,NOT Today,NO,Trailing 6 Months,Trailing 12 Months,0,67,2026,0
12/1/2025,2025,2025,Dec,Dec,Qtr4,1,49,6,M,12,1,,,Completed,Trailing 12 Months,,45656,45723,NOT YTD,46094,NOT Today,NO,Trailing 6 Months,Trailing 12 Months,0,67,2026,0
12/2/2025,2025,2025,Dec,Dec,Qtr4,2,49,6,T,12,2,,,Completed,Trailing 12 Months,,45656,45723,NOT YTD,46094,NOT Today,NO,Trailing 6 Months,Trailing 12 Months,0,67,2026,0
12/3/2025,2025,2025,Dec,Dec,Qtr4,3,49,6,W,12,3,,,Completed,Trailing 12 Months,,45656,45723,NOT YTD,46094,NOT Today,NO,Trailing 6 Months,Trailing 12 Months,0,67,2026,0
12/4/2025,2025,2025,Dec,Dec,Qtr4,4,49,6,TH,12,4,,,Completed,Trailing 12 Months,,45656,45723,NOT YTD,46094,NOT Today,NO,Trailing 6 Months,Trailing 12 Months,0,67,2026,0
12/5/2025,2025,2025,Dec,Dec,Qtr4,5,49,6,F,12,5,,,Completed,Trailing 12 Months,,45656,45723,NOT YTD,46094,NOT Today,NO,Trailing 6 Months,Trailing 12 Months,0,67,2026,0
12/6/2025,2025,2025,Dec,Dec,Qtr4,6,49,6,S,12,6,,,Completed,Trailing 12 Months,,45656,45723,NOT YTD,46094,NOT Today,NO,Trailing 6 Months,Trailing 12 Months,0,67,2026,0
12/7/2025,2025,2025,Dec,Dec,Qtr4,7,49,6,SU,12,7,,,Completed,Trailing 12 Months,,45656,45723,NOT YTD,46094,NOT Today,NO,Trailing 6 Months,Trailing 12 Months,0,67,2026,0
12/8/2025,2025,2025,Dec,Dec,Qtr4,8,50,6,M,12,1,,,Completed,Trailing 12 Months,,45656,45723,NOT YTD,46094,NOT Today,NO,Trailing 6 Months,Trailing 12 Months,0,67,2026,0
12/9/2025,2025,2025,Dec,Dec,Qtr4,9,50,6,T,12,2,,,Completed,Trailing 12 Months,,45656,45723,NOT YTD,46094,NOT Today,NO,Trailing 6 Months,Trailing 12 Months,0,67,2026,0
12/10/2025,2025,2025,Dec,Dec,Qtr4,10,50,6,W,12,3,,,Completed,Trailing 12 Months,,45656,45723,NOT YTD,46094,NOT Today,NO,Trailing 6 Months,Trailing 12 Months,0,67,2026,0
12/11/2025,2025,2025,Dec,Dec,Qtr4,11,50,6,TH,12,4,,,Completed,Trailing 12 Months,,45656,45723,NOT YTD,46094,NOT Today,NO,Trailing 6 Months,Trailing 12 Months,0,67,2026,0
12/12/2025,2025,2025,Dec,Dec,Qtr4,12,50,6,F,12,5,,,Completed,Trailing 12 Months,,45656,45723,NOT YTD,46094,NOT Today,NO,Trailing 6 Months,Trailing 12 Months,0,67,2026,0
12/13/2025,2025,2025,Dec,Dec,Qtr4,13,50,6,S,12,6,,,Completed,Trailing 12 Months,,45656,45723,NOT YTD,46094,NOT Today,NO,Trailing 6 Months,Trailing 12 Months,0,67,2026,0
12/14/2025,2025,2025,Dec,Dec,Qtr4,14,50,6,SU,12,7,,,Completed,Trailing 12 Months,,45656,45723,NOT YTD,46094,NOT Today,NO,Trailing 6 Months,Trailing 12 Months,0,67,2026,0
12/15/2025,2025,2025,Dec,Dec,Qtr4,15,51,6,M,12,1,,,Completed,Trailing 12 Months,,45656,45723,NOT YTD,46094,NOT Today,NO,Trailing 6 Months,Trailing 12 Months,0,67,2026,0
12/16/2025,2025,2025,Dec,Dec,Qtr4,16,51,6,T,12,2,,,Completed,Trailing 12 Months,,45656,45723,NOT YTD,46094,NOT Today,NO,Trailing 6 Months,Trailing 12 Months,0,67,2026,0
12/17/2025,2025,2025,Dec,Dec,Qtr4,17,51,6,W,12,3,,,Completed,Trailing 12 Months,,45656,45723,NOT YTD,46094,NOT Today,NO,Trailing 6 Months,Trailing 12 Months,0,67,2026,0
12/18/2025,2025,2025,Dec,Dec,Qtr4,18,51,6,TH,12,4,,,Completed,Trailing 12 Months,,45656,45723,NOT YTD,46094,NOT Today,NO,Trailing 6 Months,Trailing 12 Months,0,67,2026,0
12/19/2025,2025,2025,Dec,Dec,Qtr4,19,51,6,F,12,5,,,Completed,Trailing 12 Months,,45656,45723,NOT YTD,46094,NOT Today,NO,Trailing 6 Months,Trailing 12 Months,0,67,2026,0
12/20/2025,2025,2025,Dec,Dec,Qtr4,20,51,6,S,12,6,,,Completed,Trailing 12 Months,,45656,45723,NOT YTD,46094,NOT Today,NO,Trailing 6 Months,Trailing 12 Months,0,67,2026,0
12/21/2025,2025,2025,Dec,Dec,Qtr4,21,51,6,SU,12,7,,,Completed,Trailing 12 Months,,45656,45723,NOT YTD,46094,NOT Today,NO,Trailing 6 Months,Trailing 12 Months,0,67,2026,0
12/22/2025,2025,2025,Dec,Dec,Qtr4,22,52,6,M,12,1,,,Completed,Trailing 12 Months,,45656,45723,NOT YTD,46094,NOT Today,NO,Trailing 6 Months,Trailing 12 Months,0,67,2026,0
12/23/2025,2025,2025,Dec,Dec,Qtr4,23,52,6,T,12,2,,,Completed,Trailing 12 Months,,45656,45723,NOT YTD,46094,NOT Today,NO,Trailing 6 Months,Trailing 12 Months,0,67,2026,0
12/24/2025,2025,2025,Dec,Dec,Qtr4,24,52,6,W,12,3,,,Completed,Trailing 12 Months,,45656,45723,NOT YTD,46094,NOT Today,NO,Trailing 6 Months,Trailing 12 Months,0,67,2026,0
12/25/2025,2025,2025,Dec,Dec,Qtr4,25,52,6,TH,12,4,,,Completed,Trailing 12 Months,,45656,45723,NOT YTD,46094,NOT Today,NO,Trailing 6 Months,Trailing 12 Months,0,67,2026,0
12/26/2025,2025,2025,Dec,Dec,Qtr4,26,52,6,F,12,5,,,Completed,Trailing 12 Months,,45656,45723,NOT YTD,46094,NOT Today,NO,Trailing 6 Months,Trailing 12 Months,0,67,2026,0
12/27/2025,2025,2025,Dec,Dec,Qtr4,27,52,6,S,12,6,,,Completed,Trailing 12 Months,,45656,45723,NOT YTD,46094,NOT Today,NO,Trailing 6 Months,Trailing 12 Months,0,67,2026,0
12/28/2025,2025,2025,Dec,Dec,Qtr4,28,52,6,SU,12,7,,,Completed,Trailing 12 Months,,45656,45723,NOT YTD,46094,NOT Today,NO,Trailing 6 Months,Trailing 12 Months,0,67,2026,0
12/29/2025,2025,2025,Dec,Dec,Qtr4,29,53,6,M,12,1,,,Completed,Trailing 12 Months,,45656,45723,NOT YTD,46094,NOT Today,NO,Trailing 6 Months,Trailing 12 Months,0,67,2026,0
12/30/2025,2025,2025,Dec,Dec,Qtr4,30,53,6,T,12,2,,,Completed,Trailing 12 Months,,45656,45723,NOT YTD,46094,NOT Today,NO,Trailing 6 Months,Trailing 12 Months,0,67,2026,0
12/31/2025,2025,2025,Dec,Dec,Qtr4,31,53,6,W,12,3,,,Completed,Trailing 12 Months,,45656,45723,NOT YTD,46094,NOT Today,NO,Trailing 6 Months,Trailing 12 Months,0,67,2026,0
1/1/2026,2026,2025,Jan,Dec,Qtr4,1,53,6,TH,12,4,,,Completed,Trailing 12 Months,,45656,45723,NOT YTD,46094,NOT Today,NO,Trailing 6 Months,Trailing 12 Months,0,67,2026,0
1/2/2026,2026,2025,Jan,Dec,Qtr4,2,53,6,F,12,5,,,Completed,Trailing 12 Months,,45656,45723,NOT YTD,46094,NOT Today,NO,Trailing 6 Months,Trailing 12 Months,0,67,2026,0
1/3/2026,2026,2025,Jan,Dec,Qtr4,3,53,6,S,12,6,,,Completed,Trailing 12 Months,,45656,45723,NOT YTD,46094,NOT Today,NO,Trailing 6 Months,Trailing 12 Months,0,67,2026,0
1/4/2026,2026,2025,Jan,Dec,Qtr4,4,53,6,SU,12,7,,,Completed,Trailing 12 Months,,45656,45723,NOT YTD,46094,NOT Today,NO,Trailing 6 Months,Trailing 12 Months,0,67,2026,0
5/27/2024,2024,2024,May,Jun,Qtr2,27,22,5,M,6,1,15540.09429,7710.64,Completed,,,45292,45359,NOT YTD,46094,NOT Today,NO,NO,NO,0,67,2026,0
5/28/2024,2024,2024,May,Jun,Qtr2,28,22,5,T,6,2,15540.09429,7710.64,Completed,,,45292,45359,NOT YTD,46094,NOT Today,NO,NO,NO,0,67,2026,0
5/29/2024,2024,2024,May,Jun,Qtr2,29,22,5,W,6,3,15540.09429,7710.64,Completed,,,45292,45359,NOT YTD,46094,NOT Today,NO,NO,NO,0,67,2026,0
5/30/2024,2024,2024,May,Jun,Qtr2,30,22,5,TH,6,4,15540.09429,7710.64,Completed,,,45292,45359,NOT YTD,46094,NOT Today,NO,NO,NO,0,67,2026,0
5/31/2024,2024,2024,May,Jun,Qtr2,31,22,5,F,6,5,15540.09429,7710.64,Completed,,,45292,45359,NOT YTD,46094,NOT Today,NO,NO,NO,0,67,2026,0
6/1/2024,2024,2024,Jun,Jun,Qtr2,1,22,5,S,6,6,15540.09429,7710.64,Completed,,,45292,45359,NOT YTD,46094,NOT Today,NO,NO,NO,0,67,2026,0
6/2/2024,2024,2024,Jun,Jun,Qtr2,2,22,5,SU,6,7,15540.09429,7710.64,Completed,,,45292,45359,NOT YTD,46094,NOT Today,NO,NO,NO,0,67,2026,0
6/3/2024,2024,2024,Jun,Jun,Qtr2,3,23,5,M,6,1,15540.09429,7710.64,Completed,,,45292,45359,NOT YTD,46094,NOT Today,NO,NO,NO,0,67,2026,0
6/4/2024,2024,2024,Jun,Jun,Qtr2,4,23,5,T,6,2,15540.09429,7710.64,Completed,,,45292,45359,NOT YTD,46094,NOT Today,NO,NO,NO,0,67,2026,0
6/5/2024,2024,2024,Jun,Jun,Qtr2,5,23,5,W,6,3,15540.09429,7710.64,Completed,,,45292,45359,NOT YTD,46094,NOT Today,NO,NO,NO,0,67,2026,0
6/6/2024,2024,2024,Jun,Jun,Qtr2,6,23,5,TH,6,4,15540.09429,7710.64,Completed,,,45292,45359,NOT YTD,46094,NOT Today,NO,NO,NO,0,67,2026,0
6/7/2024,2024,2024,Jun,Jun,Qtr2,7,23,5,F,6,5,15540.09429,7710.64,Completed,,,45292,45359,NOT YTD,46094,NOT Today,NO,NO,NO,0,67,2026,0
6/8/2024,2024,2024,Jun,Jun,Qtr2,8,23,5,S,6,6,15540.09429,7710.64,Completed,,,45292,45359,NOT YTD,46094,NOT Today,NO,NO,NO,0,67,2026,0
6/9/2024,2024,2024,Jun,Jun,Qtr2,9,23,5,SU,6,7,15540.09429,7710.64,Completed,,,45292,45359,NOT YTD,46094,NOT Today,NO,NO,NO,0,67,2026,0
6/10/2024,2024,2024,Jun,Jun,Qtr2,10,24,5,M,6,1,15540.09429,7710.64,Completed,,,45292,45359,NOT YTD,46094,NOT Today,NO,NO,NO,0,67,2026,0
6/11/2024,2024,2024,Jun,Jun,Qtr2,11,24,5,T,6,2,15540.09429,7710.64,Completed,,,45292,45359,NOT YTD,46094,NOT Today,NO,NO,NO,0,67,2026,0
6/12/2024,2024,2024,Jun,Jun,Qtr2,12,24,5,W,6,3,15540.09429,7710.64,Completed,,,45292,45359,NOT YTD,46094,NOT Today,NO,NO,NO,0,67,2026,0
6/13/2024,2024,2024,Jun,Jun,Qtr2,13,24,5,TH,6,4,15540.09429,7710.64,Completed,,,45292,45359,NOT YTD,46094,NOT Today,NO,NO,NO,0,67,2026,0
6/14/2024,2024,2024,Jun,Jun,Qtr2,14,24,5,F,6,5,15540.09429,7710.64,Completed,,,45292,45359,NOT YTD,46094,NOT Today,NO,NO,NO,0,67,2026,0
6/15/2024,2024,2024,Jun,Jun,Qtr2,15,24,5,S,6,6,15540.09429,7710.64,Completed,,,45292,45359,NOT YTD,46094,NOT Today,NO,NO,NO,0,67,2026,0
6/16/2024,2024,2024,Jun,Jun,Qtr2,16,24,5,SU,6,7,15540.09429,7710.64,Completed,,,45292,45359,NOT YTD,46094,NOT Today,NO,NO,NO,0,67,2026,0
6/17/2024,2024,2024,Jun,Jun,Qtr2,17,25,5,M,6,1,15540.09429,7710.64,Completed,,,45292,45359,NOT YTD,46094,NOT Today,NO,NO,NO,0,67,2026,0
6/18/2024,2024,2024,Jun,Jun,Qtr2,18,25,5,T,6,2,15540.09429,7710.64,Completed,,,45292,45359,NOT YTD,46094,NOT Today,NO,NO,NO,0,67,2026,0
6/19/2024,2024,2024,Jun,Jun,Qtr2,19,25,5,W,6,3,15540.09429,7710.64,Completed,,,45292,45359,NOT YTD,46094,NOT Today,NO,NO,NO,0,67,2026,0
6/20/2024,2024,2024,Jun,Jun,Qtr2,20,25,5,TH,6,4,15540.09429,7710.64,Completed,,,45292,45359,NOT YTD,46094,NOT Today,NO,NO,NO,0,67,2026,0
6/21/2024,2024,2024,Jun,Jun,Qtr2,21,25,5,F,6,5,15540.09429,7710.64,Completed,,,45292,45359,NOT YTD,46094,NOT Today,NO,NO,NO,0,67,2026,0
6/22/2024,2024,2024,Jun,Jun,Qtr2,22,25,5,S,6,6,15540.09429,7710.64,Completed,,,45292,45359,NOT YTD,46094,NOT Today,NO,NO,NO,0,67,2026,0
6/23/2024,2024,2024,Jun,Jun,Qtr2,23,25,5,SU,6,7,15540.09429,7710.64,Completed,,,45292,45359,NOT YTD,46094,NOT Today,NO,NO,NO,0,67,2026,0
6/24/2024,2024,2024,Jun,Jun,Qtr2,24,26,5,M,6,1,15540.09429,7710.64,Completed,,,45292,45359,NOT YTD,46094,NOT Today,NO,NO,NO,0,67,2026,0
6/25/2024,2024,2024,Jun,Jun,Qtr2,25,26,5,T,6,2,15540.09429,7710.64,Completed,,,45292,45359,NOT YTD,46094,NOT Today,NO,NO,NO,0,67,2026,0
6/26/2024,2024,2024,Jun,Jun,Qtr2,26,26,5,W,6,3,15540.09429,7710.64,Completed,,,45292,45359,NOT YTD,46094,NOT Today,NO,NO,NO,0,67,2026,0
6/27/2024,2024,2024,Jun,Jun,Qtr2,27,26,5,TH,6,4,15540.09429,7710.64,Completed,,,45292,45359,NOT YTD,46094,NOT Today,NO,NO,NO,0,67,2026,0
6/28/2024,2024,2024,Jun,Jun,Qtr2,28,26,5,F,6,5,15540.09429,7710.64,Completed,,,45292,45359,NOT YTD,46094,NOT Today,NO,NO,NO,0,67,2026,0
6/29/2024,2024,2024,Jun,Jun,Qtr2,29,26,5,S,6,6,15540.09429,7710.64,Completed,,,45292,45359,NOT YTD,46094,NOT Today,NO,NO,NO,0,67,2026,0
6/30/2024,2024,2024,Jun,Jun,Qtr2,30,26,5,SU,6,7,15540.09429,7710.64,Completed,,,45292,45359,NOT YTD,46094,NOT Today,NO,NO,NO,0,67,2026,0
8/26/2024,2024,2024,Aug,Sep,Qtr3,26,35,5,M,9,1,15540.09429,7710.64,Completed,,,45292,45359,NOT YTD,46094,NOT Today,NO,NO,NO,0,67,2026,0
8/27/2024,2024,2024,Aug,Sep,Qtr3,27,35,5,T,9,2,15540.09429,7710.64,Completed,,,45292,45359,NOT YTD,46094,NOT Today,NO,NO,NO,0,67,2026,0
8/28/2024,2024,2024,Aug,Sep,Qtr3,28,35,5,W,9,3,15540.09429,7710.64,Completed,,,45292,45359,NOT YTD,46094,NOT Today,NO,NO,NO,0,67,2026,0
8/29/2024,2024,2024,Aug,Sep,Qtr3,29,35,5,TH,9,4,15540.09429,7710.64,Completed,,,45292,45359,NOT YTD,46094,NOT Today,NO,NO,NO,0,67,2026,0
8/30/2024,2024,2024,Aug,Sep,Qtr3,30,35,5,F,9,5,15540.09429,7710.64,Completed,,,45292,45359,NOT YTD,46094,NOT Today,NO,NO,NO,0,67,2026,0
8/31/2024,2024,2024,Aug,Sep,Qtr3,31,35,5,S,9,6,15540.09429,7710.64,Completed,,,45292,45359,NOT YTD,46094,NOT Today,NO,NO,NO,0,67,2026,0
9/1/2024,2024,2024,Sep,Sep,Qtr3,1,35,5,SU,9,7,15540.09429,7710.64,Completed,,,45292,45359,NOT YTD,46094,NOT Today,NO,NO,NO,0,67,2026,0
9/2/2024,2024,2024,Sep,Sep,Qtr3,2,36,5,M,9,1,15540.09429,7710.64,Completed,,,45292,45359,NOT YTD,46094,NOT Today,NO,NO,NO,0,67,2026,0
9/3/2024,2024,2024,Sep,Sep,Qtr3,3,36,5,T,9,2,15540.09429,7710.64,Completed,,,45292,45359,NOT YTD,46094,NOT Today,NO,NO,NO,0,67,2026,0
9/4/2024,2024,2024,Sep,Sep,Qtr3,4,36,5,W,9,3,15540.09429,7710.64,Completed,,,45292,45359,NOT YTD,46094,NOT Today,NO,NO,NO,0,67,2026,0
9/5/2024,2024,2024,Sep,Sep,Qtr3,5,36,5,TH,9,4,15540.09429,7710.64,Completed,,,45292,45359,NOT YTD,46094,NOT Today,NO,NO,NO,0,67,2026,0
9/6/2024,2024,2024,Sep,Sep,Qtr3,6,36,5,F,9,5,15540.09429,7710.64,Completed,,,45292,45359,NOT YTD,46094,NOT Today,NO,NO,NO,0,67,2026,0
9/7/2024,2024,2024,Sep,Sep,Qtr3,7,36,5,S,9,6,15540.09429,7710.64,Completed,,,45292,45359,NOT YTD,46094,NOT Today,NO,NO,NO,0,67,2026,0
9/8/2024,2024,2024,Sep,Sep,Qtr3,8,36,5,SU,9,7,15540.09429,7710.64,Completed,,,45292,45359,NOT YTD,46094,NOT Today,NO,NO,NO,0,67,2026,0
9/9/2024,2024,2024,Sep,Sep,Qtr3,9,37,5,M,9,1,15540.09429,7710.64,Completed,,,45292,45359,NOT YTD,46094,NOT Today,NO,NO,NO,0,67,2026,0
9/10/2024,2024,2024,Sep,Sep,Qtr3,10,37,5,T,9,2,15540.09429,7710.64,Completed,,,45292,45359,NOT YTD,46094,NOT Today,NO,NO,NO,0,67,2026,0
9/11/2024,2024,2024,Sep,Sep,Qtr3,11,37,5,W,9,3,15540.09429,7710.64,Completed,,,45292,45359,NOT YTD,46094,NOT Today,NO,NO,NO,0,67,2026,0
9/12/2024,2024,2024,Sep,Sep,Qtr3,12,37,5,TH,9,4,15540.09429,7710.64,Completed,,,45292,45359,NOT YTD,46094,NOT Today,NO,NO,NO,0,67,2026,0
9/13/2024,2024,2024,Sep,Sep,Qtr3,13,37,5,F,9,5,15540.09429,7710.64,Completed,,,45292,45359,NOT YTD,46094,NOT Today,NO,NO,NO,0,67,2026,0
9/14/2024,2024,2024,Sep,Sep,Qtr3,14,37,5,S,9,6,15540.09429,7710.64,Completed,,,45292,45359,NOT YTD,46094,NOT Today,NO,NO,NO,0,67,2026,0
9/15/2024,2024,2024,Sep,Sep,Qtr3,15,37,5,SU,9,7,15540.09429,7710.64,Completed,,,45292,45359,NOT YTD,46094,NOT Today,NO,NO,NO,0,67,2026,0
9/16/2024,2024,2024,Sep,Sep,Qtr3,16,38,5,M,9,1,15540.09429,7710.64,Completed,,,45292,45359,NOT YTD,46094,NOT Today,NO,NO,NO,0,67,2026,0
9/17/2024,2024,2024,Sep,Sep,Qtr3,17,38,5,T,9,2,15540.09429,7710.64,Completed,,,45292,45359,NOT YTD,46094,NOT Today,NO,NO,NO,0,67,2026,0
9/18/2024,2024,2024,Sep,Sep,Qtr3,18,38,5,W,9,3,15540.09429,7710.64,Completed,,,45292,45359,NOT YTD,46094,NOT Today,NO,NO,NO,0,67,2026,0
9/19/2024,2024,2024,Sep,Sep,Qtr3,19,38,5,TH,9,4,15540.09429,7710.64,Completed,,,45292,45359,NOT YTD,46094,NOT Today,NO,NO,NO,0,67,2026,0
9/20/2024,2024,2024,Sep,Sep,Qtr3,20,38,5,F,9,5,15540.09429,7710.64,Completed,,,45292,45359,NOT YTD,46094,NOT Today,NO,NO,NO,0,67,2026,0
9/21/2024,2024,2024,Sep,Sep,Qtr3,21,38,5,S,9,6,15540.09429,7710.64,Completed,,,45292,45359,NOT YTD,46094,NOT Today,NO,NO,NO,0,67,2026,0
9/22/2024,2024,2024,Sep,Sep,Qtr3,22,38,5,SU,9,7,15540.09429,7710.64,Completed,,,45292,45359,NOT YTD,46094,NOT Today,NO,NO,NO,0,67,2026,0
9/23/2024,2024,2024,Sep,Sep,Qtr3,23,39,5,M,9,1,15540.09429,7710.64,Completed,,,45292,45359,NOT YTD,46094,NOT Today,NO,NO,NO,0,67,2026,0
9/24/2024,2024,2024,Sep,Sep,Qtr3,24,39,5,T,9,2,15540.09429,7710.64,Completed,,,45292,45359,NOT YTD,46094,NOT Today,NO,NO,NO,0,67,2026,0
9/25/2024,2024,2024,Sep,Sep,Qtr3,25,39,5,W,9,3,15540.09429,7710.64,Completed,,,45292,45359,NOT YTD,46094,NOT Today,NO,NO,NO,0,67,2026,0
9/26/2024,2024,2024,Sep,Sep,Qtr3,26,39,5,TH,9,4,15540.09429,7710.64,Completed,,,45292,45359,NOT YTD,46094,NOT Today,NO,NO,NO,0,67,2026,0
9/27/2024,2024,2024,Sep,Sep,Qtr3,27,39,5,F,9,5,15540.09429,7710.64,Completed,,,45292,45359,NOT YTD,46094,NOT Today,NO,NO,NO,0,67,2026,0
9/28/2024,2024,2024,Sep,Sep,Qtr3,28,39,5,S,9,6,15540.09429,7710.64,Completed,,,45292,45359,NOT YTD,46094,NOT Today,NO,NO,NO,0,67,2026,0
9/29/2024,2024,2024,Sep,Sep,Qtr3,29,39,5,SU,9,7,15540.09429,7710.64,Completed,,,45292,45359,NOT YTD,46094,NOT Today,NO,NO,NO,0,67,2026,0
11/25/2024,2024,2024,Nov,Dec,Qtr4,25,48,5,M,12,1,15540.09429,7710.64,Completed,,,45292,45359,NOT YTD,46094,NOT Today,NO,NO,NO,0,67,2026,0
11/26/2024,2024,2024,Nov,Dec,Qtr4,26,48,5,T,12,2,15540.09429,7710.64,Completed,,,45292,45359,NOT YTD,46094,NOT Today,NO,NO,NO,0,67,2026,0
11/27/2024,2024,2024,Nov,Dec,Qtr4,27,48,5,W,12,3,15540.09429,7710.64,Completed,,,45292,45359,NOT YTD,46094,NOT Today,NO,NO,NO,0,67,2026,0
11/28/2024,2024,2024,Nov,Dec,Qtr4,28,48,5,TH,12,4,15540.09429,7710.64,Completed,,,45292,45359,NOT YTD,46094,NOT Today,NO,NO,NO,0,67,2026,0
11/29/2024,2024,2024,Nov,Dec,Qtr4,29,48,5,F,12,5,15540.09429,7710.64,Completed,,,45292,45359,NOT YTD,46094,NOT Today,NO,NO,NO,0,67,2026,0
11/30/2024,2024,2024,Nov,Dec,Qtr4,30,48,5,S,12,6,15540.09429,7710.64,Completed,,,45292,45359,NOT YTD,46094,NOT Today,NO,NO,NO,0,67,2026,0
12/1/2024,2024,2024,Dec,Dec,Qtr4,1,48,5,SU,12,7,15540.09429,7710.64,Completed,,,45292,45359,NOT YTD,46094,NOT Today,NO,NO,NO,0,67,2026,0
12/2/2024,2024,2024,Dec,Dec,Qtr4,2,49,5,M,12,1,15540.09429,7710.64,Completed,,,45292,45359,NOT YTD,46094,NOT Today,NO,NO,NO,0,67,2026,0
12/3/2024,2024,2024,Dec,Dec,Qtr4,3,49,5,T,12,2,15540.09429,7710.64,Completed,,,45292,45359,NOT YTD,46094,NOT Today,NO,NO,NO,0,67,2026,0
12/4/2024,2024,2024,Dec,Dec,Qtr4,4,49,5,W,12,3,15540.09429,7710.64,Completed,,,45292,45359,NOT YTD,46094,NOT Today,NO,NO,NO,0,67,2026,0
12/5/2024,2024,2024,Dec,Dec,Qtr4,5,49,5,TH,12,4,15540.09429,7710.64,Completed,,,45292,45359,NOT YTD,46094,NOT Today,NO,NO,NO,0,67,2026,0
12/6/2024,2024,2024,Dec,Dec,Qtr4,6,49,5,F,12,5,15540.09429,7710.64,Completed,,,45292,45359,NOT YTD,46094,NOT Today,NO,NO,NO,0,67,2026,0
12/7/2024,2024,2024,Dec,Dec,Qtr4,7,49,5,S,12,6,15540.09429,7710.64,Completed,,,45292,45359,NOT YTD,46094,NOT Today,NO,NO,NO,0,67,2026,0
12/8/2024,2024,2024,Dec,Dec,Qtr4,8,49,5,SU,12,7,15540.09429,7710.64,Completed,,,45292,45359,NOT YTD,46094,NOT Today,NO,NO,NO,0,67,2026,0
12/9/2024,2024,2024,Dec,Dec,Qtr4,9,50,5,M,12,1,15540.09429,7710.64,Completed,,,45292,45359,NOT YTD,46094,NOT Today,NO,NO,NO,0,67,2026,0
12/10/2024,2024,2024,Dec,Dec,Qtr4,10,50,5,T,12,2,15540.09429,7710.64,Completed,,,45292,45359,NOT YTD,46094,NOT Today,NO,NO,NO,0,67,2026,0
12/11/2024,2024,2024,Dec,Dec,Qtr4,11,50,5,W,12,3,15540.09429,7710.64,Completed,,,45292,45359,NOT YTD,46094,NOT Today,NO,NO,NO,0,67,2026,0
12/12/2024,2024,2024,Dec,Dec,Qtr4,12,50,5,TH,12,4,15540.09429,7710.64,Completed,,,45292,45359,NOT YTD,46094,NOT Today,NO,NO,NO,0,67,2026,0
12/13/2024,2024,2024,Dec,Dec,Qtr4,13,50,5,F,12,5,15540.09429,7710.64,Completed,,,45292,45359,NOT YTD,46094,NOT Today,NO,NO,NO,0,67,2026,0
12/14/2024,2024,2024,Dec,Dec,Qtr4,14,50,5,S,12,6,15540.09429,7710.64,Completed,,,45292,45359,NOT YTD,46094,NOT Today,NO,NO,NO,0,67,2026,0
12/15/2024,2024,2024,Dec,Dec,Qtr4,15,50,5,SU,12,7,15540.09429,7710.64,Completed,,,45292,45359,NOT YTD,46094,NOT Today,NO,NO,NO,0,67,2026,0
12/16/2024,2024,2024,Dec,Dec,Qtr4,16,51,5,M,12,1,15540.09429,7710.64,Completed,,,45292,45359,NOT YTD,46094,NOT Today,NO,NO,NO,0,67,2026,0
12/17/2024,2024,2024,Dec,Dec,Qtr4,17,51,5,T,12,2,15540.09429,7710.64,Completed,,,45292,45359,NOT YTD,46094,NOT Today,NO,NO,NO,0,67,2026,0
12/18/2024,2024,2024,Dec,Dec,Qtr4,18,51,5,W,12,3,15540.09429,7710.64,Completed,,,45292,45359,NOT YTD,46094,NOT Today,NO,NO,NO,0,67,2026,0
12/19/2024,2024,2024,Dec,Dec,Qtr4,19,51,5,TH,12,4,15540.09429,7710.64,Completed,,,45292,45359,NOT YTD,46094,NOT Today,NO,NO,NO,0,67,2026,0
12/20/2024,2024,2024,Dec,Dec,Qtr4,20,51,5,F,12,5,15540.09429,7710.64,Completed,,,45292,45359,NOT YTD,46094,NOT Today,NO,NO,NO,0,67,2026,0
12/21/2024,2024,2024,Dec,Dec,Qtr4,21,51,5,S,12,6,15540.09429,7710.64,Completed,,,45292,45359,NOT YTD,46094,NOT Today,NO,NO,NO,0,67,2026,0
12/22/2024,2024,2024,Dec,Dec,Qtr4,22,51,5,SU,12,7,15540.09429,7710.64,Completed,,,45292,45359,NOT YTD,46094,NOT Today,NO,NO,NO,0,67,2026,0
12/23/2024,2024,2024,Dec,Dec,Qtr4,23,52,5,M,12,1,15540.09429,7710.64,Completed,,,45292,45359,NOT YTD,46094,NOT Today,NO,NO,NO,0,67,2026,0
12/24/2024,2024,2024,Dec,Dec,Qtr4,24,52,5,T,12,2,15540.09429,7710.64,Completed,,,45292,45359,NOT YTD,46094,NOT Today,NO,NO,NO,0,67,2026,0
12/25/2024,2024,2024,Dec,Dec,Qtr4,25,52,5,W,12,3,15540.09429,7710.64,Completed,,,45292,45359,NOT YTD,46094,NOT Today,NO,NO,NO,0,67,2026,0
12/26/2024,2024,2024,Dec,Dec,Qtr4,26,52,5,TH,12,4,15540.09429,7710.64,Completed,,,45292,45359,NOT YTD,46094,NOT Today,NO,NO,NO,0,67,2026,0
12/27/2024,2024,2024,Dec,Dec,Qtr4,27,52,5,F,12,5,15540.09429,7710.64,Completed,,,45292,45359,NOT YTD,46094,NOT Today,NO,NO,NO,0,67,2026,0
12/28/2024,2024,2024,Dec,Dec,Qtr4,28,52,5,S,12,6,15540.09429,7710.64,Completed,,,45292,45359,NOT YTD,46094,NOT Today,NO,NO,NO,0,67,2026,0
12/29/2024,2024,2024,Dec,Dec,Qtr4,29,52,5,SU,12,7,15540.09429,7710.64,Completed,,,45292,45359,NOT YTD,46094,NOT Today,NO,NO,NO,0,67,2026,0
4/1/2024,2024,2024,Apr,Apr,Qtr2,1,14,4,M,4,1,15540.09429,7710.64,Completed,,,45292,45359,NOT YTD,46094,NOT Today,NO,NO,NO,0,67,2026,0
4/2/2024,2024,2024,Apr,Apr,Qtr2,2,14,4,T,4,2,15540.09429,7710.64,Completed,,,45292,45359,NOT YTD,46094,NOT Today,NO,NO,NO,0,67,2026,0
4/3/2024,2024,2024,Apr,Apr,Qtr2,3,14,4,W,4,3,15540.09429,7710.64,Completed,,,45292,45359,NOT YTD,46094,NOT Today,NO,NO,NO,0,67,2026,0
4/4/2024,2024,2024,Apr,Apr,Qtr2,4,14,4,TH,4,4,15540.09429,7710.64,Completed,,,45292,45359,NOT YTD,46094,NOT Today,NO,NO,NO,0,67,2026,0
4/5/2024,2024,2024,Apr,Apr,Qtr2,5,14,4,F,4,5,15540.09429,7710.64,Completed,,,45292,45359,NOT YTD,46094,NOT Today,NO,NO,NO,0,67,2026,0
4/6/2024,2024,2024,Apr,Apr,Qtr2,6,14,4,S,4,6,15540.09429,7710.64,Completed,,,45292,45359,NOT YTD,46094,NOT Today,NO,NO,NO,0,67,2026,0
4/7/2024,2024,2024,Apr,Apr,Qtr2,7,14,4,SU,4,7,15540.09429,7710.64,Completed,,,45292,45359,NOT YTD,46094,NOT Today,NO,NO,NO,0,67,2026,0
4/8/2024,2024,2024,Apr,Apr,Qtr2,8,15,4,M,4,1,15540.09429,7710.64,Completed,,,45292,45359,NOT YTD,46094,NOT Today,NO,NO,NO,0,67,2026,0
4/9/2024,2024,2024,Apr,Apr,Qtr2,9,15,4,T,4,2,15540.09429,7710.64,Completed,,,45292,45359,NOT YTD,46094,NOT Today,NO,NO,NO,0,67,2026,0
4/10/2024,2024,2024,Apr,Apr,Qtr2,10,15,4,W,4,3,15540.09429,7710.64,Completed,,,45292,45359,NOT YTD,46094,NOT Today,NO,NO,NO,0,67,2026,0
4/11/2024,2024,2024,Apr,Apr,Qtr2,11,15,4,TH,4,4,15540.09429,7710.64,Completed,,,45292,45359,NOT YTD,46094,NOT Today,NO,NO,NO,0,67,2026,0
4/12/2024,2024,2024,Apr,Apr,Qtr2,12,15,4,F,4,5,15540.09429,7710.64,Completed,,,45292,45359,NOT YTD,46094,NOT Today,NO,NO,NO,0,67,2026,0
4/13/2024,2024,2024,Apr,Apr,Qtr2,13,15,4,S,4,6,15540.09429,7710.64,Completed,,,45292,45359,NOT YTD,46094,NOT Today,NO,NO,NO,0,67,2026,0
4/14/2024,2024,2024,Apr,Apr,Qtr2,14,15,4,SU,4,7,15540.09429,7710.64,Completed,,,45292,45359,NOT YTD,46094,NOT Today,NO,NO,NO,0,67,2026,0
4/15/2024,2024,2024,Apr,Apr,Qtr2,15,16,4,M,4,1,15540.09429,7710.64,Completed,,,45292,45359,NOT YTD,46094,NOT Today,NO,NO,NO,0,67,2026,0
4/16/2024,2024,2024,Apr,Apr,Qtr2,16,16,4,T,4,2,15540.09429,7710.64,Completed,,,45292,45359,NOT YTD,46094,NOT Today,NO,NO,NO,0,67,2026,0
4/17/2024,2024,2024,Apr,Apr,Qtr2,17,16,4,W,4,3,15540.09429,7710.64,Completed,,,45292,45359,NOT YTD,46094,NOT Today,NO,NO,NO,0,67,2026,0
4/18/2024,2024,2024,Apr,Apr,Qtr2,18,16,4,TH,4,4,15540.09429,7710.64,Completed,,,45292,45359,NOT YTD,46094,NOT Today,NO,NO,NO,0,67,2026,0
4/19/2024,2024,2024,Apr,Apr,Qtr2,19,16,4,F,4,5,15540.09429,7710.64,Completed,,,45292,45359,NOT YTD,46094,NOT Today,NO,NO,NO,0,67,2026,0
4/20/2024,2024,2024,Apr,Apr,Qtr2,20,16,4,S,4,6,15540.09429,7710.64,Completed,,,45292,45359,NOT YTD,46094,NOT Today,NO,NO,NO,0,67,2026,0
4/21/2024,2024,2024,Apr,Apr,Qtr2,21,16,4,SU,4,7,15540.09429,7710.64,Completed,,,45292,45359,NOT YTD,46094,NOT Today,NO,NO,NO,0,67,2026,0
4/22/2024,2024,2024,Apr,Apr,Qtr2,22,17,4,M,4,1,15540.09429,7710.64,Completed,,,45292,45359,NOT YTD,46094,NOT Today,NO,NO,NO,0,67,2026,0
4/23/2024,2024,2024,Apr,Apr,Qtr2,23,17,4,T,4,2,15540.09429,7710.64,Completed,,,45292,45359,NOT YTD,46094,NOT Today,NO,NO,NO,0,67,2026,0
4/24/2024,2024,2024,Apr,Apr,Qtr2,24,17,4,W,4,3,15540.09429,7710.64,Completed,,,45292,45359,NOT YTD,46094,NOT Today,NO,NO,NO,0,67,2026,0
4/25/2024,2024,2024,Apr,Apr,Qtr2,25,17,4,TH,4,4,15540.09429,7710.64,Completed,,,45292,45359,NOT YTD,46094,NOT Today,NO,NO,NO,0,67,2026,0
4/26/2024,2024,2024,Apr,Apr,Qtr2,26,17,4,F,4,5,15540.09429,7710.64,Completed,,,45292,45359,NOT YTD,46094,NOT Today,NO,NO,NO,0,67,2026,0
4/27/2024,2024,2024,Apr,Apr,Qtr2,27,17,4,S,4,6,15540.09429,7710.64,Completed,,,45292,45359,NOT YTD,46094,NOT Today,NO,NO,NO,0,67,2026,0
4/28/2024,2024,2024,Apr,Apr,Qtr2,28,17,4,SU,4,7,15540.09429,7710.64,Completed,,,45292,45359,NOT YTD,46094,NOT Today,NO,NO,NO,0,67,2026,0
4/29/2024,2024,2024,Apr,May,Qtr2,29,18,4,M,5,1,15540.09429,7710.64,Completed,,,45292,45359,NOT YTD,46094,NOT Today,NO,NO,NO,0,67,2026,0
4/30/2024,2024,2024,Apr,May,Qtr2,30,18,4,T,5,2,15540.09429,7710.64,Completed,,,45292,45359,NOT YTD,46094,NOT Today,NO,NO,NO,0,67,2026,0
5/1/2024,2024,2024,May,May,Qtr2,1,18,4,W,5,3,15540.09429,7710.64,Completed,,,45292,45359,NOT YTD,46094,NOT Today,NO,NO,NO,0,67,2026,0
5/2/2024,2024,2024,May,May,Qtr2,2,18,4,TH,5,4,15540.09429,7710.64,Completed,,,45292,45359,NOT YTD,46094,NOT Today,NO,NO,NO,0,67,2026,0
5/3/2024,2024,2024,May,May,Qtr2,3,18,4,F,5,5,15540.09429,7710.64,Completed,,,45292,45359,NOT YTD,46094,NOT Today,NO,NO,NO,0,67,2026,0
5/4/2024,2024,2024,May,May,Qtr2,4,18,4,S,5,6,15540.09429,7710.64,Completed,,,45292,45359,NOT YTD,46094,NOT Today,NO,NO,NO,0,67,2026,0
5/5/2024,2024,2024,May,May,Qtr2,5,18,4,SU,5,7,15540.09429,7710.64,Completed,,,45292,45359,NOT YTD,46094,NOT Today,NO,NO,NO,0,67,2026,0
5/6/2024,2024,2024,May,May,Qtr2,6,19,4,M,5,1,15540.09429,7710.64,Completed,,,45292,45359,NOT YTD,46094,NOT Today,NO,NO,NO,0,67,2026,0
5/7/2024,2024,2024,May,May,Qtr2,7,19,4,T,5,2,15540.09429,7710.64,Completed,,,45292,45359,NOT YTD,46094,NOT Today,NO,NO,NO,0,67,2026,0
5/8/2024,2024,2024,May,May,Qtr2,8,19,4,W,5,3,15540.09429,7710.64,Completed,,,45292,45359,NOT YTD,46094,NOT Today,NO,NO,NO,0,67,2026,0
5/9/2024,2024,2024,May,May,Qtr2,9,19,4,TH,5,4,15540.09429,7710.64,Completed,,,45292,45359,NOT YTD,46094,NOT Today,NO,NO,NO,0,67,2026,0
5/10/2024,2024,2024,May,May,Qtr2,10,19,4,F,5,5,15540.09429,7710.64,Completed,,,45292,45359,NOT YTD,46094,NOT Today,NO,NO,NO,0,67,2026,0
5/11/2024,2024,2024,May,May,Qtr2,11,19,4,S,5,6,15540.09429,7710.64,Completed,,,45292,45359,NOT YTD,46094,NOT Today,NO,NO,NO,0,67,2026,0
5/12/2024,2024,2024,May,May,Qtr2,12,19,4,SU,5,7,15540.09429,7710.64,Completed,,,45292,45359,NOT YTD,46094,NOT Today,NO,NO,NO,0,67,2026,0
5/13/2024,2024,2024,May,May,Qtr2,13,20,4,M,5,1,15540.09429,7710.64,Completed,,,45292,45359,NOT YTD,46094,NOT Today,NO,NO,NO,0,67,2026,0
5/14/2024,2024,2024,May,May,Qtr2,14,20,4,T,5,2,15540.09429,7710.64,Completed,,,45292,45359,NOT YTD,46094,NOT Today,NO,NO,NO,0,67,2026,0
5/15/2024,2024,2024,May,May,Qtr2,15,20,4,W,5,3,15540.09429,7710.64,Completed,,,45292,45359,NOT YTD,46094,NOT Today,NO,NO,NO,0,67,2026,0
5/16/2024,2024,2024,May,May,Qtr2,16,20,4,TH,5,4,15540.09429,7710.64,Completed,,,45292,45359,NOT YTD,46094,NOT Today,NO,NO,NO,0,67,2026,0
5/17/2024,2024,2024,May,May,Qtr2,17,20,4,F,5,5,15540.09429,7710.64,Completed,,,45292,45359,NOT YTD,46094,NOT Today,NO,NO,NO,0,67,2026,0
5/18/2024,2024,2024,May,May,Qtr2,18,20,4,S,5,6,15540.09429,7710.64,Completed,,,45292,45359,NOT YTD,46094,NOT Today,NO,NO,NO,0,67,2026,0
5/19/2024,2024,2024,May,May,Qtr2,19,20,4,SU,5,7,15540.09429,7710.64,Completed,,,45292,45359,NOT YTD,46094,NOT Today,NO,NO,NO,0,67,2026,0
5/20/2024,2024,2024,May,May,Qtr2,20,21,4,M,5,1,15540.09429,7710.64,Completed,,,45292,45359,NOT YTD,46094,NOT Today,NO,NO,NO,0,67,2026,0
5/21/2024,2024,2024,May,May,Qtr2,21,21,4,T,5,2,15540.09429,7710.64,Completed,,,45292,45359,NOT YTD,46094,NOT Today,NO,NO,NO,0,67,2026,0
5/22/2024,2024,2024,May,May,Qtr2,22,21,4,W,5,3,15540.09429,7710.64,Completed,,,45292,45359,NOT YTD,46094,NOT Today,NO,NO,NO,0,67,2026,0
5/23/2024,2024,2024,May,May,Qtr2,23,21,4,TH,5,4,15540.09429,7710.64,Completed,,,45292,45359,NOT YTD,46094,NOT Today,NO,NO,NO,0,67,2026,0
5/24/2024,2024,2024,May,May,Qtr2,24,21,4,F,5,5,15540.09429,7710.64,Completed,,,45292,45359,NOT YTD,46094,NOT Today,NO,NO,NO,0,67,2026,0
5/25/2024,2024,2024,May,May,Qtr2,25,21,4,S,5,6,15540.09429,7710.64,Completed,,,45292,45359,NOT YTD,46094,NOT Today,NO,NO,NO,0,67,2026,0
5/26/2024,2024,2024,May,May,Qtr2,26,21,4,SU,5,7,15540.09429,7710.64,Completed,,,45292,45359,NOT YTD,46094,NOT Today,NO,NO,NO,0,67,2026,0
7/1/2024,2024,2024,Jul,Jul,Qtr3,1,27,4,M,7,1,15540.09429,7710.64,Completed,,,45292,45359,NOT YTD,46094,NOT Today,NO,NO,NO,0,67,2026,0
7/2/2024,2024,2024,Jul,Jul,Qtr3,2,27,4,T,7,2,15540.09429,7710.64,Completed,,,45292,45359,NOT YTD,46094,NOT Today,NO,NO,NO,0,67,2026,0
7/3/2024,2024,2024,Jul,Jul,Qtr3,3,27,4,W,7,3,15540.09429,7710.64,Completed,,,45292,45359,NOT YTD,46094,NOT Today,NO,NO,NO,0,67,2026,0
7/4/2024,2024,2024,Jul,Jul,Qtr3,4,27,4,TH,7,4,15540.09429,7710.64,Completed,,,45292,45359,NOT YTD,46094,NOT Today,NO,NO,NO,0,67,2026,0
7/5/2024,2024,2024,Jul,Jul,Qtr3,5,27,4,F,7,5,15540.09429,7710.64,Completed,,,45292,45359,NOT YTD,46094,NOT Today,NO,NO,NO,0,67,2026,0
7/6/2024,2024,2024,Jul,Jul,Qtr3,6,27,4,S,7,6,15540.09429,7710.64,Completed,,,45292,45359,NOT YTD,46094,NOT Today,NO,NO,NO,0,67,2026,0
7/7/2024,2024,2024,Jul,Jul,Qtr3,7,27,4,SU,7,7,15540.09429,7710.64,Completed,,,45292,45359,NOT YTD,46094,NOT Today,NO,NO,NO,0,67,2026,0
7/8/2024,2024,2024,Jul,Jul,Qtr3,8,28,4,M,7,1,15540.09429,7710.64,Completed,,,45292,45359,NOT YTD,46094,NOT Today,NO,NO,NO,0,67,2026,0
7/9/2024,2024,2024,Jul,Jul,Qtr3,9,28,4,T,7,2,15540.09429,7710.64,Completed,,,45292,45359,NOT YTD,46094,NOT Today,NO,NO,NO,0,67,2026,0
7/10/2024,2024,2024,Jul,Jul,Qtr3,10,28,4,W,7,3,15540.09429,7710.64,Completed,,,45292,45359,NOT YTD,46094,NOT Today,NO,NO,NO,0,67,2026,0
7/11/2024,2024,2024,Jul,Jul,Qtr3,11,28,4,TH,7,4,15540.09429,7710.64,Completed,,,45292,45359,NOT YTD,46094,NOT Today,NO,NO,NO,0,67,2026,0
7/12/2024,2024,2024,Jul,Jul,Qtr3,12,28,4,F,7,5,15540.09429,7710.64,Completed,,,45292,45359,NOT YTD,46094,NOT Today,NO,NO,NO,0,67,2026,0
7/13/2024,2024,2024,Jul,Jul,Qtr3,13,28,4,S,7,6,15540.09429,7710.64,Completed,,,45292,45359,NOT YTD,46094,NOT Today,NO,NO,NO,0,67,2026,0
7/14/2024,2024,2024,Jul,Jul,Qtr3,14,28,4,SU,7,7,15540.09429,7710.64,Completed,,,45292,45359,NOT YTD,46094,NOT Today,NO,NO,NO,0,67,2026,0
7/15/2024,2024,2024,Jul,Jul,Qtr3,15,29,4,M,7,1,15540.09429,7710.64,Completed,,,45292,45359,NOT YTD,46094,NOT Today,NO,NO,NO,0,67,2026,0
7/16/2024,2024,2024,Jul,Jul,Qtr3,16,29,4,T,7,2,15540.09429,7710.64,Completed,,,45292,45359,NOT YTD,46094,NOT Today,NO,NO,NO,0,67,2026,0
7/17/2024,2024,2024,Jul,Jul,Qtr3,17,29,4,W,7,3,15540.09429,7710.64,Completed,,,45292,45359,NOT YTD,46094,NOT Today,NO,NO,NO,0,67,2026,0
7/18/2024,2024,2024,Jul,Jul,Qtr3,18,29,4,TH,7,4,15540.09429,7710.64,Completed,,,45292,45359,NOT YTD,46094,NOT Today,NO,NO,NO,0,67,2026,0
7/19/2024,2024,2024,Jul,Jul,Qtr3,19,29,4,F,7,5,15540.09429,7710.64,Completed,,,45292,45359,NOT YTD,46094,NOT Today,NO,NO,NO,0,67,2026,0
7/20/2024,2024,2024,Jul,Jul,Qtr3,20,29,4,S,7,6,15540.09429,7710.64,Completed,,,45292,45359,NOT YTD,46094,NOT Today,NO,NO,NO,0,67,2026,0
7/21/2024,2024,2024,Jul,Jul,Qtr3,21,29,4,SU,7,7,15540.09429,7710.64,Completed,,,45292,45359,NOT YTD,46094,NOT Today,NO,NO,NO,0,67,2026,0
7/22/2024,2024,2024,Jul,Jul,Qtr3,22,30,4,M,7,1,15540.09429,7710.64,Completed,,,45292,45359,NOT YTD,46094,NOT Today,NO,NO,NO,0,67,2026,0
7/23/2024,2024,2024,Jul,Jul,Qtr3,23,30,4,T,7,2,15540.09429,7710.64,Completed,,,45292,45359,NOT YTD,46094,NOT Today,NO,NO,NO,0,67,2026,0
7/24/2024,2024,2024,Jul,Jul,Qtr3,24,30,4,W,7,3,15540.09429,7710.64,Completed,,,45292,45359,NOT YTD,46094,NOT Today,NO,NO,NO,0,67,2026,0
7/25/2024,2024,2024,Jul,Jul,Qtr3,25,30,4,TH,7,4,15540.09429,7710.64,Completed,,,45292,45359,NOT YTD,46094,NOT Today,NO,NO,NO,0,67,2026,0
7/26/2024,2024,2024,Jul,Jul,Qtr3,26,30,4,F,7,5,15540.09429,7710.64,Completed,,,45292,45359,NOT YTD,46094,NOT Today,NO,NO,NO,0,67,2026,0
7/27/2024,2024,2024,Jul,Jul,Qtr3,27,30,4,S,7,6,15540.09429,7710.64,Completed,,,45292,45359,NOT YTD,46094,NOT Today,NO,NO,NO,0,67,2026,0
7/28/2024,2024,2024,Jul,Jul,Qtr3,28,30,4,SU,7,7,15540.09429,7710.64,Completed,,,45292,45359,NOT YTD,46094,NOT Today,NO,NO,NO,0,67,2026,0
7/29/2024,2024,2024,Jul,Aug,Qtr3,29,31,4,M,8,1,15540.09429,7710.64,Completed,,,45292,45359,NOT YTD,46094,NOT Today,NO,NO,NO,0,67,2026,0
7/30/2024,2024,2024,Jul,Aug,Qtr3,30,31,4,T,8,2,15540.09429,7710.64,Completed,,,45292,45359,NOT YTD,46094,NOT Today,NO,NO,NO,0,67,2026,0
7/31/2024,2024,2024,Jul,Aug,Qtr3,31,31,4,W,8,3,15540.09429,7710.64,Completed,,,45292,45359,NOT YTD,46094,NOT Today,NO,NO,NO,0,67,2026,0
8/1/2024,2024,2024,Aug,Aug,Qtr3,1,31,4,TH,8,4,15540.09429,7710.64,Completed,,,45292,45359,NOT YTD,46094,NOT Today,NO,NO,NO,0,67,2026,0
8/2/2024,2024,2024,Aug,Aug,Qtr3,2,31,4,F,8,5,15540.09429,7710.64,Completed,,,45292,45359,NOT YTD,46094,NOT Today,NO,NO,NO,0,67,2026,0
8/3/2024,2024,2024,Aug,Aug,Qtr3,3,31,4,S,8,6,15540.09429,7710.64,Completed,,,45292,45359,NOT YTD,46094,NOT Today,NO,NO,NO,0,67,2026,0
8/4/2024,2024,2024,Aug,Aug,Qtr3,4,31,4,SU,8,7,15540.09429,7710.64,Completed,,,45292,45359,NOT YTD,46094,NOT Today,NO,NO,NO,0,67,2026,0
8/5/2024,2024,2024,Aug,Aug,Qtr3,5,32,4,M,8,1,15540.09429,7710.64,Completed,,,45292,45359,NOT YTD,46094,NOT Today,NO,NO,NO,0,67,2026,0
8/6/2024,2024,2024,Aug,Aug,Qtr3,6,32,4,T,8,2,15540.09429,7710.64,Completed,,,45292,45359,NOT YTD,46094,NOT Today,NO,NO,NO,0,67,2026,0
8/7/2024,2024,2024,Aug,Aug,Qtr3,7,32,4,W,8,3,15540.09429,7710.64,Completed,,,45292,45359,NOT YTD,46094,NOT Today,NO,NO,NO,0,67,2026,0
8/8/2024,2024,2024,Aug,Aug,Qtr3,8,32,4,TH,8,4,15540.09429,7710.64,Completed,,,45292,45359,NOT YTD,46094,NOT Today,NO,NO,NO,0,67,2026,0
8/9/2024,2024,2024,Aug,Aug,Qtr3,9,32,4,F,8,5,15540.09429,7710.64,Completed,,,45292,45359,NOT YTD,46094,NOT Today,NO,NO,NO,0,67,2026,0
8/10/2024,2024,2024,Aug,Aug,Qtr3,10,32,4,S,8,6,15540.09429,7710.64,Completed,,,45292,45359,NOT YTD,46094,NOT Today,NO,NO,NO,0,67,2026,0
8/11/2024,2024,2024,Aug,Aug,Qtr3,11,32,4,SU,8,7,15540.09429,7710.64,Completed,,,45292,45359,NOT YTD,46094,NOT Today,NO,NO,NO,0,67,2026,0
8/12/2024,2024,2024,Aug,Aug,Qtr3,12,33,4,M,8,1,15540.09429,7710.64,Completed,,,45292,45359,NOT YTD,46094,NOT Today,NO,NO,NO,0,67,2026,0
8/13/2024,2024,2024,Aug,Aug,Qtr3,13,33,4,T,8,2,15540.09429,7710.64,Completed,,,45292,45359,NOT YTD,46094,NOT Today,NO,NO,NO,0,67,2026,0
8/14/2024,2024,2024,Aug,Aug,Qtr3,14,33,4,W,8,3,15540.09429,7710.64,Completed,,,45292,45359,NOT YTD,46094,NOT Today,NO,NO,NO,0,67,2026,0
8/15/2024,2024,2024,Aug,Aug,Qtr3,15,33,4,TH,8,4,15540.09429,7710.64,Completed,,,45292,45359,NOT YTD,46094,NOT Today,NO,NO,NO,0,67,2026,0
8/16/2024,2024,2024,Aug,Aug,Qtr3,16,33,4,F,8,5,15540.09429,7710.64,Completed,,,45292,45359,NOT YTD,46094,NOT Today,NO,NO,NO,0,67,2026,0
8/17/2024,2024,2024,Aug,Aug,Qtr3,17,33,4,S,8,6,15540.09429,7710.64,Completed,,,45292,45359,NOT YTD,46094,NOT Today,NO,NO,NO,0,67,2026,0
8/18/2024,2024,2024,Aug,Aug,Qtr3,18,33,4,SU,8,7,15540.09429,7710.64,Completed,,,45292,45359,NOT YTD,46094,NOT Today,NO,NO,NO,0,67,2026,0
8/19/2024,2024,2024,Aug,Aug,Qtr3,19,34,4,M,8,1,15540.09429,7710.64,Completed,,,45292,45359,NOT YTD,46094,NOT Today,NO,NO,NO,0,67,2026,0
8/20/2024,2024,2024,Aug,Aug,Qtr3,20,34,4,T,8,2,15540.09429,7710.64,Completed,,,45292,45359,NOT YTD,46094,NOT Today,NO,NO,NO,0,67,2026,0
8/21/2024,2024,2024,Aug,Aug,Qtr3,21,34,4,W,8,3,15540.09429,7710.64,Completed,,,45292,45359,NOT YTD,46094,NOT Today,NO,NO,NO,0,67,2026,0
8/22/2024,2024,2024,Aug,Aug,Qtr3,22,34,4,TH,8,4,15540.09429,7710.64,Completed,,,45292,45359,NOT YTD,46094,NOT Today,NO,NO,NO,0,67,2026,0
8/23/2024,2024,2024,Aug,Aug,Qtr3,23,34,4,F,8,5,15540.09429,7710.64,Completed,,,45292,45359,NOT YTD,46094,NOT Today,NO,NO,NO,0,67,2026,0
8/24/2024,2024,2024,Aug,Aug,Qtr3,24,34,4,S,8,6,15540.09429,7710.64,Completed,,,45292,45359,NOT YTD,46094,NOT Today,NO,NO,NO,0,67,2026,0
8/25/2024,2024,2024,Aug,Aug,Qtr3,25,34,4,SU,8,7,15540.09429,7710.64,Completed,,,45292,45359,NOT YTD,46094,NOT Today,NO,NO,NO,0,67,2026,0
9/30/2024,2024,2024,Sep,Oct,Qtr4,30,40,4,M,10,1,15540.09429,7710.64,Completed,,,45292,45359,NOT YTD,46094,NOT Today,NO,NO,NO,0,67,2026,0
10/1/2024,2024,2024,Oct,Oct,Qtr4,1,40,4,T,10,2,15540.09429,7710.64,Completed,,,45292,45359,NOT YTD,46094,NOT Today,NO,NO,NO,0,67,2026,0
10/2/2024,2024,2024,Oct,Oct,Qtr4,2,40,4,W,10,3,15540.09429,7710.64,Completed,,,45292,45359,NOT YTD,46094,NOT Today,NO,NO,NO,0,67,2026,0
10/3/2024,2024,2024,Oct,Oct,Qtr4,3,40,4,TH,10,4,15540.09429,7710.64,Completed,,,45292,45359,NOT YTD,46094,NOT Today,NO,NO,NO,0,67,2026,0
10/4/2024,2024,2024,Oct,Oct,Qtr4,4,40,4,F,10,5,15540.09429,7710.64,Completed,,,45292,45359,NOT YTD,46094,NOT Today,NO,NO,NO,0,67,2026,0
10/5/2024,2024,2024,Oct,Oct,Qtr4,5,40,4,S,10,6,15540.09429,7710.64,Completed,,,45292,45359,NOT YTD,46094,NOT Today,NO,NO,NO,0,67,2026,0
10/6/2024,2024,2024,Oct,Oct,Qtr4,6,40,4,SU,10,7,15540.09429,7710.64,Completed,,,45292,45359,NOT YTD,46094,NOT Today,NO,NO,NO,0,67,2026,0
10/7/2024,2024,2024,Oct,Oct,Qtr4,7,41,4,M,10,1,15540.09429,7710.64,Completed,,,45292,45359,NOT YTD,46094,NOT Today,NO,NO,NO,0,67,2026,0
10/8/2024,2024,2024,Oct,Oct,Qtr4,8,41,4,T,10,2,15540.09429,7710.64,Completed,,,45292,45359,NOT YTD,46094,NOT Today,NO,NO,NO,0,67,2026,0
10/9/2024,2024,2024,Oct,Oct,Qtr4,9,41,4,W,10,3,15540.09429,7710.64,Completed,,,45292,45359,NOT YTD,46094,NOT Today,NO,NO,NO,0,67,2026,0
10/10/2024,2024,2024,Oct,Oct,Qtr4,10,41,4,TH,10,4,15540.09429,7710.64,Completed,,,45292,45359,NOT YTD,46094,NOT Today,NO,NO,NO,0,67,2026,0
10/11/2024,2024,2024,Oct,Oct,Qtr4,11,41,4,F,10,5,15540.09429,7710.64,Completed,,,45292,45359,NOT YTD,46094,NOT Today,NO,NO,NO,0,67,2026,0
10/12/2024,2024,2024,Oct,Oct,Qtr4,12,41,4,S,10,6,15540.09429,7710.64,Completed,,,45292,45359,NOT YTD,46094,NOT Today,NO,NO,NO,0,67,2026,0
10/13/2024,2024,2024,Oct,Oct,Qtr4,13,41,4,SU,10,7,15540.09429,7710.64,Completed,,,45292,45359,NOT YTD,46094,NOT Today,NO,NO,NO,0,67,2026,0
10/14/2024,2024,2024,Oct,Oct,Qtr4,14,42,4,M,10,1,15540.09429,7710.64,Completed,,,45292,45359,NOT YTD,46094,NOT Today,NO,NO,NO,0,67,2026,0
10/15/2024,2024,2024,Oct,Oct,Qtr4,15,42,4,T,10,2,15540.09429,7710.64,Completed,,,45292,45359,NOT YTD,46094,NOT Today,NO,NO,NO,0,67,2026,0
10/16/2024,2024,2024,Oct,Oct,Qtr4,16,42,4,W,10,3,15540.09429,7710.64,Completed,,,45292,45359,NOT YTD,46094,NOT Today,NO,NO,NO,0,67,2026,0
10/17/2024,2024,2024,Oct,Oct,Qtr4,17,42,4,TH,10,4,15540.09429,7710.64,Completed,,,45292,45359,NOT YTD,46094,NOT Today,NO,NO,NO,0,67,2026,0
10/18/2024,2024,2024,Oct,Oct,Qtr4,18,42,4,F,10,5,15540.09429,7710.64,Completed,,,45292,45359,NOT YTD,46094,NOT Today,NO,NO,NO,0,67,2026,0
10/19/2024,2024,2024,Oct,Oct,Qtr4,19,42,4,S,10,6,15540.09429,7710.64,Completed,,,45292,45359,NOT YTD,46094,NOT Today,NO,NO,NO,0,67,2026,0
10/20/2024,2024,2024,Oct,Oct,Qtr4,20,42,4,SU,10,7,15540.09429,7710.64,Completed,,,45292,45359,NOT YTD,46094,NOT Today,NO,NO,NO,0,67,2026,0
10/21/2024,2024,2024,Oct,Oct,Qtr4,21,43,4,M,10,1,15540.09429,7710.64,Completed,,,45292,45359,NOT YTD,46094,NOT Today,NO,NO,NO,0,67,2026,0
10/22/2024,2024,2024,Oct,Oct,Qtr4,22,43,4,T,10,2,15540.09429,7710.64,Completed,,,45292,45359,NOT YTD,46094,NOT Today,NO,NO,NO,0,67,2026,0
10/23/2024,2024,2024,Oct,Oct,Qtr4,23,43,4,W,10,3,15540.09429,7710.64,Completed,,,45292,45359,NOT YTD,46094,NOT Today,NO,NO,NO,0,67,2026,0
10/24/2024,2024,2024,Oct,Oct,Qtr4,24,43,4,TH,10,4,15540.09429,7710.64,Completed,,,45292,45359,NOT YTD,46094,NOT Today,NO,NO,NO,0,67,2026,0
10/25/2024,2024,2024,Oct,Oct,Qtr4,25,43,4,F,10,5,15540.09429,7710.64,Completed,,,45292,45359,NOT YTD,46094,NOT Today,NO,NO,NO,0,67,2026,0
10/26/2024,2024,2024,Oct,Oct,Qtr4,26,43,4,S,10,6,15540.09429,7710.64,Completed,,,45292,45359,NOT YTD,46094,NOT Today,NO,NO,NO,0,67,2026,0
10/27/2024,2024,2024,Oct,Oct,Qtr4,27,43,4,SU,10,7,15540.09429,7710.64,Completed,,,45292,45359,NOT YTD,46094,NOT Today,NO,NO,NO,0,67,2026,0
10/28/2024,2024,2024,Oct,Nov,Qtr4,28,44,4,M,11,1,15540.09429,7710.64,Completed,,,45292,45359,NOT YTD,46094,NOT Today,NO,NO,NO,0,67,2026,0
10/29/2024,2024,2024,Oct,Nov,Qtr4,29,44,4,T,11,2,15540.09429,7710.64,Completed,,,45292,45359,NOT YTD,46094,NOT Today,NO,NO,NO,0,67,2026,0
10/30/2024,2024,2024,Oct,Nov,Qtr4,30,44,4,W,11,3,15540.09429,7710.64,Completed,,,45292,45359,NOT YTD,46094,NOT Today,NO,NO,NO,0,67,2026,0
10/31/2024,2024,2024,Oct,Nov,Qtr4,31,44,4,TH,11,4,15540.09429,7710.64,Completed,,,45292,45359,NOT YTD,46094,NOT Today,NO,NO,NO,0,67,2026,0
11/1/2024,2024,2024,Nov,Nov,Qtr4,1,44,4,F,11,5,15540.09429,7710.64,Completed,,,45292,45359,NOT YTD,46094,NOT Today,NO,NO,NO,0,67,2026,0
11/2/2024,2024,2024,Nov,Nov,Qtr4,2,44,4,S,11,6,15540.09429,7710.64,Completed,,,45292,45359,NOT YTD,46094,NOT Today,NO,NO,NO,0,67,2026,0
11/3/2024,2024,2024,Nov,Nov,Qtr4,3,44,4,SU,11,7,15540.09429,7710.64,Completed,,,45292,45359,NOT YTD,46094,NOT Today,NO,NO,NO,0,67,2026,0
11/4/2024,2024,2024,Nov,Nov,Qtr4,4,45,4,M,11,1,15540.09429,7710.64,Completed,,,45292,45359,NOT YTD,46094,NOT Today,NO,NO,NO,0,67,2026,0
11/5/2024,2024,2024,Nov,Nov,Qtr4,5,45,4,T,11,2,15540.09429,7710.64,Completed,,,45292,45359,NOT YTD,46094,NOT Today,NO,NO,NO,0,67,2026,0
11/6/2024,2024,2024,Nov,Nov,Qtr4,6,45,4,W,11,3,15540.09429,7710.64,Completed,,,45292,45359,NOT YTD,46094,NOT Today,NO,NO,NO,0,67,2026,0
11/7/2024,2024,2024,Nov,Nov,Qtr4,7,45,4,TH,11,4,15540.09429,7710.64,Completed,,,45292,45359,NOT YTD,46094,NOT Today,NO,NO,NO,0,67,2026,0
11/8/2024,2024,2024,Nov,Nov,Qtr4,8,45,4,F,11,5,15540.09429,7710.64,Completed,,,45292,45359,NOT YTD,46094,NOT Today,NO,NO,NO,0,67,2026,0
11/9/2024,2024,2024,Nov,Nov,Qtr4,9,45,4,S,11,6,15540.09429,7710.64,Completed,,,45292,45359,NOT YTD,46094,NOT Today,NO,NO,NO,0,67,2026,0
11/10/2024,2024,2024,Nov,Nov,Qtr4,10,45,4,SU,11,7,15540.09429,7710.64,Completed,,,45292,45359,NOT YTD,46094,NOT Today,NO,NO,NO,0,67,2026,0
11/11/2024,2024,2024,Nov,Nov,Qtr4,11,46,4,M,11,1,15540.09429,7710.64,Completed,,,45292,45359,NOT YTD,46094,NOT Today,NO,NO,NO,0,67,2026,0
11/12/2024,2024,2024,Nov,Nov,Qtr4,12,46,4,T,11,2,15540.09429,7710.64,Completed,,,45292,45359,NOT YTD,46094,NOT Today,NO,NO,NO,0,67,2026,0
11/13/2024,2024,2024,Nov,Nov,Qtr4,13,46,4,W,11,3,15540.09429,7710.64,Completed,,,45292,45359,NOT YTD,46094,NOT Today,NO,NO,NO,0,67,2026,0
11/14/2024,2024,2024,Nov,Nov,Qtr4,14,46,4,TH,11,4,15540.09429,7710.64,Completed,,,45292,45359,NOT YTD,46094,NOT Today,NO,NO,NO,0,67,2026,0
11/15/2024,2024,2024,Nov,Nov,Qtr4,15,46,4,F,11,5,15540.09429,7710.64,Completed,,,45292,45359,NOT YTD,46094,NOT Today,NO,NO,NO,0,67,2026,0
11/16/2024,2024,2024,Nov,Nov,Qtr4,16,46,4,S,11,6,15540.09429,7710.64,Completed,,,45292,45359,NOT YTD,46094,NOT Today,NO,NO,NO,0,67,2026,0
11/17/2024,2024,2024,Nov,Nov,Qtr4,17,46,4,SU,11,7,15540.09429,7710.64,Completed,,,45292,45359,NOT YTD,46094,NOT Today,NO,NO,NO,0,67,2026,0
11/18/2024,2024,2024,Nov,Nov,Qtr4,18,47,4,M,11,1,15540.09429,7710.64,Completed,,,45292,45359,NOT YTD,46094,NOT Today,NO,NO,NO,0,67,2026,0
11/19/2024,2024,2024,Nov,Nov,Qtr4,19,47,4,T,11,2,15540.09429,7710.64,Completed,,,45292,45359,NOT YTD,46094,NOT Today,NO,NO,NO,0,67,2026,0
11/20/2024,2024,2024,Nov,Nov,Qtr4,20,47,4,W,11,3,15540.09429,7710.64,Completed,,,45292,45359,NOT YTD,46094,NOT Today,NO,NO,NO,0,67,2026,0
11/21/2024,2024,2024,Nov,Nov,Qtr4,21,47,4,TH,11,4,15540.09429,7710.64,Completed,,,45292,45359,NOT YTD,46094,NOT Today,NO,NO,NO,0,67,2026,0
11/22/2024,2024,2024,Nov,Nov,Qtr4,22,47,4,F,11,5,15540.09429,7710.64,Completed,,,45292,45359,NOT YTD,46094,NOT Today,NO,NO,NO,0,67,2026,0
11/23/2024,2024,2024,Nov,Nov,Qtr4,23,47,4,S,11,6,15540.09429,7710.64,Completed,,,45292,45359,NOT YTD,46094,NOT Today,NO,NO,NO,0,67,2026,0
11/24/2024,2024,2024,Nov,Nov,Qtr4,24,47,4,SU,11,7,15540.09429,7710.64,Completed,,,45292,45359,NOT YTD,46094,NOT Today,NO,NO,NO,0,67,2026,0
2/26/2024,2024,2024,Feb,Mar,Qtr1,26,9,5,M,3,1,15540.09429,7710.66,Completed,,,45292,45359,YTD,46094,NOT Today,NO,NO,NO,0,67,2026,0
2/27/2024,2024,2024,Feb,Mar,Qtr1,27,9,5,T,3,2,15540.09429,7710.66,Completed,,,45292,45359,YTD,46094,NOT Today,NO,NO,NO,0,67,2026,0
2/28/2024,2024,2024,Feb,Mar,Qtr1,28,9,5,W,3,3,15540.09429,7710.66,Completed,,,45292,45359,YTD,46094,NOT Today,NO,NO,NO,0,67,2026,0
2/29/2024,2024,2024,Feb,Mar,Qtr1,29,9,5,TH,3,4,15540.09429,7710.66,Completed,,,45292,45359,YTD,46094,NOT Today,NO,NO,NO,0,67,2026,0
3/1/2024,2024,2024,Mar,Mar,Qtr1,1,9,5,F,3,5,15540.09429,7710.66,Completed,,,45292,45359,YTD,46094,NOT Today,NO,NO,NO,0,67,2026,0
3/2/2024,2024,2024,Mar,Mar,Qtr1,2,9,5,S,3,6,15540.09429,7710.66,Completed,,,45292,45359,YTD,46094,NOT Today,NO,NO,NO,0,67,2026,0
3/3/2024,2024,2024,Mar,Mar,Qtr1,3,9,5,SU,3,7,15540.09429,7710.66,Completed,,,45292,45359,YTD,46094,NOT Today,NO,NO,NO,0,67,2026,0
3/4/2024,2024,2024,Mar,Mar,Qtr1,4,10,5,M,3,1,15540.09429,7710.66,Completed,,,45292,45359,YTD,46094,NOT Today,NO,NO,NO,0,67,2026,0
3/5/2024,2024,2024,Mar,Mar,Qtr1,5,10,5,T,3,2,15540.09429,7710.66,Completed,,,45292,45359,YTD,46094,NOT Today,NO,NO,NO,0,67,2026,0
3/6/2024,2024,2024,Mar,Mar,Qtr1,6,10,5,W,3,3,15540.09429,7710.66,Completed,,,45292,45359,YTD,46094,NOT Today,NO,NO,NO,0,67,2026,0
3/7/2024,2024,2024,Mar,Mar,Qtr1,7,10,5,TH,3,4,15540.09429,7710.66,Completed,,,45292,45359,YTD,46094,NOT Today,NO,NO,NO,0,67,2026,0
3/8/2024,2024,2024,Mar,Mar,Qtr1,8,10,5,F,3,5,15540.09429,7710.66,Completed,,,45292,45359,YTD,46094,NOT Today,NO,NO,NO,0,67,2026,0
3/9/2024,2024,2024,Mar,Mar,Qtr1,9,10,5,S,3,6,15540.09429,7710.66,Completed,,,45292,45359,NOT YTD,46094,NOT Today,NO,NO,NO,0,67,2026,0
3/10/2024,2024,2024,Mar,Mar,Qtr1,10,10,5,SU,3,7,15540.09429,7710.66,Completed,,,45292,45359,NOT YTD,46094,NOT Today,NO,NO,NO,0,67,2026,0
3/11/2024,2024,2024,Mar,Mar,Qtr1,11,11,5,M,3,1,15540.09429,7710.66,Completed,,,45292,45359,NOT YTD,46094,NOT Today,NO,NO,NO,0,67,2026,0
3/12/2024,2024,2024,Mar,Mar,Qtr1,12,11,5,T,3,2,15540.09429,7710.66,Completed,,,45292,45359,NOT YTD,46094,NOT Today,NO,NO,NO,0,67,2026,0
3/13/2024,2024,2024,Mar,Mar,Qtr1,13,11,5,W,3,3,15540.09429,7710.66,Completed,,,45292,45359,NOT YTD,46094,NOT Today,NO,NO,NO,0,67,2026,0
3/14/2024,2024,2024,Mar,Mar,Qtr1,14,11,5,TH,3,4,15540.09429,7710.66,Completed,,,45292,45359,NOT YTD,46094,NOT Today,NO,NO,NO,0,67,2026,0
3/15/2024,2024,2024,Mar,Mar,Qtr1,15,11,5,F,3,5,15540.09429,7710.66,Completed,,,45292,45359,NOT YTD,46094,NOT Today,NO,NO,NO,0,67,2026,0
3/16/2024,2024,2024,Mar,Mar,Qtr1,16,11,5,S,3,6,15540.09429,7710.66,Completed,,,45292,45359,NOT YTD,46094,NOT Today,NO,NO,NO,0,67,2026,0
3/17/2024,2024,2024,Mar,Mar,Qtr1,17,11,5,SU,3,7,15540.09429,7710.66,Completed,,,45292,45359,NOT YTD,46094,NOT Today,NO,NO,NO,0,67,2026,0
3/18/2024,2024,2024,Mar,Mar,Qtr1,18,12,5,M,3,1,15540.09429,7710.66,Completed,,,45292,45359,NOT YTD,46094,NOT Today,NO,NO,NO,0,67,2026,0
3/19/2024,2024,2024,Mar,Mar,Qtr1,19,12,5,T,3,2,15540.09429,7710.66,Completed,,,45292,45359,NOT YTD,46094,NOT Today,NO,NO,NO,0,67,2026,0
3/20/2024,2024,2024,Mar,Mar,Qtr1,20,12,5,W,3,3,15540.09429,7710.66,Completed,,,45292,45359,NOT YTD,46094,NOT Today,NO,NO,NO,0,67,2026,0
3/21/2024,2024,2024,Mar,Mar,Qtr1,21,12,5,TH,3,4,15540.09429,7710.66,Completed,,,45292,45359,NOT YTD,46094,NOT Today,NO,NO,NO,0,67,2026,0
3/22/2024,2024,2024,Mar,Mar,Qtr1,22,12,5,F,3,5,15540.09429,7710.66,Completed,,,45292,45359,NOT YTD,46094,NOT Today,NO,NO,NO,0,67,2026,0
3/23/2024,2024,2024,Mar,Mar,Qtr1,23,12,5,S,3,6,15540.09429,7710.66,Completed,,,45292,45359,NOT YTD,46094,NOT Today,NO,NO,NO,0,67,2026,0
3/24/2024,2024,2024,Mar,Mar,Qtr1,24,12,5,SU,3,7,15540.09429,7710.66,Completed,,,45292,45359,NOT YTD,46094,NOT Today,NO,NO,NO,0,67,2026,0
3/25/2024,2024,2024,Mar,Mar,Qtr1,25,13,5,M,3,1,15540.09429,7710.66,Completed,,,45292,45359,NOT YTD,46094,NOT Today,NO,NO,NO,0,67,2026,0
3/26/2024,2024,2024,Mar,Mar,Qtr1,26,13,5,T,3,2,15540.09429,7710.66,Completed,,,45292,45359,NOT YTD,46094,NOT Today,NO,NO,NO,0,67,2026,0
3/27/2024,2024,2024,Mar,Mar,Qtr1,27,13,5,W,3,3,15540.09429,7710.66,Completed,,,45292,45359,NOT YTD,46094,NOT Today,NO,NO,NO,0,67,2026,0
3/28/2024,2024,2024,Mar,Mar,Qtr1,28,13,5,TH,3,4,15540.09429,7710.66,Completed,,,45292,45359,NOT YTD,46094,NOT Today,NO,NO,NO,0,67,2026,0
3/29/2024,2024,2024,Mar,Mar,Qtr1,29,13,5,F,3,5,15540.09429,7710.66,Completed,,,45292,45359,NOT YTD,46094,NOT Today,NO,NO,NO,0,67,2026,0
3/30/2024,2024,2024,Mar,Mar,Qtr1,30,13,5,S,3,6,15540.09429,7710.66,Completed,,,45292,45359,NOT YTD,46094,NOT Today,NO,NO,NO,0,67,2026,0
3/31/2024,2024,2024,Mar,Mar,Qtr1,31,13,5,SU,3,7,15540.09429,7710.66,Completed,,,45292,45359,NOT YTD,46094,NOT Today,NO,NO,NO,0,67,2026,0
1/1/2024,2024,2024,Jan,Jan,Qtr1,1,1,4,M,1,1,12231.38464,5357.14,Completed,,,45292,45359,YTD,46094,NOT Today,NO,NO,NO,0,67,2026,0
1/2/2024,2024,2024,Jan,Jan,Qtr1,2,1,4,T,1,2,12231.38464,5357.14,Completed,,,45292,45359,YTD,46094,NOT Today,NO,NO,NO,0,67,2026,0
1/3/2024,2024,2024,Jan,Jan,Qtr1,3,1,4,W,1,3,12231.38464,5357.14,Completed,,,45292,45359,YTD,46094,NOT Today,NO,NO,NO,0,67,2026,0
1/4/2024,2024,2024,Jan,Jan,Qtr1,4,1,4,TH,1,4,12231.38464,5357.14,Completed,,,45292,45359,YTD,46094,NOT Today,NO,NO,NO,0,67,2026,0
1/5/2024,2024,2024,Jan,Jan,Qtr1,5,1,4,F,1,5,12231.38464,5357.14,Completed,,,45292,45359,YTD,46094,NOT Today,NO,NO,NO,0,67,2026,0
1/6/2024,2024,2024,Jan,Jan,Qtr1,6,1,4,S,1,6,12231.38464,5357.14,Completed,,,45292,45359,YTD,46094,NOT Today,NO,NO,NO,0,67,2026,0
1/7/2024,2024,2024,Jan,Jan,Qtr1,7,1,4,SU,1,7,12231.38464,5357.14,Completed,,,45292,45359,YTD,46094,NOT Today,NO,NO,NO,0,67,2026,0
1/8/2024,2024,2024,Jan,Jan,Qtr1,8,2,4,M,1,1,12231.38464,5357.14,Completed,,,45292,45359,YTD,46094,NOT Today,NO,NO,NO,0,67,2026,0
1/9/2024,2024,2024,Jan,Jan,Qtr1,9,2,4,T,1,2,12231.38464,5357.14,Completed,,,45292,45359,YTD,46094,NOT Today,NO,NO,NO,0,67,2026,0
1/10/2024,2024,2024,Jan,Jan,Qtr1,10,2,4,W,1,3,12231.38464,5357.14,Completed,,,45292,45359,YTD,46094,NOT Today,NO,NO,NO,0,67,2026,0
1/11/2024,2024,2024,Jan,Jan,Qtr1,11,2,4,TH,1,4,12231.38464,5357.14,Completed,,,45292,45359,YTD,46094,NOT Today,NO,NO,NO,0,67,2026,0
1/12/2024,2024,2024,Jan,Jan,Qtr1,12,2,4,F,1,5,12231.38464,5357.14,Completed,,,45292,45359,YTD,46094,NOT Today,NO,NO,NO,0,67,2026,0
1/13/2024,2024,2024,Jan,Jan,Qtr1,13,2,4,S,1,6,12231.38464,5357.14,Completed,,,45292,45359,YTD,46094,NOT Today,NO,NO,NO,0,67,2026,0
1/14/2024,2024,2024,Jan,Jan,Qtr1,14,2,4,SU,1,7,12231.38464,5357.14,Completed,,,45292,45359,YTD,46094,NOT Today,NO,NO,NO,0,67,2026,0
1/15/2024,2024,2024,Jan,Jan,Qtr1,15,3,4,M,1,1,12231.38464,5357.14,Completed,,,45292,45359,YTD,46094,NOT Today,NO,NO,NO,0,67,2026,0
1/16/2024,2024,2024,Jan,Jan,Qtr1,16,3,4,T,1,2,12231.38464,5357.14,Completed,,,45292,45359,YTD,46094,NOT Today,NO,NO,NO,0,67,2026,0
1/17/2024,2024,2024,Jan,Jan,Qtr1,17,3,4,W,1,3,12231.38464,5357.14,Completed,,,45292,45359,YTD,46094,NOT Today,NO,NO,NO,0,67,2026,0
1/18/2024,2024,2024,Jan,Jan,Qtr1,18,3,4,TH,1,4,12231.38464,5357.14,Completed,,,45292,45359,YTD,46094,NOT Today,NO,NO,NO,0,67,2026,0
1/19/2024,2024,2024,Jan,Jan,Qtr1,19,3,4,F,1,5,12231.38464,5357.14,Completed,,,45292,45359,YTD,46094,NOT Today,NO,NO,NO,0,67,2026,0
1/20/2024,2024,2024,Jan,Jan,Qtr1,20,3,4,S,1,6,12231.38464,5357.14,Completed,,,45292,45359,YTD,46094,NOT Today,NO,NO,NO,0,67,2026,0
1/21/2024,2024,2024,Jan,Jan,Qtr1,21,3,4,SU,1,7,12231.38464,5357.14,Completed,,,45292,45359,YTD,46094,NOT Today,NO,NO,NO,0,67,2026,0
1/22/2024,2024,2024,Jan,Jan,Qtr1,22,4,4,M,1,1,12231.38464,5357.14,Completed,,,45292,45359,YTD,46094,NOT Today,NO,NO,NO,0,67,2026,0
1/23/2024,2024,2024,Jan,Jan,Qtr1,23,4,4,T,1,2,12231.38464,5357.14,Completed,,,45292,45359,YTD,46094,NOT Today,NO,NO,NO,0,67,2026,0
1/24/2024,2024,2024,Jan,Jan,Qtr1,24,4,4,W,1,3,12231.38464,5357.14,Completed,,,45292,45359,YTD,46094,NOT Today,NO,NO,NO,0,67,2026,0
1/25/2024,2024,2024,Jan,Jan,Qtr1,25,4,4,TH,1,4,12231.38464,5357.14,Completed,,,45292,45359,YTD,46094,NOT Today,NO,NO,NO,0,67,2026,0
1/26/2024,2024,2024,Jan,Jan,Qtr1,26,4,4,F,1,5,12231.38464,5357.14,Completed,,,45292,45359,YTD,46094,NOT Today,NO,NO,NO,0,67,2026,0
1/27/2024,2024,2024,Jan,Jan,Qtr1,27,4,4,S,1,6,12231.38464,5357.14,Completed,,,45292,45359,YTD,46094,NOT Today,NO,NO,NO,0,67,2026,0
1/28/2024,2024,2024,Jan,Jan,Qtr1,28,4,4,SU,1,7,12231.38464,5357.14,Completed,,,45292,45359,YTD,46094,NOT Today,NO,NO,NO,0,67,2026,0
1/29/2024,2024,2024,Jan,Feb,Qtr1,29,5,4,M,2,1,15460.61,5357.14,Completed,,,45292,45359,YTD,46094,NOT Today,NO,NO,NO,0,67,2026,0
1/30/2024,2024,2024,Jan,Feb,Qtr1,30,5,4,T,2,2,15460.61,5357.14,Completed,,,45292,45359,YTD,46094,NOT Today,NO,NO,NO,0,67,2026,0
1/31/2024,2024,2024,Jan,Feb,Qtr1,31,5,4,W,2,3,15460.61,5357.14,Completed,,,45292,45359,YTD,46094,NOT Today,NO,NO,NO,0,67,2026,0
2/1/2024,2024,2024,Feb,Feb,Qtr1,1,5,4,TH,2,4,15460.61,5357.14,Completed,,,45292,45359,YTD,46094,NOT Today,NO,NO,NO,0,67,2026,0
2/2/2024,2024,2024,Feb,Feb,Qtr1,2,5,4,F,2,5,15460.61,5357.14,Completed,,,45292,45359,YTD,46094,NOT Today,NO,NO,NO,0,67,2026,0
2/3/2024,2024,2024,Feb,Feb,Qtr1,3,5,4,S,2,6,15460.61,5357.14,Completed,,,45292,45359,YTD,46094,NOT Today,NO,NO,NO,0,67,2026,0
2/4/2024,2024,2024,Feb,Feb,Qtr1,4,5,4,SU,2,7,15460.61,5357.14,Completed,,,45292,45359,YTD,46094,NOT Today,NO,NO,NO,0,67,2026,0
2/5/2024,2024,2024,Feb,Feb,Qtr1,5,6,4,M,2,1,15460.61,5357.14,Completed,,,45292,45359,YTD,46094,NOT Today,NO,NO,NO,0,67,2026,0
2/6/2024,2024,2024,Feb,Feb,Qtr1,6,6,4,T,2,2,15460.61,5357.14,Completed,,,45292,45359,YTD,46094,NOT Today,NO,NO,NO,0,67,2026,0
2/7/2024,2024,2024,Feb,Feb,Qtr1,7,6,4,W,2,3,15460.61,5357.14,Completed,,,45292,45359,YTD,46094,NOT Today,NO,NO,NO,0,67,2026,0
2/8/2024,2024,2024,Feb,Feb,Qtr1,8,6,4,TH,2,4,15460.61,5357.14,Completed,,,45292,45359,YTD,46094,NOT Today,NO,NO,NO,0,67,2026,0
2/9/2024,2024,2024,Feb,Feb,Qtr1,9,6,4,F,2,5,15460.61,5357.14,Completed,,,45292,45359,YTD,46094,NOT Today,NO,NO,NO,0,67,2026,0
2/10/2024,2024,2024,Feb,Feb,Qtr1,10,6,4,S,2,6,15460.61,5357.14,Completed,,,45292,45359,YTD,46094,NOT Today,NO,NO,NO,0,67,2026,0
2/11/2024,2024,2024,Feb,Feb,Qtr1,11,6,4,SU,2,7,15460.61,5357.14,Completed,,,45292,45359,YTD,46094,NOT Today,NO,NO,NO,0,67,2026,0
2/12/2024,2024,2024,Feb,Feb,Qtr1,12,7,4,M,2,1,15460.61,5357.14,Completed,,,45292,45359,YTD,46094,NOT Today,NO,NO,NO,0,67,2026,0
2/13/2024,2024,2024,Feb,Feb,Qtr1,13,7,4,T,2,2,15460.61,5357.14,Completed,,,45292,45359,YTD,46094,NOT Today,NO,NO,NO,0,67,2026,0
2/14/2024,2024,2024,Feb,Feb,Qtr1,14,7,4,W,2,3,15460.61,5357.14,Completed,,,45292,45359,YTD,46094,NOT Today,NO,NO,NO,0,67,2026,0
2/15/2024,2024,2024,Feb,Feb,Qtr1,15,7,4,TH,2,4,15460.61,5357.14,Completed,,,45292,45359,YTD,46094,NOT Today,NO,NO,NO,0,67,2026,0
2/16/2024,2024,2024,Feb,Feb,Qtr1,16,7,4,F,2,5,15460.61,5357.14,Completed,,,45292,45359,YTD,46094,NOT Today,NO,NO,NO,0,67,2026,0
2/17/2024,2024,2024,Feb,Feb,Qtr1,17,7,4,S,2,6,15460.61,5357.14,Completed,,,45292,45359,YTD,46094,NOT Today,NO,NO,NO,0,67,2026,0
2/18/2024,2024,2024,Feb,Feb,Qtr1,18,7,4,SU,2,7,15460.61,5357.14,Completed,,,45292,45359,YTD,46094,NOT Today,NO,NO,NO,0,67,2026,0
2/19/2024,2024,2024,Feb,Feb,Qtr1,19,8,4,M,2,1,15460.61,5357.14,Completed,,,45292,45359,YTD,46094,NOT Today,NO,NO,NO,0,67,2026,0
2/20/2024,2024,2024,Feb,Feb,Qtr1,20,8,4,T,2,2,15460.61,5357.14,Completed,,,45292,45359,YTD,46094,NOT Today,NO,NO,NO,0,67,2026,0
2/21/2024,2024,2024,Feb,Feb,Qtr1,21,8,4,W,2,3,15460.61,5357.14,Completed,,,45292,45359,YTD,46094,NOT Today,NO,NO,NO,0,67,2026,0
2/22/2024,2024,2024,Feb,Feb,Qtr1,22,8,4,TH,2,4,15460.61,5357.14,Completed,,,45292,45359,YTD,46094,NOT Today,NO,NO,NO,0,67,2026,0
2/23/2024,2024,2024,Feb,Feb,Qtr1,23,8,4,F,2,5,15460.61,5357.14,Completed,,,45292,45359,YTD,46094,NOT Today,NO,NO,NO,0,67,2026,0
2/24/2024,2024,2024,Feb,Feb,Qtr1,24,8,4,S,2,6,15460.61,5357.14,Completed,,,45292,45359,YTD,46094,NOT Today,NO,NO,NO,0,67,2026,0
2/25/2024,2024,2024,Feb,Feb,Qtr1,25,8,4,SU,2,7,15460.61,5357.14,Completed,,,45292,45359,YTD,46094,NOT Today,NO,NO,NO,0,67,2026,0
