Order-Line,ORDER_NUMBER,LINE_NUMBER,MACHINE_NAME
F0001560-1,F0001560,1,1 Table
F0001562-1,F0001562,1,1 Table
F0001563-1,F0001563,1,1 Table
F0001565-1,F0001565,1,1 Table
F0001567-1,F0001567,1,1 Table
F0001569-1,F0001569,1,1 Table
F0001570-1,F0001570,1,1 Table
F0001572-1,F0001572,1,1 Table
F0001581-1,F0001581,1,1 Table
F0001592-1,F0001592,1,1 Table
F0001598-1,F0001598,1,1 Table
F0001599-1,F0001599,1,1 Table
F0001600-1,F0001600,1,1 Table
F0001603-1,F0001603,1,1 Table
F0001607-1,F0001607,1,1 Table
F0001608-1,F0001608,1,1 Table
F0001609-1,F0001609,1,1 Table
F0001610-1,F0001610,1,1 Table
F0001696-1,F0001696,1,1 Table
F0002454-1,F0002454,1,1 Table
F0002527-1,F0002527,1,1 Table
F0002529-1,F0002529,1,1 Table
F0002806-1,F0002806,1,1 Table
F0002876-1,F0002876,1,1 Table
F0002922-1,F0002922,1,1 Table
F0002956-1,F0002956,1,1 Table
F0003159-1,F0003159,1,1 Table
F0003162-1,F0003162,1,1 Table
F0003172-1,F0003172,1,1 Table
F0003174-1,F0003174,1,1 Table
F0003186-1,F0003186,1,1 Table
F0003187-1,F0003187,1,1 Table
F0003188-1,F0003188,1,1 Table
F0003190-1,F0003190,1,1 Table
F0003194-1,F0003194,1,1 Table
F0003196-1,F0003196,1,1 Table
F0003197-1,F0003197,1,1 Table
F0003198-1,F0003198,1,1 Table
F0003205-1,F0003205,1,1 Table
F0003206-1,F0003206,1,1 Table
F0003208-1,F0003208,1,1 Table
F0003210-1,F0003210,1,1 Table
F0003216-1,F0003216,1,1 Table
F0003217-1,F0003217,1,1 Table
F0003223-1,F0003223,1,1 Table
F0003227-1,F0003227,1,1 Table
F0003229-1,F0003229,1,1 Table
F0003230-1,F0003230,1,1 Table
F0003237-1,F0003237,1,1 Table
F0003267-1,F0003267,1,1 Table
F0003292-1,F0003292,1,1 Table
F0003293-1,F0003293,1,1 Table
F0003294-1,F0003294,1,1 Table
F0003303-1,F0003303,1,1 Table
F0003304-1,F0003304,1,1 Table
F0003305-1,F0003305,1,1 Table
F0003306-1,F0003306,1,1 Table
F0003308-1,F0003308,1,1 Table
F0003310-1,F0003310,1,1 Table
F0003312-1,F0003312,1,1 Table
F0003313-1,F0003313,1,1 Table
F0003318-1,F0003318,1,1 Table
F0003321-1,F0003321,1,1 Table
F0003338-1,F0003338,1,1 Table
F0003340-1,F0003340,1,1 Table
F0003343-1,F0003343,1,1 Table
F0003347-1,F0003347,1,1 Table
F0003367-1,F0003367,1,1 Table
F0003370-1,F0003370,1,1 Table
F0003371-1,F0003371,1,1 Table
F0003373-1,F0003373,1,1 Table
F0003374-1,F0003374,1,1 Table
F0003375-1,F0003375,1,1 Table
F0003376-1,F0003376,1,1 Table
F0003377-1,F0003377,1,1 Table
F0003378-1,F0003378,1,1 Table
F0003380-1,F0003380,1,1 Table
F0003381-1,F0003381,1,1 Table
F0003387-1,F0003387,1,1 Table
F0003388-1,F0003388,1,1 Table
F0003389-1,F0003389,1,1 Table
F0003403-1,F0003403,1,1 Table
F0003404-1,F0003404,1,1 Table
F0003415-1,F0003415,1,1 Table
F0003421-1,F0003421,1,1 Table
F0003422-1,F0003422,1,1 Table
F0003427-1,F0003427,1,1 Table
F0003428-1,F0003428,1,1 Table
F0003458-1,F0003458,1,1 Table
F0003463-1,F0003463,1,1 Table
F0003464-1,F0003464,1,1 Table
F0003465-1,F0003465,1,1 Table
F0003472-1,F0003472,1,1 Table
F0003507-1,F0003507,1,1 Table
F0003508-1,F0003508,1,1 Table
F0003516-1,F0003516,1,1 Table
F0003529-1,F0003529,1,1 Table
F0003539-1,F0003539,1,1 Table
F0003540-1,F0003540,1,1 Table
F0003542-1,F0003542,1,1 Table
F0003549-1,F0003549,1,1 Table
F0003551-1,F0003551,1,1 Table
F0003552-1,F0003552,1,1 Table
F0003555-1,F0003555,1,1 Table
F0003556-1,F0003556,1,1 Table
F0003559-1,F0003559,1,1 Table
F0003560-1,F0003560,1,1 Table
F0003562-1,F0003562,1,1 Table
F0003566-1,F0003566,1,1 Table
F0003570-1,F0003570,1,1 Table
F0003571-1,F0003571,1,1 Table
F0003574-1,F0003574,1,1 Table
F0003575-1,F0003575,1,1 Table
F0003576-1,F0003576,1,1 Table
F0003585-1,F0003585,1,1 Table
F0003586-1,F0003586,1,1 Table
F0003616-1,F0003616,1,1 Table
F0003619-1,F0003619,1,1 Table
F0003627-1,F0003627,1,1 Table
F0003628-1,F0003628,1,1 Table
F0003629-1,F0003629,1,1 Table
F0003648-1,F0003648,1,1 Table
F0003649-1,F0003649,1,1 Table
F0003650-1,F0003650,1,1 Table
F0003651-1,F0003651,1,1 Table
F0003654-1,F0003654,1,1 Table
F0003661-1,F0003661,1,1 Table
F0003662-1,F0003662,1,1 Table
F0003663-1,F0003663,1,1 Table
F0003666-1,F0003666,1,1 Table
F0003667-1,F0003667,1,1 Table
F0003679-1,F0003679,1,1 Table
F0003680-1,F0003680,1,1 Table
F0003689-1,F0003689,1,1 Table
F0003694-1,F0003694,1,1 Table
F0003702-1,F0003702,1,1 Table
F0003711-1,F0003711,1,1 Table
F0003723-1,F0003723,1,1 Table
F0003724-1,F0003724,1,1 Table
F0003728-1,F0003728,1,1 Table
F0003732-1,F0003732,1,1 Table
F0003744-1,F0003744,1,1 Table
F0003755-1,F0003755,1,1 Table
F0003769-1,F0003769,1,1 Table
F0003786-1,F0003786,1,1 Table
F0003789-1,F0003789,1,1 Table
F0003791-1,F0003791,1,1 Table
F0003792-1,F0003792,1,1 Table
F0003803-1,F0003803,1,1 Table
F0003804-1,F0003804,1,1 Table
F0003805-1,F0003805,1,1 Table
F0003811-1,F0003811,1,1 Table
F0003815-1,F0003815,1,1 Table
F0003819-1,F0003819,1,1 Table
F0003820-1,F0003820,1,1 Table
F0003822-1,F0003822,1,1 Table
F0003823-1,F0003823,1,1 Table
F0003835-1,F0003835,1,1 Table
F0003838-1,F0003838,1,1 Table
F0003885-1,F0003885,1,1 Table
F0003890-1,F0003890,1,1 Table
F0003903-1,F0003903,1,1 Table
F0003906-1,F0003906,1,1 Table
F0003907-1,F0003907,1,1 Table
F0003909-1,F0003909,1,1 Table
F0003911-1,F0003911,1,1 Table
F0003912-1,F0003912,1,1 Table
F0003935-1,F0003935,1,1 Table
F0003937-1,F0003937,1,1 Table
F0003938-1,F0003938,1,1 Table
F0003941-1,F0003941,1,1 Table
F0003943-1,F0003943,1,1 Table
F0003944-1,F0003944,1,1 Table
F0003945-1,F0003945,1,1 Table
F0003947-1,F0003947,1,1 Table
F0003950-1,F0003950,1,1 Table
F0003951-1,F0003951,1,1 Table
F0003955-1,F0003955,1,1 Table
F0003958-1,F0003958,1,1 Table
F0003961-1,F0003961,1,1 Table
F0003963-1,F0003963,1,1 Table
F0003965-1,F0003965,1,1 Table
F0003969-1,F0003969,1,1 Table
F0003972-1,F0003972,1,1 Table
F0003984-1,F0003984,1,1 Table
F0003985-1,F0003985,1,1 Table
F0003986-1,F0003986,1,1 Table
F0004000-1,F0004000,1,1 Table
F0004001-1,F0004001,1,1 Table
F0004003-1,F0004003,1,1 Table
F0004004-1,F0004004,1,1 Table
F0004021-1,F0004021,1,1 Table
F0004023-1,F0004023,1,1 Table
F0004025-1,F0004025,1,1 Table
F0004194-1,F0004194,1,1 Table
F0004196-1,F0004196,1,1 Table
F0004198-1,F0004198,1,1 Table
F0004200-1,F0004200,1,1 Table
F0004201-1,F0004201,1,1 Table
F0004202-1,F0004202,1,1 Table
F0004203-1,F0004203,1,1 Table
F0004205-1,F0004205,1,1 Table
F0004206-1,F0004206,1,1 Table
F0004207-1,F0004207,1,1 Table
F0004208-1,F0004208,1,1 Table
F0004209-1,F0004209,1,1 Table
F0004210-1,F0004210,1,1 Table
F0004211-1,F0004211,1,1 Table
F0004220-1,F0004220,1,1 Table
F0004221-1,F0004221,1,1 Table
F0004224-1,F0004224,1,1 Table
F0004227-1,F0004227,1,1 Table
F0004229-1,F0004229,1,1 Table
F0004230-1,F0004230,1,1 Table
F0004231-1,F0004231,1,1 Table
F0004232-1,F0004232,1,1 Table
F0004233-1,F0004233,1,1 Table
F0004234-1,F0004234,1,1 Table
F0004236-1,F0004236,1,1 Table
F0004270-1,F0004270,1,1 Table
F0004279-1,F0004279,1,1 Table
F0004280-1,F0004280,1,1 Table
F0004284-1,F0004284,1,1 Table
F0004286-1,F0004286,1,1 Table
F0004288-1,F0004288,1,1 Table
F0004289-1,F0004289,1,1 Table
F0004293-1,F0004293,1,1 Table
F0004295-1,F0004295,1,1 Table
F0004296-1,F0004296,1,1 Table
F0004299-1,F0004299,1,1 Table
F0004300-1,F0004300,1,1 Table
F0004305-1,F0004305,1,1 Table
F0004306-1,F0004306,1,1 Table
F0004307-1,F0004307,1,1 Table
F0004322-1,F0004322,1,1 Table
F0004328-1,F0004328,1,1 Table
F0004330-1,F0004330,1,1 Table
F0004332-1,F0004332,1,1 Table
F0004357-1,F0004357,1,1 Table
F0004372-1,F0004372,1,1 Table
F0004373-1,F0004373,1,1 Table
F0004380-1,F0004380,1,1 Table
F0004386-1,F0004386,1,1 Table
F0004414-1,F0004414,1,1 Table
F0004429-1,F0004429,1,1 Table
F0004431-1,F0004431,1,1 Table
F0004432-1,F0004432,1,1 Table
F0004438-1,F0004438,1,1 Table
F0004453-1,F0004453,1,1 Table
F0004457-1,F0004457,1,1 Table
F0004458-1,F0004458,1,1 Table
F0004459-1,F0004459,1,1 Table
F0004460-1,F0004460,1,1 Table
F0004462-1,F0004462,1,1 Table
F0004464-1,F0004464,1,1 Table
F0004466-1,F0004466,1,1 Table
F0004467-1,F0004467,1,1 Table
F0004468-1,F0004468,1,1 Table
F0004470-1,F0004470,1,1 Table
F0004478-1,F0004478,1,1 Table
F0004504-1,F0004504,1,1 Table
F0004506-1,F0004506,1,1 Table
F0004507-1,F0004507,1,1 Table
F0004509-1,F0004509,1,1 Table
F0004511-1,F0004511,1,1 Table
F0004512-1,F0004512,1,1 Table
F0004513-1,F0004513,1,1 Table
F0004514-1,F0004514,1,1 Table
F0004515-1,F0004515,1,1 Table
F0004516-1,F0004516,1,1 Table
F0004517-1,F0004517,1,1 Table
F0004518-1,F0004518,1,1 Table
F0004529-1,F0004529,1,1 Table
F0004537-1,F0004537,1,1 Table
F0004547-1,F0004547,1,1 Table
F0004548-1,F0004548,1,1 Table
F0004549-1,F0004549,1,1 Table
F0004553-1,F0004553,1,1 Table
F0004555-1,F0004555,1,1 Table
F0004560-1,F0004560,1,1 Table
F0004563-1,F0004563,1,1 Table
F0004565-1,F0004565,1,1 Table
F0004567-1,F0004567,1,1 Table
F0004584-1,F0004584,1,1 Table
F0004586-1,F0004586,1,1 Table
F0004598-1,F0004598,1,1 Table
F0004599-1,F0004599,1,1 Table
F0004610-1,F0004610,1,1 Table
F0004611-1,F0004611,1,1 Table
F0004653-1,F0004653,1,1 Table
F0004656-1,F0004656,1,1 Table
F0004657-1,F0004657,1,1 Table
F0004664-1,F0004664,1,1 Table
F0004677-1,F0004677,1,1 Table
F0004696-1,F0004696,1,1 Table
F0004697-1,F0004697,1,1 Table
F0004699-1,F0004699,1,1 Table
F0004702-1,F0004702,1,1 Table
F0004707-1,F0004707,1,1 Table
F0004712-1,F0004712,1,1 Table
F0004713-1,F0004713,1,1 Table
F0004721-1,F0004721,1,1 Table
F0004726-1,F0004726,1,1 Table
F0004727-1,F0004727,1,1 Table
F0004740-1,F0004740,1,1 Table
F0004756-1,F0004756,1,1 Table
F0004757-1,F0004757,1,1 Table
F0004766-1,F0004766,1,1 Table
F0004767-1,F0004767,1,1 Table
F0004768-1,F0004768,1,1 Table
F0004775-1,F0004775,1,1 Table
F0004776-1,F0004776,1,1 Table
F0004777-1,F0004777,1,1 Table
F0004778-1,F0004778,1,1 Table
F0004779-1,F0004779,1,1 Table
F0004780-1,F0004780,1,1 Table
F0004781-1,F0004781,1,1 Table
F0004782-1,F0004782,1,1 Table
F0004783-1,F0004783,1,1 Table
F0004786-1,F0004786,1,1 Table
F0004789-1,F0004789,1,1 Table
F0004790-1,F0004790,1,1 Table
F0004791-1,F0004791,1,1 Table
F0004792-1,F0004792,1,1 Table
F0004793-1,F0004793,1,1 Table
F0004795-1,F0004795,1,1 Table
F0004796-1,F0004796,1,1 Table
F0004797-1,F0004797,1,1 Table
F0004798-1,F0004798,1,1 Table
F0004799-1,F0004799,1,1 Table
F0004800-1,F0004800,1,1 Table
F0004801-1,F0004801,1,1 Table
F0004802-1,F0004802,1,1 Table
F0004803-1,F0004803,1,1 Table
F0004804-1,F0004804,1,1 Table
F0004807-1,F0004807,1,1 Table
F0004808-1,F0004808,1,1 Table
F0004814-1,F0004814,1,1 Table
F0004815-1,F0004815,1,1 Table
F0004816-1,F0004816,1,1 Table
F0004817-1,F0004817,1,1 Table
F0004818-1,F0004818,1,1 Table
F0004819-1,F0004819,1,1 Table
F0004821-1,F0004821,1,1 Table
F0004822-1,F0004822,1,1 Table
F0004823-1,F0004823,1,1 Table
F0004824-1,F0004824,1,1 Table
F0004825-1,F0004825,1,1 Table
F0004829-1,F0004829,1,1 Table
F0004835-1,F0004835,1,1 Table
F0004837-1,F0004837,1,1 Table
F0004838-1,F0004838,1,1 Table
F0004839-1,F0004839,1,1 Table
F0004841-1,F0004841,1,1 Table
F0004842-1,F0004842,1,1 Table
F0004847-1,F0004847,1,1 Table
F0004848-1,F0004848,1,1 Table
F0004850-1,F0004850,1,1 Table
F0004851-1,F0004851,1,1 Table
F0004857-1,F0004857,1,1 Table
F0004858-1,F0004858,1,1 Table
F0004859-1,F0004859,1,1 Table
F0004860-1,F0004860,1,1 Table
F0004861-1,F0004861,1,1 Table
F0004862-1,F0004862,1,1 Table
F0004863-1,F0004863,1,1 Table
F0004864-1,F0004864,1,1 Table
F0004865-1,F0004865,1,1 Table
F0004866-1,F0004866,1,1 Table
F0004868-1,F0004868,1,1 Table
F0004883-1,F0004883,1,1 Table
F0004884-1,F0004884,1,1 Table
F0004887-1,F0004887,1,1 Table
F0004890-1,F0004890,1,1 Table
F0004891-1,F0004891,1,1 Table
F0004892-1,F0004892,1,1 Table
F0004896-1,F0004896,1,1 Table
F0004937-1,F0004937,1,1 Table
F0004938-1,F0004938,1,1 Table
F0005044-1,F0005044,1,1 Table
F0005060-1,F0005060,1,1 Table
F0005063-1,F0005063,1,1 Table
F0005077-1,F0005077,1,1 Table
F0005080-1,F0005080,1,1 Table
F0005136-1,F0005136,1,1 Table
F0005157-1,F0005157,1,1 Table
F0005167-1,F0005167,1,1 Table
F0005168-1,F0005168,1,1 Table
F0005182-1,F0005182,1,1 Table
F0005183-1,F0005183,1,1 Table
F0005217-1,F0005217,1,1 Table
F0005249-1,F0005249,1,1 Table
F0005289-1,F0005289,1,1 Table
F0005291-1,F0005291,1,1 Table
F0005300-1,F0005300,1,1 Table
F0005304-1,F0005304,1,1 Table
F0005306-1,F0005306,1,1 Table
F0005359-1,F0005359,1,1 Table
F0005360-1,F0005360,1,1 Table
F0005361-1,F0005361,1,1 Table
F0005381-1,F0005381,1,1 Table
F0005382-1,F0005382,1,1 Table
F0005384-1,F0005384,1,1 Table
F0005385-1,F0005385,1,1 Table
F0005387-1,F0005387,1,1 Table
F0005389-1,F0005389,1,1 Table
F0005393-1,F0005393,1,1 Table
F0005413-1,F0005413,1,1 Table
F0005427-1,F0005427,1,1 Table
F0005449-1,F0005449,1,1 Table
F0005450-1,F0005450,1,1 Table
F0005452-1,F0005452,1,1 Table
F0005454-1,F0005454,1,1 Table
F0005457-1,F0005457,1,1 Table
F0005490-1,F0005490,1,1 Table
F0005497-1,F0005497,1,1 Table
F0005498-1,F0005498,1,1 Table
F0005500-1,F0005500,1,1 Table
F0005501-1,F0005501,1,1 Table
F0005503-1,F0005503,1,1 Table
F0005519-1,F0005519,1,1 Table
F0005523-1,F0005523,1,1 Table
F0005524-1,F0005524,1,1 Table
F0005525-1,F0005525,1,1 Table
F0005527-1,F0005527,1,1 Table
F0005533-1,F0005533,1,1 Table
F0005561-1,F0005561,1,1 Table
F0005563-1,F0005563,1,1 Table
F0005566-1,F0005566,1,1 Table
F0005569-1,F0005569,1,1 Table
F0005570-1,F0005570,1,1 Table
F0005588-1,F0005588,1,1 Table
F0005591-1,F0005591,1,1 Table
F0005592-1,F0005592,1,1 Table
F0005593-1,F0005593,1,1 Table
F0005594-1,F0005594,1,1 Table
F0005599-1,F0005599,1,1 Table
F0005604-1,F0005604,1,1 Table
F0005605-1,F0005605,1,1 Table
F0005606-1,F0005606,1,1 Table
F0005607-1,F0005607,1,1 Table
F0005609-1,F0005609,1,1 Table
F0005614-1,F0005614,1,1 Table
F0005620-1,F0005620,1,1 Table
F0005632-1,F0005632,1,1 Table
F0005633-1,F0005633,1,1 Table
F0005640-1,F0005640,1,1 Table
F0005667-1,F0005667,1,1 Table
F0005696-1,F0005696,1,1 Table
F0005697-1,F0005697,1,1 Table
F0005698-1,F0005698,1,1 Table
F0005699-1,F0005699,1,1 Table
F0005701-1,F0005701,1,1 Table
F0005704-1,F0005704,1,1 Table
F0005705-1,F0005705,1,1 Table
F0005707-1,F0005707,1,1 Table
F0005712-1,F0005712,1,1 Table
F0005714-1,F0005714,1,1 Table
F0005715-1,F0005715,1,1 Table
F0005716-1,F0005716,1,1 Table
F0005730-1,F0005730,1,1 Table
F0005739-1,F0005739,1,1 Table
F0005740-1,F0005740,1,1 Table
F0005741-1,F0005741,1,1 Table
F0005742-1,F0005742,1,1 Table
F0005743-1,F0005743,1,1 Table
F0005748-1,F0005748,1,1 Table
F0005750-1,F0005750,1,1 Table
F0005761-1,F0005761,1,1 Table
F0005762-1,F0005762,1,1 Table
F0005763-1,F0005763,1,1 Table
F0005773-1,F0005773,1,1 Table
F0005774-1,F0005774,1,1 Table
F0005775-1,F0005775,1,1 Table
F0005781-1,F0005781,1,1 Table
F0005782-1,F0005782,1,1 Table
F0005783-1,F0005783,1,1 Table
F0005785-1,F0005785,1,1 Table
F0005786-1,F0005786,1,1 Table
F0005788-1,F0005788,1,1 Table
F0005790-1,F0005790,1,1 Table
F0005797-1,F0005797,1,1 Table
F0005798-1,F0005798,1,1 Table
F0005799-1,F0005799,1,1 Table
F0005800-1,F0005800,1,1 Table
F0005801-1,F0005801,1,1 Table
F0005802-1,F0005802,1,1 Table
F0005803-1,F0005803,1,1 Table
F0005804-1,F0005804,1,1 Table
F0005806-1,F0005806,1,1 Table
F0005807-1,F0005807,1,1 Table
F0005808-1,F0005808,1,1 Table
F0005810-1,F0005810,1,1 Table
F0005811-1,F0005811,1,1 Table
F0005812-1,F0005812,1,1 Table
F0005813-1,F0005813,1,1 Table
F0005814-1,F0005814,1,1 Table
F0005815-1,F0005815,1,1 Table
F0005816-1,F0005816,1,1 Table
F0005825-1,F0005825,1,1 Table
F0005826-1,F0005826,1,1 Table
F0005827-1,F0005827,1,1 Table
F0005828-1,F0005828,1,1 Table
F0005848-1,F0005848,1,1 Table
F0005849-1,F0005849,1,1 Table
F0005858-1,F0005858,1,1 Table
F0005873-1,F0005873,1,1 Table
F0005874-1,F0005874,1,1 Table
F0005875-1,F0005875,1,1 Table
F0005877-1,F0005877,1,1 Table
F0005878-1,F0005878,1,1 Table
F0005879-1,F0005879,1,1 Table
F0005880-1,F0005880,1,1 Table
F0005884-1,F0005884,1,1 Table
F0005885-1,F0005885,1,1 Table
F0005889-1,F0005889,1,1 Table
F0005896-1,F0005896,1,1 Table
F0005900-1,F0005900,1,1 Table
F0005902-1,F0005902,1,1 Table
F0005916-1,F0005916,1,1 Table
F0005917-1,F0005917,1,1 Table
F0005918-1,F0005918,1,1 Table
F0005934-1,F0005934,1,1 Table
F0005937-1,F0005937,1,1 Table
F0005939-1,F0005939,1,1 Table
F0005940-1,F0005940,1,1 Table
F0005948-1,F0005948,1,1 Table
F0005952-1,F0005952,1,1 Table
F0005954-1,F0005954,1,1 Table
F0005955-1,F0005955,1,1 Table
F0005956-1,F0005956,1,1 Table
F0005957-1,F0005957,1,1 Table
F0005959-1,F0005959,1,1 Table
F0005960-1,F0005960,1,1 Table
F0005965-1,F0005965,1,1 Table
F0005966-1,F0005966,1,1 Table
F0005972-1,F0005972,1,1 Table
F0005973-1,F0005973,1,1 Table
F0005975-1,F0005975,1,1 Table
F0005976-1,F0005976,1,1 Table
F0005978-1,F0005978,1,1 Table
F0005988-1,F0005988,1,1 Table
F0005992-1,F0005992,1,1 Table
F0005993-1,F0005993,1,1 Table
F0005994-1,F0005994,1,1 Table
F0005995-1,F0005995,1,1 Table
F0006000-1,F0006000,1,1 Table
F0006001-1,F0006001,1,1 Table
F0006002-1,F0006002,1,1 Table
F0006008-1,F0006008,1,1 Table
F0006036-1,F0006036,1,1 Table
F0006037-1,F0006037,1,1 Table
F0006050-1,F0006050,1,1 Table
F0006056-1,F0006056,1,1 Table
F0006060-1,F0006060,1,1 Table
F0006063-1,F0006063,1,1 Table
F0006066-1,F0006066,1,1 Table
F0006070-1,F0006070,1,1 Table
F0006081-1,F0006081,1,1 Table
F0006084-1,F0006084,1,1 Table
F0006106-1,F0006106,1,1 Table
F0006147-1,F0006147,1,1 Table
F0006150-1,F0006150,1,1 Table
F0006152-1,F0006152,1,1 Table
F0006153-1,F0006153,1,1 Table
F0006158-1,F0006158,1,1 Table
F0006159-1,F0006159,1,1 Table
F0006161-1,F0006161,1,1 Table
F0006162-1,F0006162,1,1 Table
F0006167-1,F0006167,1,1 Table
F0006168-1,F0006168,1,1 Table
F0006169-1,F0006169,1,1 Table
F0006170-1,F0006170,1,1 Table
F0006172-1,F0006172,1,1 Table
F0006185-1,F0006185,1,1 Table
F0006186-1,F0006186,1,1 Table
F0006188-1,F0006188,1,1 Table
F0006190-1,F0006190,1,1 Table
F0006191-1,F0006191,1,1 Table
F0006192-1,F0006192,1,1 Table
F0006194-1,F0006194,1,1 Table
F0006195-1,F0006195,1,1 Table
F0006196-1,F0006196,1,1 Table
F0006209-1,F0006209,1,1 Table
F0006213-1,F0006213,1,1 Table
F0006214-1,F0006214,1,1 Table
F0006215-1,F0006215,1,1 Table
F0006217-1,F0006217,1,1 Table
F0006219-1,F0006219,1,1 Table
F0006222-1,F0006222,1,1 Table
F0006223-1,F0006223,1,1 Table
F0006224-1,F0006224,1,1 Table
F0006236-1,F0006236,1,1 Table
F0006237-1,F0006237,1,1 Table
F0006238-1,F0006238,1,1 Table
F0006256-1,F0006256,1,1 Table
F0006257-1,F0006257,1,1 Table
F0006261-1,F0006261,1,1 Table
F0006268-1,F0006268,1,1 Table
F0006276-1,F0006276,1,1 Table
F0006286-1,F0006286,1,1 Table
F0006327-1,F0006327,1,1 Table
F0006328-1,F0006328,1,1 Table
F0006333-1,F0006333,1,1 Table
F0006335-1,F0006335,1,1 Table
F0006346-1,F0006346,1,1 Table
F0006354-1,F0006354,1,1 Table
F0006355-1,F0006355,1,1 Table
F0006357-1,F0006357,1,1 Table
F0006358-1,F0006358,1,1 Table
F0006369-1,F0006369,1,1 Table
F0006370-1,F0006370,1,1 Table
F0006375-1,F0006375,1,1 Table
F0006376-1,F0006376,1,1 Table
F0006380-1,F0006380,1,1 Table
F0006381-1,F0006381,1,1 Table
F0006383-1,F0006383,1,1 Table
F0006384-1,F0006384,1,1 Table
F0006385-1,F0006385,1,1 Table
F0006407-1,F0006407,1,1 Table
F0006408-1,F0006408,1,1 Table
F0006411-1,F0006411,1,1 Table
F0006421-1,F0006421,1,1 Table
F0006422-1,F0006422,1,1 Table
F0006435-1,F0006435,1,1 Table
F0006436-1,F0006436,1,1 Table
F0006437-1,F0006437,1,1 Table
F0006439-1,F0006439,1,1 Table
F0006443-1,F0006443,1,1 Table
F0006447-1,F0006447,1,1 Table
F0006448-1,F0006448,1,1 Table
F0006484-1,F0006484,1,1 Table
F0006485-1,F0006485,1,1 Table
F0006486-1,F0006486,1,1 Table
F0006487-1,F0006487,1,1 Table
F0006490-1,F0006490,1,1 Table
F0006492-1,F0006492,1,1 Table
F0006493-1,F0006493,1,1 Table
F0006494-1,F0006494,1,1 Table
F0006504-1,F0006504,1,1 Table
F0006507-1,F0006507,1,1 Table
F0006514-1,F0006514,1,1 Table
F0006515-1,F0006515,1,1 Table
F0006516-1,F0006516,1,1 Table
F0006517-1,F0006517,1,1 Table
F0006541-1,F0006541,1,1 Table
F0006549-1,F0006549,1,1 Table
F0006557-1,F0006557,1,1 Table
F0006558-1,F0006558,1,1 Table
F0006573-1,F0006573,1,1 Table
F0006574-1,F0006574,1,1 Table
F0006576-1,F0006576,1,1 Table
F0006579-1,F0006579,1,1 Table
F0006580-1,F0006580,1,1 Table
F0006581-1,F0006581,1,1 Table
F0006582-1,F0006582,1,1 Table
F0006585-1,F0006585,1,1 Table
F0006592-1,F0006592,1,1 Table
F0006594-1,F0006594,1,1 Table
F0006599-1,F0006599,1,1 Table
F0006600-1,F0006600,1,1 Table
F0006601-1,F0006601,1,1 Table
F0006602-1,F0006602,1,1 Table
F0006603-1,F0006603,1,1 Table
F0006610-1,F0006610,1,1 Table
F0006611-1,F0006611,1,1 Table
F0006617-1,F0006617,1,1 Table
F0006622-1,F0006622,1,1 Table
F0006623-1,F0006623,1,1 Table
F0006626-1,F0006626,1,1 Table
F0006628-1,F0006628,1,1 Table
F0006629-1,F0006629,1,1 Table
F0006630-1,F0006630,1,1 Table
F0006635-1,F0006635,1,1 Table
F0006638-1,F0006638,1,1 Table
F0006640-1,F0006640,1,1 Table
F0006641-1,F0006641,1,1 Table
F0006643-1,F0006643,1,1 Table
F0006644-1,F0006644,1,1 Table
F0006645-1,F0006645,1,1 Table
F0006646-1,F0006646,1,1 Table
F0006647-1,F0006647,1,1 Table
F0006648-1,F0006648,1,1 Table
F0006652-1,F0006652,1,1 Table
F0006653-1,F0006653,1,1 Table
F0006654-1,F0006654,1,1 Table
F0006655-1,F0006655,1,1 Table
F0006658-1,F0006658,1,1 Table
F0006661-1,F0006661,1,1 Table
F0006662-1,F0006662,1,1 Table
F0006663-1,F0006663,1,1 Table
F0006668-1,F0006668,1,1 Table
F0006675-1,F0006675,1,1 Table
F0006678-1,F0006678,1,1 Table
F0006682-1,F0006682,1,1 Table
F0006683-1,F0006683,1,1 Table
F0006685-1,F0006685,1,1 Table
F0006687-1,F0006687,1,1 Table
F0006689-1,F0006689,1,1 Table
F0006690-1,F0006690,1,1 Table
F0006691-1,F0006691,1,1 Table
F0006692-1,F0006692,1,1 Table
F0006705-1,F0006705,1,1 Table
F0006706-1,F0006706,1,1 Table
F0006707-1,F0006707,1,1 Table
F0006723-1,F0006723,1,1 Table
F0006724-1,F0006724,1,1 Table
F0006726-1,F0006726,1,1 Table
F0006728-1,F0006728,1,1 Table
F0006729-1,F0006729,1,1 Table
F0006731-1,F0006731,1,1 Table
F0006732-1,F0006732,1,1 Table
F0006736-1,F0006736,1,1 Table
F0006737-1,F0006737,1,1 Table
F0006754-1,F0006754,1,1 Table
F0006755-1,F0006755,1,1 Table
F0006761-1,F0006761,1,1 Table
F0006773-1,F0006773,1,1 Table
F0006784-1,F0006784,1,1 Table
F0006787-1,F0006787,1,1 Table
F0006802-1,F0006802,1,1 Table
F0006811-1,F0006811,1,1 Table
F0006965-1,F0006965,1,1 Table
F0007012-1,F0007012,1,1 Table
F0007025-1,F0007025,1,1 Table
F0007027-1,F0007027,1,1 Table
F0007036-1,F0007036,1,1 Table
F0007038-1,F0007038,1,1 Table
F0007076-1,F0007076,1,1 Table
F0007077-1,F0007077,1,1 Table
F0007081-1,F0007081,1,1 Table
F0007086-1,F0007086,1,1 Table
F0007087-1,F0007087,1,1 Table
F0007089-1,F0007089,1,1 Table
F0007090-1,F0007090,1,1 Table
F0007128-1,F0007128,1,1 Table
F0007131-1,F0007131,1,1 Table
F0007152-1,F0007152,1,1 Table
F0007161-1,F0007161,1,1 Table
F0007172-1,F0007172,1,1 Table
F0007174-1,F0007174,1,1 Table
F0007181-1,F0007181,1,1 Table
F0007187-1,F0007187,1,1 Table
F0007207-1,F0007207,1,1 Table
F0007208-1,F0007208,1,1 Table
F0007210-1,F0007210,1,1 Table
F0007249-1,F0007249,1,1 Table
F0007256-1,F0007256,1,1 Table
F0007257-1,F0007257,1,1 Table
F0007263-1,F0007263,1,1 Table
F0007325-1,F0007325,1,1 Table
F0007336-1,F0007336,1,1 Table
F0007338-1,F0007338,1,1 Table
F0007339-1,F0007339,1,1 Table
F0007353-1,F0007353,1,1 Table
F0007354-1,F0007354,1,1 Table
F0007390-1,F0007390,1,1 Table
F0007406-1,F0007406,1,1 Table
F0007408-1,F0007408,1,1 Table
F0007410-1,F0007410,1,1 Table
F0007411-1,F0007411,1,1 Table
F0007412-1,F0007412,1,1 Table
F0007481-1,F0007481,1,1 Table
F0007482-1,F0007482,1,1 Table
F0007483-1,F0007483,1,1 Table
F0007486-1,F0007486,1,1 Table
F0007491-1,F0007491,1,1 Table
F0007492-1,F0007492,1,1 Table
F0007507-1,F0007507,1,1 Table
F0007516-1,F0007516,1,1 Table
F0007525-1,F0007525,1,1 Table
F0007526-1,F0007526,1,1 Table
F0007578-1,F0007578,1,1 Table
F0007582-1,F0007582,1,1 Table
F0007584-1,F0007584,1,1 Table
F0007585-1,F0007585,1,1 Table
F0007588-1,F0007588,1,1 Table
F0007590-1,F0007590,1,1 Table
F0007591-1,F0007591,1,1 Table
F0007593-1,F0007593,1,1 Table
F0007595-1,F0007595,1,1 Table
F0007596-1,F0007596,1,1 Table
F0007600-1,F0007600,1,1 Table
F0007607-1,F0007607,1,1 Table
F0007609-1,F0007609,1,1 Table
F0007611-1,F0007611,1,1 Table
F0007614-1,F0007614,1,1 Table
F0007620-1,F0007620,1,1 Table
F0007621-1,F0007621,1,1 Table
F0007622-1,F0007622,1,1 Table
F0007623-1,F0007623,1,1 Table
F0007625-1,F0007625,1,1 Table
F0007626-1,F0007626,1,1 Table
F0007629-1,F0007629,1,1 Table
F0007630-1,F0007630,1,1 Table
F0007632-1,F0007632,1,1 Table
F0007641-1,F0007641,1,1 Table
F0007645-1,F0007645,1,1 Table
F0007646-1,F0007646,1,1 Table
F0007647-1,F0007647,1,1 Table
F0007650-1,F0007650,1,1 Table
F0007669-1,F0007669,1,1 Table
F0007670-1,F0007670,1,1 Table
F0007680-1,F0007680,1,1 Table
F0007681-1,F0007681,1,1 Table
F0007682-1,F0007682,1,1 Table
F0007683-1,F0007683,1,1 Table
F0007684-1,F0007684,1,1 Table
F0007687-1,F0007687,1,1 Table
F0007688-1,F0007688,1,1 Table
F0007691-1,F0007691,1,1 Table
F0007692-1,F0007692,1,1 Table
F0007693-1,F0007693,1,1 Table
F0007694-1,F0007694,1,1 Table
F0007695-1,F0007695,1,1 Table
F0007696-1,F0007696,1,1 Table
F0007701-1,F0007701,1,1 Table
F0007703-1,F0007703,1,1 Table
F0007705-1,F0007705,1,1 Table
F0007706-1,F0007706,1,1 Table
F0007707-1,F0007707,1,1 Table
F0007709-1,F0007709,1,1 Table
F0007710-1,F0007710,1,1 Table
F0007780-1,F0007780,1,1 Table
F0007781-1,F0007781,1,1 Table
F0007786-1,F0007786,1,1 Table
F0007831-1,F0007831,1,1 Table
F0007836-1,F0007836,1,1 Table
F0007855-1,F0007855,1,1 Table
F0007856-1,F0007856,1,1 Table
F0007857-1,F0007857,1,1 Table
F0007858-1,F0007858,1,1 Table
F0007859-1,F0007859,1,1 Table
F0007863-1,F0007863,1,1 Table
F0007890-1,F0007890,1,1 Table
F0007892-1,F0007892,1,1 Table
F0007899-1,F0007899,1,1 Table
F0007900-1,F0007900,1,1 Table
F0007907-1,F0007907,1,1 Table
F0007908-1,F0007908,1,1 Table
F0007911-1,F0007911,1,1 Table
F0007918-1,F0007918,1,1 Table
F0007919-1,F0007919,1,1 Table
F0007936-1,F0007936,1,1 Table
F0007937-1,F0007937,1,1 Table
F0007939-1,F0007939,1,1 Table
F0007944-1,F0007944,1,1 Table
F0007957-1,F0007957,1,1 Table
F0007988-1,F0007988,1,1 Table
F0007990-1,F0007990,1,1 Table
F0007991-1,F0007991,1,1 Table
F0007992-1,F0007992,1,1 Table
F0007995-1,F0007995,1,1 Table
F0007996-1,F0007996,1,1 Table
F0007997-1,F0007997,1,1 Table
F0007998-1,F0007998,1,1 Table
F0008008-1,F0008008,1,1 Table
F0008015-1,F0008015,1,1 Table
F0008016-1,F0008016,1,1 Table
F0008034-1,F0008034,1,1 Table
F0008037-1,F0008037,1,1 Table
F0008039-1,F0008039,1,1 Table
F0008040-1,F0008040,1,1 Table
F0008041-1,F0008041,1,1 Table
F0008042-1,F0008042,1,1 Table
F0008057-1,F0008057,1,1 Table
F0008067-1,F0008067,1,1 Table
F0008069-1,F0008069,1,1 Table
F0008070-1,F0008070,1,1 Table
F0008071-1,F0008071,1,1 Table
F0008073-1,F0008073,1,1 Table
F0008075-1,F0008075,1,1 Table
F0008076-1,F0008076,1,1 Table
F0008080-1,F0008080,1,1 Table
F0008088-1,F0008088,1,1 Table
F0008089-1,F0008089,1,1 Table
F0008090-1,F0008090,1,1 Table
F0008091-1,F0008091,1,1 Table
F0008093-1,F0008093,1,1 Table
F0008094-1,F0008094,1,1 Table
F0008099-1,F0008099,1,1 Table
F0008117-1,F0008117,1,1 Table
F0008118-1,F0008118,1,1 Table
F0008119-1,F0008119,1,1 Table
F0008120-1,F0008120,1,1 Table
F0008134-1,F0008134,1,1 Table
F0008144-1,F0008144,1,1 Table
F0008145-1,F0008145,1,1 Table
F0008150-1,F0008150,1,1 Table
F0008151-1,F0008151,1,1 Table
F0008152-1,F0008152,1,1 Table
F0008153-1,F0008153,1,1 Table
F0008154-1,F0008154,1,1 Table
F0008155-1,F0008155,1,1 Table
F0008156-1,F0008156,1,1 Table
F0008157-1,F0008157,1,1 Table
F0008158-1,F0008158,1,1 Table
F0008159-1,F0008159,1,1 Table
F0008160-1,F0008160,1,1 Table
F0008163-1,F0008163,1,1 Table
F0008164-1,F0008164,1,1 Table
F0008165-1,F0008165,1,1 Table
F0008168-1,F0008168,1,1 Table
F0008170-1,F0008170,1,1 Table
F0008171-1,F0008171,1,1 Table
F0008172-1,F0008172,1,1 Table
F0008173-1,F0008173,1,1 Table
F0008174-1,F0008174,1,1 Table
F0008175-1,F0008175,1,1 Table
F0008176-1,F0008176,1,1 Table
F0008184-1,F0008184,1,1 Table
F0008185-1,F0008185,1,1 Table
F0008204-1,F0008204,1,1 Table
F0008206-1,F0008206,1,1 Table
F0008217-1,F0008217,1,1 Table
F0008227-1,F0008227,1,1 Table
F0008244-1,F0008244,1,1 Table
F0008247-1,F0008247,1,1 Table
F0008258-1,F0008258,1,1 Table
F0008259-1,F0008259,1,1 Table
F0008262-1,F0008262,1,1 Table
F0008263-1,F0008263,1,1 Table
F0008272-1,F0008272,1,1 Table
F0008274-1,F0008274,1,1 Table
F0008275-1,F0008275,1,1 Table
F0008385-1,F0008385,1,1 Table
F0008387-1,F0008387,1,1 Table
F0008398-1,F0008398,1,1 Table
F0008399-1,F0008399,1,1 Table
F0008402-1,F0008402,1,1 Table
F0008403-1,F0008403,1,1 Table
F0008406-1,F0008406,1,1 Table
F0008408-1,F0008408,1,1 Table
F0008409-1,F0008409,1,1 Table
F0008416-1,F0008416,1,1 Table
F0008421-1,F0008421,1,1 Table
F0008422-1,F0008422,1,1 Table
F0008424-1,F0008424,1,1 Table
F0008431-1,F0008431,1,1 Table
F0008439-1,F0008439,1,1 Table
F0008440-1,F0008440,1,1 Table
F0008445-1,F0008445,1,1 Table
F0008447-1,F0008447,1,1 Table
F0008448-1,F0008448,1,1 Table
F0008452-1,F0008452,1,1 Table
F0008453-1,F0008453,1,1 Table
F0008455-1,F0008455,1,1 Table
F0008458-1,F0008458,1,1 Table
F0008459-1,F0008459,1,1 Table
F0008460-1,F0008460,1,1 Table
F0008534-1,F0008534,1,1 Table
F0008537-1,F0008537,1,1 Table
F0008538-1,F0008538,1,1 Table
F0008548-1,F0008548,1,1 Table
F0008549-1,F0008549,1,1 Table
F0008566-1,F0008566,1,1 Table
F0008569-1,F0008569,1,1 Table
F0008570-1,F0008570,1,1 Table
F0008571-1,F0008571,1,1 Table
F0008572-1,F0008572,1,1 Table
F0008574-1,F0008574,1,1 Table
F0008575-1,F0008575,1,1 Table
F0008596-1,F0008596,1,1 Table
F0008607-1,F0008607,1,1 Table
F0008608-1,F0008608,1,1 Table
F0008674-1,F0008674,1,1 Table
F0008676-1,F0008676,1,1 Table
F0008681-1,F0008681,1,1 Table
F0008683-1,F0008683,1,1 Table
F0008685-1,F0008685,1,1 Table
F0008687-1,F0008687,1,1 Table
F0008688-1,F0008688,1,1 Table
F0008690-1,F0008690,1,1 Table
F0008692-1,F0008692,1,1 Table
F0008693-1,F0008693,1,1 Table
F0008695-1,F0008695,1,1 Table
F0008697-1,F0008697,1,1 Table
F0008698-1,F0008698,1,1 Table
F0008699-1,F0008699,1,1 Table
F0008701-1,F0008701,1,1 Table
F0008702-1,F0008702,1,1 Table
F0008707-1,F0008707,1,1 Table
F0008709-1,F0008709,1,1 Table
F0008730-1,F0008730,1,1 Table
F0008865-1,F0008865,1,1 Table
F0008870-1,F0008870,1,1 Table
F0008883-1,F0008883,1,1 Table
F0008887-1,F0008887,1,1 Table
F0008893-1,F0008893,1,1 Table
F0008904-1,F0008904,1,1 Table
F0008905-1,F0008905,1,1 Table
F0008910-1,F0008910,1,1 Table
F0008917-1,F0008917,1,1 Table
F0008918-1,F0008918,1,1 Table
F0008920-1,F0008920,1,1 Table
F0008922-1,F0008922,1,1 Table
F0008936-1,F0008936,1,1 Table
F0008937-1,F0008937,1,1 Table
F0008944-1,F0008944,1,1 Table
F0008948-1,F0008948,1,1 Table
F0008949-1,F0008949,1,1 Table
F0008950-1,F0008950,1,1 Table
F0008951-1,F0008951,1,1 Table
F0008954-1,F0008954,1,1 Table
F0008958-1,F0008958,1,1 Table
F0008967-1,F0008967,1,1 Table
F0008982-1,F0008982,1,1 Table
F0008997-1,F0008997,1,1 Table
F0009003-1,F0009003,1,1 Table
F0009004-1,F0009004,1,1 Table
F0009008-1,F0009008,1,1 Table
F0009009-1,F0009009,1,1 Table
F0009011-1,F0009011,1,1 Table
F0009013-1,F0009013,1,1 Table
F0009018-1,F0009018,1,1 Table
F0009020-1,F0009020,1,1 Table
F0009027-1,F0009027,1,1 Table
F0009035-1,F0009035,1,1 Table
F0009036-1,F0009036,1,1 Table
F0009048-1,F0009048,1,1 Table
F0009049-1,F0009049,1,1 Table
F0009050-1,F0009050,1,1 Table
F0009054-1,F0009054,1,1 Table
F0009057-1,F0009057,1,1 Table
F0009058-1,F0009058,1,1 Table
F0009066-1,F0009066,1,1 Table
F0009067-1,F0009067,1,1 Table
F0009068-1,F0009068,1,1 Table
F0009098-1,F0009098,1,1 Table
F0009100-1,F0009100,1,1 Table
F0009126-1,F0009126,1,1 Table
F0009131-1,F0009131,1,1 Table
F0009132-1,F0009132,1,1 Table
F0009146-1,F0009146,1,1 Table
F0009147-1,F0009147,1,1 Table
F0009148-1,F0009148,1,1 Table
F0009153-1,F0009153,1,1 Table
F0009154-1,F0009154,1,1 Table
F0009155-1,F0009155,1,1 Table
F0009157-1,F0009157,1,1 Table
F0009158-1,F0009158,1,1 Table
F0009173-1,F0009173,1,1 Table
F0009176-1,F0009176,1,1 Table
F0009177-1,F0009177,1,1 Table
F0009184-1,F0009184,1,1 Table
F0009185-1,F0009185,1,1 Table
F0009190-1,F0009190,1,1 Table
F0009193-1,F0009193,1,1 Table
F0009197-1,F0009197,1,1 Table
F0009214-1,F0009214,1,1 Table
F0009242-1,F0009242,1,1 Table
F0009248-1,F0009248,1,1 Table
F0009249-1,F0009249,1,1 Table
F0009253-1,F0009253,1,1 Table
F0009258-1,F0009258,1,1 Table
F0009301-1,F0009301,1,1 Table
F0009303-1,F0009303,1,1 Table
F0009305-1,F0009305,1,1 Table
F0009306-1,F0009306,1,1 Table
F0009307-1,F0009307,1,1 Table
F0009308-1,F0009308,1,1 Table
F0009309-1,F0009309,1,1 Table
F0009313-1,F0009313,1,1 Table
F0009387-1,F0009387,1,1 Table
F0009400-1,F0009400,1,1 Table
F0009401-1,F0009401,1,1 Table
F0009410-1,F0009410,1,1 Table
F0009411-1,F0009411,1,1 Table
F0009426-1,F0009426,1,1 Table
F0009432-1,F0009432,1,1 Table
F0009501-1,F0009501,1,1 Table
F0009504-1,F0009504,1,1 Table
F0009508-1,F0009508,1,1 Table
F0009512-1,F0009512,1,1 Table
F0009522-1,F0009522,1,1 Table
F0009523-1,F0009523,1,1 Table
F0009525-1,F0009525,1,1 Table
F0009526-1,F0009526,1,1 Table
F0009530-1,F0009530,1,1 Table
F0009531-1,F0009531,1,1 Table
F0009532-1,F0009532,1,1 Table
F0009534-1,F0009534,1,1 Table
F0009535-1,F0009535,1,1 Table
F0009536-1,F0009536,1,1 Table
F0009537-1,F0009537,1,1 Table
F0009540-1,F0009540,1,1 Table
F0009561-1,F0009561,1,1 Table
F0009566-1,F0009566,1,1 Table
F0009567-1,F0009567,1,1 Table
F0009568-1,F0009568,1,1 Table
F0009571-1,F0009571,1,1 Table
F0009573-1,F0009573,1,1 Table
F0009574-1,F0009574,1,1 Table
F0009576-1,F0009576,1,1 Table
F0009577-1,F0009577,1,1 Table
F0009597-1,F0009597,1,1 Table
F0009604-1,F0009604,1,1 Table
F0009607-1,F0009607,1,1 Table
F0009608-1,F0009608,1,1 Table
F0009613-1,F0009613,1,1 Table
F0009636-1,F0009636,1,1 Table
F0009639-1,F0009639,1,1 Table
F0009642-1,F0009642,1,1 Table
F0009643-1,F0009643,1,1 Table
F0009644-1,F0009644,1,1 Table
F0009646-1,F0009646,1,1 Table
F0009649-1,F0009649,1,1 Table
F0009650-1,F0009650,1,1 Table
F0009651-1,F0009651,1,1 Table
F0009653-1,F0009653,1,1 Table
F0009654-1,F0009654,1,1 Table
F0009655-1,F0009655,1,1 Table
F0009656-1,F0009656,1,1 Table
F0009665-1,F0009665,1,1 Table
F0009666-1,F0009666,1,1 Table
F0009667-1,F0009667,1,1 Table
F0009668-1,F0009668,1,1 Table
F0009714-1,F0009714,1,1 Table
F0009715-1,F0009715,1,1 Table
F0009716-1,F0009716,1,1 Table
F0009717-1,F0009717,1,1 Table
F0009719-1,F0009719,1,1 Table
F0009720-1,F0009720,1,1 Table
F0009721-1,F0009721,1,1 Table
F0009722-1,F0009722,1,1 Table
F0009723-1,F0009723,1,1 Table
F0009724-1,F0009724,1,1 Table
F0009726-1,F0009726,1,1 Table
F0009728-1,F0009728,1,1 Table
F0009730-1,F0009730,1,1 Table
F0009731-1,F0009731,1,1 Table
F0009736-1,F0009736,1,1 Table
F0009739-1,F0009739,1,1 Table
F0009743-1,F0009743,1,1 Table
F0009744-1,F0009744,1,1 Table
F0009745-1,F0009745,1,1 Table
F0009752-1,F0009752,1,1 Table
F0009753-1,F0009753,1,1 Table
F0009754-1,F0009754,1,1 Table
F0009756-1,F0009756,1,1 Table
F0009758-1,F0009758,1,1 Table
F0009784-1,F0009784,1,1 Table
F0009795-1,F0009795,1,1 Table
F0009796-1,F0009796,1,1 Table
F0009799-1,F0009799,1,1 Table
F0009804-1,F0009804,1,1 Table
F0009809-1,F0009809,1,1 Table
F0009810-1,F0009810,1,1 Table
F0009811-1,F0009811,1,1 Table
F0009812-1,F0009812,1,1 Table
F0009821-1,F0009821,1,1 Table
F0009834-1,F0009834,1,1 Table
F0009835-1,F0009835,1,1 Table
F0009836-1,F0009836,1,1 Table
F0009842-1,F0009842,1,1 Table
F0009860-1,F0009860,1,1 Table
F0009867-1,F0009867,1,1 Table
F0009868-1,F0009868,1,1 Table
F0009874-1,F0009874,1,1 Table
F0009878-1,F0009878,1,1 Table
F0009889-1,F0009889,1,1 Table
F0009890-1,F0009890,1,1 Table
F0009891-1,F0009891,1,1 Table
F0009892-1,F0009892,1,1 Table
F0009894-1,F0009894,1,1 Table
F0009901-1,F0009901,1,1 Table
F0009902-1,F0009902,1,1 Table
F0009912-1,F0009912,1,1 Table
F0009927-1,F0009927,1,1 Table
F0009931-1,F0009931,1,1 Table
F0009941-1,F0009941,1,1 Table
F0009942-1,F0009942,1,1 Table
F0009943-1,F0009943,1,1 Table
F0009945-1,F0009945,1,1 Table
F0009946-1,F0009946,1,1 Table
F0009951-1,F0009951,1,1 Table
F0009952-1,F0009952,1,1 Table
F0009953-1,F0009953,1,1 Table
F0009959-1,F0009959,1,1 Table
F0009961-1,F0009961,1,1 Table
F0009978-1,F0009978,1,1 Table
F0009986-1,F0009986,1,1 Table
F0009990-1,F0009990,1,1 Table
F0009991-1,F0009991,1,1 Table
F0009992-1,F0009992,1,1 Table
F0009993-1,F0009993,1,1 Table
F0009994-1,F0009994,1,1 Table
F0009995-1,F0009995,1,1 Table
F0010011-1,F0010011,1,1 Table
F0010012-1,F0010012,1,1 Table
F0010013-1,F0010013,1,1 Table
F0010015-1,F0010015,1,1 Table
F0010083-1,F0010083,1,1 Table
F0010093-1,F0010093,1,1 Table
F0010111-1,F0010111,1,1 Table
F0010115-1,F0010115,1,1 Table
F0010119-1,F0010119,1,1 Table
F0010127-1,F0010127,1,1 Table
F0010129-1,F0010129,1,1 Table
F0010133-1,F0010133,1,1 Table
F0010134-1,F0010134,1,1 Table
F0010135-1,F0010135,1,1 Table
F0010177-1,F0010177,1,1 Table
F0010179-1,F0010179,1,1 Table
F0010181-1,F0010181,1,1 Table
F0010183-1,F0010183,1,1 Table
F0010187-1,F0010187,1,1 Table
F0010188-1,F0010188,1,1 Table
F0010189-1,F0010189,1,1 Table
F0010190-1,F0010190,1,1 Table
F0010191-1,F0010191,1,1 Table
F0010192-1,F0010192,1,1 Table
F0010193-1,F0010193,1,1 Table
F0010200-1,F0010200,1,1 Table
F0010245-1,F0010245,1,1 Table
F0010295-1,F0010295,1,1 Table
F0010297-1,F0010297,1,1 Table
F0010300-1,F0010300,1,1 Table
F0010301-1,F0010301,1,1 Table
F0010304-1,F0010304,1,1 Table
F0010310-1,F0010310,1,1 Table
F0010311-1,F0010311,1,1 Table
F0010312-1,F0010312,1,1 Table
F0010313-1,F0010313,1,1 Table
F0010317-1,F0010317,1,1 Table
F0010321-1,F0010321,1,1 Table
F0010322-1,F0010322,1,1 Table
F0010325-1,F0010325,1,1 Table
F0010326-1,F0010326,1,1 Table
F0010327-1,F0010327,1,1 Table
F0010328-1,F0010328,1,1 Table
F0010329-1,F0010329,1,1 Table
F0010330-1,F0010330,1,1 Table
F0010331-1,F0010331,1,1 Table
F0010333-1,F0010333,1,1 Table
F0010337-1,F0010337,1,1 Table
F0010339-1,F0010339,1,1 Table
F0010341-1,F0010341,1,1 Table
F0010343-1,F0010343,1,1 Table
F0010345-1,F0010345,1,1 Table
F0010347-1,F0010347,1,1 Table
F0010348-1,F0010348,1,1 Table
F0010349-1,F0010349,1,1 Table
F0010350-1,F0010350,1,1 Table
F0010351-1,F0010351,1,1 Table
F0010355-1,F0010355,1,1 Table
F0010356-1,F0010356,1,1 Table
F0010373-1,F0010373,1,1 Table
F0010374-1,F0010374,1,1 Table
F0010375-1,F0010375,1,1 Table
F0010381-1,F0010381,1,1 Table
F0010382-1,F0010382,1,1 Table
F0010383-1,F0010383,1,1 Table
F0010384-1,F0010384,1,1 Table
F0010385-1,F0010385,1,1 Table
F0010387-1,F0010387,1,1 Table
F0010393-1,F0010393,1,1 Table
F0010394-1,F0010394,1,1 Table
F0010395-1,F0010395,1,1 Table
F0010396-1,F0010396,1,1 Table
F0010397-1,F0010397,1,1 Table
F0010403-1,F0010403,1,1 Table
F0010415-1,F0010415,1,1 Table
F0010416-1,F0010416,1,1 Table
F0010433-1,F0010433,1,1 Table
F0010444-1,F0010444,1,1 Table
F0010446-1,F0010446,1,1 Table
F0010456-1,F0010456,1,1 Table
F0010458-1,F0010458,1,1 Table
F0010462-1,F0010462,1,1 Table
F0010463-1,F0010463,1,1 Table
F0010467-1,F0010467,1,1 Table
F0010468-1,F0010468,1,1 Table
F0010473-1,F0010473,1,1 Table
F0010488-1,F0010488,1,1 Table
F0010489-1,F0010489,1,1 Table
F0010516-1,F0010516,1,1 Table
F0010517-1,F0010517,1,1 Table
F0010530-1,F0010530,1,1 Table
F0010532-1,F0010532,1,1 Table
F0010533-1,F0010533,1,1 Table
F0010542-1,F0010542,1,1 Table
F0010553-1,F0010553,1,1 Table
F0010554-1,F0010554,1,1 Table
F0010555-1,F0010555,1,1 Table
F0010565-1,F0010565,1,1 Table
F0010566-1,F0010566,1,1 Table
F0010567-1,F0010567,1,1 Table
F0010586-1,F0010586,1,1 Table
F0010587-1,F0010587,1,1 Table
F0010588-1,F0010588,1,1 Table
F0010589-1,F0010589,1,1 Table
F0010590-1,F0010590,1,1 Table
F0010601-1,F0010601,1,1 Table
F0010603-1,F0010603,1,1 Table
F0010604-1,F0010604,1,1 Table
F0010606-1,F0010606,1,1 Table
F0010609-1,F0010609,1,1 Table
F0010612-1,F0010612,1,1 Table
F0010613-1,F0010613,1,1 Table
F0010614-1,F0010614,1,1 Table
F0010616-1,F0010616,1,1 Table
F0010617-1,F0010617,1,1 Table
F0010618-1,F0010618,1,1 Table
F0010620-1,F0010620,1,1 Table
F0010621-1,F0010621,1,1 Table
F0010649-1,F0010649,1,1 Table
F0010658-1,F0010658,1,1 Table
F0010659-1,F0010659,1,1 Table
F0010660-1,F0010660,1,1 Table
F0010661-1,F0010661,1,1 Table
F0010662-1,F0010662,1,1 Table
F0010663-1,F0010663,1,1 Table
F0010669-1,F0010669,1,1 Table
F0010670-1,F0010670,1,1 Table
F0010673-1,F0010673,1,1 Table
F0010678-1,F0010678,1,1 Table
F0010679-1,F0010679,1,1 Table
F0010680-1,F0010680,1,1 Table
F0010686-1,F0010686,1,1 Table
F0010694-1,F0010694,1,1 Table
F0010699-1,F0010699,1,1 Table
F0010702-1,F0010702,1,1 Table
F0010706-1,F0010706,1,1 Table
F0010708-1,F0010708,1,1 Table
F0010709-1,F0010709,1,1 Table
F0010710-1,F0010710,1,1 Table
F0010712-1,F0010712,1,1 Table
F0010714-1,F0010714,1,1 Table
F0010721-1,F0010721,1,1 Table
F0010732-1,F0010732,1,1 Table
F0010735-1,F0010735,1,1 Table
F0010739-1,F0010739,1,1 Table
F0010744-1,F0010744,1,1 Table
F0010745-1,F0010745,1,1 Table
F0010748-1,F0010748,1,1 Table
F0010752-1,F0010752,1,1 Table
F0010754-1,F0010754,1,1 Table
F0010755-1,F0010755,1,1 Table
F0010756-1,F0010756,1,1 Table
F0010758-1,F0010758,1,1 Table
F0010760-1,F0010760,1,1 Table
F0010761-1,F0010761,1,1 Table
F0010767-1,F0010767,1,1 Table
F0010769-1,F0010769,1,1 Table
F0010770-1,F0010770,1,1 Table
F0010771-1,F0010771,1,1 Table
F0010787-1,F0010787,1,1 Table
F0010797-1,F0010797,1,1 Table
F0010810-1,F0010810,1,1 Table
F0010825-1,F0010825,1,1 Table
F0010827-1,F0010827,1,1 Table
F0010847-1,F0010847,1,1 Table
F0010849-1,F0010849,1,1 Table
F0010850-1,F0010850,1,1 Table
F0010851-1,F0010851,1,1 Table
F0010852-1,F0010852,1,1 Table
F0010860-1,F0010860,1,1 Table
F0010862-1,F0010862,1,1 Table
F0010863-1,F0010863,1,1 Table
F0010864-1,F0010864,1,1 Table
F0010865-1,F0010865,1,1 Table
F0010880-1,F0010880,1,1 Table
F0010883-1,F0010883,1,1 Table
F0010886-1,F0010886,1,1 Table
F0010888-1,F0010888,1,1 Table
F0010891-1,F0010891,1,1 Table
F0010897-1,F0010897,1,1 Table
F0010898-1,F0010898,1,1 Table
F0010899-1,F0010899,1,1 Table
F0010901-1,F0010901,1,1 Table
F0010902-1,F0010902,1,1 Table
F0010910-1,F0010910,1,1 Table
F0010924-1,F0010924,1,1 Table
F0010925-1,F0010925,1,1 Table
F0010931-1,F0010931,1,1 Table
F0010932-1,F0010932,1,1 Table
F0010933-1,F0010933,1,1 Table
F0010952-1,F0010952,1,1 Table
F0010959-1,F0010959,1,1 Table
F0010961-1,F0010961,1,1 Table
F0010977-1,F0010977,1,1 Table
F0010978-1,F0010978,1,1 Table
F0010979-1,F0010979,1,1 Table
F0010980-1,F0010980,1,1 Table
F0010981-1,F0010981,1,1 Table
F0010982-1,F0010982,1,1 Table
F0010985-1,F0010985,1,1 Table
F0010990-1,F0010990,1,1 Table
F0011023-1,F0011023,1,1 Table
F0011024-1,F0011024,1,1 Table
F0011025-1,F0011025,1,1 Table
F0011026-1,F0011026,1,1 Table
F0011035-1,F0011035,1,1 Table
F0011046-1,F0011046,1,1 Table
F0011051-1,F0011051,1,1 Table
F0011056-1,F0011056,1,1 Table
F0011066-1,F0011066,1,1 Table
F0011067-1,F0011067,1,1 Table
F0011069-1,F0011069,1,1 Table
F0011070-1,F0011070,1,1 Table
F0011071-1,F0011071,1,1 Table
F0011072-1,F0011072,1,1 Table
F0011081-1,F0011081,1,1 Table
F0011082-1,F0011082,1,1 Table
F0011084-1,F0011084,1,1 Table
F0011104-1,F0011104,1,1 Table
F0011108-1,F0011108,1,1 Table
F0011116-1,F0011116,1,1 Table
F0011149-1,F0011149,1,1 Table
F0011150-1,F0011150,1,1 Table
F0011151-1,F0011151,1,1 Table
F0011180-1,F0011180,1,1 Table
F0011181-1,F0011181,1,1 Table
F0011188-1,F0011188,1,1 Table
F0011190-1,F0011190,1,1 Table
F0011191-1,F0011191,1,1 Table
F0011194-1,F0011194,1,1 Table
F0011195-1,F0011195,1,1 Table
F0011210-1,F0011210,1,1 Table
F0011212-1,F0011212,1,1 Table
F0011213-1,F0011213,1,1 Table
F0011214-1,F0011214,1,1 Table
F0011221-1,F0011221,1,1 Table
F0011222-1,F0011222,1,1 Table
F0011224-1,F0011224,1,1 Table
F0011225-1,F0011225,1,1 Table
F0011226-1,F0011226,1,1 Table
F0011229-1,F0011229,1,1 Table
F0011231-1,F0011231,1,1 Table
F0011232-1,F0011232,1,1 Table
F0011236-1,F0011236,1,1 Table
F0011248-1,F0011248,1,1 Table
F0011250-1,F0011250,1,1 Table
F0011271-1,F0011271,1,1 Table
F0011275-1,F0011275,1,1 Table
F0011283-1,F0011283,1,1 Table
F0011285-1,F0011285,1,1 Table
F0011289-1,F0011289,1,1 Table
F0011291-1,F0011291,1,1 Table
F0011292-1,F0011292,1,1 Table
F0011295-1,F0011295,1,1 Table
F0011296-1,F0011296,1,1 Table
F0011297-1,F0011297,1,1 Table
F0011300-1,F0011300,1,1 Table
F0011301-1,F0011301,1,1 Table
F0011303-1,F0011303,1,1 Table
F0011305-1,F0011305,1,1 Table
F0011306-1,F0011306,1,1 Table
F0011307-1,F0011307,1,1 Table
F0011308-1,F0011308,1,1 Table
F0011310-1,F0011310,1,1 Table
F0011335-1,F0011335,1,1 Table
F0011338-1,F0011338,1,1 Table
F0011345-1,F0011345,1,1 Table
F0011346-1,F0011346,1,1 Table
F0011367-1,F0011367,1,1 Table
F0011368-1,F0011368,1,1 Table
F0011369-1,F0011369,1,1 Table
F0011370-1,F0011370,1,1 Table
F0011371-1,F0011371,1,1 Table
F0011372-1,F0011372,1,1 Table
F0011373-1,F0011373,1,1 Table
F0011375-1,F0011375,1,1 Table
F0011379-1,F0011379,1,1 Table
F0011380-1,F0011380,1,1 Table
F0011383-1,F0011383,1,1 Table
F0011393-1,F0011393,1,1 Table
F0011396-1,F0011396,1,1 Table
F0011398-1,F0011398,1,1 Table
F0011403-1,F0011403,1,1 Table
F0011411-1,F0011411,1,1 Table
F0011415-1,F0011415,1,1 Table
F0011416-1,F0011416,1,1 Table
F0011440-1,F0011440,1,1 Table
F0011442-1,F0011442,1,1 Table
F0011443-1,F0011443,1,1 Table
F0011444-1,F0011444,1,1 Table
F0011445-1,F0011445,1,1 Table
F0011446-1,F0011446,1,1 Table
F0011447-1,F0011447,1,1 Table
F0011448-1,F0011448,1,1 Table
F0011451-1,F0011451,1,1 Table
F0011453-1,F0011453,1,1 Table
F0011454-1,F0011454,1,1 Table
F0011455-1,F0011455,1,1 Table
F0011456-1,F0011456,1,1 Table
F0011467-1,F0011467,1,1 Table
F0011492-1,F0011492,1,1 Table
F0011498-1,F0011498,1,1 Table
F0011500-1,F0011500,1,1 Table
F0011507-1,F0011507,1,1 Table
F0011539-1,F0011539,1,1 Table
F0011548-1,F0011548,1,1 Table
F0011549-1,F0011549,1,1 Table
F0011570-1,F0011570,1,1 Table
F0011577-1,F0011577,1,1 Table
F0011578-1,F0011578,1,1 Table
F0011579-1,F0011579,1,1 Table
F0011583-1,F0011583,1,1 Table
F0011584-1,F0011584,1,1 Table
F0011591-1,F0011591,1,1 Table
F0011593-1,F0011593,1,1 Table
F0011600-1,F0011600,1,1 Table
F0011602-1,F0011602,1,1 Table
F0011603-1,F0011603,1,1 Table
F0011604-1,F0011604,1,1 Table
F0011605-1,F0011605,1,1 Table
F0011612-1,F0011612,1,1 Table
F0011623-1,F0011623,1,1 Table
F0011629-1,F0011629,1,1 Table
F0011630-1,F0011630,1,1 Table
F0011638-1,F0011638,1,1 Table
F0011640-1,F0011640,1,1 Table
F0011643-1,F0011643,1,1 Table
F0011650-1,F0011650,1,1 Table
F0011655-1,F0011655,1,1 Table
F0011656-1,F0011656,1,1 Table
F0011657-1,F0011657,1,1 Table
F0011659-1,F0011659,1,1 Table
F0011662-1,F0011662,1,1 Table
F0011666-1,F0011666,1,1 Table
F0011667-1,F0011667,1,1 Table
F0011668-1,F0011668,1,1 Table
F0011683-1,F0011683,1,1 Table
F0011684-1,F0011684,1,1 Table
F0011685-1,F0011685,1,1 Table
F0011686-1,F0011686,1,1 Table
F0011705-1,F0011705,1,1 Table
F0011706-1,F0011706,1,1 Table
F0011709-1,F0011709,1,1 Table
F0011711-1,F0011711,1,1 Table
F0011712-1,F0011712,1,1 Table
F0011713-1,F0011713,1,1 Table
F0011714-1,F0011714,1,1 Table
F0011715-1,F0011715,1,1 Table
F0011716-1,F0011716,1,1 Table
F0011717-1,F0011717,1,1 Table
F0011718-1,F0011718,1,1 Table
F0011729-1,F0011729,1,1 Table
F0011730-1,F0011730,1,1 Table
F0011731-1,F0011731,1,1 Table
F0011734-1,F0011734,1,1 Table
F0011735-1,F0011735,1,1 Table
F0011736-1,F0011736,1,1 Table
F0011737-1,F0011737,1,1 Table
F0011738-1,F0011738,1,1 Table
F0011739-1,F0011739,1,1 Table
F0011740-1,F0011740,1,1 Table
F0011745-1,F0011745,1,1 Table
F0011751-1,F0011751,1,1 Table
F0011753-1,F0011753,1,1 Table
F0011756-1,F0011756,1,1 Table
F0011757-1,F0011757,1,1 Table
F0011758-1,F0011758,1,1 Table
F0011759-1,F0011759,1,1 Table
F0011760-1,F0011760,1,1 Table
F0011768-1,F0011768,1,1 Table
F0011770-1,F0011770,1,1 Table
F0011771-1,F0011771,1,1 Table
F0011772-1,F0011772,1,1 Table
F0011773-1,F0011773,1,1 Table
F0011774-1,F0011774,1,1 Table
F0011779-1,F0011779,1,1 Table
F0011785-1,F0011785,1,1 Table
F0011786-1,F0011786,1,1 Table
F0011787-1,F0011787,1,1 Table
F0011788-1,F0011788,1,1 Table
F0011791-1,F0011791,1,1 Table
F0011801-1,F0011801,1,1 Table
F0011802-1,F0011802,1,1 Table
F0011803-1,F0011803,1,1 Table
F0011804-1,F0011804,1,1 Table
F0011805-1,F0011805,1,1 Table
F0011806-1,F0011806,1,1 Table
F0011807-1,F0011807,1,1 Table
F0011808-1,F0011808,1,1 Table
F0011810-1,F0011810,1,1 Table
F0011811-1,F0011811,1,1 Table
F0011813-1,F0011813,1,1 Table
F0011814-1,F0011814,1,1 Table
F0011818-1,F0011818,1,1 Table
F0011819-1,F0011819,1,1 Table
F0011820-1,F0011820,1,1 Table
F0011821-1,F0011821,1,1 Table
F0011824-1,F0011824,1,1 Table
F0011825-1,F0011825,1,1 Table
F0011826-1,F0011826,1,1 Table
F0011827-1,F0011827,1,1 Table
F0011829-1,F0011829,1,1 Table
F0011857-1,F0011857,1,1 Table
F0011861-1,F0011861,1,1 Table
F0011862-1,F0011862,1,1 Table
F0011863-1,F0011863,1,1 Table
F0011869-1,F0011869,1,1 Table
F0011881-1,F0011881,1,1 Table
F0011883-1,F0011883,1,1 Table
F0011884-1,F0011884,1,1 Table
F0011917-1,F0011917,1,1 Table
F0011921-1,F0011921,1,1 Table
F0011923-1,F0011923,1,1 Table
F0011925-1,F0011925,1,1 Table
F0011926-1,F0011926,1,1 Table
F0011927-1,F0011927,1,1 Table
F0011929-1,F0011929,1,1 Table
F0011931-1,F0011931,1,1 Table
F0011932-1,F0011932,1,1 Table
F0011943-1,F0011943,1,1 Table
F0011945-1,F0011945,1,1 Table
F0011946-1,F0011946,1,1 Table
F0011947-1,F0011947,1,1 Table
F0011949-1,F0011949,1,1 Table
F0011950-1,F0011950,1,1 Table
F0011952-1,F0011952,1,1 Table
F0011953-1,F0011953,1,1 Table
F0011954-1,F0011954,1,1 Table
F0012018-1,F0012018,1,1 Table
F0012020-1,F0012020,1,1 Table
F0012021-1,F0012021,1,1 Table
F0012037-1,F0012037,1,1 Table
F0012038-1,F0012038,1,1 Table
F0012048-1,F0012048,1,1 Table
F0012068-1,F0012068,1,1 Table
F0012069-1,F0012069,1,1 Table
F0012071-1,F0012071,1,1 Table
F0012072-1,F0012072,1,1 Table
F0012073-1,F0012073,1,1 Table
F0012098-1,F0012098,1,1 Table
F0012102-1,F0012102,1,1 Table
F0012137-1,F0012137,1,1 Table
F0012141-1,F0012141,1,1 Table
F0012143-1,F0012143,1,1 Table
F0012146-1,F0012146,1,1 Table
F0012147-1,F0012147,1,1 Table
F0012159-1,F0012159,1,1 Table
F0012160-1,F0012160,1,1 Table
F0012163-1,F0012163,1,1 Table
F0012164-1,F0012164,1,1 Table
F0012166-1,F0012166,1,1 Table
F0012167-1,F0012167,1,1 Table
F0012170-1,F0012170,1,1 Table
F0012177-1,F0012177,1,1 Table
F0012191-1,F0012191,1,1 Table
F0012192-1,F0012192,1,1 Table
F0012193-1,F0012193,1,1 Table
F0012195-1,F0012195,1,1 Table
F0012197-1,F0012197,1,1 Table
F0012199-1,F0012199,1,1 Table
F0012202-1,F0012202,1,1 Table
F0012203-1,F0012203,1,1 Table
F0012219-1,F0012219,1,1 Table
F0012236-1,F0012236,1,1 Table
F0012253-1,F0012253,1,1 Table
F0012255-1,F0012255,1,1 Table
F0012257-1,F0012257,1,1 Table
F0012266-1,F0012266,1,1 Table
F0012268-1,F0012268,1,1 Table
F0012271-1,F0012271,1,1 Table
F0012278-1,F0012278,1,1 Table
F0012299-1,F0012299,1,1 Table
F0012300-1,F0012300,1,1 Table
F0012301-1,F0012301,1,1 Table
F0012304-1,F0012304,1,1 Table
F0012331-1,F0012331,1,1 Table
F0012332-1,F0012332,1,1 Table
F0012333-1,F0012333,1,1 Table
F0012338-1,F0012338,1,1 Table
F0012339-1,F0012339,1,1 Table
F0012358-1,F0012358,1,1 Table
F0012367-1,F0012367,1,1 Table
F0012368-1,F0012368,1,1 Table
F0012374-1,F0012374,1,1 Table
F0012375-1,F0012375,1,1 Table
F0012376-1,F0012376,1,1 Table
F0012379-1,F0012379,1,1 Table
F0012382-1,F0012382,1,1 Table
F0012384-1,F0012384,1,1 Table
F0012386-1,F0012386,1,1 Table
F0012429-1,F0012429,1,1 Table
F0012462-1,F0012462,1,1 Table
F0012465-1,F0012465,1,1 Table
F0012470-1,F0012470,1,1 Table
F0012471-1,F0012471,1,1 Table
F0012477-1,F0012477,1,1 Table
F0012480-1,F0012480,1,1 Table
F0012485-1,F0012485,1,1 Table
F0012486-1,F0012486,1,1 Table
F0012487-1,F0012487,1,1 Table
F0012498-1,F0012498,1,1 Table
F0012504-1,F0012504,1,1 Table
F0012513-1,F0012513,1,1 Table
F0012516-1,F0012516,1,1 Table
F0012526-1,F0012526,1,1 Table
F0012532-1,F0012532,1,1 Table
F0012577-1,F0012577,1,1 Table
F0012579-1,F0012579,1,1 Table
F0012597-1,F0012597,1,1 Table
F0012610-1,F0012610,1,1 Table
F0012612-1,F0012612,1,1 Table
F0012619-1,F0012619,1,1 Table
F0012627-1,F0012627,1,1 Table
F0012628-1,F0012628,1,1 Table
F0012641-1,F0012641,1,1 Table
F0012648-1,F0012648,1,1 Table
F0012652-1,F0012652,1,1 Table
F0012653-1,F0012653,1,1 Table
F0012658-1,F0012658,1,1 Table
F0012668-1,F0012668,1,1 Table
F0012670-1,F0012670,1,1 Table
F0012671-1,F0012671,1,1 Table
F0012675-1,F0012675,1,1 Table
F0012678-1,F0012678,1,1 Table
F0012684-1,F0012684,1,1 Table
F0012687-1,F0012687,1,1 Table
F0012712-1,F0012712,1,1 Table
F0012713-1,F0012713,1,1 Table
F0012714-1,F0012714,1,1 Table
F0012715-1,F0012715,1,1 Table
F0012716-1,F0012716,1,1 Table
F0012717-1,F0012717,1,1 Table
F0012737-1,F0012737,1,1 Table
F0012757-1,F0012757,1,1 Table
F0012787-1,F0012787,1,1 Table
F0012790-1,F0012790,1,1 Table
F0012792-1,F0012792,1,1 Table
F0012793-1,F0012793,1,1 Table
F0012794-1,F0012794,1,1 Table
F0012795-1,F0012795,1,1 Table
F0012797-1,F0012797,1,1 Table
F0012798-1,F0012798,1,1 Table
F0012799-1,F0012799,1,1 Table
F0012800-1,F0012800,1,1 Table
F0012802-1,F0012802,1,1 Table
F0012803-1,F0012803,1,1 Table
F0012804-1,F0012804,1,1 Table
F0012812-1,F0012812,1,1 Table
F0012845-1,F0012845,1,1 Table
F0012846-1,F0012846,1,1 Table
F0012847-1,F0012847,1,1 Table
F0012848-1,F0012848,1,1 Table
F0012851-1,F0012851,1,1 Table
F0012854-1,F0012854,1,1 Table
F0012861-1,F0012861,1,1 Table
F0012866-1,F0012866,1,1 Table
F0012870-1,F0012870,1,1 Table
F0012871-1,F0012871,1,1 Table
F0012875-1,F0012875,1,1 Table
F0012880-1,F0012880,1,1 Table
F0012882-1,F0012882,1,1 Table
F0012898-1,F0012898,1,1 Table
F0012901-1,F0012901,1,1 Table
F0012906-1,F0012906,1,1 Table
F0012914-1,F0012914,1,1 Table
F0012915-1,F0012915,1,1 Table
F0012918-1,F0012918,1,1 Table
F0012919-1,F0012919,1,1 Table
F0012926-1,F0012926,1,1 Table
F0012929-1,F0012929,1,1 Table
F0012930-1,F0012930,1,1 Table
F0012941-1,F0012941,1,1 Table
F0012955-1,F0012955,1,1 Table
F0012971-1,F0012971,1,1 Table
F0012973-1,F0012973,1,1 Table
F0012974-1,F0012974,1,1 Table
F0012991-1,F0012991,1,1 Table
F0013009-1,F0013009,1,1 Table
F0013018-1,F0013018,1,1 Table
F0013024-1,F0013024,1,1 Table
F0013036-1,F0013036,1,1 Table
F0013041-1,F0013041,1,1 Table
F0013066-1,F0013066,1,1 Table
F0013067-1,F0013067,1,1 Table
F0013069-1,F0013069,1,1 Table
F0013071-1,F0013071,1,1 Table
F0013072-1,F0013072,1,1 Table
F0013073-1,F0013073,1,1 Table
F0013081-1,F0013081,1,1 Table
F0013088-1,F0013088,1,1 Table
F0013091-1,F0013091,1,1 Table
F0013103-1,F0013103,1,1 Table
F0013111-1,F0013111,1,1 Table
F0013112-1,F0013112,1,1 Table
F0013142-1,F0013142,1,1 Table
F0013143-1,F0013143,1,1 Table
F0013197-1,F0013197,1,1 Table
F0013198-1,F0013198,1,1 Table
F0013199-1,F0013199,1,1 Table
F0013202-1,F0013202,1,1 Table
F0013226-1,F0013226,1,1 Table
F0013227-1,F0013227,1,1 Table
F0013239-1,F0013239,1,1 Table
F0013249-1,F0013249,1,1 Table
F0013250-1,F0013250,1,1 Table
F0013258-1,F0013258,1,1 Table
F0013297-1,F0013297,1,1 Table
F0013299-1,F0013299,1,1 Table
F0013300-1,F0013300,1,1 Table
F0013302-1,F0013302,1,1 Table
F0013303-1,F0013303,1,1 Table
F0013304-1,F0013304,1,1 Table
F0013309-1,F0013309,1,1 Table
F0013330-1,F0013330,1,1 Table
F0013333-1,F0013333,1,1 Table
F0013334-1,F0013334,1,1 Table
F0013336-1,F0013336,1,1 Table
F0013337-1,F0013337,1,1 Table
F0013345-1,F0013345,1,1 Table
F0013346-1,F0013346,1,1 Table
F0013349-1,F0013349,1,1 Table
F0013351-1,F0013351,1,1 Table
F0013352-1,F0013352,1,1 Table
F0013353-1,F0013353,1,1 Table
F0013358-1,F0013358,1,1 Table
F0013360-1,F0013360,1,1 Table
F0013361-1,F0013361,1,1 Table
F0013362-1,F0013362,1,1 Table
F0013363-1,F0013363,1,1 Table
F0013364-1,F0013364,1,1 Table
F0013377-1,F0013377,1,1 Table
F0013382-1,F0013382,1,1 Table
F0013391-1,F0013391,1,1 Table
F0013392-1,F0013392,1,1 Table
F0013395-1,F0013395,1,1 Table
F0013400-1,F0013400,1,1 Table
F0013411-1,F0013411,1,1 Table
F0013415-1,F0013415,1,1 Table
F0013428-1,F0013428,1,1 Table
F0013432-1,F0013432,1,1 Table
F0013457-1,F0013457,1,1 Table
F0013458-1,F0013458,1,1 Table
F0013476-1,F0013476,1,1 Table
F0013508-1,F0013508,1,1 Table
F0013518-1,F0013518,1,1 Table
F0013567-1,F0013567,1,1 Table
F0013568-1,F0013568,1,1 Table
F0013607-1,F0013607,1,1 Table
F0013618-1,F0013618,1,1 Table
F0013619-1,F0013619,1,1 Table
F0013620-1,F0013620,1,1 Table
F0013654-1,F0013654,1,1 Table
F0013657-1,F0013657,1,1 Table
F0013659-1,F0013659,1,1 Table
F0013668-1,F0013668,1,1 Table
F0013672-1,F0013672,1,1 Table
F0013682-1,F0013682,1,1 Table
F0013713-1,F0013713,1,1 Table
F0013716-1,F0013716,1,1 Table
F0013718-1,F0013718,1,1 Table
F0013734-1,F0013734,1,1 Table
F0013735-1,F0013735,1,1 Table
F0013738-1,F0013738,1,1 Table
F0013739-1,F0013739,1,1 Table
F0013757-1,F0013757,1,1 Table
F0013758-1,F0013758,1,1 Table
F0013779-1,F0013779,1,1 Table
F0013780-1,F0013780,1,1 Table
F0013788-1,F0013788,1,1 Table
F0013790-1,F0013790,1,1 Table
F0013793-1,F0013793,1,1 Table
F0013804-1,F0013804,1,1 Table
F0013811-1,F0013811,1,1 Table
F0013813-1,F0013813,1,1 Table
F0013814-1,F0013814,1,1 Table
F0013815-1,F0013815,1,1 Table
F0013816-1,F0013816,1,1 Table
F0013817-1,F0013817,1,1 Table
F0013830-1,F0013830,1,1 Table
F0013871-1,F0013871,1,1 Table
F0013878-1,F0013878,1,1 Table
F0013879-1,F0013879,1,1 Table
F0013901-1,F0013901,1,1 Table
F0013903-1,F0013903,1,1 Table
F0013905-1,F0013905,1,1 Table
F0013918-1,F0013918,1,1 Table
F0013919-1,F0013919,1,1 Table
F0013920-1,F0013920,1,1 Table
F0013923-1,F0013923,1,1 Table
F0013925-1,F0013925,1,1 Table
F0013926-1,F0013926,1,1 Table
F0013949-1,F0013949,1,1 Table
F0013952-1,F0013952,1,1 Table
F0013953-1,F0013953,1,1 Table
F0013954-1,F0013954,1,1 Table
F0013955-1,F0013955,1,1 Table
F0013956-1,F0013956,1,1 Table
F0013957-1,F0013957,1,1 Table
F0013958-1,F0013958,1,1 Table
F0013959-1,F0013959,1,1 Table
F0013960-1,F0013960,1,1 Table
F0013970-1,F0013970,1,1 Table
F0013973-1,F0013973,1,1 Table
F0013985-1,F0013985,1,1 Table
F0013988-1,F0013988,1,1 Table
F0014002-1,F0014002,1,1 Table
F0014003-1,F0014003,1,1 Table
F0014004-1,F0014004,1,1 Table
F0014010-1,F0014010,1,1 Table
F0014024-1,F0014024,1,1 Table
F0014025-1,F0014025,1,1 Table
F0014057-1,F0014057,1,1 Table
F0014071-1,F0014071,1,1 Table
F0014092-1,F0014092,1,1 Table
F0014100-1,F0014100,1,1 Table
F0014107-1,F0014107,1,1 Table
F0014154-1,F0014154,1,1 Table
F0014157-1,F0014157,1,1 Table
F0014162-1,F0014162,1,1 Table
F0014172-1,F0014172,1,1 Table
F0014174-1,F0014174,1,1 Table
F0014181-1,F0014181,1,1 Table
F0014189-1,F0014189,1,1 Table
F0014208-1,F0014208,1,1 Table
F0014209-1,F0014209,1,1 Table
F0014237-1,F0014237,1,1 Table
F0014244-1,F0014244,1,1 Table
F0014253-1,F0014253,1,1 Table
F0014289-1,F0014289,1,1 Table
F0014317-1,F0014317,1,1 Table
F0014331-1,F0014331,1,1 Table
F0014344-1,F0014344,1,1 Table
F0014346-1,F0014346,1,1 Table
F0014433-1,F0014433,1,1 Table
F0000388-1,F0000388,1,Bianca
F0000402-1,F0000402,1,Bianca
F0000408-1,F0000408,1,Bianca
F0000413-1,F0000413,1,Bianca
F0000434-1,F0000434,1,Bianca
F0000445-1,F0000445,1,Bianca
F0000446-1,F0000446,1,Bianca
F0000447-1,F0000447,1,Bianca
F0000451-1,F0000451,1,Bianca
F0000453-1,F0000453,1,Bianca
F0000455-1,F0000455,1,Bianca
F0000469-1,F0000469,1,Bianca
F0000472-1,F0000472,1,Bianca
F0000483-1,F0000483,1,Bianca
F0000484-1,F0000484,1,Bianca
F0000485-1,F0000485,1,Bianca
F0000486-1,F0000486,1,Bianca
F0000487-1,F0000487,1,Bianca
F0000490-1,F0000490,1,Bianca
F0000491-1,F0000491,1,Bianca
F0000492-1,F0000492,1,Bianca
F0000493-1,F0000493,1,Bianca
F0000494-1,F0000494,1,Bianca
F0000495-1,F0000495,1,Bianca
F0000508-1,F0000508,1,Bianca
F0000509-1,F0000509,1,Bianca
F0000511-1,F0000511,1,Bianca
F0000513-1,F0000513,1,Bianca
F0000514-1,F0000514,1,Bianca
F0000521-1,F0000521,1,Bianca
F0000543-1,F0000543,1,Bianca
F0000544-1,F0000544,1,Bianca
F0000545-1,F0000545,1,Bianca
F0000546-1,F0000546,1,Bianca
F0000548-1,F0000548,1,Bianca
F0000554-1,F0000554,1,Bianca
F0000558-1,F0000558,1,Bianca
F0000559-1,F0000559,1,Bianca
F0000560-1,F0000560,1,Bianca
F0000589-1,F0000589,1,Bianca
F0000590-1,F0000590,1,Bianca
F0000591-1,F0000591,1,Bianca
F0000592-1,F0000592,1,Bianca
F0000593-1,F0000593,1,Bianca
F0000600-1,F0000600,1,Bianca
F0000601-1,F0000601,1,Bianca
F0000616-1,F0000616,1,Bianca
F0000621-1,F0000621,1,Bianca
F0000622-1,F0000622,1,Bianca
F0000624-1,F0000624,1,Bianca
F0000626-1,F0000626,1,Bianca
F0000627-1,F0000627,1,Bianca
F0000629-1,F0000629,1,Bianca
F0000630-1,F0000630,1,Bianca
F0000632-1,F0000632,1,Bianca
F0000635-1,F0000635,1,Bianca
F0000636-1,F0000636,1,Bianca
F0000640-1,F0000640,1,Bianca
F0000646-1,F0000646,1,Bianca
F0000647-1,F0000647,1,Bianca
F0000650-1,F0000650,1,Bianca
F0000663-1,F0000663,1,Bianca
F0000666-1,F0000666,1,Bianca
F0000667-1,F0000667,1,Bianca
F0000670-1,F0000670,1,Bianca
F0000671-1,F0000671,1,Bianca
F0000676-1,F0000676,1,Bianca
F0000678-1,F0000678,1,Bianca
F0000679-1,F0000679,1,Bianca
F0000683-1,F0000683,1,Bianca
F0000684-1,F0000684,1,Bianca
F0000685-1,F0000685,1,Bianca
F0000687-1,F0000687,1,Bianca
F0000690-1,F0000690,1,Bianca
F0000697-1,F0000697,1,Bianca
F0000700-1,F0000700,1,Bianca
F0000702-1,F0000702,1,Bianca
F0000740-1,F0000740,1,Bianca
F0000749-1,F0000749,1,Bianca
F0000754-1,F0000754,1,Bianca
F0000759-1,F0000759,1,Bianca
F0000763-1,F0000763,1,Bianca
F0000772-1,F0000772,1,Bianca
F0000794-1,F0000794,1,Bianca
F0000795-1,F0000795,1,Bianca
F0000796-1,F0000796,1,Bianca
F0000797-1,F0000797,1,Bianca
F0000798-1,F0000798,1,Bianca
F0000802-1,F0000802,1,Bianca
F0000804-1,F0000804,1,Bianca
F0000805-1,F0000805,1,Bianca
F0000812-1,F0000812,1,Bianca
F0000813-1,F0000813,1,Bianca
F0000816-1,F0000816,1,Bianca
F0000818-1,F0000818,1,Bianca
F0000821-1,F0000821,1,Bianca
F0000837-1,F0000837,1,Bianca
F0000841-1,F0000841,1,Bianca
F0000842-1,F0000842,1,Bianca
F0000845-1,F0000845,1,Bianca
F0000873-1,F0000873,1,Bianca
F0000874-1,F0000874,1,Bianca
F0000926-1,F0000926,1,Bianca
F0000934-1,F0000934,1,Bianca
F0000949-1,F0000949,1,Bianca
F0000959-1,F0000959,1,Bianca
F0000963-1,F0000963,1,Bianca
F0000965-1,F0000965,1,Bianca
F0000973-1,F0000973,1,Bianca
F0000979-1,F0000979,1,Bianca
F0000997-1,F0000997,1,Bianca
F0000998-1,F0000998,1,Bianca
F0001011-1,F0001011,1,Bianca
F0001012-1,F0001012,1,Bianca
F0001021-1,F0001021,1,Bianca
F0001024-1,F0001024,1,Bianca
F0001025-1,F0001025,1,Bianca
F0001026-1,F0001026,1,Bianca
F0001029-1,F0001029,1,Bianca
F0001030-1,F0001030,1,Bianca
F0001032-1,F0001032,1,Bianca
F0001033-1,F0001033,1,Bianca
F0001036-1,F0001036,1,Bianca
F0001046-1,F0001046,1,Bianca
F0001048-1,F0001048,1,Bianca
F0001049-1,F0001049,1,Bianca
F0001051-1,F0001051,1,Bianca
F0001052-1,F0001052,1,Bianca
F0001059-1,F0001059,1,Bianca
F0001061-1,F0001061,1,Bianca
F0001063-1,F0001063,1,Bianca
F0001066-1,F0001066,1,Bianca
F0001067-1,F0001067,1,Bianca
F0001069-1,F0001069,1,Bianca
F0001071-1,F0001071,1,Bianca
F0001073-1,F0001073,1,Bianca
F0001076-1,F0001076,1,Bianca
F0001077-1,F0001077,1,Bianca
F0001078-1,F0001078,1,Bianca
F0001118-1,F0001118,1,Bianca
F0001119-1,F0001119,1,Bianca
F0001154-1,F0001154,1,Bianca
F0001162-1,F0001162,1,Bianca
F0001170-1,F0001170,1,Bianca
F0001172-1,F0001172,1,Bianca
F0001178-1,F0001178,1,Bianca
F0001193-1,F0001193,1,Bianca
F0001200-1,F0001200,1,Bianca
F0001201-1,F0001201,1,Bianca
F0001235-1,F0001235,1,Bianca
F0001239-1,F0001239,1,Bianca
F0001241-1,F0001241,1,Bianca
F0001242-1,F0001242,1,Bianca
F0001247-1,F0001247,1,Bianca
F0001248-1,F0001248,1,Bianca
F0001249-1,F0001249,1,Bianca
F0001251-1,F0001251,1,Bianca
F0001253-1,F0001253,1,Bianca
F0001254-1,F0001254,1,Bianca
F0001255-1,F0001255,1,Bianca
F0001264-1,F0001264,1,Bianca
F0001265-1,F0001265,1,Bianca
F0001268-1,F0001268,1,Bianca
F0001270-1,F0001270,1,Bianca
F0001272-1,F0001272,1,Bianca
F0001273-1,F0001273,1,Bianca
F0001276-1,F0001276,1,Bianca
F0001279-1,F0001279,1,Bianca
F0001281-1,F0001281,1,Bianca
F0001282-1,F0001282,1,Bianca
F0001289-1,F0001289,1,Bianca
F0001292-1,F0001292,1,Bianca
F0001293-1,F0001293,1,Bianca
F0001294-1,F0001294,1,Bianca
F0001295-1,F0001295,1,Bianca
F0001298-1,F0001298,1,Bianca
F0001300-1,F0001300,1,Bianca
F0001302-1,F0001302,1,Bianca
F0001303-1,F0001303,1,Bianca
F0001304-1,F0001304,1,Bianca
F0001309-1,F0001309,1,Bianca
F0001311-1,F0001311,1,Bianca
F0001319-1,F0001319,1,Bianca
F0001344-1,F0001344,1,Bianca
F0001349-1,F0001349,1,Bianca
F0001350-1,F0001350,1,Bianca
F0001351-1,F0001351,1,Bianca
F0001352-1,F0001352,1,Bianca
F0001353-1,F0001353,1,Bianca
F0001354-1,F0001354,1,Bianca
F0001368-1,F0001368,1,Bianca
F0001370-1,F0001370,1,Bianca
F0001372-1,F0001372,1,Bianca
F0001380-1,F0001380,1,Bianca
F0001385-1,F0001385,1,Bianca
F0001404-1,F0001404,1,Bianca
F0001413-1,F0001413,1,Bianca
F0001425-1,F0001425,1,Bianca
F0001426-1,F0001426,1,Bianca
F0001427-1,F0001427,1,Bianca
F0001428-1,F0001428,1,Bianca
F0001429-1,F0001429,1,Bianca
F0001430-1,F0001430,1,Bianca
F0001431-1,F0001431,1,Bianca
F0001432-1,F0001432,1,Bianca
F0001433-1,F0001433,1,Bianca
F0001434-1,F0001434,1,Bianca
F0001435-1,F0001435,1,Bianca
F0001438-1,F0001438,1,Bianca
F0001439-1,F0001439,1,Bianca
F0001441-1,F0001441,1,Bianca
F0001443-1,F0001443,1,Bianca
F0001445-1,F0001445,1,Bianca
F0001447-1,F0001447,1,Bianca
F0001463-1,F0001463,1,Bianca
F0001464-1,F0001464,1,Bianca
F0001466-1,F0001466,1,Bianca
F0001468-1,F0001468,1,Bianca
F0001470-1,F0001470,1,Bianca
F0001471-1,F0001471,1,Bianca
F0001472-1,F0001472,1,Bianca
F0001494-1,F0001494,1,Bianca
F0001496-1,F0001496,1,Bianca
F0001497-1,F0001497,1,Bianca
F0001498-1,F0001498,1,Bianca
F0001499-1,F0001499,1,Bianca
F0001500-1,F0001500,1,Bianca
F0001502-1,F0001502,1,Bianca
F0001506-1,F0001506,1,Bianca
F0001509-1,F0001509,1,Bianca
F0001510-1,F0001510,1,Bianca
F0001511-1,F0001511,1,Bianca
F0001514-1,F0001514,1,Bianca
F0001520-1,F0001520,1,Bianca
F0001522-1,F0001522,1,Bianca
F0001523-1,F0001523,1,Bianca
F0001524-1,F0001524,1,Bianca
F0001526-1,F0001526,1,Bianca
F0001527-1,F0001527,1,Bianca
F0001534-1,F0001534,1,Bianca
F0001538-1,F0001538,1,Bianca
F0001543-1,F0001543,1,Bianca
F0001544-1,F0001544,1,Bianca
F0001545-1,F0001545,1,Bianca
F0001546-1,F0001546,1,Bianca
F0001554-1,F0001554,1,Bianca
F0001580-1,F0001580,1,Bianca
F0001582-1,F0001582,1,Bianca
F0001584-1,F0001584,1,Bianca
F0001585-1,F0001585,1,Bianca
F0001626-1,F0001626,1,Bianca
F0001627-1,F0001627,1,Bianca
F0001628-1,F0001628,1,Bianca
F0001662-1,F0001662,1,Bianca
F0001663-1,F0001663,1,Bianca
F0001672-1,F0001672,1,Bianca
F0001673-1,F0001673,1,Bianca
F0001675-1,F0001675,1,Bianca
F0001680-1,F0001680,1,Bianca
F0001685-1,F0001685,1,Bianca
F0001706-1,F0001706,1,Bianca
F0001708-1,F0001708,1,Bianca
F0001709-1,F0001709,1,Bianca
F0001710-1,F0001710,1,Bianca
F0001715-1,F0001715,1,Bianca
F0001716-1,F0001716,1,Bianca
F0001717-1,F0001717,1,Bianca
F0001719-1,F0001719,1,Bianca
F0001727-1,F0001727,1,Bianca
F0001728-1,F0001728,1,Bianca
F0001731-1,F0001731,1,Bianca
F0001732-1,F0001732,1,Bianca
F0001777-1,F0001777,1,Bianca
F0001783-1,F0001783,1,Bianca
F0001786-1,F0001786,1,Bianca
F0001802-1,F0001802,1,Bianca
F0001816-1,F0001816,1,Bianca
F0001830-1,F0001830,1,Bianca
F0001831-1,F0001831,1,Bianca
F0001844-1,F0001844,1,Bianca
F0001848-1,F0001848,1,Bianca
F0001852-1,F0001852,1,Bianca
F0001857-1,F0001857,1,Bianca
F0001863-1,F0001863,1,Bianca
F0001881-1,F0001881,1,Bianca
F0001882-1,F0001882,1,Bianca
F0001887-1,F0001887,1,Bianca
F0001890-1,F0001890,1,Bianca
F0001893-1,F0001893,1,Bianca
F0001894-1,F0001894,1,Bianca
F0001898-1,F0001898,1,Bianca
F0001916-1,F0001916,1,Bianca
F0002006-1,F0002006,1,Bianca
F0002067-1,F0002067,1,Bianca
F0002099-1,F0002099,1,Bianca
F0002100-1,F0002100,1,Bianca
F0002125-1,F0002125,1,Bianca
F0002132-1,F0002132,1,Bianca
F0002417-1,F0002417,1,Bianca
F0002425-1,F0002425,1,Bianca
F0002431-1,F0002431,1,Bianca
F0002433-1,F0002433,1,Bianca
F0002436-1,F0002436,1,Bianca
F0002440-1,F0002440,1,Bianca
F0002441-1,F0002441,1,Bianca
F0002442-1,F0002442,1,Bianca
F0002443-1,F0002443,1,Bianca
F0002447-1,F0002447,1,Bianca
F0002448-1,F0002448,1,Bianca
F0002449-1,F0002449,1,Bianca
F0002451-1,F0002451,1,Bianca
F0002453-1,F0002453,1,Bianca
F0002456-1,F0002456,1,Bianca
F0002475-1,F0002475,1,Bianca
F0002478-1,F0002478,1,Bianca
F0002484-1,F0002484,1,Bianca
F0002485-1,F0002485,1,Bianca
F0002489-1,F0002489,1,Bianca
F0002490-1,F0002490,1,Bianca
F0002511-1,F0002511,1,Bianca
F0002512-1,F0002512,1,Bianca
F0002513-1,F0002513,1,Bianca
F0002521-1,F0002521,1,Bianca
F0002523-1,F0002523,1,Bianca
F0002524-1,F0002524,1,Bianca
F0002526-1,F0002526,1,Bianca
F0002532-1,F0002532,1,Bianca
F0002554-1,F0002554,1,Bianca
F0002555-1,F0002555,1,Bianca
F0002556-1,F0002556,1,Bianca
F0002557-1,F0002557,1,Bianca
F0002558-1,F0002558,1,Bianca
F0002559-1,F0002559,1,Bianca
F0002575-1,F0002575,1,Bianca
F0002596-1,F0002596,1,Bianca
F0002619-1,F0002619,1,Bianca
F0002632-1,F0002632,1,Bianca
F0002636-1,F0002636,1,Bianca
F0002638-1,F0002638,1,Bianca
F0002656-1,F0002656,1,Bianca
F0002657-1,F0002657,1,Bianca
F0002658-1,F0002658,1,Bianca
F0002659-1,F0002659,1,Bianca
F0002669-1,F0002669,1,Bianca
F0002682-1,F0002682,1,Bianca
F0002685-1,F0002685,1,Bianca
F0002686-1,F0002686,1,Bianca
F0002687-1,F0002687,1,Bianca
F0002688-1,F0002688,1,Bianca
F0002689-1,F0002689,1,Bianca
F0002692-1,F0002692,1,Bianca
F0002693-1,F0002693,1,Bianca
F0002694-1,F0002694,1,Bianca
F0002696-1,F0002696,1,Bianca
F0002697-1,F0002697,1,Bianca
F0002699-1,F0002699,1,Bianca
F0002713-1,F0002713,1,Bianca
F0002714-1,F0002714,1,Bianca
F0002715-1,F0002715,1,Bianca
F0002716-1,F0002716,1,Bianca
F0002717-1,F0002717,1,Bianca
F0002719-1,F0002719,1,Bianca
F0002720-1,F0002720,1,Bianca
F0002721-1,F0002721,1,Bianca
F0002722-1,F0002722,1,Bianca
F0002723-1,F0002723,1,Bianca
F0002724-1,F0002724,1,Bianca
F0002725-1,F0002725,1,Bianca
F0002726-1,F0002726,1,Bianca
F0002727-1,F0002727,1,Bianca
F0002728-1,F0002728,1,Bianca
F0002729-1,F0002729,1,Bianca
F0002730-1,F0002730,1,Bianca
F0002731-1,F0002731,1,Bianca
F0002732-1,F0002732,1,Bianca
F0002741-1,F0002741,1,Bianca
F0002746-1,F0002746,1,Bianca
F0002747-1,F0002747,1,Bianca
F0002748-1,F0002748,1,Bianca
F0002749-1,F0002749,1,Bianca
F0002750-1,F0002750,1,Bianca
F0002751-1,F0002751,1,Bianca
F0002752-1,F0002752,1,Bianca
F0002753-1,F0002753,1,Bianca
F0002754-1,F0002754,1,Bianca
F0002755-1,F0002755,1,Bianca
F0002756-1,F0002756,1,Bianca
F0002757-1,F0002757,1,Bianca
F0002758-1,F0002758,1,Bianca
F0002759-1,F0002759,1,Bianca
F0002760-1,F0002760,1,Bianca
F0002761-1,F0002761,1,Bianca
F0002762-1,F0002762,1,Bianca
F0002763-1,F0002763,1,Bianca
F0002764-1,F0002764,1,Bianca
F0002767-1,F0002767,1,Bianca
F0002779-1,F0002779,1,Bianca
F0002780-1,F0002780,1,Bianca
F0002781-1,F0002781,1,Bianca
F0002783-1,F0002783,1,Bianca
F0002784-1,F0002784,1,Bianca
F0002785-1,F0002785,1,Bianca
F0002786-1,F0002786,1,Bianca
F0002787-1,F0002787,1,Bianca
F0002788-1,F0002788,1,Bianca
F0002789-1,F0002789,1,Bianca
F0002794-1,F0002794,1,Bianca
F0002795-1,F0002795,1,Bianca
F0002796-1,F0002796,1,Bianca
F0002797-1,F0002797,1,Bianca
F0002798-1,F0002798,1,Bianca
F0002799-1,F0002799,1,Bianca
F0002800-1,F0002800,1,Bianca
F0002801-1,F0002801,1,Bianca
F0002802-1,F0002802,1,Bianca
F0002803-1,F0002803,1,Bianca
F0002807-1,F0002807,1,Bianca
F0002808-1,F0002808,1,Bianca
F0002809-1,F0002809,1,Bianca
F0002810-1,F0002810,1,Bianca
F0002811-1,F0002811,1,Bianca
F0002812-1,F0002812,1,Bianca
F0002815-1,F0002815,1,Bianca
F0002818-1,F0002818,1,Bianca
F0002822-1,F0002822,1,Bianca
F0002833-1,F0002833,1,Bianca
F0002837-1,F0002837,1,Bianca
F0002840-1,F0002840,1,Bianca
F0002841-1,F0002841,1,Bianca
F0002842-1,F0002842,1,Bianca
F0002844-1,F0002844,1,Bianca
F0002845-1,F0002845,1,Bianca
F0002846-1,F0002846,1,Bianca
F0002847-1,F0002847,1,Bianca
F0002848-1,F0002848,1,Bianca
F0002850-1,F0002850,1,Bianca
F0002851-1,F0002851,1,Bianca
F0002852-1,F0002852,1,Bianca
F0002853-1,F0002853,1,Bianca
F0002854-1,F0002854,1,Bianca
F0002856-1,F0002856,1,Bianca
F0002857-1,F0002857,1,Bianca
F0002858-1,F0002858,1,Bianca
F0002859-1,F0002859,1,Bianca
F0002860-1,F0002860,1,Bianca
F0002861-1,F0002861,1,Bianca
F0002862-1,F0002862,1,Bianca
F0002863-1,F0002863,1,Bianca
F0002864-1,F0002864,1,Bianca
F0002865-1,F0002865,1,Bianca
F0002866-1,F0002866,1,Bianca
F0002867-1,F0002867,1,Bianca
F0002872-1,F0002872,1,Bianca
F0002877-1,F0002877,1,Bianca
F0002878-1,F0002878,1,Bianca
F0002879-1,F0002879,1,Bianca
F0002882-1,F0002882,1,Bianca
F0002883-1,F0002883,1,Bianca
F0002884-1,F0002884,1,Bianca
F0002885-1,F0002885,1,Bianca
F0002886-1,F0002886,1,Bianca
F0002887-1,F0002887,1,Bianca
F0002889-1,F0002889,1,Bianca
F0002890-1,F0002890,1,Bianca
F0002891-1,F0002891,1,Bianca
F0002892-1,F0002892,1,Bianca
F0002895-1,F0002895,1,Bianca
F0002899-1,F0002899,1,Bianca
F0002907-1,F0002907,1,Bianca
F0002908-1,F0002908,1,Bianca
F0002909-1,F0002909,1,Bianca
F0002910-1,F0002910,1,Bianca
F0002911-1,F0002911,1,Bianca
F0002912-1,F0002912,1,Bianca
F0002916-1,F0002916,1,Bianca
F0002920-1,F0002920,1,Bianca
F0002921-1,F0002921,1,Bianca
F0002923-1,F0002923,1,Bianca
F0002924-1,F0002924,1,Bianca
F0002925-1,F0002925,1,Bianca
F0002927-1,F0002927,1,Bianca
F0002929-1,F0002929,1,Bianca
F0002930-1,F0002930,1,Bianca
F0002931-1,F0002931,1,Bianca
F0002932-1,F0002932,1,Bianca
F0002933-1,F0002933,1,Bianca
F0002936-1,F0002936,1,Bianca
F0002937-1,F0002937,1,Bianca
F0002941-1,F0002941,1,Bianca
F0002943-1,F0002943,1,Bianca
F0002944-1,F0002944,1,Bianca
F0002946-1,F0002946,1,Bianca
F0002947-1,F0002947,1,Bianca
F0002948-1,F0002948,1,Bianca
F0002949-1,F0002949,1,Bianca
F0002950-1,F0002950,1,Bianca
F0002951-1,F0002951,1,Bianca
F0002952-1,F0002952,1,Bianca
F0002957-1,F0002957,1,Bianca
F0002958-1,F0002958,1,Bianca
F0002959-1,F0002959,1,Bianca
F0002960-1,F0002960,1,Bianca
F0002961-1,F0002961,1,Bianca
F0002962-1,F0002962,1,Bianca
F0002964-1,F0002964,1,Bianca
F0002965-1,F0002965,1,Bianca
F0002966-1,F0002966,1,Bianca
F0002967-1,F0002967,1,Bianca
F0002968-1,F0002968,1,Bianca
F0002969-1,F0002969,1,Bianca
F0002970-1,F0002970,1,Bianca
F0002971-1,F0002971,1,Bianca
F0002972-1,F0002972,1,Bianca
F0002973-1,F0002973,1,Bianca
F0002974-1,F0002974,1,Bianca
F0002975-1,F0002975,1,Bianca
F0002976-1,F0002976,1,Bianca
F0002977-1,F0002977,1,Bianca
F0002978-1,F0002978,1,Bianca
F0002979-1,F0002979,1,Bianca
F0002980-1,F0002980,1,Bianca
F0002981-1,F0002981,1,Bianca
F0002982-1,F0002982,1,Bianca
F0002984-1,F0002984,1,Bianca
F0002991-1,F0002991,1,Bianca
F0002993-1,F0002993,1,Bianca
F0002994-1,F0002994,1,Bianca
F0002995-1,F0002995,1,Bianca
F0002997-1,F0002997,1,Bianca
F0002998-1,F0002998,1,Bianca
F0002999-1,F0002999,1,Bianca
F0003002-1,F0003002,1,Bianca
F0003003-1,F0003003,1,Bianca
F0003004-1,F0003004,1,Bianca
F0003005-1,F0003005,1,Bianca
F0003007-1,F0003007,1,Bianca
F0003008-1,F0003008,1,Bianca
F0003010-1,F0003010,1,Bianca
F0003012-1,F0003012,1,Bianca
F0003013-1,F0003013,1,Bianca
F0003014-1,F0003014,1,Bianca
F0003015-1,F0003015,1,Bianca
F0003017-1,F0003017,1,Bianca
F0003018-1,F0003018,1,Bianca
F0003019-1,F0003019,1,Bianca
F0003021-1,F0003021,1,Bianca
F0003022-1,F0003022,1,Bianca
F0003023-1,F0003023,1,Bianca
F0003024-1,F0003024,1,Bianca
F0003027-1,F0003027,1,Bianca
F0003028-1,F0003028,1,Bianca
F0003036-1,F0003036,1,Bianca
F0003038-1,F0003038,1,Bianca
F0003039-1,F0003039,1,Bianca
F0003040-1,F0003040,1,Bianca
F0003041-1,F0003041,1,Bianca
F0003042-1,F0003042,1,Bianca
F0003043-1,F0003043,1,Bianca
F0003044-1,F0003044,1,Bianca
F0003045-1,F0003045,1,Bianca
F0003046-1,F0003046,1,Bianca
F0003047-1,F0003047,1,Bianca
F0003048-1,F0003048,1,Bianca
F0003050-1,F0003050,1,Bianca
F0003052-1,F0003052,1,Bianca
F0003053-1,F0003053,1,Bianca
F0003054-1,F0003054,1,Bianca
F0003056-1,F0003056,1,Bianca
F0003057-1,F0003057,1,Bianca
F0003060-1,F0003060,1,Bianca
F0003061-1,F0003061,1,Bianca
F0003062-1,F0003062,1,Bianca
F0003063-1,F0003063,1,Bianca
F0003066-1,F0003066,1,Bianca
F0003067-1,F0003067,1,Bianca
F0003068-1,F0003068,1,Bianca
F0003069-1,F0003069,1,Bianca
F0003070-1,F0003070,1,Bianca
F0003076-1,F0003076,1,Bianca
F0003079-1,F0003079,1,Bianca
F0003081-1,F0003081,1,Bianca
F0003082-1,F0003082,1,Bianca
F0003083-1,F0003083,1,Bianca
F0003085-1,F0003085,1,Bianca
F0003086-1,F0003086,1,Bianca
F0003087-1,F0003087,1,Bianca
F0003088-1,F0003088,1,Bianca
F0003089-1,F0003089,1,Bianca
F0003090-1,F0003090,1,Bianca
F0003091-1,F0003091,1,Bianca
F0003093-1,F0003093,1,Bianca
F0003099-1,F0003099,1,Bianca
F0003100-1,F0003100,1,Bianca
F0003101-1,F0003101,1,Bianca
F0003102-1,F0003102,1,Bianca
F0003103-1,F0003103,1,Bianca
F0003104-1,F0003104,1,Bianca
F0003105-1,F0003105,1,Bianca
F0003108-1,F0003108,1,Bianca
F0003109-1,F0003109,1,Bianca
F0003144-1,F0003144,1,Bianca
F0003154-1,F0003154,1,Bianca
F0003156-1,F0003156,1,Bianca
F0003157-1,F0003157,1,Bianca
F0003158-1,F0003158,1,Bianca
F0003160-1,F0003160,1,Bianca
F0003164-1,F0003164,1,Bianca
F0003166-1,F0003166,1,Bianca
F0003167-1,F0003167,1,Bianca
F0003168-1,F0003168,1,Bianca
F0003184-1,F0003184,1,Bianca
F0003185-1,F0003185,1,Bianca
F0003191-1,F0003191,1,Bianca
F0003192-1,F0003192,1,Bianca
F0003195-1,F0003195,1,Bianca
F0003199-1,F0003199,1,Bianca
F0003200-1,F0003200,1,Bianca
F0003201-1,F0003201,1,Bianca
F0003203-1,F0003203,1,Bianca
F0003204-1,F0003204,1,Bianca
F0003209-1,F0003209,1,Bianca
F0003211-1,F0003211,1,Bianca
F0003212-1,F0003212,1,Bianca
F0003214-1,F0003214,1,Bianca
F0003218-1,F0003218,1,Bianca
F0003219-1,F0003219,1,Bianca
F0003220-1,F0003220,1,Bianca
F0003225-1,F0003225,1,Bianca
F0003226-1,F0003226,1,Bianca
F0003231-1,F0003231,1,Bianca
F0003235-1,F0003235,1,Bianca
F0003236-1,F0003236,1,Bianca
F0003242-1,F0003242,1,Bianca
F0003244-1,F0003244,1,Bianca
F0003246-1,F0003246,1,Bianca
F0003297-1,F0003297,1,Bianca
F0003298-1,F0003298,1,Bianca
F0003299-1,F0003299,1,Bianca
F0003300-1,F0003300,1,Bianca
F0003301-1,F0003301,1,Bianca
F0003302-1,F0003302,1,Bianca
F0003307-1,F0003307,1,Bianca
F0003314-1,F0003314,1,Bianca
F0003315-1,F0003315,1,Bianca
F0003316-1,F0003316,1,Bianca
F0003322-1,F0003322,1,Bianca
F0003327-1,F0003327,1,Bianca
F0003328-1,F0003328,1,Bianca
F0003329-1,F0003329,1,Bianca
F0003330-1,F0003330,1,Bianca
F0003334-1,F0003334,1,Bianca
F0003335-1,F0003335,1,Bianca
F0003336-1,F0003336,1,Bianca
F0003339-1,F0003339,1,Bianca
F0003341-1,F0003341,1,Bianca
F0003342-1,F0003342,1,Bianca
F0003348-1,F0003348,1,Bianca
F0003349-1,F0003349,1,Bianca
F0003350-1,F0003350,1,Bianca
F0003364-1,F0003364,1,Bianca
F0003368-1,F0003368,1,Bianca
F0003369-1,F0003369,1,Bianca
F0003372-1,F0003372,1,Bianca
F0003390-1,F0003390,1,Bianca
F0003391-1,F0003391,1,Bianca
F0003392-1,F0003392,1,Bianca
F0003399-1,F0003399,1,Bianca
F0003400-1,F0003400,1,Bianca
F0003405-1,F0003405,1,Bianca
F0003407-1,F0003407,1,Bianca
F0003408-1,F0003408,1,Bianca
F0003409-1,F0003409,1,Bianca
F0003410-1,F0003410,1,Bianca
F0003411-1,F0003411,1,Bianca
F0003412-1,F0003412,1,Bianca
F0003413-1,F0003413,1,Bianca
F0003416-1,F0003416,1,Bianca
F0003417-1,F0003417,1,Bianca
F0003418-1,F0003418,1,Bianca
F0003419-1,F0003419,1,Bianca
F0003420-1,F0003420,1,Bianca
F0003423-1,F0003423,1,Bianca
F0003424-1,F0003424,1,Bianca
F0003425-1,F0003425,1,Bianca
F0003426-1,F0003426,1,Bianca
F0003429-1,F0003429,1,Bianca
F0003432-1,F0003432,1,Bianca
F0003437-1,F0003437,1,Bianca
F0003438-1,F0003438,1,Bianca
F0003439-1,F0003439,1,Bianca
F0003440-1,F0003440,1,Bianca
F0003441-1,F0003441,1,Bianca
F0003453-1,F0003453,1,Bianca
F0003460-1,F0003460,1,Bianca
F0003461-1,F0003461,1,Bianca
F0003466-1,F0003466,1,Bianca
F0003467-1,F0003467,1,Bianca
F0003474-1,F0003474,1,Bianca
F0003475-1,F0003475,1,Bianca
F0003476-1,F0003476,1,Bianca
F0003478-1,F0003478,1,Bianca
F0003479-1,F0003479,1,Bianca
F0003480-1,F0003480,1,Bianca
F0003495-1,F0003495,1,Bianca
F0003505-1,F0003505,1,Bianca
F0003525-1,F0003525,1,Bianca
F0003528-1,F0003528,1,Bianca
F0003537-1,F0003537,1,Bianca
F0003541-1,F0003541,1,Bianca
F0003543-1,F0003543,1,Bianca
F0003547-1,F0003547,1,Bianca
F0003548-1,F0003548,1,Bianca
F0003553-1,F0003553,1,Bianca
F0003554-1,F0003554,1,Bianca
F0003557-1,F0003557,1,Bianca
F0003558-1,F0003558,1,Bianca
F0003561-1,F0003561,1,Bianca
F0003563-1,F0003563,1,Bianca
F0003564-1,F0003564,1,Bianca
F0003565-1,F0003565,1,Bianca
F0003567-1,F0003567,1,Bianca
F0003572-1,F0003572,1,Bianca
F0003573-1,F0003573,1,Bianca
F0003579-1,F0003579,1,Bianca
F0003594-1,F0003594,1,Bianca
F0003615-1,F0003615,1,Bianca
F0003617-1,F0003617,1,Bianca
F0003620-1,F0003620,1,Bianca
F0003621-1,F0003621,1,Bianca
F0003622-1,F0003622,1,Bianca
F0003624-1,F0003624,1,Bianca
F0003625-1,F0003625,1,Bianca
F0003626-1,F0003626,1,Bianca
F0003632-1,F0003632,1,Bianca
F0003634-1,F0003634,1,Bianca
F0003645-1,F0003645,1,Bianca
F0003646-1,F0003646,1,Bianca
F0003652-1,F0003652,1,Bianca
F0003653-1,F0003653,1,Bianca
F0003655-1,F0003655,1,Bianca
F0003656-1,F0003656,1,Bianca
F0003657-1,F0003657,1,Bianca
F0003658-1,F0003658,1,Bianca
F0003659-1,F0003659,1,Bianca
F0003669-1,F0003669,1,Bianca
F0003670-1,F0003670,1,Bianca
F0003671-1,F0003671,1,Bianca
F0003675-1,F0003675,1,Bianca
F0003676-1,F0003676,1,Bianca
F0003678-1,F0003678,1,Bianca
F0003681-1,F0003681,1,Bianca
F0003682-1,F0003682,1,Bianca
F0003683-1,F0003683,1,Bianca
F0003684-1,F0003684,1,Bianca
F0003685-1,F0003685,1,Bianca
F0003686-1,F0003686,1,Bianca
F0003687-1,F0003687,1,Bianca
F0003688-1,F0003688,1,Bianca
F0003691-1,F0003691,1,Bianca
F0003692-1,F0003692,1,Bianca
F0003701-1,F0003701,1,Bianca
F0003704-1,F0003704,1,Bianca
F0003706-1,F0003706,1,Bianca
F0003707-1,F0003707,1,Bianca
F0003708-1,F0003708,1,Bianca
F0003709-1,F0003709,1,Bianca
F0003713-1,F0003713,1,Bianca
F0003717-1,F0003717,1,Bianca
F0003718-1,F0003718,1,Bianca
F0003719-1,F0003719,1,Bianca
F0003720-1,F0003720,1,Bianca
F0003722-1,F0003722,1,Bianca
F0003725-1,F0003725,1,Bianca
F0003726-1,F0003726,1,Bianca
F0003727-1,F0003727,1,Bianca
F0003729-1,F0003729,1,Bianca
F0003730-1,F0003730,1,Bianca
F0003737-1,F0003737,1,Bianca
F0003738-1,F0003738,1,Bianca
F0003756-1,F0003756,1,Bianca
F0003757-1,F0003757,1,Bianca
F0003758-1,F0003758,1,Bianca
F0003759-1,F0003759,1,Bianca
F0003760-1,F0003760,1,Bianca
F0003761-1,F0003761,1,Bianca
F0003762-1,F0003762,1,Bianca
F0003763-1,F0003763,1,Bianca
F0003764-1,F0003764,1,Bianca
F0003765-1,F0003765,1,Bianca
F0003766-1,F0003766,1,Bianca
F0003767-1,F0003767,1,Bianca
F0003768-1,F0003768,1,Bianca
F0003770-1,F0003770,1,Bianca
F0003776-1,F0003776,1,Bianca
F0003777-1,F0003777,1,Bianca
F0003778-1,F0003778,1,Bianca
F0003784-1,F0003784,1,Bianca
F0003785-1,F0003785,1,Bianca
F0003787-1,F0003787,1,Bianca
F0003788-1,F0003788,1,Bianca
F0003793-1,F0003793,1,Bianca
F0003794-1,F0003794,1,Bianca
F0003807-1,F0003807,1,Bianca
F0003808-1,F0003808,1,Bianca
F0003810-1,F0003810,1,Bianca
F0003812-1,F0003812,1,Bianca
F0003813-1,F0003813,1,Bianca
F0003814-1,F0003814,1,Bianca
F0003821-1,F0003821,1,Bianca
F0003825-1,F0003825,1,Bianca
F0003826-1,F0003826,1,Bianca
F0003829-1,F0003829,1,Bianca
F0003831-1,F0003831,1,Bianca
F0003832-1,F0003832,1,Bianca
F0003836-1,F0003836,1,Bianca
F0003837-1,F0003837,1,Bianca
F0003862-1,F0003862,1,Bianca
F0003863-1,F0003863,1,Bianca
F0003864-1,F0003864,1,Bianca
F0003867-1,F0003867,1,Bianca
F0003873-1,F0003873,1,Bianca
F0003879-1,F0003879,1,Bianca
F0003880-1,F0003880,1,Bianca
F0003881-1,F0003881,1,Bianca
F0003882-1,F0003882,1,Bianca
F0003883-1,F0003883,1,Bianca
F0003884-1,F0003884,1,Bianca
F0003886-1,F0003886,1,Bianca
F0003887-1,F0003887,1,Bianca
F0003888-1,F0003888,1,Bianca
F0003893-1,F0003893,1,Bianca
F0003894-1,F0003894,1,Bianca
F0003895-1,F0003895,1,Bianca
F0003896-1,F0003896,1,Bianca
F0003897-1,F0003897,1,Bianca
F0003899-1,F0003899,1,Bianca
F0003900-1,F0003900,1,Bianca
F0003902-1,F0003902,1,Bianca
F0003904-1,F0003904,1,Bianca
F0003908-1,F0003908,1,Bianca
F0003910-1,F0003910,1,Bianca
F0003913-1,F0003913,1,Bianca
F0003914-1,F0003914,1,Bianca
F0003928-1,F0003928,1,Bianca
F0003929-1,F0003929,1,Bianca
F0003930-1,F0003930,1,Bianca
F0003932-1,F0003932,1,Bianca
F0003934-1,F0003934,1,Bianca
F0003939-1,F0003939,1,Bianca
F0003940-1,F0003940,1,Bianca
F0003946-1,F0003946,1,Bianca
F0003948-1,F0003948,1,Bianca
F0003949-1,F0003949,1,Bianca
F0003952-1,F0003952,1,Bianca
F0003954-1,F0003954,1,Bianca
F0003956-1,F0003956,1,Bianca
F0003957-1,F0003957,1,Bianca
F0003960-1,F0003960,1,Bianca
F0003966-1,F0003966,1,Bianca
F0003967-1,F0003967,1,Bianca
F0003968-1,F0003968,1,Bianca
F0003970-1,F0003970,1,Bianca
F0003971-1,F0003971,1,Bianca
F0003975-1,F0003975,1,Bianca
F0003976-1,F0003976,1,Bianca
F0003980-1,F0003980,1,Bianca
F0003981-1,F0003981,1,Bianca
F0003982-1,F0003982,1,Bianca
F0003987-1,F0003987,1,Bianca
F0003988-1,F0003988,1,Bianca
F0003991-1,F0003991,1,Bianca
F0003993-1,F0003993,1,Bianca
F0003994-1,F0003994,1,Bianca
F0003996-1,F0003996,1,Bianca
F0003997-1,F0003997,1,Bianca
F0003998-1,F0003998,1,Bianca
F0003999-1,F0003999,1,Bianca
F0004005-1,F0004005,1,Bianca
F0004007-1,F0004007,1,Bianca
F0004016-1,F0004016,1,Bianca
F0004017-1,F0004017,1,Bianca
F0004018-1,F0004018,1,Bianca
F0004019-1,F0004019,1,Bianca
F0004020-1,F0004020,1,Bianca
F0004022-1,F0004022,1,Bianca
F0004024-1,F0004024,1,Bianca
F0004028-1,F0004028,1,Bianca
F0004040-1,F0004040,1,Bianca
F0004045-1,F0004045,1,Bianca
F0004046-1,F0004046,1,Bianca
F0004047-1,F0004047,1,Bianca
F0004048-1,F0004048,1,Bianca
F0004050-1,F0004050,1,Bianca
F0004051-1,F0004051,1,Bianca
F0004056-1,F0004056,1,Bianca
F0004159-1,F0004159,1,Bianca
F0004191-1,F0004191,1,Bianca
F0004197-1,F0004197,1,Bianca
F0004199-1,F0004199,1,Bianca
F0004204-1,F0004204,1,Bianca
F0004213-1,F0004213,1,Bianca
F0004214-1,F0004214,1,Bianca
F0004217-1,F0004217,1,Bianca
F0004218-1,F0004218,1,Bianca
F0004219-1,F0004219,1,Bianca
F0004222-1,F0004222,1,Bianca
F0004235-1,F0004235,1,Bianca
F0004237-1,F0004237,1,Bianca
F0004238-1,F0004238,1,Bianca
F0004239-1,F0004239,1,Bianca
F0004240-1,F0004240,1,Bianca
F0004241-1,F0004241,1,Bianca
F0004265-1,F0004265,1,Bianca
F0004266-1,F0004266,1,Bianca
F0004267-1,F0004267,1,Bianca
F0004268-1,F0004268,1,Bianca
F0004269-1,F0004269,1,Bianca
F0004271-1,F0004271,1,Bianca
F0004272-1,F0004272,1,Bianca
F0004273-1,F0004273,1,Bianca
F0004274-1,F0004274,1,Bianca
F0004275-1,F0004275,1,Bianca
F0004277-1,F0004277,1,Bianca
F0004281-1,F0004281,1,Bianca
F0004282-1,F0004282,1,Bianca
F0004287-1,F0004287,1,Bianca
F0004290-1,F0004290,1,Bianca
F0004291-1,F0004291,1,Bianca
F0004292-1,F0004292,1,Bianca
F0004294-1,F0004294,1,Bianca
F0004302-1,F0004302,1,Bianca
F0004303-1,F0004303,1,Bianca
F0004304-1,F0004304,1,Bianca
F0004308-1,F0004308,1,Bianca
F0004309-1,F0004309,1,Bianca
F0004310-1,F0004310,1,Bianca
F0004311-1,F0004311,1,Bianca
F0004312-1,F0004312,1,Bianca
F0004313-1,F0004313,1,Bianca
F0004320-1,F0004320,1,Bianca
F0004321-1,F0004321,1,Bianca
F0004323-1,F0004323,1,Bianca
F0004325-1,F0004325,1,Bianca
F0004326-1,F0004326,1,Bianca
F0004327-1,F0004327,1,Bianca
F0004329-1,F0004329,1,Bianca
F0004331-1,F0004331,1,Bianca
F0004333-1,F0004333,1,Bianca
F0004334-1,F0004334,1,Bianca
F0004337-1,F0004337,1,Bianca
F0004338-1,F0004338,1,Bianca
F0004339-1,F0004339,1,Bianca
F0004340-1,F0004340,1,Bianca
F0004356-1,F0004356,1,Bianca
F0004358-1,F0004358,1,Bianca
F0004360-1,F0004360,1,Bianca
F0004363-1,F0004363,1,Bianca
F0004365-1,F0004365,1,Bianca
F0004367-1,F0004367,1,Bianca
F0004368-1,F0004368,1,Bianca
F0004369-1,F0004369,1,Bianca
F0004370-1,F0004370,1,Bianca
F0004371-1,F0004371,1,Bianca
F0004381-1,F0004381,1,Bianca
F0004382-1,F0004382,1,Bianca
F0004383-1,F0004383,1,Bianca
F0004384-1,F0004384,1,Bianca
F0004385-1,F0004385,1,Bianca
F0004387-1,F0004387,1,Bianca
F0004389-1,F0004389,1,Bianca
F0004392-1,F0004392,1,Bianca
F0004397-1,F0004397,1,Bianca
F0004410-1,F0004410,1,Bianca
F0004411-1,F0004411,1,Bianca
F0004415-1,F0004415,1,Bianca
F0004416-1,F0004416,1,Bianca
F0004434-1,F0004434,1,Bianca
F0004439-1,F0004439,1,Bianca
F0004442-1,F0004442,1,Bianca
F0004444-1,F0004444,1,Bianca
F0004445-1,F0004445,1,Bianca
F0004446-1,F0004446,1,Bianca
F0004447-1,F0004447,1,Bianca
F0004448-1,F0004448,1,Bianca
F0004451-1,F0004451,1,Bianca
F0004452-1,F0004452,1,Bianca
F0004454-1,F0004454,1,Bianca
F0004461-1,F0004461,1,Bianca
F0004463-1,F0004463,1,Bianca
F0004465-1,F0004465,1,Bianca
F0004469-1,F0004469,1,Bianca
F0004471-1,F0004471,1,Bianca
F0004472-1,F0004472,1,Bianca
F0004473-1,F0004473,1,Bianca
F0004477-1,F0004477,1,Bianca
F0004480-1,F0004480,1,Bianca
F0004482-1,F0004482,1,Bianca
F0004490-1,F0004490,1,Bianca
F0004494-1,F0004494,1,Bianca
F0004496-1,F0004496,1,Bianca
F0004501-1,F0004501,1,Bianca
F0004502-1,F0004502,1,Bianca
F0004505-1,F0004505,1,Bianca
F0004524-1,F0004524,1,Bianca
F0004525-1,F0004525,1,Bianca
F0004528-1,F0004528,1,Bianca
F0004534-1,F0004534,1,Bianca
F0004535-1,F0004535,1,Bianca
F0004536-1,F0004536,1,Bianca
F0004538-1,F0004538,1,Bianca
F0004539-1,F0004539,1,Bianca
F0004540-1,F0004540,1,Bianca
F0004542-1,F0004542,1,Bianca
F0004543-1,F0004543,1,Bianca
F0004544-1,F0004544,1,Bianca
F0004546-1,F0004546,1,Bianca
F0004550-1,F0004550,1,Bianca
F0004552-1,F0004552,1,Bianca
F0004554-1,F0004554,1,Bianca
F0004556-1,F0004556,1,Bianca
F0004557-1,F0004557,1,Bianca
F0004558-1,F0004558,1,Bianca
F0004559-1,F0004559,1,Bianca
F0004561-1,F0004561,1,Bianca
F0004562-1,F0004562,1,Bianca
F0004564-1,F0004564,1,Bianca
F0004566-1,F0004566,1,Bianca
F0004568-1,F0004568,1,Bianca
F0004576-1,F0004576,1,Bianca
F0004578-1,F0004578,1,Bianca
F0004579-1,F0004579,1,Bianca
F0004580-1,F0004580,1,Bianca
F0004581-1,F0004581,1,Bianca
F0004582-1,F0004582,1,Bianca
F0004585-1,F0004585,1,Bianca
F0004587-1,F0004587,1,Bianca
F0004588-1,F0004588,1,Bianca
F0004589-1,F0004589,1,Bianca
F0004590-1,F0004590,1,Bianca
F0004591-1,F0004591,1,Bianca
F0004593-1,F0004593,1,Bianca
F0004594-1,F0004594,1,Bianca
F0004595-1,F0004595,1,Bianca
F0004596-1,F0004596,1,Bianca
F0004597-1,F0004597,1,Bianca
F0004600-1,F0004600,1,Bianca
F0004602-1,F0004602,1,Bianca
F0004605-1,F0004605,1,Bianca
F0004606-1,F0004606,1,Bianca
F0004607-1,F0004607,1,Bianca
F0004609-1,F0004609,1,Bianca
F0004612-1,F0004612,1,Bianca
F0004614-1,F0004614,1,Bianca
F0004626-1,F0004626,1,Bianca
F0004632-1,F0004632,1,Bianca
F0004637-1,F0004637,1,Bianca
F0004650-1,F0004650,1,Bianca
F0004651-1,F0004651,1,Bianca
F0004654-1,F0004654,1,Bianca
F0004655-1,F0004655,1,Bianca
F0004659-1,F0004659,1,Bianca
F0004660-1,F0004660,1,Bianca
F0004661-1,F0004661,1,Bianca
F0004662-1,F0004662,1,Bianca
F0004663-1,F0004663,1,Bianca
F0004665-1,F0004665,1,Bianca
F0004666-1,F0004666,1,Bianca
F0004669-1,F0004669,1,Bianca
F0004670-1,F0004670,1,Bianca
F0004671-1,F0004671,1,Bianca
F0004672-1,F0004672,1,Bianca
F0004673-1,F0004673,1,Bianca
F0004675-1,F0004675,1,Bianca
F0004676-1,F0004676,1,Bianca
F0004681-1,F0004681,1,Bianca
F0004689-1,F0004689,1,Bianca
F0004690-1,F0004690,1,Bianca
F0004693-1,F0004693,1,Bianca
F0004694-1,F0004694,1,Bianca
F0004698-1,F0004698,1,Bianca
F0004700-1,F0004700,1,Bianca
F0004701-1,F0004701,1,Bianca
F0004704-1,F0004704,1,Bianca
F0004706-1,F0004706,1,Bianca
F0004714-1,F0004714,1,Bianca
F0004715-1,F0004715,1,Bianca
F0004717-1,F0004717,1,Bianca
F0004718-1,F0004718,1,Bianca
F0004719-1,F0004719,1,Bianca
F0004720-1,F0004720,1,Bianca
F0004722-1,F0004722,1,Bianca
F0004724-1,F0004724,1,Bianca
F0004725-1,F0004725,1,Bianca
F0004729-1,F0004729,1,Bianca
F0004731-1,F0004731,1,Bianca
F0004732-1,F0004732,1,Bianca
F0004733-1,F0004733,1,Bianca
F0004734-1,F0004734,1,Bianca
F0004748-1,F0004748,1,Bianca
F0004749-1,F0004749,1,Bianca
F0004754-1,F0004754,1,Bianca
F0004755-1,F0004755,1,Bianca
F0004758-1,F0004758,1,Bianca
F0004760-1,F0004760,1,Bianca
F0004763-1,F0004763,1,Bianca
F0004764-1,F0004764,1,Bianca
F0004769-1,F0004769,1,Bianca
F0004770-1,F0004770,1,Bianca
F0004771-1,F0004771,1,Bianca
F0004772-1,F0004772,1,Bianca
F0004773-1,F0004773,1,Bianca
F0004774-1,F0004774,1,Bianca
F0004784-1,F0004784,1,Bianca
F0004785-1,F0004785,1,Bianca
F0004787-1,F0004787,1,Bianca
F0004788-1,F0004788,1,Bianca
F0004805-1,F0004805,1,Bianca
F0004809-1,F0004809,1,Bianca
F0004810-1,F0004810,1,Bianca
F0004811-1,F0004811,1,Bianca
F0004812-1,F0004812,1,Bianca
F0004813-1,F0004813,1,Bianca
F0004820-1,F0004820,1,Bianca
F0004826-1,F0004826,1,Bianca
F0004827-1,F0004827,1,Bianca
F0004828-1,F0004828,1,Bianca
F0004832-1,F0004832,1,Bianca
F0004833-1,F0004833,1,Bianca
F0004834-1,F0004834,1,Bianca
F0004840-1,F0004840,1,Bianca
F0004843-1,F0004843,1,Bianca
F0004844-1,F0004844,1,Bianca
F0004845-1,F0004845,1,Bianca
F0004846-1,F0004846,1,Bianca
F0004852-1,F0004852,1,Bianca
F0004853-1,F0004853,1,Bianca
F0004854-1,F0004854,1,Bianca
F0004855-1,F0004855,1,Bianca
F0004867-1,F0004867,1,Bianca
F0004885-1,F0004885,1,Bianca
F0004886-1,F0004886,1,Bianca
F0004888-1,F0004888,1,Bianca
F0004889-1,F0004889,1,Bianca
F0004894-1,F0004894,1,Bianca
F0004895-1,F0004895,1,Bianca
F0004897-1,F0004897,1,Bianca
F0004899-1,F0004899,1,Bianca
F0004901-1,F0004901,1,Bianca
F0004903-1,F0004903,1,Bianca
F0004905-1,F0004905,1,Bianca
F0004907-1,F0004907,1,Bianca
F0004908-1,F0004908,1,Bianca
F0004912-1,F0004912,1,Bianca
F0004914-1,F0004914,1,Bianca
F0004915-1,F0004915,1,Bianca
F0004921-1,F0004921,1,Bianca
F0004923-1,F0004923,1,Bianca
F0004924-1,F0004924,1,Bianca
F0004928-1,F0004928,1,Bianca
F0004934-1,F0004934,1,Bianca
F0004936-1,F0004936,1,Bianca
F0004939-1,F0004939,1,Bianca
F0004941-1,F0004941,1,Bianca
F0004942-1,F0004942,1,Bianca
F0004944-1,F0004944,1,Bianca
F0004946-1,F0004946,1,Bianca
F0004947-1,F0004947,1,Bianca
F0004948-1,F0004948,1,Bianca
F0004949-1,F0004949,1,Bianca
F0004951-1,F0004951,1,Bianca
F0004959-1,F0004959,1,Bianca
F0004962-1,F0004962,1,Bianca
F0005008-1,F0005008,1,Bianca
F0005022-1,F0005022,1,Bianca
F0005023-1,F0005023,1,Bianca
F0005024-1,F0005024,1,Bianca
F0005025-1,F0005025,1,Bianca
F0005026-1,F0005026,1,Bianca
F0005027-1,F0005027,1,Bianca
F0005028-1,F0005028,1,Bianca
F0005030-1,F0005030,1,Bianca
F0005031-1,F0005031,1,Bianca
F0005043-1,F0005043,1,Bianca
F0005045-1,F0005045,1,Bianca
F0005046-1,F0005046,1,Bianca
F0005056-1,F0005056,1,Bianca
F0005058-1,F0005058,1,Bianca
F0005059-1,F0005059,1,Bianca
F0005066-1,F0005066,1,Bianca
F0005067-1,F0005067,1,Bianca
F0005068-1,F0005068,1,Bianca
F0005071-1,F0005071,1,Bianca
F0005072-1,F0005072,1,Bianca
F0005081-1,F0005081,1,Bianca
F0005082-1,F0005082,1,Bianca
F0005083-1,F0005083,1,Bianca
F0005084-1,F0005084,1,Bianca
F0005087-1,F0005087,1,Bianca
F0005105-1,F0005105,1,Bianca
F0005106-1,F0005106,1,Bianca
F0005108-1,F0005108,1,Bianca
F0005109-1,F0005109,1,Bianca
F0005111-1,F0005111,1,Bianca
F0005112-1,F0005112,1,Bianca
F0005113-1,F0005113,1,Bianca
F0005114-1,F0005114,1,Bianca
F0005115-1,F0005115,1,Bianca
F0005116-1,F0005116,1,Bianca
F0005117-1,F0005117,1,Bianca
F0005118-1,F0005118,1,Bianca
F0005119-1,F0005119,1,Bianca
F0005120-1,F0005120,1,Bianca
F0005121-1,F0005121,1,Bianca
F0005122-1,F0005122,1,Bianca
F0005123-1,F0005123,1,Bianca
F0005124-1,F0005124,1,Bianca
F0005130-1,F0005130,1,Bianca
F0005131-1,F0005131,1,Bianca
F0005135-1,F0005135,1,Bianca
F0005143-1,F0005143,1,Bianca
F0005147-1,F0005147,1,Bianca
F0005148-1,F0005148,1,Bianca
F0005149-1,F0005149,1,Bianca
F0005150-1,F0005150,1,Bianca
F0005151-1,F0005151,1,Bianca
F0005152-1,F0005152,1,Bianca
F0005153-1,F0005153,1,Bianca
F0005154-1,F0005154,1,Bianca
F0005155-1,F0005155,1,Bianca
F0005156-1,F0005156,1,Bianca
F0005159-1,F0005159,1,Bianca
F0005166-1,F0005166,1,Bianca
F0005171-1,F0005171,1,Bianca
F0005177-1,F0005177,1,Bianca
F0005179-1,F0005179,1,Bianca
F0005180-1,F0005180,1,Bianca
F0005181-1,F0005181,1,Bianca
F0005184-1,F0005184,1,Bianca
F0005205-1,F0005205,1,Bianca
F0005214-1,F0005214,1,Bianca
F0005215-1,F0005215,1,Bianca
F0005216-1,F0005216,1,Bianca
F0005218-1,F0005218,1,Bianca
F0005219-1,F0005219,1,Bianca
F0005220-1,F0005220,1,Bianca
F0005221-1,F0005221,1,Bianca
F0005222-1,F0005222,1,Bianca
F0005225-1,F0005225,1,Bianca
F0005226-1,F0005226,1,Bianca
F0005227-1,F0005227,1,Bianca
F0005228-1,F0005228,1,Bianca
F0005231-1,F0005231,1,Bianca
F0005232-1,F0005232,1,Bianca
F0005233-1,F0005233,1,Bianca
F0005234-1,F0005234,1,Bianca
F0005235-1,F0005235,1,Bianca
F0005236-1,F0005236,1,Bianca
F0005237-1,F0005237,1,Bianca
F0005238-1,F0005238,1,Bianca
F0005239-1,F0005239,1,Bianca
F0005244-1,F0005244,1,Bianca
F0005245-1,F0005245,1,Bianca
F0005246-1,F0005246,1,Bianca
F0005247-1,F0005247,1,Bianca
F0005248-1,F0005248,1,Bianca
F0005250-1,F0005250,1,Bianca
F0005256-1,F0005256,1,Bianca
F0005262-1,F0005262,1,Bianca
F0005263-1,F0005263,1,Bianca
F0005265-1,F0005265,1,Bianca
F0005287-1,F0005287,1,Bianca
F0005288-1,F0005288,1,Bianca
F0005290-1,F0005290,1,Bianca
F0005301-1,F0005301,1,Bianca
F0005302-1,F0005302,1,Bianca
F0005305-1,F0005305,1,Bianca
F0005307-1,F0005307,1,Bianca
F0005308-1,F0005308,1,Bianca
F0005310-1,F0005310,1,Bianca
F0005311-1,F0005311,1,Bianca
F0005312-1,F0005312,1,Bianca
F0005313-1,F0005313,1,Bianca
F0005314-1,F0005314,1,Bianca
F0005315-1,F0005315,1,Bianca
F0005336-1,F0005336,1,Bianca
F0005337-1,F0005337,1,Bianca
F0005338-1,F0005338,1,Bianca
F0005339-1,F0005339,1,Bianca
F0005340-1,F0005340,1,Bianca
F0005341-1,F0005341,1,Bianca
F0005343-1,F0005343,1,Bianca
F0005344-1,F0005344,1,Bianca
F0005345-1,F0005345,1,Bianca
F0005346-1,F0005346,1,Bianca
F0005347-1,F0005347,1,Bianca
F0005356-1,F0005356,1,Bianca
F0005358-1,F0005358,1,Bianca
F0005362-1,F0005362,1,Bianca
F0005363-1,F0005363,1,Bianca
F0005364-1,F0005364,1,Bianca
F0005377-1,F0005377,1,Bianca
F0005386-1,F0005386,1,Bianca
F0005388-1,F0005388,1,Bianca
F0005390-1,F0005390,1,Bianca
F0005391-1,F0005391,1,Bianca
F0005396-1,F0005396,1,Bianca
F0005398-1,F0005398,1,Bianca
F0005405-1,F0005405,1,Bianca
F0005407-1,F0005407,1,Bianca
F0005408-1,F0005408,1,Bianca
F0005409-1,F0005409,1,Bianca
F0005415-1,F0005415,1,Bianca
F0005418-1,F0005418,1,Bianca
F0005419-1,F0005419,1,Bianca
F0005420-1,F0005420,1,Bianca
F0005421-1,F0005421,1,Bianca
F0005422-1,F0005422,1,Bianca
F0005423-1,F0005423,1,Bianca
F0005425-1,F0005425,1,Bianca
F0005426-1,F0005426,1,Bianca
F0005428-1,F0005428,1,Bianca
F0005429-1,F0005429,1,Bianca
F0005430-1,F0005430,1,Bianca
F0005431-1,F0005431,1,Bianca
F0005432-1,F0005432,1,Bianca
F0005433-1,F0005433,1,Bianca
F0005434-1,F0005434,1,Bianca
F0005435-1,F0005435,1,Bianca
F0005453-1,F0005453,1,Bianca
F0005455-1,F0005455,1,Bianca
F0005456-1,F0005456,1,Bianca
F0005458-1,F0005458,1,Bianca
F0005459-1,F0005459,1,Bianca
F0005462-1,F0005462,1,Bianca
F0005463-1,F0005463,1,Bianca
F0005464-1,F0005464,1,Bianca
F0005465-1,F0005465,1,Bianca
F0005466-1,F0005466,1,Bianca
F0005467-1,F0005467,1,Bianca
F0005489-1,F0005489,1,Bianca
F0005492-1,F0005492,1,Bianca
F0005494-1,F0005494,1,Bianca
F0005495-1,F0005495,1,Bianca
F0005496-1,F0005496,1,Bianca
F0005504-1,F0005504,1,Bianca
F0005505-1,F0005505,1,Bianca
F0005506-1,F0005506,1,Bianca
F0005507-1,F0005507,1,Bianca
F0005509-1,F0005509,1,Bianca
F0005510-1,F0005510,1,Bianca
F0005513-1,F0005513,1,Bianca
F0005514-1,F0005514,1,Bianca
F0005515-1,F0005515,1,Bianca
F0005516-1,F0005516,1,Bianca
F0005517-1,F0005517,1,Bianca
F0005518-1,F0005518,1,Bianca
F0005520-1,F0005520,1,Bianca
F0005522-1,F0005522,1,Bianca
F0005529-1,F0005529,1,Bianca
F0005530-1,F0005530,1,Bianca
F0005531-1,F0005531,1,Bianca
F0005532-1,F0005532,1,Bianca
F0005534-1,F0005534,1,Bianca
F0005535-1,F0005535,1,Bianca
F0005558-1,F0005558,1,Bianca
F0005560-1,F0005560,1,Bianca
F0005562-1,F0005562,1,Bianca
F0005565-1,F0005565,1,Bianca
F0005567-1,F0005567,1,Bianca
F0005568-1,F0005568,1,Bianca
F0005571-1,F0005571,1,Bianca
F0005572-1,F0005572,1,Bianca
F0005573-1,F0005573,1,Bianca
F0005574-1,F0005574,1,Bianca
F0005575-1,F0005575,1,Bianca
F0005576-1,F0005576,1,Bianca
F0005582-1,F0005582,1,Bianca
F0005583-1,F0005583,1,Bianca
F0005589-1,F0005589,1,Bianca
F0005595-1,F0005595,1,Bianca
F0005596-1,F0005596,1,Bianca
F0005597-1,F0005597,1,Bianca
F0005603-1,F0005603,1,Bianca
F0005611-1,F0005611,1,Bianca
F0005612-1,F0005612,1,Bianca
F0005615-1,F0005615,1,Bianca
F0005616-1,F0005616,1,Bianca
F0005617-1,F0005617,1,Bianca
F0005621-1,F0005621,1,Bianca
F0005622-1,F0005622,1,Bianca
F0005623-1,F0005623,1,Bianca
F0005624-1,F0005624,1,Bianca
F0005625-1,F0005625,1,Bianca
F0005626-1,F0005626,1,Bianca
F0005628-1,F0005628,1,Bianca
F0005629-1,F0005629,1,Bianca
F0005631-1,F0005631,1,Bianca
F0005634-1,F0005634,1,Bianca
F0005635-1,F0005635,1,Bianca
F0005639-1,F0005639,1,Bianca
F0005658-1,F0005658,1,Bianca
F0005659-1,F0005659,1,Bianca
F0005660-1,F0005660,1,Bianca
F0005661-1,F0005661,1,Bianca
F0005662-1,F0005662,1,Bianca
F0005663-1,F0005663,1,Bianca
F0005664-1,F0005664,1,Bianca
F0005668-1,F0005668,1,Bianca
F0005669-1,F0005669,1,Bianca
F0005670-1,F0005670,1,Bianca
F0005673-1,F0005673,1,Bianca
F0005674-1,F0005674,1,Bianca
F0005675-1,F0005675,1,Bianca
F0005676-1,F0005676,1,Bianca
F0005678-1,F0005678,1,Bianca
F0005679-1,F0005679,1,Bianca
F0005680-1,F0005680,1,Bianca
F0005681-1,F0005681,1,Bianca
F0005682-1,F0005682,1,Bianca
F0005683-1,F0005683,1,Bianca
F0005684-1,F0005684,1,Bianca
F0005685-1,F0005685,1,Bianca
F0005686-1,F0005686,1,Bianca
F0005687-1,F0005687,1,Bianca
F0005689-1,F0005689,1,Bianca
F0005691-1,F0005691,1,Bianca
F0005693-1,F0005693,1,Bianca
F0005695-1,F0005695,1,Bianca
F0005700-1,F0005700,1,Bianca
F0005702-1,F0005702,1,Bianca
F0005706-1,F0005706,1,Bianca
F0005708-1,F0005708,1,Bianca
F0005711-1,F0005711,1,Bianca
F0005713-1,F0005713,1,Bianca
F0005717-1,F0005717,1,Bianca
F0005718-1,F0005718,1,Bianca
F0005719-1,F0005719,1,Bianca
F0005731-1,F0005731,1,Bianca
F0005732-1,F0005732,1,Bianca
F0005733-1,F0005733,1,Bianca
F0005734-1,F0005734,1,Bianca
F0005735-1,F0005735,1,Bianca
F0005736-1,F0005736,1,Bianca
F0005737-1,F0005737,1,Bianca
F0005738-1,F0005738,1,Bianca
F0005744-1,F0005744,1,Bianca
F0005745-1,F0005745,1,Bianca
F0005746-1,F0005746,1,Bianca
F0005749-1,F0005749,1,Bianca
F0005752-1,F0005752,1,Bianca
F0005753-1,F0005753,1,Bianca
F0005754-1,F0005754,1,Bianca
F0005760-1,F0005760,1,Bianca
F0005766-1,F0005766,1,Bianca
F0005767-1,F0005767,1,Bianca
F0005768-1,F0005768,1,Bianca
F0005770-1,F0005770,1,Bianca
F0005776-1,F0005776,1,Bianca
F0005778-1,F0005778,1,Bianca
F0005779-1,F0005779,1,Bianca
F0005780-1,F0005780,1,Bianca
F0005787-1,F0005787,1,Bianca
F0005789-1,F0005789,1,Bianca
F0005794-1,F0005794,1,Bianca
F0005795-1,F0005795,1,Bianca
F0005796-1,F0005796,1,Bianca
F0005817-1,F0005817,1,Bianca
F0005818-1,F0005818,1,Bianca
F0005820-1,F0005820,1,Bianca
F0005829-1,F0005829,1,Bianca
F0005839-1,F0005839,1,Bianca
F0005841-1,F0005841,1,Bianca
F0005842-1,F0005842,1,Bianca
F0005843-1,F0005843,1,Bianca
F0005845-1,F0005845,1,Bianca
F0005847-1,F0005847,1,Bianca
F0005856-1,F0005856,1,Bianca
F0005857-1,F0005857,1,Bianca
F0005859-1,F0005859,1,Bianca
F0005860-1,F0005860,1,Bianca
F0005861-1,F0005861,1,Bianca
F0005863-1,F0005863,1,Bianca
F0005864-1,F0005864,1,Bianca
F0005865-1,F0005865,1,Bianca
F0005866-1,F0005866,1,Bianca
F0005867-1,F0005867,1,Bianca
F0005868-1,F0005868,1,Bianca
F0005869-1,F0005869,1,Bianca
F0005870-1,F0005870,1,Bianca
F0005871-1,F0005871,1,Bianca
F0005881-1,F0005881,1,Bianca
F0005882-1,F0005882,1,Bianca
F0005883-1,F0005883,1,Bianca
F0005886-1,F0005886,1,Bianca
F0005887-1,F0005887,1,Bianca
F0005891-1,F0005891,1,Bianca
F0005892-1,F0005892,1,Bianca
F0005899-1,F0005899,1,Bianca
F0005901-1,F0005901,1,Bianca
F0005903-1,F0005903,1,Bianca
F0005907-1,F0005907,1,Bianca
F0005909-1,F0005909,1,Bianca
F0005911-1,F0005911,1,Bianca
F0005912-1,F0005912,1,Bianca
F0005913-1,F0005913,1,Bianca
F0005919-1,F0005919,1,Bianca
F0005929-1,F0005929,1,Bianca
F0005933-1,F0005933,1,Bianca
F0005935-1,F0005935,1,Bianca
F0005936-1,F0005936,1,Bianca
F0005941-1,F0005941,1,Bianca
F0005943-1,F0005943,1,Bianca
F0005946-1,F0005946,1,Bianca
F0005947-1,F0005947,1,Bianca
F0005949-1,F0005949,1,Bianca
F0005950-1,F0005950,1,Bianca
F0005961-1,F0005961,1,Bianca
F0005962-1,F0005962,1,Bianca
F0005963-1,F0005963,1,Bianca
F0005974-1,F0005974,1,Bianca
F0005977-1,F0005977,1,Bianca
F0005979-1,F0005979,1,Bianca
F0005980-1,F0005980,1,Bianca
F0005982-1,F0005982,1,Bianca
F0005983-1,F0005983,1,Bianca
F0005984-1,F0005984,1,Bianca
F0005985-1,F0005985,1,Bianca
F0005986-1,F0005986,1,Bianca
F0005989-1,F0005989,1,Bianca
F0005990-1,F0005990,1,Bianca
F0005996-1,F0005996,1,Bianca
F0005997-1,F0005997,1,Bianca
F0006004-1,F0006004,1,Bianca
F0006005-1,F0006005,1,Bianca
F0006007-1,F0006007,1,Bianca
F0006016-1,F0006016,1,Bianca
F0006017-1,F0006017,1,Bianca
F0006018-1,F0006018,1,Bianca
F0006019-1,F0006019,1,Bianca
F0006021-1,F0006021,1,Bianca
F0006022-1,F0006022,1,Bianca
F0006023-1,F0006023,1,Bianca
F0006026-1,F0006026,1,Bianca
F0006027-1,F0006027,1,Bianca
F0006038-1,F0006038,1,Bianca
F0006039-1,F0006039,1,Bianca
F0006041-1,F0006041,1,Bianca
F0006042-1,F0006042,1,Bianca
F0006043-1,F0006043,1,Bianca
F0006044-1,F0006044,1,Bianca
F0006045-1,F0006045,1,Bianca
F0006046-1,F0006046,1,Bianca
F0006049-1,F0006049,1,Bianca
F0006051-1,F0006051,1,Bianca
F0006052-1,F0006052,1,Bianca
F0006053-1,F0006053,1,Bianca
F0006055-1,F0006055,1,Bianca
F0006057-1,F0006057,1,Bianca
F0006058-1,F0006058,1,Bianca
F0006059-1,F0006059,1,Bianca
F0006061-1,F0006061,1,Bianca
F0006062-1,F0006062,1,Bianca
F0006064-1,F0006064,1,Bianca
F0006065-1,F0006065,1,Bianca
F0006067-1,F0006067,1,Bianca
F0006073-1,F0006073,1,Bianca
F0006080-1,F0006080,1,Bianca
F0006083-1,F0006083,1,Bianca
F0006085-1,F0006085,1,Bianca
F0006087-1,F0006087,1,Bianca
F0006097-1,F0006097,1,Bianca
F0006105-1,F0006105,1,Bianca
F0006137-1,F0006137,1,Bianca
F0006138-1,F0006138,1,Bianca
F0006148-1,F0006148,1,Bianca
F0006149-1,F0006149,1,Bianca
F0006173-1,F0006173,1,Bianca
F0006174-1,F0006174,1,Bianca
F0006187-1,F0006187,1,Bianca
F0006206-1,F0006206,1,Bianca
F0006207-1,F0006207,1,Bianca
F0006216-1,F0006216,1,Bianca
F0006227-1,F0006227,1,Bianca
F0006228-1,F0006228,1,Bianca
F0006229-1,F0006229,1,Bianca
F0006232-1,F0006232,1,Bianca
F0006233-1,F0006233,1,Bianca
F0006235-1,F0006235,1,Bianca
F0006266-1,F0006266,1,Bianca
F0006267-1,F0006267,1,Bianca
F0006359-1,F0006359,1,Bianca
F0006718-1,F0006718,1,Bianca
F0007070-1,F0007070,1,Bianca
F0007071-1,F0007071,1,Bianca
F0007100-1,F0007100,1,Bianca
F0007103-1,F0007103,1,Bianca
F0007108-1,F0007108,1,Bianca
F0007122-1,F0007122,1,Bianca
F0007166-1,F0007166,1,Bianca
F0007177-1,F0007177,1,Bianca
F0007301-1,F0007301,1,Bianca
F0007311-1,F0007311,1,Bianca
F0007598-1,F0007598,1,Bianca
F0007603-1,F0007603,1,Bianca
F0007605-1,F0007605,1,Bianca
F0007642-1,F0007642,1,Bianca
F0007654-1,F0007654,1,Bianca
F0007655-1,F0007655,1,Bianca
F0007656-1,F0007656,1,Bianca
F0007657-1,F0007657,1,Bianca
F0007792-1,F0007792,1,Bianca
F0007798-1,F0007798,1,Bianca
F0007802-1,F0007802,1,Bianca
F0007803-1,F0007803,1,Bianca
F0007810-1,F0007810,1,Bianca
F0007813-1,F0007813,1,Bianca
F0008000-1,F0008000,1,Bianca
F0008011-1,F0008011,1,Bianca
F0008024-1,F0008024,1,Bianca
F0008193-1,F0008193,1,Bianca
F0008281-1,F0008281,1,Bianca
F0008283-1,F0008283,1,Bianca
F0008284-1,F0008284,1,Bianca
F0008285-1,F0008285,1,Bianca
F0008293-1,F0008293,1,Bianca
F0008294-1,F0008294,1,Bianca
F0008298-1,F0008298,1,Bianca
F0008336-1,F0008336,1,Bianca
F0008338-1,F0008338,1,Bianca
F0008719-1,F0008719,1,Bianca
F0008728-1,F0008728,1,Bianca
F0008737-1,F0008737,1,Bianca
F0008749-1,F0008749,1,Bianca
F0008775-1,F0008775,1,Bianca
F0008776-1,F0008776,1,Bianca
F0008781-1,F0008781,1,Bianca
F0008829-1,F0008829,1,Bianca
F0008831-1,F0008831,1,Bianca
F0008834-1,F0008834,1,Bianca
F0008835-1,F0008835,1,Bianca
F0008836-1,F0008836,1,Bianca
F0008840-1,F0008840,1,Bianca
F0008843-1,F0008843,1,Bianca
F0008847-1,F0008847,1,Bianca
F0008971-1,F0008971,1,Bianca
F0009139-1,F0009139,1,Bianca
F0009151-1,F0009151,1,Bianca
F0009198-1,F0009198,1,Bianca
F0009205-1,F0009205,1,Bianca
F0009318-1,F0009318,1,Bianca
F0009368-1,F0009368,1,Bianca
F0009373-1,F0009373,1,Bianca
F0009385-1,F0009385,1,Bianca
F0009438-1,F0009438,1,Bianca
F0009547-1,F0009547,1,Bianca
F0009596-1,F0009596,1,Bianca
F0009652-1,F0009652,1,Bianca
F0009765-1,F0009765,1,Bianca
F0009782-1,F0009782,1,Bianca
F0009824-1,F0009824,1,Bianca
F0009826-1,F0009826,1,Bianca
F0009848-1,F0009848,1,Bianca
F0009849-1,F0009849,1,Bianca
F0009869-1,F0009869,1,Bianca
F0009870-1,F0009870,1,Bianca
F0009880-1,F0009880,1,Bianca
F0009980-1,F0009980,1,Bianca
F0009989-1,F0009989,1,Bianca
F0010016-1,F0010016,1,Bianca
F0010018-1,F0010018,1,Bianca
F0010050-1,F0010050,1,Bianca
F0010088-1,F0010088,1,Bianca
F0010145-1,F0010145,1,Bianca
F0010178-1,F0010178,1,Bianca
F0010202-1,F0010202,1,Bianca
F0010361-1,F0010361,1,Bianca
F0010404-1,F0010404,1,Bianca
F0010425-1,F0010425,1,Bianca
F0010509-1,F0010509,1,Bianca
F0010557-1,F0010557,1,Bianca
F0010561-1,F0010561,1,Bianca
F0010633-1,F0010633,1,Bianca
F0010757-1,F0010757,1,Bianca
F0010762-1,F0010762,1,Bianca
F0010796-1,F0010796,1,Bianca
F0010822-1,F0010822,1,Bianca
F0010935-1,F0010935,1,Bianca
F0010962-1,F0010962,1,Bianca
F0010972-1,F0010972,1,Bianca
F0011009-1,F0011009,1,Bianca
F0011010-1,F0011010,1,Bianca
F0011033-1,F0011033,1,Bianca
F0011045-1,F0011045,1,Bianca
F0011101-1,F0011101,1,Bianca
F0011140-1,F0011140,1,Bianca
F0011146-1,F0011146,1,Bianca
F0011209-1,F0011209,1,Bianca
F0011274-1,F0011274,1,Bianca
F0011284-1,F0011284,1,Bianca
F0011348-1,F0011348,1,Bianca
F0011349-1,F0011349,1,Bianca
F0011376-1,F0011376,1,Bianca
F0011389-1,F0011389,1,Bianca
F0011477-1,F0011477,1,Bianca
F0011485-1,F0011485,1,Bianca
F0011503-1,F0011503,1,Bianca
F0011547-1,F0011547,1,Bianca
F0011571-1,F0011571,1,Bianca
F0011637-1,F0011637,1,Bianca
F0011642-1,F0011642,1,Bianca
F0011649-1,F0011649,1,Bianca
F0011672-1,F0011672,1,Bianca
F0011701-1,F0011701,1,Bianca
F0011722-1,F0011722,1,Bianca
F0011746-1,F0011746,1,Bianca
F0011912-1,F0011912,1,Bianca
F0011914-1,F0011914,1,Bianca
F0011948-1,F0011948,1,Bianca
F0011985-1,F0011985,1,Bianca
F0011998-1,F0011998,1,Bianca
F0012000-1,F0012000,1,Bianca
F0012001-1,F0012001,1,Bianca
F0012041-1,F0012041,1,Bianca
F0012042-1,F0012042,1,Bianca
F0012045-1,F0012045,1,Bianca
F0012054-1,F0012054,1,Bianca
F0012076-1,F0012076,1,Bianca
F0012077-1,F0012077,1,Bianca
F0012079-1,F0012079,1,Bianca
F0012081-1,F0012081,1,Bianca
F0012087-1,F0012087,1,Bianca
F0012088-1,F0012088,1,Bianca
F0012101-1,F0012101,1,Bianca
F0012103-1,F0012103,1,Bianca
F0012108-1,F0012108,1,Bianca
F0012148-1,F0012148,1,Bianca
F0012149-1,F0012149,1,Bianca
F0012169-1,F0012169,1,Bianca
F0012270-1,F0012270,1,Bianca
F0012280-1,F0012280,1,Bianca
F0012285-1,F0012285,1,Bianca
F0012337-1,F0012337,1,Bianca
F0012345-1,F0012345,1,Bianca
F0012349-1,F0012349,1,Bianca
F0012419-1,F0012419,1,Bianca
F0012420-1,F0012420,1,Bianca
F0012430-1,F0012430,1,Bianca
F0012437-1,F0012437,1,Bianca
F0012452-1,F0012452,1,Bianca
F0012473-1,F0012473,1,Bianca
F0012479-1,F0012479,1,Bianca
F0012491-1,F0012491,1,Bianca
F0012502-1,F0012502,1,Bianca
F0012615-1,F0012615,1,Bianca
F0012622-1,F0012622,1,Bianca
F0012651-1,F0012651,1,Bianca
F0012655-1,F0012655,1,Bianca
F0012694-1,F0012694,1,Bianca
F0012695-1,F0012695,1,Bianca
F0012704-1,F0012704,1,Bianca
F0012769-1,F0012769,1,Bianca
F0012806-1,F0012806,1,Bianca
F0012807-1,F0012807,1,Bianca
F0012816-1,F0012816,1,Bianca
F0012878-1,F0012878,1,Bianca
F0012923-1,F0012923,1,Bianca
F0012934-1,F0012934,1,Bianca
F0012947-1,F0012947,1,Bianca
F0012957-1,F0012957,1,Bianca
F0012969-1,F0012969,1,Bianca
F0013008-1,F0013008,1,Bianca
F0013010-1,F0013010,1,Bianca
F0013021-1,F0013021,1,Bianca
F0013083-1,F0013083,1,Bianca
F0013093-1,F0013093,1,Bianca
F0013101-1,F0013101,1,Bianca
F0013104-1,F0013104,1,Bianca
F0013127-1,F0013127,1,Bianca
F0013130-1,F0013130,1,Bianca
F0013131-1,F0013131,1,Bianca
F0013134-1,F0013134,1,Bianca
F0013152-1,F0013152,1,Bianca
F0013298-1,F0013298,1,Bianca
F0013310-1,F0013310,1,Bianca
F0013314-1,F0013314,1,Bianca
F0013319-1,F0013319,1,Bianca
F0013327-1,F0013327,1,Bianca
F0013357-1,F0013357,1,Bianca
F0013381-1,F0013381,1,Bianca
F0013408-1,F0013408,1,Bianca
F0013441-1,F0013441,1,Bianca
F0013468-1,F0013468,1,Bianca
F0013591-1,F0013591,1,Bianca
F0013664-1,F0013664,1,Bianca
F0013667-1,F0013667,1,Bianca
F0013686-1,F0013686,1,Bianca
F0013689-1,F0013689,1,Bianca
F0013725-1,F0013725,1,Bianca
F0013809-1,F0013809,1,Bianca
F0013904-1,F0013904,1,Bianca
F0013910-1,F0013910,1,Bianca
F0013967-1,F0013967,1,Bianca
F0014098-1,F0014098,1,Bianca
F0014110-1,F0014110,1,Bianca
F0014115-1,F0014115,1,Bianca
F0014138-1,F0014138,1,Bianca
F0014143-1,F0014143,1,Bianca
F0014152-1,F0014152,1,Bianca
F0014227-1,F0014227,1,Bianca
F0014236-1,F0014236,1,Bianca
F0014312-1,F0014312,1,Bianca
F0014560-1,F0014560,1,Bianca
F0014562-1,F0014562,1,Bianca
F0000364-1,F0000364,1,Sasha
F0000374-1,F0000374,1,Sasha
F0000375-1,F0000375,1,Sasha
F0000376-1,F0000376,1,Sasha
F0000378-1,F0000378,1,Sasha
F0000380-1,F0000380,1,Sasha
F0000381-1,F0000381,1,Sasha
F0000382-1,F0000382,1,Sasha
F0000390-1,F0000390,1,Sasha
F0000391-1,F0000391,1,Sasha
F0000392-1,F0000392,1,Sasha
F0000396-1,F0000396,1,Sasha
F0000397-1,F0000397,1,Sasha
F0000398-1,F0000398,1,Sasha
F0000399-1,F0000399,1,Sasha
F0000400-1,F0000400,1,Sasha
F0000403-1,F0000403,1,Sasha
F0000404-1,F0000404,1,Sasha
F0000405-1,F0000405,1,Sasha
F0000406-1,F0000406,1,Sasha
F0000407-1,F0000407,1,Sasha
F0000410-1,F0000410,1,Sasha
F0000411-1,F0000411,1,Sasha
F0000412-1,F0000412,1,Sasha
F0000415-1,F0000415,1,Sasha
F0000416-1,F0000416,1,Sasha
F0000418-1,F0000418,1,Sasha
F0000419-1,F0000419,1,Sasha
F0000421-1,F0000421,1,Sasha
F0000422-1,F0000422,1,Sasha
F0000423-1,F0000423,1,Sasha
F0000430-1,F0000430,1,Sasha
F0000431-1,F0000431,1,Sasha
F0000432-1,F0000432,1,Sasha
F0000437-1,F0000437,1,Sasha
F0000438-1,F0000438,1,Sasha
F0000442-1,F0000442,1,Sasha
F0000444-1,F0000444,1,Sasha
F0000448-1,F0000448,1,Sasha
F0000449-1,F0000449,1,Sasha
F0000456-1,F0000456,1,Sasha
F0000458-1,F0000458,1,Sasha
F0000459-1,F0000459,1,Sasha
F0000460-1,F0000460,1,Sasha
F0000461-1,F0000461,1,Sasha
F0000462-1,F0000462,1,Sasha
F0000464-1,F0000464,1,Sasha
F0000465-1,F0000465,1,Sasha
F0000466-1,F0000466,1,Sasha
F0000468-1,F0000468,1,Sasha
F0000476-1,F0000476,1,Sasha
F0000477-1,F0000477,1,Sasha
F0000499-1,F0000499,1,Sasha
F0000500-1,F0000500,1,Sasha
F0000501-1,F0000501,1,Sasha
F0000502-1,F0000502,1,Sasha
F0000503-1,F0000503,1,Sasha
F0000504-1,F0000504,1,Sasha
F0000515-1,F0000515,1,Sasha
F0000516-1,F0000516,1,Sasha
F0000517-1,F0000517,1,Sasha
F0000518-1,F0000518,1,Sasha
F0000519-1,F0000519,1,Sasha
F0000520-1,F0000520,1,Sasha
F0000522-1,F0000522,1,Sasha
F0000523-1,F0000523,1,Sasha
F0000524-1,F0000524,1,Sasha
F0000526-1,F0000526,1,Sasha
F0000527-1,F0000527,1,Sasha
F0000530-1,F0000530,1,Sasha
F0000531-1,F0000531,1,Sasha
F0000534-1,F0000534,1,Sasha
F0000535-1,F0000535,1,Sasha
F0000541-1,F0000541,1,Sasha
F0000547-1,F0000547,1,Sasha
F0000550-1,F0000550,1,Sasha
F0000552-1,F0000552,1,Sasha
F0000555-1,F0000555,1,Sasha
F0000556-1,F0000556,1,Sasha
F0000557-1,F0000557,1,Sasha
F0000561-1,F0000561,1,Sasha
F0000565-1,F0000565,1,Sasha
F0000569-1,F0000569,1,Sasha
F0000578-1,F0000578,1,Sasha
F0000580-1,F0000580,1,Sasha
F0000582-1,F0000582,1,Sasha
F0000583-1,F0000583,1,Sasha
F0000584-1,F0000584,1,Sasha
F0000585-1,F0000585,1,Sasha
F0000588-1,F0000588,1,Sasha
F0000594-1,F0000594,1,Sasha
F0000598-1,F0000598,1,Sasha
F0000599-1,F0000599,1,Sasha
F0000602-1,F0000602,1,Sasha
F0000603-1,F0000603,1,Sasha
F0000605-1,F0000605,1,Sasha
F0000606-1,F0000606,1,Sasha
F0000607-1,F0000607,1,Sasha
F0000609-1,F0000609,1,Sasha
F0000611-1,F0000611,1,Sasha
F0000612-1,F0000612,1,Sasha
F0000613-1,F0000613,1,Sasha
F0000614-1,F0000614,1,Sasha
F0000615-1,F0000615,1,Sasha
F0000617-1,F0000617,1,Sasha
F0000633-1,F0000633,1,Sasha
F0000634-1,F0000634,1,Sasha
F0000637-1,F0000637,1,Sasha
F0000638-1,F0000638,1,Sasha
F0000639-1,F0000639,1,Sasha
F0000644-1,F0000644,1,Sasha
F0000645-1,F0000645,1,Sasha
F0000648-1,F0000648,1,Sasha
F0000649-1,F0000649,1,Sasha
F0000652-1,F0000652,1,Sasha
F0000653-1,F0000653,1,Sasha
F0000654-1,F0000654,1,Sasha
F0000655-1,F0000655,1,Sasha
F0000656-1,F0000656,1,Sasha
F0000657-1,F0000657,1,Sasha
F0000659-1,F0000659,1,Sasha
F0000660-1,F0000660,1,Sasha
F0000673-1,F0000673,1,Sasha
F0000674-1,F0000674,1,Sasha
F0000681-1,F0000681,1,Sasha
F0000682-1,F0000682,1,Sasha
F0000686-1,F0000686,1,Sasha
F0000701-1,F0000701,1,Sasha
F0000703-1,F0000703,1,Sasha
F0000706-1,F0000706,1,Sasha
F0000707-1,F0000707,1,Sasha
F0000708-1,F0000708,1,Sasha
F0000710-1,F0000710,1,Sasha
F0000711-1,F0000711,1,Sasha
F0000712-1,F0000712,1,Sasha
F0000715-1,F0000715,1,Sasha
F0000716-1,F0000716,1,Sasha
F0000719-1,F0000719,1,Sasha
F0000720-1,F0000720,1,Sasha
F0000724-1,F0000724,1,Sasha
F0000725-1,F0000725,1,Sasha
F0000729-1,F0000729,1,Sasha
F0000730-1,F0000730,1,Sasha
F0000733-1,F0000733,1,Sasha
F0000738-1,F0000738,1,Sasha
F0000742-1,F0000742,1,Sasha
F0000751-1,F0000751,1,Sasha
F0000752-1,F0000752,1,Sasha
F0000753-1,F0000753,1,Sasha
F0000760-1,F0000760,1,Sasha
F0000786-1,F0000786,1,Sasha
F0000800-1,F0000800,1,Sasha
F0000803-1,F0000803,1,Sasha
F0000806-1,F0000806,1,Sasha
F0000807-1,F0000807,1,Sasha
F0000808-1,F0000808,1,Sasha
F0000810-1,F0000810,1,Sasha
F0000814-1,F0000814,1,Sasha
F0000815-1,F0000815,1,Sasha
F0000819-1,F0000819,1,Sasha
F0000826-1,F0000826,1,Sasha
F0000827-1,F0000827,1,Sasha
F0000836-1,F0000836,1,Sasha
F0000843-1,F0000843,1,Sasha
F0000857-1,F0000857,1,Sasha
F0000863-1,F0000863,1,Sasha
F0000864-1,F0000864,1,Sasha
F0000882-1,F0000882,1,Sasha
F0000883-1,F0000883,1,Sasha
F0000936-1,F0000936,1,Sasha
F0000937-1,F0000937,1,Sasha
F0000938-1,F0000938,1,Sasha
F0000940-1,F0000940,1,Sasha
F0000960-1,F0000960,1,Sasha
F0000962-1,F0000962,1,Sasha
F0000964-1,F0000964,1,Sasha
F0000966-1,F0000966,1,Sasha
F0000968-1,F0000968,1,Sasha
F0000969-1,F0000969,1,Sasha
F0000970-1,F0000970,1,Sasha
F0000971-1,F0000971,1,Sasha
F0000972-1,F0000972,1,Sasha
F0000984-1,F0000984,1,Sasha
F0000985-1,F0000985,1,Sasha
F0000986-1,F0000986,1,Sasha
F0000987-1,F0000987,1,Sasha
F0000988-1,F0000988,1,Sasha
F0000989-1,F0000989,1,Sasha
F0000990-1,F0000990,1,Sasha
F0000992-1,F0000992,1,Sasha
F0000994-1,F0000994,1,Sasha
F0000995-1,F0000995,1,Sasha
F0000999-1,F0000999,1,Sasha
F0001000-1,F0001000,1,Sasha
F0001001-1,F0001001,1,Sasha
F0001002-1,F0001002,1,Sasha
F0001003-1,F0001003,1,Sasha
F0001004-1,F0001004,1,Sasha
F0001005-1,F0001005,1,Sasha
F0001006-1,F0001006,1,Sasha
F0001008-1,F0001008,1,Sasha
F0001009-1,F0001009,1,Sasha
F0001010-1,F0001010,1,Sasha
F0001018-1,F0001018,1,Sasha
F0001022-1,F0001022,1,Sasha
F0001023-1,F0001023,1,Sasha
F0001027-1,F0001027,1,Sasha
F0001031-1,F0001031,1,Sasha
F0001038-1,F0001038,1,Sasha
F0001039-1,F0001039,1,Sasha
F0001040-1,F0001040,1,Sasha
F0001041-1,F0001041,1,Sasha
F0001042-1,F0001042,1,Sasha
F0001043-1,F0001043,1,Sasha
F0001044-1,F0001044,1,Sasha
F0001045-1,F0001045,1,Sasha
F0001047-1,F0001047,1,Sasha
F0001053-1,F0001053,1,Sasha
F0001054-1,F0001054,1,Sasha
F0001055-1,F0001055,1,Sasha
F0001056-1,F0001056,1,Sasha
F0001057-1,F0001057,1,Sasha
F0001058-1,F0001058,1,Sasha
F0001060-1,F0001060,1,Sasha
F0001062-1,F0001062,1,Sasha
F0001064-1,F0001064,1,Sasha
F0001068-1,F0001068,1,Sasha
F0001072-1,F0001072,1,Sasha
F0001080-1,F0001080,1,Sasha
F0001081-1,F0001081,1,Sasha
F0001097-1,F0001097,1,Sasha
F0001098-1,F0001098,1,Sasha
F0001100-1,F0001100,1,Sasha
F0001109-1,F0001109,1,Sasha
F0001110-1,F0001110,1,Sasha
F0001111-1,F0001111,1,Sasha
F0001132-1,F0001132,1,Sasha
F0001133-1,F0001133,1,Sasha
F0001134-1,F0001134,1,Sasha
F0001135-1,F0001135,1,Sasha
F0001136-1,F0001136,1,Sasha
F0001138-1,F0001138,1,Sasha
F0001141-1,F0001141,1,Sasha
F0001142-1,F0001142,1,Sasha
F0001143-1,F0001143,1,Sasha
F0001147-1,F0001147,1,Sasha
F0001148-1,F0001148,1,Sasha
F0001149-1,F0001149,1,Sasha
F0001150-1,F0001150,1,Sasha
F0001151-1,F0001151,1,Sasha
F0001152-1,F0001152,1,Sasha
F0001153-1,F0001153,1,Sasha
F0001155-1,F0001155,1,Sasha
F0001156-1,F0001156,1,Sasha
F0001157-1,F0001157,1,Sasha
F0001158-1,F0001158,1,Sasha
F0001159-1,F0001159,1,Sasha
F0001160-1,F0001160,1,Sasha
F0001161-1,F0001161,1,Sasha
F0001168-1,F0001168,1,Sasha
F0001173-1,F0001173,1,Sasha
F0001177-1,F0001177,1,Sasha
F0001184-1,F0001184,1,Sasha
F0001185-1,F0001185,1,Sasha
F0001186-1,F0001186,1,Sasha
F0001187-1,F0001187,1,Sasha
F0001189-1,F0001189,1,Sasha
F0001190-1,F0001190,1,Sasha
F0001191-1,F0001191,1,Sasha
F0001195-1,F0001195,1,Sasha
F0001202-1,F0001202,1,Sasha
F0001203-1,F0001203,1,Sasha
F0001204-1,F0001204,1,Sasha
F0001205-1,F0001205,1,Sasha
F0001207-1,F0001207,1,Sasha
F0001208-1,F0001208,1,Sasha
F0001210-1,F0001210,1,Sasha
F0001211-1,F0001211,1,Sasha
F0001213-1,F0001213,1,Sasha
F0001214-1,F0001214,1,Sasha
F0001215-1,F0001215,1,Sasha
F0001216-1,F0001216,1,Sasha
F0001217-1,F0001217,1,Sasha
F0001218-1,F0001218,1,Sasha
F0001226-1,F0001226,1,Sasha
F0001232-1,F0001232,1,Sasha
F0001240-1,F0001240,1,Sasha
F0001243-1,F0001243,1,Sasha
F0001245-1,F0001245,1,Sasha
F0001250-1,F0001250,1,Sasha
F0001256-1,F0001256,1,Sasha
F0001257-1,F0001257,1,Sasha
F0001259-1,F0001259,1,Sasha
F0001260-1,F0001260,1,Sasha
F0001261-1,F0001261,1,Sasha
F0001262-1,F0001262,1,Sasha
F0001263-1,F0001263,1,Sasha
F0001267-1,F0001267,1,Sasha
F0001269-1,F0001269,1,Sasha
F0001278-1,F0001278,1,Sasha
F0001285-1,F0001285,1,Sasha
F0001286-1,F0001286,1,Sasha
F0001287-1,F0001287,1,Sasha
F0001288-1,F0001288,1,Sasha
F0001308-1,F0001308,1,Sasha
F0001313-1,F0001313,1,Sasha
F0001323-1,F0001323,1,Sasha
F0001324-1,F0001324,1,Sasha
F0001325-1,F0001325,1,Sasha
F0001326-1,F0001326,1,Sasha
F0001328-1,F0001328,1,Sasha
F0001329-1,F0001329,1,Sasha
F0001330-1,F0001330,1,Sasha
F0001331-1,F0001331,1,Sasha
F0001332-1,F0001332,1,Sasha
F0001333-1,F0001333,1,Sasha
F0001334-1,F0001334,1,Sasha
F0001335-1,F0001335,1,Sasha
F0001336-1,F0001336,1,Sasha
F0001337-1,F0001337,1,Sasha
F0001339-1,F0001339,1,Sasha
F0001340-1,F0001340,1,Sasha
F0001341-1,F0001341,1,Sasha
F0001342-1,F0001342,1,Sasha
F0001355-1,F0001355,1,Sasha
F0001358-1,F0001358,1,Sasha
F0001369-1,F0001369,1,Sasha
F0001373-1,F0001373,1,Sasha
F0001374-1,F0001374,1,Sasha
F0001375-1,F0001375,1,Sasha
F0001377-1,F0001377,1,Sasha
F0001390-1,F0001390,1,Sasha
F0001391-1,F0001391,1,Sasha
F0001392-1,F0001392,1,Sasha
F0001395-1,F0001395,1,Sasha
F0001396-1,F0001396,1,Sasha
F0001397-1,F0001397,1,Sasha
F0001398-1,F0001398,1,Sasha
F0001399-1,F0001399,1,Sasha
F0001400-1,F0001400,1,Sasha
F0001401-1,F0001401,1,Sasha
F0001405-1,F0001405,1,Sasha
F0001406-1,F0001406,1,Sasha
F0001408-1,F0001408,1,Sasha
F0001409-1,F0001409,1,Sasha
F0001410-1,F0001410,1,Sasha
F0001411-1,F0001411,1,Sasha
F0001416-1,F0001416,1,Sasha
F0001417-1,F0001417,1,Sasha
F0001418-1,F0001418,1,Sasha
F0001419-1,F0001419,1,Sasha
F0001420-1,F0001420,1,Sasha
F0001421-1,F0001421,1,Sasha
F0001436-1,F0001436,1,Sasha
F0001437-1,F0001437,1,Sasha
F0001440-1,F0001440,1,Sasha
F0001444-1,F0001444,1,Sasha
F0001448-1,F0001448,1,Sasha
F0001465-1,F0001465,1,Sasha
F0001467-1,F0001467,1,Sasha
F0001469-1,F0001469,1,Sasha
F0001473-1,F0001473,1,Sasha
F0001475-1,F0001475,1,Sasha
F0001476-1,F0001476,1,Sasha
F0001479-1,F0001479,1,Sasha
F0001481-1,F0001481,1,Sasha
F0001482-1,F0001482,1,Sasha
F0001483-1,F0001483,1,Sasha
F0001484-1,F0001484,1,Sasha
F0001488-1,F0001488,1,Sasha
F0001491-1,F0001491,1,Sasha
F0001493-1,F0001493,1,Sasha
F0001495-1,F0001495,1,Sasha
F0001503-1,F0001503,1,Sasha
F0001504-1,F0001504,1,Sasha
F0001505-1,F0001505,1,Sasha
F0001507-1,F0001507,1,Sasha
F0001508-1,F0001508,1,Sasha
F0001512-1,F0001512,1,Sasha
F0001513-1,F0001513,1,Sasha
F0001515-1,F0001515,1,Sasha
F0001516-1,F0001516,1,Sasha
F0001517-1,F0001517,1,Sasha
F0001518-1,F0001518,1,Sasha
F0001519-1,F0001519,1,Sasha
F0001521-1,F0001521,1,Sasha
F0001525-1,F0001525,1,Sasha
F0001528-1,F0001528,1,Sasha
F0001529-1,F0001529,1,Sasha
F0001530-1,F0001530,1,Sasha
F0001531-1,F0001531,1,Sasha
F0001532-1,F0001532,1,Sasha
F0001535-1,F0001535,1,Sasha
F0001537-1,F0001537,1,Sasha
F0001542-1,F0001542,1,Sasha
F0001547-1,F0001547,1,Sasha
F0001548-1,F0001548,1,Sasha
F0001549-1,F0001549,1,Sasha
F0001550-1,F0001550,1,Sasha
F0001551-1,F0001551,1,Sasha
F0001552-1,F0001552,1,Sasha
F0001555-1,F0001555,1,Sasha
F0001629-1,F0001629,1,Sasha
F0001664-1,F0001664,1,Sasha
F0001671-1,F0001671,1,Sasha
F0001674-1,F0001674,1,Sasha
F0001679-1,F0001679,1,Sasha
F0001681-1,F0001681,1,Sasha
F0001682-1,F0001682,1,Sasha
F0001683-1,F0001683,1,Sasha
F0001684-1,F0001684,1,Sasha
F0001707-1,F0001707,1,Sasha
F0001711-1,F0001711,1,Sasha
F0001725-1,F0001725,1,Sasha
F0001782-1,F0001782,1,Sasha
F0001784-1,F0001784,1,Sasha
F0001785-1,F0001785,1,Sasha
F0001787-1,F0001787,1,Sasha
F0001788-1,F0001788,1,Sasha
F0001812-1,F0001812,1,Sasha
F0001813-1,F0001813,1,Sasha
F0001820-1,F0001820,1,Sasha
F0001824-1,F0001824,1,Sasha
F0001825-1,F0001825,1,Sasha
F0001829-1,F0001829,1,Sasha
F0001837-1,F0001837,1,Sasha
F0001838-1,F0001838,1,Sasha
F0001840-1,F0001840,1,Sasha
F0001845-1,F0001845,1,Sasha
F0001846-1,F0001846,1,Sasha
F0001847-1,F0001847,1,Sasha
F0001849-1,F0001849,1,Sasha
F0001850-1,F0001850,1,Sasha
F0001851-1,F0001851,1,Sasha
F0002005-1,F0002005,1,Sasha
F0002007-1,F0002007,1,Sasha
F0002008-1,F0002008,1,Sasha
F0002065-1,F0002065,1,Sasha
F0002066-1,F0002066,1,Sasha
F0002068-1,F0002068,1,Sasha
F0002069-1,F0002069,1,Sasha
F0002070-1,F0002070,1,Sasha
F0002103-1,F0002103,1,Sasha
F0002104-1,F0002104,1,Sasha
F0002105-1,F0002105,1,Sasha
F0002109-1,F0002109,1,Sasha
F0002110-1,F0002110,1,Sasha
F0002111-1,F0002111,1,Sasha
F0002112-1,F0002112,1,Sasha
F0002113-1,F0002113,1,Sasha
F0002114-1,F0002114,1,Sasha
F0002115-1,F0002115,1,Sasha
F0002116-1,F0002116,1,Sasha
F0002127-1,F0002127,1,Sasha
F0002129-1,F0002129,1,Sasha
F0002296-1,F0002296,1,Sasha
F0002418-1,F0002418,1,Sasha
F0002419-1,F0002419,1,Sasha
F0002420-1,F0002420,1,Sasha
F0002421-1,F0002421,1,Sasha
F0002422-1,F0002422,1,Sasha
F0002423-1,F0002423,1,Sasha
F0002424-1,F0002424,1,Sasha
F0002426-1,F0002426,1,Sasha
F0002427-1,F0002427,1,Sasha
F0002428-1,F0002428,1,Sasha
F0002429-1,F0002429,1,Sasha
F0002430-1,F0002430,1,Sasha
F0002432-1,F0002432,1,Sasha
F0002434-1,F0002434,1,Sasha
F0002435-1,F0002435,1,Sasha
F0002437-1,F0002437,1,Sasha
F0002438-1,F0002438,1,Sasha
F0002439-1,F0002439,1,Sasha
F0002444-1,F0002444,1,Sasha
F0002445-1,F0002445,1,Sasha
F0002446-1,F0002446,1,Sasha
F0002480-1,F0002480,1,Sasha
F0002494-1,F0002494,1,Sasha
F0002495-1,F0002495,1,Sasha
F0002496-1,F0002496,1,Sasha
F0002497-1,F0002497,1,Sasha
F0002498-1,F0002498,1,Sasha
F0002499-1,F0002499,1,Sasha
F0002500-1,F0002500,1,Sasha
F0002504-1,F0002504,1,Sasha
F0002505-1,F0002505,1,Sasha
F0002507-1,F0002507,1,Sasha
F0002508-1,F0002508,1,Sasha
F0002509-1,F0002509,1,Sasha
F0002510-1,F0002510,1,Sasha
F0002514-1,F0002514,1,Sasha
F0002517-1,F0002517,1,Sasha
F0002520-1,F0002520,1,Sasha
F0002562-1,F0002562,1,Sasha
F0002576-1,F0002576,1,Sasha
F0002579-1,F0002579,1,Sasha
F0002634-1,F0002634,1,Sasha
F0002635-1,F0002635,1,Sasha
F0002639-1,F0002639,1,Sasha
F0002640-1,F0002640,1,Sasha
F0002642-1,F0002642,1,Sasha
F0002650-1,F0002650,1,Sasha
F0002651-1,F0002651,1,Sasha
F0002652-1,F0002652,1,Sasha
F0002654-1,F0002654,1,Sasha
F0002673-1,F0002673,1,Sasha
F0002674-1,F0002674,1,Sasha
F0002675-1,F0002675,1,Sasha
F0002684-1,F0002684,1,Sasha
F0002698-1,F0002698,1,Sasha
F0002700-1,F0002700,1,Sasha
F0002701-1,F0002701,1,Sasha
F0002702-1,F0002702,1,Sasha
F0002703-1,F0002703,1,Sasha
F0002704-1,F0002704,1,Sasha
F0002705-1,F0002705,1,Sasha
F0002706-1,F0002706,1,Sasha
F0002707-1,F0002707,1,Sasha
F0002708-1,F0002708,1,Sasha
F0002709-1,F0002709,1,Sasha
F0002710-1,F0002710,1,Sasha
F0002711-1,F0002711,1,Sasha
F0002712-1,F0002712,1,Sasha
F0002733-1,F0002733,1,Sasha
F0002734-1,F0002734,1,Sasha
F0002737-1,F0002737,1,Sasha
F0002738-1,F0002738,1,Sasha
F0002739-1,F0002739,1,Sasha
F0002740-1,F0002740,1,Sasha
F0002742-1,F0002742,1,Sasha
F0002743-1,F0002743,1,Sasha
F0002744-1,F0002744,1,Sasha
F0002745-1,F0002745,1,Sasha
F0002813-1,F0002813,1,Sasha
F0002814-1,F0002814,1,Sasha
F0002816-1,F0002816,1,Sasha
F0002817-1,F0002817,1,Sasha
F0002819-1,F0002819,1,Sasha
F0002820-1,F0002820,1,Sasha
F0002821-1,F0002821,1,Sasha
F0002823-1,F0002823,1,Sasha
F0002824-1,F0002824,1,Sasha
F0002825-1,F0002825,1,Sasha
F0002826-1,F0002826,1,Sasha
F0002827-1,F0002827,1,Sasha
F0002829-1,F0002829,1,Sasha
F0002830-1,F0002830,1,Sasha
F0002831-1,F0002831,1,Sasha
F0002834-1,F0002834,1,Sasha
F0002835-1,F0002835,1,Sasha
F0002836-1,F0002836,1,Sasha
F0002838-1,F0002838,1,Sasha
F0002839-1,F0002839,1,Sasha
F0002843-1,F0002843,1,Sasha
F0002868-1,F0002868,1,Sasha
F0002869-1,F0002869,1,Sasha
F0002871-1,F0002871,1,Sasha
F0002880-1,F0002880,1,Sasha
F0002897-1,F0002897,1,Sasha
F0002898-1,F0002898,1,Sasha
F0002900-1,F0002900,1,Sasha
F0002901-1,F0002901,1,Sasha
F0002902-1,F0002902,1,Sasha
F0002903-1,F0002903,1,Sasha
F0002904-1,F0002904,1,Sasha
F0002905-1,F0002905,1,Sasha
F0002906-1,F0002906,1,Sasha
F0002913-1,F0002913,1,Sasha
F0002914-1,F0002914,1,Sasha
F0002928-1,F0002928,1,Sasha
F0002938-1,F0002938,1,Sasha
F0002939-1,F0002939,1,Sasha
F0002940-1,F0002940,1,Sasha
F0002983-1,F0002983,1,Sasha
F0002985-1,F0002985,1,Sasha
F0002986-1,F0002986,1,Sasha
F0002987-1,F0002987,1,Sasha
F0002989-1,F0002989,1,Sasha
F0002990-1,F0002990,1,Sasha
F0003000-1,F0003000,1,Sasha
F0003016-1,F0003016,1,Sasha
F0003025-1,F0003025,1,Sasha
F0003031-1,F0003031,1,Sasha
F0003034-1,F0003034,1,Sasha
F0003049-1,F0003049,1,Sasha
F0003051-1,F0003051,1,Sasha
F0003058-1,F0003058,1,Sasha
F0003059-1,F0003059,1,Sasha
F0003064-1,F0003064,1,Sasha
F0003065-1,F0003065,1,Sasha
F0003072-1,F0003072,1,Sasha
F0003073-1,F0003073,1,Sasha
F0003077-1,F0003077,1,Sasha
F0003080-1,F0003080,1,Sasha
F0003084-1,F0003084,1,Sasha
F0003092-1,F0003092,1,Sasha
F0003094-1,F0003094,1,Sasha
F0003095-1,F0003095,1,Sasha
F0003096-1,F0003096,1,Sasha
F0003097-1,F0003097,1,Sasha
F0003098-1,F0003098,1,Sasha
F0003106-1,F0003106,1,Sasha
F0003155-1,F0003155,1,Sasha
F0003163-1,F0003163,1,Sasha
F0003165-1,F0003165,1,Sasha
F0003169-1,F0003169,1,Sasha
F0003171-1,F0003171,1,Sasha
F0003173-1,F0003173,1,Sasha
F0003193-1,F0003193,1,Sasha
F0003215-1,F0003215,1,Sasha
F0003224-1,F0003224,1,Sasha
F0003232-1,F0003232,1,Sasha
F0003233-1,F0003233,1,Sasha
F0003234-1,F0003234,1,Sasha
F0003238-1,F0003238,1,Sasha
F0003239-1,F0003239,1,Sasha
F0003240-1,F0003240,1,Sasha
F0003241-1,F0003241,1,Sasha
F0003243-1,F0003243,1,Sasha
F0003311-1,F0003311,1,Sasha
F0003323-1,F0003323,1,Sasha
F0003324-1,F0003324,1,Sasha
F0003325-1,F0003325,1,Sasha
F0003326-1,F0003326,1,Sasha
F0003345-1,F0003345,1,Sasha
F0003365-1,F0003365,1,Sasha
F0003366-1,F0003366,1,Sasha
F0003382-1,F0003382,1,Sasha
F0003385-1,F0003385,1,Sasha
F0003386-1,F0003386,1,Sasha
F0003397-1,F0003397,1,Sasha
F0003401-1,F0003401,1,Sasha
F0003433-1,F0003433,1,Sasha
F0003434-1,F0003434,1,Sasha
F0003442-1,F0003442,1,Sasha
F0003443-1,F0003443,1,Sasha
F0003444-1,F0003444,1,Sasha
F0003445-1,F0003445,1,Sasha
F0003446-1,F0003446,1,Sasha
F0003447-1,F0003447,1,Sasha
F0003448-1,F0003448,1,Sasha
F0003449-1,F0003449,1,Sasha
F0003450-1,F0003450,1,Sasha
F0003451-1,F0003451,1,Sasha
F0003452-1,F0003452,1,Sasha
F0003454-1,F0003454,1,Sasha
F0003455-1,F0003455,1,Sasha
F0003456-1,F0003456,1,Sasha
F0003457-1,F0003457,1,Sasha
F0003468-1,F0003468,1,Sasha
F0003493-1,F0003493,1,Sasha
F0003494-1,F0003494,1,Sasha
F0003496-1,F0003496,1,Sasha
F0003497-1,F0003497,1,Sasha
F0003498-1,F0003498,1,Sasha
F0003499-1,F0003499,1,Sasha
F0003500-1,F0003500,1,Sasha
F0003501-1,F0003501,1,Sasha
F0003502-1,F0003502,1,Sasha
F0003503-1,F0003503,1,Sasha
F0003504-1,F0003504,1,Sasha
F0003509-1,F0003509,1,Sasha
F0003510-1,F0003510,1,Sasha
F0003511-1,F0003511,1,Sasha
F0003514-1,F0003514,1,Sasha
F0003530-1,F0003530,1,Sasha
F0003531-1,F0003531,1,Sasha
F0003533-1,F0003533,1,Sasha
F0003535-1,F0003535,1,Sasha
F0003536-1,F0003536,1,Sasha
F0003538-1,F0003538,1,Sasha
F0003550-1,F0003550,1,Sasha
F0003580-1,F0003580,1,Sasha
F0003581-1,F0003581,1,Sasha
F0003582-1,F0003582,1,Sasha
F0003587-1,F0003587,1,Sasha
F0003588-1,F0003588,1,Sasha
F0003589-1,F0003589,1,Sasha
F0003590-1,F0003590,1,Sasha
F0003591-1,F0003591,1,Sasha
F0003592-1,F0003592,1,Sasha
F0003595-1,F0003595,1,Sasha
F0003596-1,F0003596,1,Sasha
F0003597-1,F0003597,1,Sasha
F0003598-1,F0003598,1,Sasha
F0003599-1,F0003599,1,Sasha
F0003600-1,F0003600,1,Sasha
F0003601-1,F0003601,1,Sasha
F0003602-1,F0003602,1,Sasha
F0003603-1,F0003603,1,Sasha
F0003604-1,F0003604,1,Sasha
F0003605-1,F0003605,1,Sasha
F0003606-1,F0003606,1,Sasha
F0003607-1,F0003607,1,Sasha
F0003608-1,F0003608,1,Sasha
F0003609-1,F0003609,1,Sasha
F0003610-1,F0003610,1,Sasha
F0003613-1,F0003613,1,Sasha
F0003623-1,F0003623,1,Sasha
F0003630-1,F0003630,1,Sasha
F0003631-1,F0003631,1,Sasha
F0003633-1,F0003633,1,Sasha
F0003647-1,F0003647,1,Sasha
F0003677-1,F0003677,1,Sasha
F0003700-1,F0003700,1,Sasha
F0003703-1,F0003703,1,Sasha
F0003705-1,F0003705,1,Sasha
F0003721-1,F0003721,1,Sasha
F0003783-1,F0003783,1,Sasha
F0003790-1,F0003790,1,Sasha
F0003809-1,F0003809,1,Sasha
F0003824-1,F0003824,1,Sasha
F0003859-1,F0003859,1,Sasha
F0003860-1,F0003860,1,Sasha
F0003865-1,F0003865,1,Sasha
F0003866-1,F0003866,1,Sasha
F0003868-1,F0003868,1,Sasha
F0003869-1,F0003869,1,Sasha
F0003870-1,F0003870,1,Sasha
F0003871-1,F0003871,1,Sasha
F0003872-1,F0003872,1,Sasha
F0003874-1,F0003874,1,Sasha
F0003875-1,F0003875,1,Sasha
F0003876-1,F0003876,1,Sasha
F0003898-1,F0003898,1,Sasha
F0003915-1,F0003915,1,Sasha
F0003916-1,F0003916,1,Sasha
F0003953-1,F0003953,1,Sasha
F0003959-1,F0003959,1,Sasha
F0004026-1,F0004026,1,Sasha
F0004027-1,F0004027,1,Sasha
F0004029-1,F0004029,1,Sasha
F0004030-1,F0004030,1,Sasha
F0004031-1,F0004031,1,Sasha
F0004032-1,F0004032,1,Sasha
F0004033-1,F0004033,1,Sasha
F0004034-1,F0004034,1,Sasha
F0004035-1,F0004035,1,Sasha
F0004036-1,F0004036,1,Sasha
F0004037-1,F0004037,1,Sasha
F0004038-1,F0004038,1,Sasha
F0004039-1,F0004039,1,Sasha
F0004041-1,F0004041,1,Sasha
F0004042-1,F0004042,1,Sasha
F0004043-1,F0004043,1,Sasha
F0004044-1,F0004044,1,Sasha
F0004049-1,F0004049,1,Sasha
F0004052-1,F0004052,1,Sasha
F0004053-1,F0004053,1,Sasha
F0004054-1,F0004054,1,Sasha
F0004055-1,F0004055,1,Sasha
F0004057-1,F0004057,1,Sasha
F0004058-1,F0004058,1,Sasha
F0004059-1,F0004059,1,Sasha
F0004060-1,F0004060,1,Sasha
F0004061-1,F0004061,1,Sasha
F0004062-1,F0004062,1,Sasha
F0004063-1,F0004063,1,Sasha
F0004064-1,F0004064,1,Sasha
F0004065-1,F0004065,1,Sasha
F0004066-1,F0004066,1,Sasha
F0004067-1,F0004067,1,Sasha
F0004068-1,F0004068,1,Sasha
F0004069-1,F0004069,1,Sasha
F0004070-1,F0004070,1,Sasha
F0004071-1,F0004071,1,Sasha
F0004075-1,F0004075,1,Sasha
F0004076-1,F0004076,1,Sasha
F0004077-1,F0004077,1,Sasha
F0004078-1,F0004078,1,Sasha
F0004079-1,F0004079,1,Sasha
F0004080-1,F0004080,1,Sasha
F0004081-1,F0004081,1,Sasha
F0004084-1,F0004084,1,Sasha
F0004085-1,F0004085,1,Sasha
F0004086-1,F0004086,1,Sasha
F0004088-1,F0004088,1,Sasha
F0004089-1,F0004089,1,Sasha
F0004090-1,F0004090,1,Sasha
F0004092-1,F0004092,1,Sasha
F0004093-1,F0004093,1,Sasha
F0004094-1,F0004094,1,Sasha
F0004095-1,F0004095,1,Sasha
F0004096-1,F0004096,1,Sasha
F0004097-1,F0004097,1,Sasha
F0004098-1,F0004098,1,Sasha
F0004099-1,F0004099,1,Sasha
F0004100-1,F0004100,1,Sasha
F0004101-1,F0004101,1,Sasha
F0004102-1,F0004102,1,Sasha
F0004103-1,F0004103,1,Sasha
F0004104-1,F0004104,1,Sasha
F0004105-1,F0004105,1,Sasha
F0004106-1,F0004106,1,Sasha
F0004107-1,F0004107,1,Sasha
F0004110-1,F0004110,1,Sasha
F0004111-1,F0004111,1,Sasha
F0004112-1,F0004112,1,Sasha
F0004113-1,F0004113,1,Sasha
F0004115-1,F0004115,1,Sasha
F0004116-1,F0004116,1,Sasha
F0004117-1,F0004117,1,Sasha
F0004125-1,F0004125,1,Sasha
F0004137-1,F0004137,1,Sasha
F0004138-1,F0004138,1,Sasha
F0004139-1,F0004139,1,Sasha
F0004140-1,F0004140,1,Sasha
F0004141-1,F0004141,1,Sasha
F0004142-1,F0004142,1,Sasha
F0004148-1,F0004148,1,Sasha
F0004149-1,F0004149,1,Sasha
F0004150-1,F0004150,1,Sasha
F0004151-1,F0004151,1,Sasha
F0004152-1,F0004152,1,Sasha
F0004153-1,F0004153,1,Sasha
F0004154-1,F0004154,1,Sasha
F0004155-1,F0004155,1,Sasha
F0004160-1,F0004160,1,Sasha
F0004161-1,F0004161,1,Sasha
F0004162-1,F0004162,1,Sasha
F0004163-1,F0004163,1,Sasha
F0004164-1,F0004164,1,Sasha
F0004165-1,F0004165,1,Sasha
F0004170-1,F0004170,1,Sasha
F0004171-1,F0004171,1,Sasha
F0004172-1,F0004172,1,Sasha
F0004173-1,F0004173,1,Sasha
F0004178-1,F0004178,1,Sasha
F0004179-1,F0004179,1,Sasha
F0004180-1,F0004180,1,Sasha
F0004181-1,F0004181,1,Sasha
F0004184-1,F0004184,1,Sasha
F0004185-1,F0004185,1,Sasha
F0004190-1,F0004190,1,Sasha
F0004223-1,F0004223,1,Sasha
F0004245-1,F0004245,1,Sasha
F0004246-1,F0004246,1,Sasha
F0004247-1,F0004247,1,Sasha
F0004248-1,F0004248,1,Sasha
F0004250-1,F0004250,1,Sasha
F0004257-1,F0004257,1,Sasha
F0004259-1,F0004259,1,Sasha
F0004260-1,F0004260,1,Sasha
F0004261-1,F0004261,1,Sasha
F0004264-1,F0004264,1,Sasha
F0004278-1,F0004278,1,Sasha
F0004297-1,F0004297,1,Sasha
F0004301-1,F0004301,1,Sasha
F0004314-1,F0004314,1,Sasha
F0004315-1,F0004315,1,Sasha
F0004317-1,F0004317,1,Sasha
F0004318-1,F0004318,1,Sasha
F0004319-1,F0004319,1,Sasha
F0004335-1,F0004335,1,Sasha
F0004336-1,F0004336,1,Sasha
F0004345-1,F0004345,1,Sasha
F0004346-1,F0004346,1,Sasha
F0004347-1,F0004347,1,Sasha
F0004348-1,F0004348,1,Sasha
F0004349-1,F0004349,1,Sasha
F0004350-1,F0004350,1,Sasha
F0004351-1,F0004351,1,Sasha
F0004352-1,F0004352,1,Sasha
F0004353-1,F0004353,1,Sasha
F0004354-1,F0004354,1,Sasha
F0004355-1,F0004355,1,Sasha
F0004388-1,F0004388,1,Sasha
F0004399-1,F0004399,1,Sasha
F0004421-1,F0004421,1,Sasha
F0004422-1,F0004422,1,Sasha
F0004423-1,F0004423,1,Sasha
F0004424-1,F0004424,1,Sasha
F0004425-1,F0004425,1,Sasha
F0004426-1,F0004426,1,Sasha
F0004427-1,F0004427,1,Sasha
F0004428-1,F0004428,1,Sasha
F0004435-1,F0004435,1,Sasha
F0004436-1,F0004436,1,Sasha
F0004437-1,F0004437,1,Sasha
F0004440-1,F0004440,1,Sasha
F0004443-1,F0004443,1,Sasha
F0004449-1,F0004449,1,Sasha
F0004450-1,F0004450,1,Sasha
F0004455-1,F0004455,1,Sasha
F0004456-1,F0004456,1,Sasha
F0004483-1,F0004483,1,Sasha
F0004484-1,F0004484,1,Sasha
F0004485-1,F0004485,1,Sasha
F0004486-1,F0004486,1,Sasha
F0004487-1,F0004487,1,Sasha
F0004488-1,F0004488,1,Sasha
F0004489-1,F0004489,1,Sasha
F0004491-1,F0004491,1,Sasha
F0004492-1,F0004492,1,Sasha
F0004493-1,F0004493,1,Sasha
F0004495-1,F0004495,1,Sasha
F0004497-1,F0004497,1,Sasha
F0004498-1,F0004498,1,Sasha
F0004499-1,F0004499,1,Sasha
F0004500-1,F0004500,1,Sasha
F0004526-1,F0004526,1,Sasha
F0004541-1,F0004541,1,Sasha
F0004583-1,F0004583,1,Sasha
F0004613-1,F0004613,1,Sasha
F0004615-1,F0004615,1,Sasha
F0004616-1,F0004616,1,Sasha
F0004617-1,F0004617,1,Sasha
F0004618-1,F0004618,1,Sasha
F0004620-1,F0004620,1,Sasha
F0004621-1,F0004621,1,Sasha
F0004622-1,F0004622,1,Sasha
F0004623-1,F0004623,1,Sasha
F0004624-1,F0004624,1,Sasha
F0004625-1,F0004625,1,Sasha
F0004627-1,F0004627,1,Sasha
F0004628-1,F0004628,1,Sasha
F0004629-1,F0004629,1,Sasha
F0004630-1,F0004630,1,Sasha
F0004631-1,F0004631,1,Sasha
F0004633-1,F0004633,1,Sasha
F0004634-1,F0004634,1,Sasha
F0004635-1,F0004635,1,Sasha
F0004636-1,F0004636,1,Sasha
F0004638-1,F0004638,1,Sasha
F0004639-1,F0004639,1,Sasha
F0004640-1,F0004640,1,Sasha
F0004641-1,F0004641,1,Sasha
F0004642-1,F0004642,1,Sasha
F0004643-1,F0004643,1,Sasha
F0004644-1,F0004644,1,Sasha
F0004645-1,F0004645,1,Sasha
F0004646-1,F0004646,1,Sasha
F0004647-1,F0004647,1,Sasha
F0004648-1,F0004648,1,Sasha
F0004649-1,F0004649,1,Sasha
F0004658-1,F0004658,1,Sasha
F0004667-1,F0004667,1,Sasha
F0004668-1,F0004668,1,Sasha
F0004682-1,F0004682,1,Sasha
F0004683-1,F0004683,1,Sasha
F0004684-1,F0004684,1,Sasha
F0004685-1,F0004685,1,Sasha
F0004686-1,F0004686,1,Sasha
F0004687-1,F0004687,1,Sasha
F0004688-1,F0004688,1,Sasha
F0004703-1,F0004703,1,Sasha
F0004705-1,F0004705,1,Sasha
F0004710-1,F0004710,1,Sasha
F0004716-1,F0004716,1,Sasha
F0004723-1,F0004723,1,Sasha
F0004730-1,F0004730,1,Sasha
F0004735-1,F0004735,1,Sasha
F0004736-1,F0004736,1,Sasha
F0004737-1,F0004737,1,Sasha
F0004738-1,F0004738,1,Sasha
F0004739-1,F0004739,1,Sasha
F0004741-1,F0004741,1,Sasha
F0004742-1,F0004742,1,Sasha
F0004743-1,F0004743,1,Sasha
F0004744-1,F0004744,1,Sasha
F0004745-1,F0004745,1,Sasha
F0004746-1,F0004746,1,Sasha
F0004747-1,F0004747,1,Sasha
F0004750-1,F0004750,1,Sasha
F0004752-1,F0004752,1,Sasha
F0004753-1,F0004753,1,Sasha
F0004759-1,F0004759,1,Sasha
F0004765-1,F0004765,1,Sasha
F0004794-1,F0004794,1,Sasha
F0004806-1,F0004806,1,Sasha
F0004909-1,F0004909,1,Sasha
F0004916-1,F0004916,1,Sasha
F0004917-1,F0004917,1,Sasha
F0004919-1,F0004919,1,Sasha
F0004920-1,F0004920,1,Sasha
F0004922-1,F0004922,1,Sasha
F0004926-1,F0004926,1,Sasha
F0004927-1,F0004927,1,Sasha
F0004929-1,F0004929,1,Sasha
F0004930-1,F0004930,1,Sasha
F0004935-1,F0004935,1,Sasha
F0004940-1,F0004940,1,Sasha
F0004945-1,F0004945,1,Sasha
F0004960-1,F0004960,1,Sasha
F0005009-1,F0005009,1,Sasha
F0005011-1,F0005011,1,Sasha
F0005012-1,F0005012,1,Sasha
F0005013-1,F0005013,1,Sasha
F0005015-1,F0005015,1,Sasha
F0005016-1,F0005016,1,Sasha
F0005017-1,F0005017,1,Sasha
F0005018-1,F0005018,1,Sasha
F0005019-1,F0005019,1,Sasha
F0005032-1,F0005032,1,Sasha
F0005047-1,F0005047,1,Sasha
F0005048-1,F0005048,1,Sasha
F0005051-1,F0005051,1,Sasha
F0005052-1,F0005052,1,Sasha
F0005053-1,F0005053,1,Sasha
F0005054-1,F0005054,1,Sasha
F0005055-1,F0005055,1,Sasha
F0005057-1,F0005057,1,Sasha
F0005061-1,F0005061,1,Sasha
F0005069-1,F0005069,1,Sasha
F0005074-1,F0005074,1,Sasha
F0005075-1,F0005075,1,Sasha
F0005076-1,F0005076,1,Sasha
F0005079-1,F0005079,1,Sasha
F0005090-1,F0005090,1,Sasha
F0005092-1,F0005092,1,Sasha
F0005093-1,F0005093,1,Sasha
F0005094-1,F0005094,1,Sasha
F0005095-1,F0005095,1,Sasha
F0005099-1,F0005099,1,Sasha
F0005100-1,F0005100,1,Sasha
F0005101-1,F0005101,1,Sasha
F0005102-1,F0005102,1,Sasha
F0005104-1,F0005104,1,Sasha
F0005125-1,F0005125,1,Sasha
F0005126-1,F0005126,1,Sasha
F0005128-1,F0005128,1,Sasha
F0005129-1,F0005129,1,Sasha
F0005139-1,F0005139,1,Sasha
F0005140-1,F0005140,1,Sasha
F0005144-1,F0005144,1,Sasha
F0005145-1,F0005145,1,Sasha
F0005146-1,F0005146,1,Sasha
F0005160-1,F0005160,1,Sasha
F0005161-1,F0005161,1,Sasha
F0005162-1,F0005162,1,Sasha
F0005163-1,F0005163,1,Sasha
F0005164-1,F0005164,1,Sasha
F0005165-1,F0005165,1,Sasha
F0005170-1,F0005170,1,Sasha
F0005172-1,F0005172,1,Sasha
F0005173-1,F0005173,1,Sasha
F0005174-1,F0005174,1,Sasha
F0005175-1,F0005175,1,Sasha
F0005176-1,F0005176,1,Sasha
F0005223-1,F0005223,1,Sasha
F0005224-1,F0005224,1,Sasha
F0005241-1,F0005241,1,Sasha
F0005242-1,F0005242,1,Sasha
F0005243-1,F0005243,1,Sasha
F0005251-1,F0005251,1,Sasha
F0005252-1,F0005252,1,Sasha
F0005253-1,F0005253,1,Sasha
F0005254-1,F0005254,1,Sasha
F0005255-1,F0005255,1,Sasha
F0005257-1,F0005257,1,Sasha
F0005258-1,F0005258,1,Sasha
F0005259-1,F0005259,1,Sasha
F0005260-1,F0005260,1,Sasha
F0005261-1,F0005261,1,Sasha
F0005303-1,F0005303,1,Sasha
F0005342-1,F0005342,1,Sasha
F0005348-1,F0005348,1,Sasha
F0005349-1,F0005349,1,Sasha
F0005350-1,F0005350,1,Sasha
F0005351-1,F0005351,1,Sasha
F0005352-1,F0005352,1,Sasha
F0005353-1,F0005353,1,Sasha
F0005354-1,F0005354,1,Sasha
F0005355-1,F0005355,1,Sasha
F0005392-1,F0005392,1,Sasha
F0005394-1,F0005394,1,Sasha
F0005395-1,F0005395,1,Sasha
F0005397-1,F0005397,1,Sasha
F0005399-1,F0005399,1,Sasha
F0005400-1,F0005400,1,Sasha
F0005401-1,F0005401,1,Sasha
F0005402-1,F0005402,1,Sasha
F0005403-1,F0005403,1,Sasha
F0005404-1,F0005404,1,Sasha
F0005406-1,F0005406,1,Sasha
F0005412-1,F0005412,1,Sasha
F0005424-1,F0005424,1,Sasha
F0005436-1,F0005436,1,Sasha
F0005437-1,F0005437,1,Sasha
F0005438-1,F0005438,1,Sasha
F0005439-1,F0005439,1,Sasha
F0005440-1,F0005440,1,Sasha
F0005442-1,F0005442,1,Sasha
F0005443-1,F0005443,1,Sasha
F0005444-1,F0005444,1,Sasha
F0005445-1,F0005445,1,Sasha
F0005446-1,F0005446,1,Sasha
F0005447-1,F0005447,1,Sasha
F0005448-1,F0005448,1,Sasha
F0005460-1,F0005460,1,Sasha
F0005482-1,F0005482,1,Sasha
F0005484-1,F0005484,1,Sasha
F0005485-1,F0005485,1,Sasha
F0005486-1,F0005486,1,Sasha
F0005487-1,F0005487,1,Sasha
F0005488-1,F0005488,1,Sasha
F0005491-1,F0005491,1,Sasha
F0005508-1,F0005508,1,Sasha
F0005512-1,F0005512,1,Sasha
F0005521-1,F0005521,1,Sasha
F0005551-1,F0005551,1,Sasha
F0005552-1,F0005552,1,Sasha
F0005553-1,F0005553,1,Sasha
F0005554-1,F0005554,1,Sasha
F0005555-1,F0005555,1,Sasha
F0005556-1,F0005556,1,Sasha
F0005557-1,F0005557,1,Sasha
F0005577-1,F0005577,1,Sasha
F0005578-1,F0005578,1,Sasha
F0005579-1,F0005579,1,Sasha
F0005580-1,F0005580,1,Sasha
F0005581-1,F0005581,1,Sasha
F0005584-1,F0005584,1,Sasha
F0005585-1,F0005585,1,Sasha
F0005586-1,F0005586,1,Sasha
F0005587-1,F0005587,1,Sasha
F0005598-1,F0005598,1,Sasha
F0005601-1,F0005601,1,Sasha
F0005602-1,F0005602,1,Sasha
F0005630-1,F0005630,1,Sasha
F0005638-1,F0005638,1,Sasha
F0005642-1,F0005642,1,Sasha
F0005646-1,F0005646,1,Sasha
F0005647-1,F0005647,1,Sasha
F0005648-1,F0005648,1,Sasha
F0005649-1,F0005649,1,Sasha
F0005650-1,F0005650,1,Sasha
F0005651-1,F0005651,1,Sasha
F0005652-1,F0005652,1,Sasha
F0005653-1,F0005653,1,Sasha
F0005654-1,F0005654,1,Sasha
F0005655-1,F0005655,1,Sasha
F0005656-1,F0005656,1,Sasha
F0005657-1,F0005657,1,Sasha
F0005688-1,F0005688,1,Sasha
F0005690-1,F0005690,1,Sasha
F0005692-1,F0005692,1,Sasha
F0005703-1,F0005703,1,Sasha
F0005720-1,F0005720,1,Sasha
F0005721-1,F0005721,1,Sasha
F0005722-1,F0005722,1,Sasha
F0005723-1,F0005723,1,Sasha
F0005724-1,F0005724,1,Sasha
F0005725-1,F0005725,1,Sasha
F0005726-1,F0005726,1,Sasha
F0005727-1,F0005727,1,Sasha
F0005728-1,F0005728,1,Sasha
F0005729-1,F0005729,1,Sasha
F0005747-1,F0005747,1,Sasha
F0005764-1,F0005764,1,Sasha
F0005765-1,F0005765,1,Sasha
F0005769-1,F0005769,1,Sasha
F0005777-1,F0005777,1,Sasha
F0005791-1,F0005791,1,Sasha
F0005793-1,F0005793,1,Sasha
F0005819-1,F0005819,1,Sasha
F0005830-1,F0005830,1,Sasha
F0005831-1,F0005831,1,Sasha
F0005832-1,F0005832,1,Sasha
F0005833-1,F0005833,1,Sasha
F0005834-1,F0005834,1,Sasha
F0005835-1,F0005835,1,Sasha
F0005836-1,F0005836,1,Sasha
F0005837-1,F0005837,1,Sasha
F0005840-1,F0005840,1,Sasha
F0005846-1,F0005846,1,Sasha
F0005853-1,F0005853,1,Sasha
F0005854-1,F0005854,1,Sasha
F0005855-1,F0005855,1,Sasha
F0005862-1,F0005862,1,Sasha
F0005888-1,F0005888,1,Sasha
F0005904-1,F0005904,1,Sasha
F0005906-1,F0005906,1,Sasha
F0005908-1,F0005908,1,Sasha
F0005915-1,F0005915,1,Sasha
F0005920-1,F0005920,1,Sasha
F0005921-1,F0005921,1,Sasha
F0005923-1,F0005923,1,Sasha
F0005924-1,F0005924,1,Sasha
F0005925-1,F0005925,1,Sasha
F0005926-1,F0005926,1,Sasha
F0005938-1,F0005938,1,Sasha
F0005951-1,F0005951,1,Sasha
F0005953-1,F0005953,1,Sasha
F0005964-1,F0005964,1,Sasha
F0006006-1,F0006006,1,Sasha
F0006011-1,F0006011,1,Sasha
F0006012-1,F0006012,1,Sasha
F0006013-1,F0006013,1,Sasha
F0006014-1,F0006014,1,Sasha
F0006015-1,F0006015,1,Sasha
F0006024-1,F0006024,1,Sasha
F0006025-1,F0006025,1,Sasha
F0006028-1,F0006028,1,Sasha
F0006029-1,F0006029,1,Sasha
F0006030-1,F0006030,1,Sasha
F0006031-1,F0006031,1,Sasha
F0006032-1,F0006032,1,Sasha
F0006033-1,F0006033,1,Sasha
F0006034-1,F0006034,1,Sasha
F0006035-1,F0006035,1,Sasha
F0006074-1,F0006074,1,Sasha
F0006075-1,F0006075,1,Sasha
F0006077-1,F0006077,1,Sasha
F0006078-1,F0006078,1,Sasha
F0006088-1,F0006088,1,Sasha
F0006090-1,F0006090,1,Sasha
F0006091-1,F0006091,1,Sasha
F0006093-1,F0006093,1,Sasha
F0006095-1,F0006095,1,Sasha
F0006098-1,F0006098,1,Sasha
F0006099-1,F0006099,1,Sasha
F0006100-1,F0006100,1,Sasha
F0006101-1,F0006101,1,Sasha
F0006102-1,F0006102,1,Sasha
F0006103-1,F0006103,1,Sasha
F0006136-1,F0006136,1,Sasha
F0006205-1,F0006205,1,Sasha
F0006290-1,F0006290,1,Sasha
F0006309-1,F0006309,1,Sasha
F0006336-1,F0006336,1,Sasha
F0006343-1,F0006343,1,Sasha
F0006431-1,F0006431,1,Sasha
F0006569-1,F0006569,1,Sasha
F0006616-1,F0006616,1,Sasha
F0006695-1,F0006695,1,Sasha
F0006874-1,F0006874,1,Sasha
F0006882-1,F0006882,1,Sasha
F0006887-1,F0006887,1,Sasha
F0006916-1,F0006916,1,Sasha
F0006972-1,F0006972,1,Sasha
F0007364-1,F0007364,1,Sasha
F0007366-1,F0007366,1,Sasha
F0007381-1,F0007381,1,Sasha
F0007455-1,F0007455,1,Sasha
F0007466-1,F0007466,1,Sasha
F0007468-1,F0007468,1,Sasha
F0007484-1,F0007484,1,Sasha
F0007563-1,F0007563,1,Sasha
F0007565-1,F0007565,1,Sasha
F0007573-1,F0007573,1,Sasha
F0007574-1,F0007574,1,Sasha
F0007575-1,F0007575,1,Sasha
F0007579-1,F0007579,1,Sasha
F0007606-1,F0007606,1,Sasha
F0007866-1,F0007866,1,Sasha
F0007875-1,F0007875,1,Sasha
F0007883-1,F0007883,1,Sasha
F0007891-1,F0007891,1,Sasha
F0008014-1,F0008014,1,Sasha
F0008127-1,F0008127,1,Sasha
F0008219-1,F0008219,1,Sasha
F0008304-1,F0008304,1,Sasha
F0008306-1,F0008306,1,Sasha
F0008311-1,F0008311,1,Sasha
F0008312-1,F0008312,1,Sasha
F0008313-1,F0008313,1,Sasha
F0008315-1,F0008315,1,Sasha
F0008329-1,F0008329,1,Sasha
F0008330-1,F0008330,1,Sasha
F0008337-1,F0008337,1,Sasha
F0008370-1,F0008370,1,Sasha
F0008375-1,F0008375,1,Sasha
F0008673-1,F0008673,1,Sasha
F0008680-1,F0008680,1,Sasha
F0008696-1,F0008696,1,Sasha
F0008705-1,F0008705,1,Sasha
F0008710-1,F0008710,1,Sasha
F0008712-1,F0008712,1,Sasha
F0008731-1,F0008731,1,Sasha
F0008833-1,F0008833,1,Sasha
F0008872-1,F0008872,1,Sasha
F0008876-1,F0008876,1,Sasha
F0008995-1,F0008995,1,Sasha
F0008999-1,F0008999,1,Sasha
F0009000-1,F0009000,1,Sasha
F0009015-1,F0009015,1,Sasha
F0009079-1,F0009079,1,Sasha
F0009081-1,F0009081,1,Sasha
F0009117-1,F0009117,1,Sasha
F0009215-1,F0009215,1,Sasha
F0009289-1,F0009289,1,Sasha
F0009291-1,F0009291,1,Sasha
F0009300-1,F0009300,1,Sasha
F0009365-1,F0009365,1,Sasha
F0009370-1,F0009370,1,Sasha
F0009521-1,F0009521,1,Sasha
F0009539-1,F0009539,1,Sasha
F0009545-1,F0009545,1,Sasha
F0009546-1,F0009546,1,Sasha
F0009552-1,F0009552,1,Sasha
F0009579-1,F0009579,1,Sasha
F0009582-1,F0009582,1,Sasha
F0009583-1,F0009583,1,Sasha
F0009586-1,F0009586,1,Sasha
F0009600-1,F0009600,1,Sasha
F0009659-1,F0009659,1,Sasha
F0009729-1,F0009729,1,Sasha
F0009737-1,F0009737,1,Sasha
F0009767-1,F0009767,1,Sasha
F0009769-1,F0009769,1,Sasha
F0009793-1,F0009793,1,Sasha
F0009823-1,F0009823,1,Sasha
F0009846-1,F0009846,1,Sasha
F0009887-1,F0009887,1,Sasha
F0010028-1,F0010028,1,Sasha
F0010030-1,F0010030,1,Sasha
F0010032-1,F0010032,1,Sasha
F0010037-1,F0010037,1,Sasha
F0010043-1,F0010043,1,Sasha
F0010044-1,F0010044,1,Sasha
F0010047-1,F0010047,1,Sasha
F0010049-1,F0010049,1,Sasha
F0010055-1,F0010055,1,Sasha
F0010056-1,F0010056,1,Sasha
F0010058-1,F0010058,1,Sasha
F0010061-1,F0010061,1,Sasha
F0010216-1,F0010216,1,Sasha
F0010219-1,F0010219,1,Sasha
F0010220-1,F0010220,1,Sasha
F0010223-1,F0010223,1,Sasha
F0010224-1,F0010224,1,Sasha
F0010237-1,F0010237,1,Sasha
F0010246-1,F0010246,1,Sasha
F0010248-1,F0010248,1,Sasha
F0010254-1,F0010254,1,Sasha
F0010399-1,F0010399,1,Sasha
F0010401-1,F0010401,1,Sasha
F0010406-1,F0010406,1,Sasha
F0010412-1,F0010412,1,Sasha
F0010419-1,F0010419,1,Sasha
F0010421-1,F0010421,1,Sasha
F0010422-1,F0010422,1,Sasha
F0010499-1,F0010499,1,Sasha
F0010500-1,F0010500,1,Sasha
F0010501-1,F0010501,1,Sasha
F0010502-1,F0010502,1,Sasha
F0010503-1,F0010503,1,Sasha
F0010504-1,F0010504,1,Sasha
F0010538-1,F0010538,1,Sasha
F0010544-1,F0010544,1,Sasha
F0010722-1,F0010722,1,Sasha
F0010800-1,F0010800,1,Sasha
F0010804-1,F0010804,1,Sasha
F0010813-1,F0010813,1,Sasha
F0010818-1,F0010818,1,Sasha
F0010819-1,F0010819,1,Sasha
F0010820-1,F0010820,1,Sasha
F0010824-1,F0010824,1,Sasha
F0010841-1,F0010841,1,Sasha
F0010845-1,F0010845,1,Sasha
F0010846-1,F0010846,1,Sasha
F0010943-1,F0010943,1,Sasha
F0011043-1,F0011043,1,Sasha
F0011044-1,F0011044,1,Sasha
F0011053-1,F0011053,1,Sasha
F0011058-1,F0011058,1,Sasha
F0011061-1,F0011061,1,Sasha
F0011124-1,F0011124,1,Sasha
F0011131-1,F0011131,1,Sasha
F0011132-1,F0011132,1,Sasha
F0011135-1,F0011135,1,Sasha
F0011141-1,F0011141,1,Sasha
F0011155-1,F0011155,1,Sasha
F0011160-1,F0011160,1,Sasha
F0011166-1,F0011166,1,Sasha
F0011233-1,F0011233,1,Sasha
F0011244-1,F0011244,1,Sasha
F0011280-1,F0011280,1,Sasha
F0011286-1,F0011286,1,Sasha
F0011304-1,F0011304,1,Sasha
F0011311-1,F0011311,1,Sasha
F0011382-1,F0011382,1,Sasha
F0011430-1,F0011430,1,Sasha
F0011434-1,F0011434,1,Sasha
F0011469-1,F0011469,1,Sasha
F0011474-1,F0011474,1,Sasha
F0011476-1,F0011476,1,Sasha
F0011488-1,F0011488,1,Sasha
F0011496-1,F0011496,1,Sasha
F0011501-1,F0011501,1,Sasha
F0011502-1,F0011502,1,Sasha
F0011515-1,F0011515,1,Sasha
F0011517-1,F0011517,1,Sasha
F0011521-1,F0011521,1,Sasha
F0011538-1,F0011538,1,Sasha
F0011540-1,F0011540,1,Sasha
F0011542-1,F0011542,1,Sasha
F0011566-1,F0011566,1,Sasha
F0011586-1,F0011586,1,Sasha
F0011590-1,F0011590,1,Sasha
F0011592-1,F0011592,1,Sasha
F0011610-1,F0011610,1,Sasha
F0011616-1,F0011616,1,Sasha
F0011644-1,F0011644,1,Sasha
F0011646-1,F0011646,1,Sasha
F0011675-1,F0011675,1,Sasha
F0011689-1,F0011689,1,Sasha
F0011690-1,F0011690,1,Sasha
F0011695-1,F0011695,1,Sasha
F0011696-1,F0011696,1,Sasha
F0011704-1,F0011704,1,Sasha
F0011831-1,F0011831,1,Sasha
F0011874-1,F0011874,1,Sasha
F0011876-1,F0011876,1,Sasha
F0011885-1,F0011885,1,Sasha
F0011890-1,F0011890,1,Sasha
F0011893-1,F0011893,1,Sasha
F0011896-1,F0011896,1,Sasha
F0011899-1,F0011899,1,Sasha
F0011900-1,F0011900,1,Sasha
F0011916-1,F0011916,1,Sasha
F0011983-1,F0011983,1,Sasha
F0012013-1,F0012013,1,Sasha
F0012022-1,F0012022,1,Sasha
F0012032-1,F0012032,1,Sasha
F0012033-1,F0012033,1,Sasha
F0012057-1,F0012057,1,Sasha
F0012062-1,F0012062,1,Sasha
F0012080-1,F0012080,1,Sasha
F0012082-1,F0012082,1,Sasha
F0012083-1,F0012083,1,Sasha
F0012105-1,F0012105,1,Sasha
F0012126-1,F0012126,1,Sasha
F0012134-1,F0012134,1,Sasha
F0012155-1,F0012155,1,Sasha
F0012171-1,F0012171,1,Sasha
F0012214-1,F0012214,1,Sasha
F0012223-1,F0012223,1,Sasha
F0012238-1,F0012238,1,Sasha
F0012242-1,F0012242,1,Sasha
F0012252-1,F0012252,1,Sasha
F0012258-1,F0012258,1,Sasha
F0012262-1,F0012262,1,Sasha
F0012282-1,F0012282,1,Sasha
F0012292-1,F0012292,1,Sasha
F0012318-1,F0012318,1,Sasha
F0012330-1,F0012330,1,Sasha
F0012390-1,F0012390,1,Sasha
F0012422-1,F0012422,1,Sasha
F0012445-1,F0012445,1,Sasha
F0012454-1,F0012454,1,Sasha
F0012455-1,F0012455,1,Sasha
F0012499-1,F0012499,1,Sasha
F0012510-1,F0012510,1,Sasha
F0012521-1,F0012521,1,Sasha
F0012524-1,F0012524,1,Sasha
F0012575-1,F0012575,1,Sasha
F0012620-1,F0012620,1,Sasha
F0012665-1,F0012665,1,Sasha
F0012667-1,F0012667,1,Sasha
F0012690-1,F0012690,1,Sasha
F0012771-1,F0012771,1,Sasha
F0012778-1,F0012778,1,Sasha
F0012818-1,F0012818,1,Sasha
F0012821-1,F0012821,1,Sasha
F0012829-1,F0012829,1,Sasha
F0012935-1,F0012935,1,Sasha
F0012943-1,F0012943,1,Sasha
F0012949-1,F0012949,1,Sasha
F0012961-1,F0012961,1,Sasha
F0012996-1,F0012996,1,Sasha
F0012997-1,F0012997,1,Sasha
F0012998-1,F0012998,1,Sasha
F0013005-1,F0013005,1,Sasha
F0013025-1,F0013025,1,Sasha
F0013034-1,F0013034,1,Sasha
F0013037-1,F0013037,1,Sasha
F0013052-1,F0013052,1,Sasha
F0013055-1,F0013055,1,Sasha
F0013086-1,F0013086,1,Sasha
F0013118-1,F0013118,1,Sasha
F0013154-1,F0013154,1,Sasha
F0013173-1,F0013173,1,Sasha
F0013201-1,F0013201,1,Sasha
F0013214-1,F0013214,1,Sasha
F0013236-1,F0013236,1,Sasha
F0013243-1,F0013243,1,Sasha
F0013248-1,F0013248,1,Sasha
F0013306-1,F0013306,1,Sasha
F0013378-1,F0013378,1,Sasha
F0013388-1,F0013388,1,Sasha
F0013389-1,F0013389,1,Sasha
F0013407-1,F0013407,1,Sasha
F0013436-1,F0013436,1,Sasha
F0013546-1,F0013546,1,Sasha
F0013590-1,F0013590,1,Sasha
F0013603-1,F0013603,1,Sasha
F0013610-1,F0013610,1,Sasha
F0013697-1,F0013697,1,Sasha
F0013703-1,F0013703,1,Sasha
F0013727-1,F0013727,1,Sasha
F0013775-1,F0013775,1,Sasha
F0013825-1,F0013825,1,Sasha
F0013826-1,F0013826,1,Sasha
F0013899-1,F0013899,1,Sasha
F0013914-1,F0013914,1,Sasha
F0013940-1,F0013940,1,Sasha
F0013942-1,F0013942,1,Sasha
F0014061-1,F0014061,1,Sasha
F0014075-1,F0014075,1,Sasha
F0014101-1,F0014101,1,Sasha
F0014124-1,F0014124,1,Sasha
F0014267-1,F0014267,1,Sasha
F0014268-1,F0014268,1,Sasha
F0014269-1,F0014269,1,Sasha
F0014300-1,F0014300,1,Sasha
F0014340-1,F0014340,1,Sasha
F0014341-1,F0014341,1,Sasha
F0014343-1,F0014343,1,Sasha
F0014349-1,F0014349,1,Sasha
F0000357-1,F0000357,1,Glow
F0000358-1,F0000358,1,Glow
F0000360-1,F0000360,1,Glow
F0000361-1,F0000361,1,Glow
F0000363-1,F0000363,1,Glow
F0000365-1,F0000365,1,Glow
F0000371-1,F0000371,1,Glow
F0000373-1,F0000373,1,Glow
F0000377-1,F0000377,1,Glow
F0000395-1,F0000395,1,Glow
F0000420-1,F0000420,1,Glow
F0000424-1,F0000424,1,Glow
F0000425-1,F0000425,1,Glow
F0000427-1,F0000427,1,Glow
F0000428-1,F0000428,1,Glow
F0000435-1,F0000435,1,Glow
F0000441-1,F0000441,1,Glow
F0000443-1,F0000443,1,Glow
F0000450-1,F0000450,1,Glow
F0000452-1,F0000452,1,Glow
F0000454-1,F0000454,1,Glow
F0000463-1,F0000463,1,Glow
F0000467-1,F0000467,1,Glow
F0000475-1,F0000475,1,Glow
F0000482-1,F0000482,1,Glow
F0000488-1,F0000488,1,Glow
F0000489-1,F0000489,1,Glow
F0000496-1,F0000496,1,Glow
F0000497-1,F0000497,1,Glow
F0000498-1,F0000498,1,Glow
F0000505-1,F0000505,1,Glow
F0000506-1,F0000506,1,Glow
F0000507-1,F0000507,1,Glow
F0000510-1,F0000510,1,Glow
F0000512-1,F0000512,1,Glow
F0000525-1,F0000525,1,Glow
F0000528-1,F0000528,1,Glow
F0000529-1,F0000529,1,Glow
F0000532-1,F0000532,1,Glow
F0000533-1,F0000533,1,Glow
F0000538-1,F0000538,1,Glow
F0000540-1,F0000540,1,Glow
F0000542-1,F0000542,1,Glow
F0000562-1,F0000562,1,Glow
F0000566-1,F0000566,1,Glow
F0000567-1,F0000567,1,Glow
F0000568-1,F0000568,1,Glow
F0000570-1,F0000570,1,Glow
F0000571-1,F0000571,1,Glow
F0000572-1,F0000572,1,Glow
F0000573-1,F0000573,1,Glow
F0000574-1,F0000574,1,Glow
F0000575-1,F0000575,1,Glow
F0000576-1,F0000576,1,Glow
F0000577-1,F0000577,1,Glow
F0000579-1,F0000579,1,Glow
F0000581-1,F0000581,1,Glow
F0000586-1,F0000586,1,Glow
F0000595-1,F0000595,1,Glow
F0000596-1,F0000596,1,Glow
F0000608-1,F0000608,1,Glow
F0000610-1,F0000610,1,Glow
F0000618-1,F0000618,1,Glow
F0000619-1,F0000619,1,Glow
F0000620-1,F0000620,1,Glow
F0000641-1,F0000641,1,Glow
F0000642-1,F0000642,1,Glow
F0000643-1,F0000643,1,Glow
F0000651-1,F0000651,1,Glow
F0000658-1,F0000658,1,Glow
F0000661-1,F0000661,1,Glow
F0000662-1,F0000662,1,Glow
F0000672-1,F0000672,1,Glow
F0000704-1,F0000704,1,Glow
F0000705-1,F0000705,1,Glow
F0000727-1,F0000727,1,Glow
F0000728-1,F0000728,1,Glow
F0000734-1,F0000734,1,Glow
F0000735-1,F0000735,1,Glow
F0000755-1,F0000755,1,Glow
F0000756-1,F0000756,1,Glow
F0000764-1,F0000764,1,Glow
F0000765-1,F0000765,1,Glow
F0000767-1,F0000767,1,Glow
F0000771-1,F0000771,1,Glow
F0000785-1,F0000785,1,Glow
F0000787-1,F0000787,1,Glow
F0000799-1,F0000799,1,Glow
F0000809-1,F0000809,1,Glow
F0000811-1,F0000811,1,Glow
F0000820-1,F0000820,1,Glow
F0000822-1,F0000822,1,Glow
F0000823-1,F0000823,1,Glow
F0000824-1,F0000824,1,Glow
F0000825-1,F0000825,1,Glow
F0000828-1,F0000828,1,Glow
F0000829-1,F0000829,1,Glow
F0000830-1,F0000830,1,Glow
F0000833-1,F0000833,1,Glow
F0000834-1,F0000834,1,Glow
F0000835-1,F0000835,1,Glow
F0000838-1,F0000838,1,Glow
F0000839-1,F0000839,1,Glow
F0000846-1,F0000846,1,Glow
F0000847-1,F0000847,1,Glow
F0000848-1,F0000848,1,Glow
F0000849-1,F0000849,1,Glow
F0000851-1,F0000851,1,Glow
F0000852-1,F0000852,1,Glow
F0000853-1,F0000853,1,Glow
F0000854-1,F0000854,1,Glow
F0000855-1,F0000855,1,Glow
F0000856-1,F0000856,1,Glow
F0000858-1,F0000858,1,Glow
F0000859-1,F0000859,1,Glow
F0000861-1,F0000861,1,Glow
F0000862-1,F0000862,1,Glow
F0000865-1,F0000865,1,Glow
F0000866-1,F0000866,1,Glow
F0000867-1,F0000867,1,Glow
F0000868-1,F0000868,1,Glow
F0000869-1,F0000869,1,Glow
F0000870-1,F0000870,1,Glow
F0000871-1,F0000871,1,Glow
F0000872-1,F0000872,1,Glow
F0000875-1,F0000875,1,Glow
F0000876-1,F0000876,1,Glow
F0000877-1,F0000877,1,Glow
F0000878-1,F0000878,1,Glow
F0000879-1,F0000879,1,Glow
F0000881-1,F0000881,1,Glow
F0000884-1,F0000884,1,Glow
F0000885-1,F0000885,1,Glow
F0000886-1,F0000886,1,Glow
F0000887-1,F0000887,1,Glow
F0000888-1,F0000888,1,Glow
F0000889-1,F0000889,1,Glow
F0000890-1,F0000890,1,Glow
F0000891-1,F0000891,1,Glow
F0000892-1,F0000892,1,Glow
F0000893-1,F0000893,1,Glow
F0000894-1,F0000894,1,Glow
F0000895-1,F0000895,1,Glow
F0000896-1,F0000896,1,Glow
F0000897-1,F0000897,1,Glow
F0000898-1,F0000898,1,Glow
F0000899-1,F0000899,1,Glow
F0000900-1,F0000900,1,Glow
F0000901-1,F0000901,1,Glow
F0000902-1,F0000902,1,Glow
F0000903-1,F0000903,1,Glow
F0000904-1,F0000904,1,Glow
F0000905-1,F0000905,1,Glow
F0000906-1,F0000906,1,Glow
F0000907-1,F0000907,1,Glow
F0000908-1,F0000908,1,Glow
F0000909-1,F0000909,1,Glow
F0000910-1,F0000910,1,Glow
F0000913-1,F0000913,1,Glow
F0000914-1,F0000914,1,Glow
F0000915-1,F0000915,1,Glow
F0000916-1,F0000916,1,Glow
F0000917-1,F0000917,1,Glow
F0000918-1,F0000918,1,Glow
F0000919-1,F0000919,1,Glow
F0000920-1,F0000920,1,Glow
F0000921-1,F0000921,1,Glow
F0000922-1,F0000922,1,Glow
F0000923-1,F0000923,1,Glow
F0000924-1,F0000924,1,Glow
F0000925-1,F0000925,1,Glow
F0000927-1,F0000927,1,Glow
F0000928-1,F0000928,1,Glow
F0000929-1,F0000929,1,Glow
F0000930-1,F0000930,1,Glow
F0000931-1,F0000931,1,Glow
F0000932-1,F0000932,1,Glow
F0000933-1,F0000933,1,Glow
F0000935-1,F0000935,1,Glow
F0000942-1,F0000942,1,Glow
F0000943-1,F0000943,1,Glow
F0000944-1,F0000944,1,Glow
F0000945-1,F0000945,1,Glow
F0000946-1,F0000946,1,Glow
F0000947-1,F0000947,1,Glow
F0000948-1,F0000948,1,Glow
F0000950-1,F0000950,1,Glow
F0000951-1,F0000951,1,Glow
F0000952-1,F0000952,1,Glow
F0000953-1,F0000953,1,Glow
F0000955-1,F0000955,1,Glow
F0000956-1,F0000956,1,Glow
F0000957-1,F0000957,1,Glow
F0000958-1,F0000958,1,Glow
F0000961-1,F0000961,1,Glow
F0000967-1,F0000967,1,Glow
F0000974-1,F0000974,1,Glow
F0000980-1,F0000980,1,Glow
F0000981-1,F0000981,1,Glow
F0000982-1,F0000982,1,Glow
F0000983-1,F0000983,1,Glow
F0000991-1,F0000991,1,Glow
F0000993-1,F0000993,1,Glow
F0000996-1,F0000996,1,Glow
F0001007-1,F0001007,1,Glow
F0001013-1,F0001013,1,Glow
F0001014-1,F0001014,1,Glow
F0001015-1,F0001015,1,Glow
F0001016-1,F0001016,1,Glow
F0001034-1,F0001034,1,Glow
F0001035-1,F0001035,1,Glow
F0001037-1,F0001037,1,Glow
F0001050-1,F0001050,1,Glow
F0001096-1,F0001096,1,Glow
F0001104-1,F0001104,1,Glow
F0001106-1,F0001106,1,Glow
F0001107-1,F0001107,1,Glow
F0001123-1,F0001123,1,Glow
F0001126-1,F0001126,1,Glow
F0001131-1,F0001131,1,Glow
F0001144-1,F0001144,1,Glow
F0001145-1,F0001145,1,Glow
F0001146-1,F0001146,1,Glow
F0001167-1,F0001167,1,Glow
F0001169-1,F0001169,1,Glow
F0001171-1,F0001171,1,Glow
F0001179-1,F0001179,1,Glow
F0001180-1,F0001180,1,Glow
F0001181-1,F0001181,1,Glow
F0001182-1,F0001182,1,Glow
F0001183-1,F0001183,1,Glow
F0001196-1,F0001196,1,Glow
F0001222-1,F0001222,1,Glow
F0001223-1,F0001223,1,Glow
F0001224-1,F0001224,1,Glow
F0001230-1,F0001230,1,Glow
F0001231-1,F0001231,1,Glow
F0001233-1,F0001233,1,Glow
F0001234-1,F0001234,1,Glow
F0001274-1,F0001274,1,Glow
F0001275-1,F0001275,1,Glow
F0001307-1,F0001307,1,Glow
F0001318-1,F0001318,1,Glow
F0001345-1,F0001345,1,Glow
F0001346-1,F0001346,1,Glow
F0001347-1,F0001347,1,Glow
F0001348-1,F0001348,1,Glow
F0001357-1,F0001357,1,Glow
F0001381-1,F0001381,1,Glow
F0001382-1,F0001382,1,Glow
F0001383-1,F0001383,1,Glow
F0001384-1,F0001384,1,Glow
F0001386-1,F0001386,1,Glow
F0001387-1,F0001387,1,Glow
F0001388-1,F0001388,1,Glow
F0001389-1,F0001389,1,Glow
F0001407-1,F0001407,1,Glow
F0001414-1,F0001414,1,Glow
F0001415-1,F0001415,1,Glow
F0001446-1,F0001446,1,Glow
F0001477-1,F0001477,1,Glow
F0001478-1,F0001478,1,Glow
F0001480-1,F0001480,1,Glow
F0001492-1,F0001492,1,Glow
F0001536-1,F0001536,1,Glow
F0001670-1,F0001670,1,Glow
F0001814-1,F0001814,1,Glow
F0001817-1,F0001817,1,Glow
F0001818-1,F0001818,1,Glow
F0001819-1,F0001819,1,Glow
F0002071-1,F0002071,1,Glow
F0002078-1,F0002078,1,Glow
F0002079-1,F0002079,1,Glow
F0002080-1,F0002080,1,Glow
F0002081-1,F0002081,1,Glow
F0002096-1,F0002096,1,Glow
F0002097-1,F0002097,1,Glow
F0002098-1,F0002098,1,Glow
F0002461-1,F0002461,1,Glow
F0002643-1,F0002643,1,Glow
F0002644-1,F0002644,1,Glow
F0002645-1,F0002645,1,Glow
F0002676-1,F0002676,1,Glow
F0002677-1,F0002677,1,Glow
F0002678-1,F0002678,1,Glow
F0002735-1,F0002735,1,Glow
F0002736-1,F0002736,1,Glow
F0002770-1,F0002770,1,Glow
F0002771-1,F0002771,1,Glow
F0003110-1,F0003110,1,Glow
F0003111-1,F0003111,1,Glow
F0003112-1,F0003112,1,Glow
F0003113-1,F0003113,1,Glow
F0003114-1,F0003114,1,Glow
F0003115-1,F0003115,1,Glow
F0003116-1,F0003116,1,Glow
F0003117-1,F0003117,1,Glow
F0003118-1,F0003118,1,Glow
F0003119-1,F0003119,1,Glow
F0003120-1,F0003120,1,Glow
F0003121-1,F0003121,1,Glow
F0003122-1,F0003122,1,Glow
F0003123-1,F0003123,1,Glow
F0003124-1,F0003124,1,Glow
F0003125-1,F0003125,1,Glow
F0003126-1,F0003126,1,Glow
F0003127-1,F0003127,1,Glow
F0003128-1,F0003128,1,Glow
F0003129-1,F0003129,1,Glow
F0003130-1,F0003130,1,Glow
F0003131-1,F0003131,1,Glow
F0003132-1,F0003132,1,Glow
F0003133-1,F0003133,1,Glow
F0003134-1,F0003134,1,Glow
F0003135-1,F0003135,1,Glow
F0003136-1,F0003136,1,Glow
F0003137-1,F0003137,1,Glow
F0003138-1,F0003138,1,Glow
F0003139-1,F0003139,1,Glow
F0003140-1,F0003140,1,Glow
F0003141-1,F0003141,1,Glow
F0003142-1,F0003142,1,Glow
F0003143-1,F0003143,1,Glow
F0003145-1,F0003145,1,Glow
F0003146-1,F0003146,1,Glow
F0003147-1,F0003147,1,Glow
F0003148-1,F0003148,1,Glow
F0003149-1,F0003149,1,Glow
F0003150-1,F0003150,1,Glow
F0003151-1,F0003151,1,Glow
F0003152-1,F0003152,1,Glow
F0003351-1,F0003351,1,Glow
F0003352-1,F0003352,1,Glow
F0003353-1,F0003353,1,Glow
F0003354-1,F0003354,1,Glow
F0003355-1,F0003355,1,Glow
F0003356-1,F0003356,1,Glow
F0003357-1,F0003357,1,Glow
F0003358-1,F0003358,1,Glow
F0003359-1,F0003359,1,Glow
F0003360-1,F0003360,1,Glow
F0003361-1,F0003361,1,Glow
F0003362-1,F0003362,1,Glow
F0003363-1,F0003363,1,Glow
F0003430-1,F0003430,1,Glow
F0003435-1,F0003435,1,Glow
F0003436-1,F0003436,1,Glow
F0003469-1,F0003469,1,Glow
F0003470-1,F0003470,1,Glow
F0003471-1,F0003471,1,Glow
F0003481-1,F0003481,1,Glow
F0003482-1,F0003482,1,Glow
F0003483-1,F0003483,1,Glow
F0003484-1,F0003484,1,Glow
F0003485-1,F0003485,1,Glow
F0003486-1,F0003486,1,Glow
F0003487-1,F0003487,1,Glow
F0003488-1,F0003488,1,Glow
F0003489-1,F0003489,1,Glow
F0003490-1,F0003490,1,Glow
F0003491-1,F0003491,1,Glow
F0003492-1,F0003492,1,Glow
F0003512-1,F0003512,1,Glow
F0003513-1,F0003513,1,Glow
F0003517-1,F0003517,1,Glow
F0003518-1,F0003518,1,Glow
F0003519-1,F0003519,1,Glow
F0003520-1,F0003520,1,Glow
F0003522-1,F0003522,1,Glow
F0003523-1,F0003523,1,Glow
F0003524-1,F0003524,1,Glow
F0003526-1,F0003526,1,Glow
F0003527-1,F0003527,1,Glow
F0003532-1,F0003532,1,Glow
F0003534-1,F0003534,1,Glow
F0003742-1,F0003742,1,Glow
F0003743-1,F0003743,1,Glow
F0003745-1,F0003745,1,Glow
F0003746-1,F0003746,1,Glow
F0003747-1,F0003747,1,Glow
F0003748-1,F0003748,1,Glow
F0003749-1,F0003749,1,Glow
F0003750-1,F0003750,1,Glow
F0003751-1,F0003751,1,Glow
F0003752-1,F0003752,1,Glow
F0003753-1,F0003753,1,Glow
F0003754-1,F0003754,1,Glow
F0003917-1,F0003917,1,Glow
F0003919-1,F0003919,1,Glow
F0003920-1,F0003920,1,Glow
F0003921-1,F0003921,1,Glow
F0003922-1,F0003922,1,Glow
F0003923-1,F0003923,1,Glow
F0003924-1,F0003924,1,Glow
F0003925-1,F0003925,1,Glow
F0003926-1,F0003926,1,Glow
F0003927-1,F0003927,1,Glow
F0003931-1,F0003931,1,Glow
F0004072-1,F0004072,1,Glow
F0004073-1,F0004073,1,Glow
F0004074-1,F0004074,1,Glow
F0004087-1,F0004087,1,Glow
F0004118-1,F0004118,1,Glow
F0004119-1,F0004119,1,Glow
F0004120-1,F0004120,1,Glow
F0004121-1,F0004121,1,Glow
F0004122-1,F0004122,1,Glow
F0004123-1,F0004123,1,Glow
F0004124-1,F0004124,1,Glow
F0004126-1,F0004126,1,Glow
F0004127-1,F0004127,1,Glow
F0004128-1,F0004128,1,Glow
F0004133-1,F0004133,1,Glow
F0004134-1,F0004134,1,Glow
F0004135-1,F0004135,1,Glow
F0004136-1,F0004136,1,Glow
F0004143-1,F0004143,1,Glow
F0004144-1,F0004144,1,Glow
F0004145-1,F0004145,1,Glow
F0004146-1,F0004146,1,Glow
F0004147-1,F0004147,1,Glow
F0004156-1,F0004156,1,Glow
F0004157-1,F0004157,1,Glow
F0004158-1,F0004158,1,Glow
F0004166-1,F0004166,1,Glow
F0004167-1,F0004167,1,Glow
F0004168-1,F0004168,1,Glow
F0004169-1,F0004169,1,Glow
F0004182-1,F0004182,1,Glow
F0004183-1,F0004183,1,Glow
F0004186-1,F0004186,1,Glow
F0004187-1,F0004187,1,Glow
F0004188-1,F0004188,1,Glow
F0004189-1,F0004189,1,Glow
F0004242-1,F0004242,1,Glow
F0004243-1,F0004243,1,Glow
F0004251-1,F0004251,1,Glow
F0004252-1,F0004252,1,Glow
F0004254-1,F0004254,1,Glow
F0004256-1,F0004256,1,Glow
F0004342-1,F0004342,1,Glow
F0004343-1,F0004343,1,Glow
F0004344-1,F0004344,1,Glow
F0004359-1,F0004359,1,Glow
F0004361-1,F0004361,1,Glow
F0004362-1,F0004362,1,Glow
F0004364-1,F0004364,1,Glow
F0004366-1,F0004366,1,Glow
F0004430-1,F0004430,1,Glow
F0004475-1,F0004475,1,Glow
F0004476-1,F0004476,1,Glow
F0004523-1,F0004523,1,Glow
F0004527-1,F0004527,1,Glow
F0004910-1,F0004910,1,Glow
F0004911-1,F0004911,1,Glow
F0004931-1,F0004931,1,Glow
F0005010-1,F0005010,1,Glow
F0005014-1,F0005014,1,Glow
F0005020-1,F0005020,1,Glow
F0005021-1,F0005021,1,Glow
F0005091-1,F0005091,1,Glow
F0005096-1,F0005096,1,Glow
F0005097-1,F0005097,1,Glow
F0005103-1,F0005103,1,Glow
F0005110-1,F0005110,1,Glow
F0005240-1,F0005240,1,Glow
F0005316-1,F0005316,1,Glow
F0005365-1,F0005365,1,Glow
F0005366-1,F0005366,1,Glow
F0005367-1,F0005367,1,Glow
F0005368-1,F0005368,1,Glow
F0005369-1,F0005369,1,Glow
F0005370-1,F0005370,1,Glow
F0005371-1,F0005371,1,Glow
F0005372-1,F0005372,1,Glow
F0005373-1,F0005373,1,Glow
F0005374-1,F0005374,1,Glow
F0005375-1,F0005375,1,Glow
F0005376-1,F0005376,1,Glow
F0005378-1,F0005378,1,Glow
F0005379-1,F0005379,1,Glow
F0005380-1,F0005380,1,Glow
F0005417-1,F0005417,1,Glow
F0005627-1,F0005627,1,Glow
F0005905-1,F0005905,1,Glow
F0005910-1,F0005910,1,Glow
F0006536-1,F0006536,1,Glow
F0006538-1,F0006538,1,Glow
F0006540-1,F0006540,1,Glow
F0006562-1,F0006562,1,Glow
F0006586-1,F0006586,1,Glow
F0006636-1,F0006636,1,Glow
F0006805-1,F0006805,1,Glow
F0006826-1,F0006826,1,Glow
F0006830-1,F0006830,1,Glow
F0006856-1,F0006856,1,Glow
F0006878-1,F0006878,1,Glow
F0006879-1,F0006879,1,Glow
F0006880-1,F0006880,1,Glow
F0006915-1,F0006915,1,Glow
F0006976-1,F0006976,1,Glow
F0006977-1,F0006977,1,Glow
F0006994-1,F0006994,1,Glow
F0007029-1,F0007029,1,Glow
F0007034-1,F0007034,1,Glow
F0007046-1,F0007046,1,Glow
F0007048-1,F0007048,1,Glow
F0007052-1,F0007052,1,Glow
F0007053-1,F0007053,1,Glow
F0007054-1,F0007054,1,Glow
F0007056-1,F0007056,1,Glow
F0007060-1,F0007060,1,Glow
F0007062-1,F0007062,1,Glow
F0007063-1,F0007063,1,Glow
F0007068-1,F0007068,1,Glow
F0007129-1,F0007129,1,Glow
F0007380-1,F0007380,1,Glow
F0007460-1,F0007460,1,Glow
F0007490-1,F0007490,1,Glow
F0007494-1,F0007494,1,Glow
F0007568-1,F0007568,1,Glow
F0007569-1,F0007569,1,Glow
F0007809-1,F0007809,1,Glow
F0007869-1,F0007869,1,Glow
F0007879-1,F0007879,1,Glow
F0007880-1,F0007880,1,Glow
F0007885-1,F0007885,1,Glow
F0008135-1,F0008135,1,Glow
F0008190-1,F0008190,1,Glow
F0008191-1,F0008191,1,Glow
F0008195-1,F0008195,1,Glow
F0008200-1,F0008200,1,Glow
F0008218-1,F0008218,1,Glow
F0008278-1,F0008278,1,Glow
F0008279-1,F0008279,1,Glow
F0008295-1,F0008295,1,Glow
F0008296-1,F0008296,1,Glow
F0008297-1,F0008297,1,Glow
F0008299-1,F0008299,1,Glow
F0008301-1,F0008301,1,Glow
F0008302-1,F0008302,1,Glow
F0008303-1,F0008303,1,Glow
F0008305-1,F0008305,1,Glow
F0008307-1,F0008307,1,Glow
F0008308-1,F0008308,1,Glow
F0008309-1,F0008309,1,Glow
F0008310-1,F0008310,1,Glow
F0008314-1,F0008314,1,Glow
F0008316-1,F0008316,1,Glow
F0008317-1,F0008317,1,Glow
F0008318-1,F0008318,1,Glow
F0008319-1,F0008319,1,Glow
F0008320-1,F0008320,1,Glow
F0008321-1,F0008321,1,Glow
F0008322-1,F0008322,1,Glow
F0008328-1,F0008328,1,Glow
F0008331-1,F0008331,1,Glow
F0008332-1,F0008332,1,Glow
F0008333-1,F0008333,1,Glow
F0008334-1,F0008334,1,Glow
F0008335-1,F0008335,1,Glow
F0008348-1,F0008348,1,Glow
F0008349-1,F0008349,1,Glow
F0008350-1,F0008350,1,Glow
F0008351-1,F0008351,1,Glow
F0008352-1,F0008352,1,Glow
F0008353-1,F0008353,1,Glow
F0008354-1,F0008354,1,Glow
F0008355-1,F0008355,1,Glow
F0008356-1,F0008356,1,Glow
F0008357-1,F0008357,1,Glow
F0008358-1,F0008358,1,Glow
F0008359-1,F0008359,1,Glow
F0008360-1,F0008360,1,Glow
F0008361-1,F0008361,1,Glow
F0008362-1,F0008362,1,Glow
F0008373-1,F0008373,1,Glow
F0008669-1,F0008669,1,Glow
F0008670-1,F0008670,1,Glow
F0008679-1,F0008679,1,Glow
F0008714-1,F0008714,1,Glow
F0008726-1,F0008726,1,Glow
F0008830-1,F0008830,1,Glow
F0008838-1,F0008838,1,Glow
F0008845-1,F0008845,1,Glow
F0008846-1,F0008846,1,Glow
F0008857-1,F0008857,1,Glow
F0008874-1,F0008874,1,Glow
F0008875-1,F0008875,1,Glow
F0008929-1,F0008929,1,Glow
F0008984-1,F0008984,1,Glow
F0008987-1,F0008987,1,Glow
F0008988-1,F0008988,1,Glow
F0008989-1,F0008989,1,Glow
F0009082-1,F0009082,1,Glow
F0009094-1,F0009094,1,Glow
F0009114-1,F0009114,1,Glow
F0009115-1,F0009115,1,Glow
F0009208-1,F0009208,1,Glow
F0009250-1,F0009250,1,Glow
F0009288-1,F0009288,1,Glow
F0009290-1,F0009290,1,Glow
F0009317-1,F0009317,1,Glow
F0009346-1,F0009346,1,Glow
F0009356-1,F0009356,1,Glow
F0009374-1,F0009374,1,Glow
F0009378-1,F0009378,1,Glow
F0009437-1,F0009437,1,Glow
F0009496-1,F0009496,1,Glow
F0009548-1,F0009548,1,Glow
F0009549-1,F0009549,1,Glow
F0009553-1,F0009553,1,Glow
F0009555-1,F0009555,1,Glow
F0009558-1,F0009558,1,Glow
F0009581-1,F0009581,1,Glow
F0009585-1,F0009585,1,Glow
F0009589-1,F0009589,1,Glow
F0009617-1,F0009617,1,Glow
F0009660-1,F0009660,1,Glow
F0009661-1,F0009661,1,Glow
F0009685-1,F0009685,1,Glow
F0009686-1,F0009686,1,Glow
F0009687-1,F0009687,1,Glow
F0009688-1,F0009688,1,Glow
F0009689-1,F0009689,1,Glow
F0009690-1,F0009690,1,Glow
F0009691-1,F0009691,1,Glow
F0009692-1,F0009692,1,Glow
F0009693-1,F0009693,1,Glow
F0009694-1,F0009694,1,Glow
F0009695-1,F0009695,1,Glow
F0009696-1,F0009696,1,Glow
F0009697-1,F0009697,1,Glow
F0009698-1,F0009698,1,Glow
F0009699-1,F0009699,1,Glow
F0009700-1,F0009700,1,Glow
F0009702-1,F0009702,1,Glow
F0009703-1,F0009703,1,Glow
F0009704-1,F0009704,1,Glow
F0009706-1,F0009706,1,Glow
F0009707-1,F0009707,1,Glow
F0009708-1,F0009708,1,Glow
F0009709-1,F0009709,1,Glow
F0009710-1,F0009710,1,Glow
F0009711-1,F0009711,1,Glow
F0009738-1,F0009738,1,Glow
F0009766-1,F0009766,1,Glow
F0009768-1,F0009768,1,Glow
F0009772-1,F0009772,1,Glow
F0009773-1,F0009773,1,Glow
F0009775-1,F0009775,1,Glow
F0009776-1,F0009776,1,Glow
F0009792-1,F0009792,1,Glow
F0009859-1,F0009859,1,Glow
F0009865-1,F0009865,1,Glow
F0009895-1,F0009895,1,Glow
F0010026-1,F0010026,1,Glow
F0010031-1,F0010031,1,Glow
F0010035-1,F0010035,1,Glow
F0010036-1,F0010036,1,Glow
F0010042-1,F0010042,1,Glow
F0010045-1,F0010045,1,Glow
F0010053-1,F0010053,1,Glow
F0010054-1,F0010054,1,Glow
F0010065-1,F0010065,1,Glow
F0010094-1,F0010094,1,Glow
F0010218-1,F0010218,1,Glow
F0010221-1,F0010221,1,Glow
F0010225-1,F0010225,1,Glow
F0010282-1,F0010282,1,Glow
F0010402-1,F0010402,1,Glow
F0010418-1,F0010418,1,Glow
F0010420-1,F0010420,1,Glow
F0010475-1,F0010475,1,Glow
F0010476-1,F0010476,1,Glow
F0010477-1,F0010477,1,Glow
F0010490-1,F0010490,1,Glow
F0010491-1,F0010491,1,Glow
F0010495-1,F0010495,1,Glow
F0010496-1,F0010496,1,Glow
F0010497-1,F0010497,1,Glow
F0010498-1,F0010498,1,Glow
F0010527-1,F0010527,1,Glow
F0010531-1,F0010531,1,Glow
F0010534-1,F0010534,1,Glow
F0010546-1,F0010546,1,Glow
F0010560-1,F0010560,1,Glow
F0010579-1,F0010579,1,Glow
F0010605-1,F0010605,1,Glow
F0010615-1,F0010615,1,Glow
F0010685-1,F0010685,1,Glow
F0010728-1,F0010728,1,Glow
F0010729-1,F0010729,1,Glow
F0010730-1,F0010730,1,Glow
F0010733-1,F0010733,1,Glow
F0010734-1,F0010734,1,Glow
F0010736-1,F0010736,1,Glow
F0010737-1,F0010737,1,Glow
F0010738-1,F0010738,1,Glow
F0010805-1,F0010805,1,Glow
F0010807-1,F0010807,1,Glow
F0010808-1,F0010808,1,Glow
F0010814-1,F0010814,1,Glow
F0010840-1,F0010840,1,Glow
F0010870-1,F0010870,1,Glow
F0010927-1,F0010927,1,Glow
F0010936-1,F0010936,1,Glow
F0011020-1,F0011020,1,Glow
F0011091-1,F0011091,1,Glow
F0011092-1,F0011092,1,Glow
F0011098-1,F0011098,1,Glow
F0011099-1,F0011099,1,Glow
F0011102-1,F0011102,1,Glow
F0011103-1,F0011103,1,Glow
F0011115-1,F0011115,1,Glow
F0011118-1,F0011118,1,Glow
F0011121-1,F0011121,1,Glow
F0011136-1,F0011136,1,Glow
F0011137-1,F0011137,1,Glow
F0011161-1,F0011161,1,Glow
F0011172-1,F0011172,1,Glow
F0011302-1,F0011302,1,Glow
F0011324-1,F0011324,1,Glow
F0011325-1,F0011325,1,Glow
F0011326-1,F0011326,1,Glow
F0011327-1,F0011327,1,Glow
F0011328-1,F0011328,1,Glow
F0011329-1,F0011329,1,Glow
F0011330-1,F0011330,1,Glow
F0011331-1,F0011331,1,Glow
F0011332-1,F0011332,1,Glow
F0011333-1,F0011333,1,Glow
F0011334-1,F0011334,1,Glow
F0011351-1,F0011351,1,Glow
F0011353-1,F0011353,1,Glow
F0011354-1,F0011354,1,Glow
F0011355-1,F0011355,1,Glow
F0011356-1,F0011356,1,Glow
F0011357-1,F0011357,1,Glow
F0011358-1,F0011358,1,Glow
F0011359-1,F0011359,1,Glow
F0011360-1,F0011360,1,Glow
F0011361-1,F0011361,1,Glow
F0011362-1,F0011362,1,Glow
F0011364-1,F0011364,1,Glow
F0011365-1,F0011365,1,Glow
F0011366-1,F0011366,1,Glow
F0011402-1,F0011402,1,Glow
F0011404-1,F0011404,1,Glow
F0011406-1,F0011406,1,Glow
F0011407-1,F0011407,1,Glow
F0011408-1,F0011408,1,Glow
F0011417-1,F0011417,1,Glow
F0011418-1,F0011418,1,Glow
F0011421-1,F0011421,1,Glow
F0011427-1,F0011427,1,Glow
F0011432-1,F0011432,1,Glow
F0011470-1,F0011470,1,Glow
F0011473-1,F0011473,1,Glow
F0011486-1,F0011486,1,Glow
F0011487-1,F0011487,1,Glow
F0011512-1,F0011512,1,Glow
F0011514-1,F0011514,1,Glow
F0011523-1,F0011523,1,Glow
F0011528-1,F0011528,1,Glow
F0011541-1,F0011541,1,Glow
F0011546-1,F0011546,1,Glow
F0011564-1,F0011564,1,Glow
F0011572-1,F0011572,1,Glow
F0011576-1,F0011576,1,Glow
F0011580-1,F0011580,1,Glow
F0011582-1,F0011582,1,Glow
F0011585-1,F0011585,1,Glow
F0011587-1,F0011587,1,Glow
F0011594-1,F0011594,1,Glow
F0011596-1,F0011596,1,Glow
F0011619-1,F0011619,1,Glow
F0011639-1,F0011639,1,Glow
F0011665-1,F0011665,1,Glow
F0011693-1,F0011693,1,Glow
F0011694-1,F0011694,1,Glow
F0011761-1,F0011761,1,Glow
F0011776-1,F0011776,1,Glow
F0011837-1,F0011837,1,Glow
F0011838-1,F0011838,1,Glow
F0011897-1,F0011897,1,Glow
F0011907-1,F0011907,1,Glow
F0011919-1,F0011919,1,Glow
F0011920-1,F0011920,1,Glow
F0011922-1,F0011922,1,Glow
F0011924-1,F0011924,1,Glow
F0011928-1,F0011928,1,Glow
F0011930-1,F0011930,1,Glow
F0011933-1,F0011933,1,Glow
F0011934-1,F0011934,1,Glow
F0011935-1,F0011935,1,Glow
F0011936-1,F0011936,1,Glow
F0011960-1,F0011960,1,Glow
F0011961-1,F0011961,1,Glow
F0011963-1,F0011963,1,Glow
F0011964-1,F0011964,1,Glow
F0011968-1,F0011968,1,Glow
F0011991-1,F0011991,1,Glow
F0012002-1,F0012002,1,Glow
F0012005-1,F0012005,1,Glow
F0012006-1,F0012006,1,Glow
F0012039-1,F0012039,1,Glow
F0012050-1,F0012050,1,Glow
F0012063-1,F0012063,1,Glow
F0012090-1,F0012090,1,Glow
F0012096-1,F0012096,1,Glow
F0012099-1,F0012099,1,Glow
F0012110-1,F0012110,1,Glow
F0012111-1,F0012111,1,Glow
F0012113-1,F0012113,1,Glow
F0012114-1,F0012114,1,Glow
F0012115-1,F0012115,1,Glow
F0012116-1,F0012116,1,Glow
F0012117-1,F0012117,1,Glow
F0012118-1,F0012118,1,Glow
F0012119-1,F0012119,1,Glow
F0012120-1,F0012120,1,Glow
F0012129-1,F0012129,1,Glow
F0012142-1,F0012142,1,Glow
F0012144-1,F0012144,1,Glow
F0012161-1,F0012161,1,Glow
F0012190-1,F0012190,1,Glow
F0012237-1,F0012237,1,Glow
F0012293-1,F0012293,1,Glow
F0012350-1,F0012350,1,Glow
F0012351-1,F0012351,1,Glow
F0012380-1,F0012380,1,Glow
F0012424-1,F0012424,1,Glow
F0012426-1,F0012426,1,Glow
F0012427-1,F0012427,1,Glow
F0012432-1,F0012432,1,Glow
F0012435-1,F0012435,1,Glow
F0012456-1,F0012456,1,Glow
F0012457-1,F0012457,1,Glow
F0012460-1,F0012460,1,Glow
F0012497-1,F0012497,1,Glow
F0012603-1,F0012603,1,Glow
F0012623-1,F0012623,1,Glow
F0012624-1,F0012624,1,Glow
F0012633-1,F0012633,1,Glow
F0012730-1,F0012730,1,Glow
F0012763-1,F0012763,1,Glow
F0012772-1,F0012772,1,Glow
F0012773-1,F0012773,1,Glow
F0012775-1,F0012775,1,Glow
F0012782-1,F0012782,1,Glow
F0012783-1,F0012783,1,Glow
F0012820-1,F0012820,1,Glow
F0012831-1,F0012831,1,Glow
F0012872-1,F0012872,1,Glow
F0012899-1,F0012899,1,Glow
F0012988-1,F0012988,1,Glow
F0013035-1,F0013035,1,Glow
F0013100-1,F0013100,1,Glow
F0013204-1,F0013204,1,Glow
F0013213-1,F0013213,1,Glow
F0013215-1,F0013215,1,Glow
F0013225-1,F0013225,1,Glow
F0013246-1,F0013246,1,Glow
F0013247-1,F0013247,1,Glow
F0013273-1,F0013273,1,Glow
F0013311-1,F0013311,1,Glow
F0013376-1,F0013376,1,Glow
F0013402-1,F0013402,1,Glow
F0013431-1,F0013431,1,Glow
F0013495-1,F0013495,1,Glow
F0013542-1,F0013542,1,Glow
F0013547-1,F0013547,1,Glow
F0013557-1,F0013557,1,Glow
F0013559-1,F0013559,1,Glow
F0013565-1,F0013565,1,Glow
F0013572-1,F0013572,1,Glow
F0013630-1,F0013630,1,Glow
F0013631-1,F0013631,1,Glow
F0013632-1,F0013632,1,Glow
F0013633-1,F0013633,1,Glow
F0013634-1,F0013634,1,Glow
F0013635-1,F0013635,1,Glow
F0013636-1,F0013636,1,Glow
F0013637-1,F0013637,1,Glow
F0013638-1,F0013638,1,Glow
F0013639-1,F0013639,1,Glow
F0013728-1,F0013728,1,Glow
F0013807-1,F0013807,1,Glow
F0013822-1,F0013822,1,Glow
F0013852-1,F0013852,1,Glow
F0013911-1,F0013911,1,Glow
F0013912-1,F0013912,1,Glow
F0013961-1,F0013961,1,Glow
F0013962-1,F0013962,1,Glow
F0013963-1,F0013963,1,Glow
F0013964-1,F0013964,1,Glow
F0014022-1,F0014022,1,Glow
F0014062-1,F0014062,1,Glow
F0014089-1,F0014089,1,Glow
F0014094-1,F0014094,1,Glow
F0014109-1,F0014109,1,Glow
F0014112-1,F0014112,1,Glow
F0014233-1,F0014233,1,Glow
F0014348-1,F0014348,1,Glow
F0014464-1,F0014464,1,Glow
F0014488-1,F0014488,1,Glow
F0014561-1,F0014561,1,Glow
F0000389-1,F0000389,1,Trish
F0000393-1,F0000393,1,Trish
F0000394-1,F0000394,1,Trish
F0000409-1,F0000409,1,Trish
F0000417-1,F0000417,1,Trish
F0000426-1,F0000426,1,Trish
F0000436-1,F0000436,1,Trish
F0000439-1,F0000439,1,Trish
F0000440-1,F0000440,1,Trish
F0000457-1,F0000457,1,Trish
F0000470-1,F0000470,1,Trish
F0000471-1,F0000471,1,Trish
F0000473-1,F0000473,1,Trish
F0000474-1,F0000474,1,Trish
F0000478-1,F0000478,1,Trish
F0000479-1,F0000479,1,Trish
F0000480-1,F0000480,1,Trish
F0000481-1,F0000481,1,Trish
F0000536-1,F0000536,1,Trish
F0000537-1,F0000537,1,Trish
F0000539-1,F0000539,1,Trish
F0000549-1,F0000549,1,Trish
F0000551-1,F0000551,1,Trish
F0000553-1,F0000553,1,Trish
F0000564-1,F0000564,1,Trish
F0000668-1,F0000668,1,Trish
F0000669-1,F0000669,1,Trish
F0000689-1,F0000689,1,Trish
F0000709-1,F0000709,1,Trish
F0000860-1,F0000860,1,Trish
F0000880-1,F0000880,1,Trish
F0000939-1,F0000939,1,Trish
F0000941-1,F0000941,1,Trish
F0001102-1,F0001102,1,Trish
F0001103-1,F0001103,1,Trish
F0001166-1,F0001166,1,Trish
F0001188-1,F0001188,1,Trish
F0001221-1,F0001221,1,Trish
F0001258-1,F0001258,1,Trish
F0001290-1,F0001290,1,Trish
F0001310-1,F0001310,1,Trish
F0001338-1,F0001338,1,Trish
F0001485-1,F0001485,1,Trish
F0002828-1,F0002828,1,Trish
F0002988-1,F0002988,1,Trish
F0003593-1,F0003593,1,Trish
F0004174-1,F0004174,1,Trish
F0004175-1,F0004175,1,Trish
F0004176-1,F0004176,1,Trish
F0004249-1,F0004249,1,Trish
F0004253-1,F0004253,1,Trish
F0004255-1,F0004255,1,Trish
F0004258-1,F0004258,1,Trish
F0004262-1,F0004262,1,Trish
F0004263-1,F0004263,1,Trish
F0004751-1,F0004751,1,Trish
F0005536-1,F0005536,1,Trish
F0006076-1,F0006076,1,Trish
F0006092-1,F0006092,1,Trish
F0006208-1,F0006208,1,Trish
F0006288-1,F0006288,1,Trish
F0006291-1,F0006291,1,Trish
F0006292-1,F0006292,1,Trish
F0006293-1,F0006293,1,Trish
F0006299-1,F0006299,1,Trish
F0006301-1,F0006301,1,Trish
F0006304-1,F0006304,1,Trish
F0006308-1,F0006308,1,Trish
F0006310-1,F0006310,1,Trish
F0006312-1,F0006312,1,Trish
F0006318-1,F0006318,1,Trish
F0006331-1,F0006331,1,Trish
F0006334-1,F0006334,1,Trish
F0006338-1,F0006338,1,Trish
F0006340-1,F0006340,1,Trish
F0006342-1,F0006342,1,Trish
F0006396-1,F0006396,1,Trish
F0006399-1,F0006399,1,Trish
F0006451-1,F0006451,1,Trish
F0006462-1,F0006462,1,Trish
F0006466-1,F0006466,1,Trish
F0006467-1,F0006467,1,Trish
F0006471-1,F0006471,1,Trish
F0006472-1,F0006472,1,Trish
F0006474-1,F0006474,1,Trish
F0006475-1,F0006475,1,Trish
F0006478-1,F0006478,1,Trish
F0006479-1,F0006479,1,Trish
F0006481-1,F0006481,1,Trish
F0006483-1,F0006483,1,Trish
F0006526-1,F0006526,1,Trish
F0006527-1,F0006527,1,Trish
F0006591-1,F0006591,1,Trish
F0006593-1,F0006593,1,Trish
F0006595-1,F0006595,1,Trish
F0006596-1,F0006596,1,Trish
F0006597-1,F0006597,1,Trish
F0006598-1,F0006598,1,Trish
F0006613-1,F0006613,1,Trish
F0006733-1,F0006733,1,Trish
F0006738-1,F0006738,1,Trish
F0006739-1,F0006739,1,Trish
F0006745-1,F0006745,1,Trish
F0006747-1,F0006747,1,Trish
F0006750-1,F0006750,1,Trish
F0006751-1,F0006751,1,Trish
F0006752-1,F0006752,1,Trish
F0006757-1,F0006757,1,Trish
F0006758-1,F0006758,1,Trish
F0006762-1,F0006762,1,Trish
F0006778-1,F0006778,1,Trish
F0006780-1,F0006780,1,Trish
F0006783-1,F0006783,1,Trish
F0006788-1,F0006788,1,Trish
F0006789-1,F0006789,1,Trish
F0006790-1,F0006790,1,Trish
F0006792-1,F0006792,1,Trish
F0006793-1,F0006793,1,Trish
F0006794-1,F0006794,1,Trish
F0006971-1,F0006971,1,Trish
F0006973-1,F0006973,1,Trish
F0006979-1,F0006979,1,Trish
F0007005-1,F0007005,1,Trish
F0007026-1,F0007026,1,Trish
F0007030-1,F0007030,1,Trish
F0007033-1,F0007033,1,Trish
F0007039-1,F0007039,1,Trish
F0007047-1,F0007047,1,Trish
F0007049-1,F0007049,1,Trish
F0007050-1,F0007050,1,Trish
F0007051-1,F0007051,1,Trish
F0007055-1,F0007055,1,Trish
F0007057-1,F0007057,1,Trish
F0007058-1,F0007058,1,Trish
F0007059-1,F0007059,1,Trish
F0007061-1,F0007061,1,Trish
F0007064-1,F0007064,1,Trish
F0007065-1,F0007065,1,Trish
F0007066-1,F0007066,1,Trish
F0007067-1,F0007067,1,Trish
F0007069-1,F0007069,1,Trish
F0007138-1,F0007138,1,Trish
F0007487-1,F0007487,1,Trish
F0007510-1,F0007510,1,Trish
F0007576-1,F0007576,1,Trish
F0007619-1,F0007619,1,Trish
F0007812-1,F0007812,1,Trish
F0007873-1,F0007873,1,Trish
F0007874-1,F0007874,1,Trish
F0007881-1,F0007881,1,Trish
F0007884-1,F0007884,1,Trish
F0007887-1,F0007887,1,Trish
F0007889-1,F0007889,1,Trish
F0008006-1,F0008006,1,Trish
F0008125-1,F0008125,1,Trish
F0008128-1,F0008128,1,Trish
F0008129-1,F0008129,1,Trish
F0008194-1,F0008194,1,Trish
F0008198-1,F0008198,1,Trish
F0008201-1,F0008201,1,Trish
F0008202-1,F0008202,1,Trish
F0008220-1,F0008220,1,Trish
F0008371-1,F0008371,1,Trish
F0008372-1,F0008372,1,Trish
F0008377-1,F0008377,1,Trish
F0008475-1,F0008475,1,Trish
F0008482-1,F0008482,1,Trish
F0008483-1,F0008483,1,Trish
F0008511-1,F0008511,1,Trish
F0008512-1,F0008512,1,Trish
F0008513-1,F0008513,1,Trish
F0008518-1,F0008518,1,Trish
F0008603-1,F0008603,1,Trish
F0008614-1,F0008614,1,Trish
F0008615-1,F0008615,1,Trish
F0008649-1,F0008649,1,Trish
F0008651-1,F0008651,1,Trish
F0008653-1,F0008653,1,Trish
F0008671-1,F0008671,1,Trish
F0008672-1,F0008672,1,Trish
F0008677-1,F0008677,1,Trish
F0008684-1,F0008684,1,Trish
F0008694-1,F0008694,1,Trish
F0008708-1,F0008708,1,Trish
F0008711-1,F0008711,1,Trish
F0008740-1,F0008740,1,Trish
F0008842-1,F0008842,1,Trish
F0008871-1,F0008871,1,Trish
F0008877-1,F0008877,1,Trish
F0008985-1,F0008985,1,Trish
F0008986-1,F0008986,1,Trish
F0008993-1,F0008993,1,Trish
F0008998-1,F0008998,1,Trish
F0009095-1,F0009095,1,Trish
F0009096-1,F0009096,1,Trish
F0009097-1,F0009097,1,Trish
F0009213-1,F0009213,1,Trish
F0009219-1,F0009219,1,Trish
F0009220-1,F0009220,1,Trish
F0009221-1,F0009221,1,Trish
F0009222-1,F0009222,1,Trish
F0009223-1,F0009223,1,Trish
F0009224-1,F0009224,1,Trish
F0009268-1,F0009268,1,Trish
F0009287-1,F0009287,1,Trish
F0009292-1,F0009292,1,Trish
F0009294-1,F0009294,1,Trish
F0009344-1,F0009344,1,Trish
F0009345-1,F0009345,1,Trish
F0009382-1,F0009382,1,Trish
F0009390-1,F0009390,1,Trish
F0009391-1,F0009391,1,Trish
F0009393-1,F0009393,1,Trish
F0009394-1,F0009394,1,Trish
F0009413-1,F0009413,1,Trish
F0009427-1,F0009427,1,Trish
F0009428-1,F0009428,1,Trish
F0009429-1,F0009429,1,Trish
F0009434-1,F0009434,1,Trish
F0009517-1,F0009517,1,Trish
F0009542-1,F0009542,1,Trish
F0009550-1,F0009550,1,Trish
F0009554-1,F0009554,1,Trish
F0009557-1,F0009557,1,Trish
F0009580-1,F0009580,1,Trish
F0009584-1,F0009584,1,Trish
F0009588-1,F0009588,1,Trish
F0009593-1,F0009593,1,Trish
F0009598-1,F0009598,1,Trish
F0009603-1,F0009603,1,Trish
F0009628-1,F0009628,1,Trish
F0009632-1,F0009632,1,Trish
F0009727-1,F0009727,1,Trish
F0009735-1,F0009735,1,Trish
F0009797-1,F0009797,1,Trish
F0009841-1,F0009841,1,Trish
F0009847-1,F0009847,1,Trish
F0009858-1,F0009858,1,Trish
F0009861-1,F0009861,1,Trish
F0009864-1,F0009864,1,Trish
F0009884-1,F0009884,1,Trish
F0009885-1,F0009885,1,Trish
F0009886-1,F0009886,1,Trish
F0009907-1,F0009907,1,Trish
F0009975-1,F0009975,1,Trish
F0010023-1,F0010023,1,Trish
F0010033-1,F0010033,1,Trish
F0010038-1,F0010038,1,Trish
F0010046-1,F0010046,1,Trish
F0010048-1,F0010048,1,Trish
F0010060-1,F0010060,1,Trish
F0010062-1,F0010062,1,Trish
F0010197-1,F0010197,1,Trish
F0010215-1,F0010215,1,Trish
F0010217-1,F0010217,1,Trish
F0010222-1,F0010222,1,Trish
F0010226-1,F0010226,1,Trish
F0010241-1,F0010241,1,Trish
F0010259-1,F0010259,1,Trish
F0010263-1,F0010263,1,Trish
F0010290-1,F0010290,1,Trish
F0010392-1,F0010392,1,Trish
F0010400-1,F0010400,1,Trish
F0010411-1,F0010411,1,Trish
F0010423-1,F0010423,1,Trish
F0010508-1,F0010508,1,Trish
F0010510-1,F0010510,1,Trish
F0010511-1,F0010511,1,Trish
F0010512-1,F0010512,1,Trish
F0010514-1,F0010514,1,Trish
F0010515-1,F0010515,1,Trish
F0010540-1,F0010540,1,Trish
F0010543-1,F0010543,1,Trish
F0010545-1,F0010545,1,Trish
F0010548-1,F0010548,1,Trish
F0010571-1,F0010571,1,Trish
F0010784-1,F0010784,1,Trish
F0010802-1,F0010802,1,Trish
F0010803-1,F0010803,1,Trish
F0010806-1,F0010806,1,Trish
F0010815-1,F0010815,1,Trish
F0010816-1,F0010816,1,Trish
F0010826-1,F0010826,1,Trish
F0010839-1,F0010839,1,Trish
F0010843-1,F0010843,1,Trish
F0010844-1,F0010844,1,Trish
F0010853-1,F0010853,1,Trish
F0010855-1,F0010855,1,Trish
F0010991-1,F0010991,1,Trish
F0010992-1,F0010992,1,Trish
F0010994-1,F0010994,1,Trish
F0011042-1,F0011042,1,Trish
F0011059-1,F0011059,1,Trish
F0011130-1,F0011130,1,Trish
F0011142-1,F0011142,1,Trish
F0011156-1,F0011156,1,Trish
F0011164-1,F0011164,1,Trish
F0011165-1,F0011165,1,Trish
F0011167-1,F0011167,1,Trish
F0011170-1,F0011170,1,Trish
F0011177-1,F0011177,1,Trish
F0011179-1,F0011179,1,Trish
F0011193-1,F0011193,1,Trish
F0011201-1,F0011201,1,Trish
F0011202-1,F0011202,1,Trish
F0011203-1,F0011203,1,Trish
F0011204-1,F0011204,1,Trish
F0011240-1,F0011240,1,Trish
F0011317-1,F0011317,1,Trish
F0011318-1,F0011318,1,Trish
F0011319-1,F0011319,1,Trish
F0011320-1,F0011320,1,Trish
F0011321-1,F0011321,1,Trish
F0011322-1,F0011322,1,Trish
F0011323-1,F0011323,1,Trish
F0011336-1,F0011336,1,Trish
F0011337-1,F0011337,1,Trish
F0011339-1,F0011339,1,Trish
F0011340-1,F0011340,1,Trish
F0011341-1,F0011341,1,Trish
F0011350-1,F0011350,1,Trish
F0011352-1,F0011352,1,Trish
F0011363-1,F0011363,1,Trish
F0011397-1,F0011397,1,Trish
F0011419-1,F0011419,1,Trish
F0011420-1,F0011420,1,Trish
F0011422-1,F0011422,1,Trish
F0011423-1,F0011423,1,Trish
F0011424-1,F0011424,1,Trish
F0011428-1,F0011428,1,Trish
F0011429-1,F0011429,1,Trish
F0011431-1,F0011431,1,Trish
F0011471-1,F0011471,1,Trish
F0011472-1,F0011472,1,Trish
F0011491-1,F0011491,1,Trish
F0011493-1,F0011493,1,Trish
F0011497-1,F0011497,1,Trish
F0011499-1,F0011499,1,Trish
F0011513-1,F0011513,1,Trish
F0011529-1,F0011529,1,Trish
F0011530-1,F0011530,1,Trish
F0011531-1,F0011531,1,Trish
F0011563-1,F0011563,1,Trish
F0011588-1,F0011588,1,Trish
F0011597-1,F0011597,1,Trish
F0011618-1,F0011618,1,Trish
F0011620-1,F0011620,1,Trish
F0011631-1,F0011631,1,Trish
F0011677-1,F0011677,1,Trish
F0011681-1,F0011681,1,Trish
F0011762-1,F0011762,1,Trish
F0011823-1,F0011823,1,Trish
F0011872-1,F0011872,1,Trish
F0011875-1,F0011875,1,Trish
F0011887-1,F0011887,1,Trish
F0011892-1,F0011892,1,Trish
F0011903-1,F0011903,1,Trish
F0011911-1,F0011911,1,Trish
F0011989-1,F0011989,1,Trish
F0012003-1,F0012003,1,Trish
F0012004-1,F0012004,1,Trish
F0012007-1,F0012007,1,Trish
F0012008-1,F0012008,1,Trish
F0012009-1,F0012009,1,Trish
F0012010-1,F0012010,1,Trish
F0012011-1,F0012011,1,Trish
F0012012-1,F0012012,1,Trish
F0012036-1,F0012036,1,Trish
F0012060-1,F0012060,1,Trish
F0012064-1,F0012064,1,Trish
F0012066-1,F0012066,1,Trish
F0012067-1,F0012067,1,Trish
F0012085-1,F0012085,1,Trish
F0012089-1,F0012089,1,Trish
F0012092-1,F0012092,1,Trish
F0012106-1,F0012106,1,Trish
F0012124-1,F0012124,1,Trish
F0012133-1,F0012133,1,Trish
F0012138-1,F0012138,1,Trish
F0012187-1,F0012187,1,Trish
F0012260-1,F0012260,1,Trish
F0012290-1,F0012290,1,Trish
F0012291-1,F0012291,1,Trish
F0012309-1,F0012309,1,Trish
F0012336-1,F0012336,1,Trish
F0012352-1,F0012352,1,Trish
F0012357-1,F0012357,1,Trish
F0012378-1,F0012378,1,Trish
F0012428-1,F0012428,1,Trish
F0012431-1,F0012431,1,Trish
F0012468-1,F0012468,1,Trish
F0012488-1,F0012488,1,Trish
F0012500-1,F0012500,1,Trish
F0012509-1,F0012509,1,Trish
F0012512-1,F0012512,1,Trish
F0012517-1,F0012517,1,Trish
F0012522-1,F0012522,1,Trish
F0012560-1,F0012560,1,Trish
F0012564-1,F0012564,1,Trish
F0012565-1,F0012565,1,Trish
F0012576-1,F0012576,1,Trish
F0012604-1,F0012604,1,Trish
F0012617-1,F0012617,1,Trish
F0012637-1,F0012637,1,Trish
F0012646-1,F0012646,1,Trish
F0012649-1,F0012649,1,Trish
F0012677-1,F0012677,1,Trish
F0012691-1,F0012691,1,Trish
F0012728-1,F0012728,1,Trish
F0012744-1,F0012744,1,Trish
F0012756-1,F0012756,1,Trish
F0012780-1,F0012780,1,Trish
F0012781-1,F0012781,1,Trish
F0012784-1,F0012784,1,Trish
F0012833-1,F0012833,1,Trish
F0012853-1,F0012853,1,Trish
F0012894-1,F0012894,1,Trish
F0012936-1,F0012936,1,Trish
F0012942-1,F0012942,1,Trish
F0012944-1,F0012944,1,Trish
F0013077-1,F0013077,1,Trish
F0013078-1,F0013078,1,Trish
F0013089-1,F0013089,1,Trish
F0013140-1,F0013140,1,Trish
F0013224-1,F0013224,1,Trish
F0013278-1,F0013278,1,Trish
F0013342-1,F0013342,1,Trish
F0013343-1,F0013343,1,Trish
F0013425-1,F0013425,1,Trish
F0013427-1,F0013427,1,Trish
F0013429-1,F0013429,1,Trish
F0013430-1,F0013430,1,Trish
F0013443-1,F0013443,1,Trish
F0013558-1,F0013558,1,Trish
F0013676-1,F0013676,1,Trish
F0013705-1,F0013705,1,Trish
F0013723-1,F0013723,1,Trish
F0013732-1,F0013732,1,Trish
F0013819-1,F0013819,1,Trish
F0013823-1,F0013823,1,Trish
F0013824-1,F0013824,1,Trish
F0013855-1,F0013855,1,Trish
F0013913-1,F0013913,1,Trish
F0013937-1,F0013937,1,Trish
F0013945-1,F0013945,1,Trish
F0014021-1,F0014021,1,Trish
F0014273-1,F0014273,1,Trish
F0000954-1,F0000954,1,Dakota Kai
F0001114-1,F0001114,1,Dakota Kai
F0001236-1,F0001236,1,Dakota Kai
F0001244-1,F0001244,1,Dakota Kai
F0001246-1,F0001246,1,Dakota Kai
F0001271-1,F0001271,1,Dakota Kai
F0001277-1,F0001277,1,Dakota Kai
F0001280-1,F0001280,1,Dakota Kai
F0001283-1,F0001283,1,Dakota Kai
F0001284-1,F0001284,1,Dakota Kai
F0001291-1,F0001291,1,Dakota Kai
F0001301-1,F0001301,1,Dakota Kai
F0007523-1,F0007523,1,Dakota Kai
F0007663-1,F0007663,1,Dakota Kai
F0007946-1,F0007946,1,Dakota Kai
F0007955-1,F0007955,1,Dakota Kai
F0007961-1,F0007961,1,Dakota Kai
F0007987-1,F0007987,1,Dakota Kai
F0008051-1,F0008051,1,Dakota Kai
F0008718-1,F0008718,1,Dakota Kai
F0008721-1,F0008721,1,Dakota Kai
F0008724-1,F0008724,1,Dakota Kai
F0008729-1,F0008729,1,Dakota Kai
F0008735-1,F0008735,1,Dakota Kai
F0008849-1,F0008849,1,Dakota Kai
F0008850-1,F0008850,1,Dakota Kai
F0008970-1,F0008970,1,Dakota Kai
F0008991-1,F0008991,1,Dakota Kai
F0009112-1,F0009112,1,Dakota Kai
F0009113-1,F0009113,1,Dakota Kai
F0009121-1,F0009121,1,Dakota Kai
F0009133-1,F0009133,1,Dakota Kai
F0009152-1,F0009152,1,Dakota Kai
F0009209-1,F0009209,1,Dakota Kai
F0009210-1,F0009210,1,Dakota Kai
F0009211-1,F0009211,1,Dakota Kai
F0009216-1,F0009216,1,Dakota Kai
F0009261-1,F0009261,1,Dakota Kai
F0009297-1,F0009297,1,Dakota Kai
F0009311-1,F0009311,1,Dakota Kai
F0009319-1,F0009319,1,Dakota Kai
F0009341-1,F0009341,1,Dakota Kai
F0009357-1,F0009357,1,Dakota Kai
F0009360-1,F0009360,1,Dakota Kai
F0009363-1,F0009363,1,Dakota Kai
F0009372-1,F0009372,1,Dakota Kai
F0009375-1,F0009375,1,Dakota Kai
F0009396-1,F0009396,1,Dakota Kai
F0009421-1,F0009421,1,Dakota Kai
F0009431-1,F0009431,1,Dakota Kai
F0009528-1,F0009528,1,Dakota Kai
F0009541-1,F0009541,1,Dakota Kai
F0009634-1,F0009634,1,Dakota Kai
F0009734-1,F0009734,1,Dakota Kai
F0009840-1,F0009840,1,Dakota Kai
F0009845-1,F0009845,1,Dakota Kai
F0009851-1,F0009851,1,Dakota Kai
F0009862-1,F0009862,1,Dakota Kai
F0009897-1,F0009897,1,Dakota Kai
F0009936-1,F0009936,1,Dakota Kai
F0009962-1,F0009962,1,Dakota Kai
F0009963-1,F0009963,1,Dakota Kai
F0009964-1,F0009964,1,Dakota Kai
F0010041-1,F0010041,1,Dakota Kai
F0010063-1,F0010063,1,Dakota Kai
F0010069-1,F0010069,1,Dakota Kai
F0010073-1,F0010073,1,Dakota Kai
F0010146-1,F0010146,1,Dakota Kai
F0010307-1,F0010307,1,Dakota Kai
F0010316-1,F0010316,1,Dakota Kai
F0010378-1,F0010378,1,Dakota Kai
F0010407-1,F0010407,1,Dakota Kai
F0010424-1,F0010424,1,Dakota Kai
F0010426-1,F0010426,1,Dakota Kai
F0010427-1,F0010427,1,Dakota Kai
F0010464-1,F0010464,1,Dakota Kai
F0010547-1,F0010547,1,Dakota Kai
F0010558-1,F0010558,1,Dakota Kai
F0010592-1,F0010592,1,Dakota Kai
F0010599-1,F0010599,1,Dakota Kai
F0010631-1,F0010631,1,Dakota Kai
F0010641-1,F0010641,1,Dakota Kai
F0010688-1,F0010688,1,Dakota Kai
F0010693-1,F0010693,1,Dakota Kai
F0010696-1,F0010696,1,Dakota Kai
F0010723-1,F0010723,1,Dakota Kai
F0010726-1,F0010726,1,Dakota Kai
F0010765-1,F0010765,1,Dakota Kai
F0010766-1,F0010766,1,Dakota Kai
F0010830-1,F0010830,1,Dakota Kai
F0010831-1,F0010831,1,Dakota Kai
F0010835-1,F0010835,1,Dakota Kai
F0010837-1,F0010837,1,Dakota Kai
F0010873-1,F0010873,1,Dakota Kai
F0010884-1,F0010884,1,Dakota Kai
F0010885-1,F0010885,1,Dakota Kai
F0010915-1,F0010915,1,Dakota Kai
F0010949-1,F0010949,1,Dakota Kai
F0010950-1,F0010950,1,Dakota Kai
F0010967-1,F0010967,1,Dakota Kai
F0010988-1,F0010988,1,Dakota Kai
F0010995-1,F0010995,1,Dakota Kai
F0011008-1,F0011008,1,Dakota Kai
F0011012-1,F0011012,1,Dakota Kai
F0011014-1,F0011014,1,Dakota Kai
F0011017-1,F0011017,1,Dakota Kai
F0011018-1,F0011018,1,Dakota Kai
F0011040-1,F0011040,1,Dakota Kai
F0011041-1,F0011041,1,Dakota Kai
F0011052-1,F0011052,1,Dakota Kai
F0011068-1,F0011068,1,Dakota Kai
F0011074-1,F0011074,1,Dakota Kai
F0011075-1,F0011075,1,Dakota Kai
F0011080-1,F0011080,1,Dakota Kai
F0011085-1,F0011085,1,Dakota Kai
F0011086-1,F0011086,1,Dakota Kai
F0011145-1,F0011145,1,Dakota Kai
F0011154-1,F0011154,1,Dakota Kai
F0011168-1,F0011168,1,Dakota Kai
F0011175-1,F0011175,1,Dakota Kai
F0011216-1,F0011216,1,Dakota Kai
F0011219-1,F0011219,1,Dakota Kai
F0011235-1,F0011235,1,Dakota Kai
F0011241-1,F0011241,1,Dakota Kai
F0011242-1,F0011242,1,Dakota Kai
F0011243-1,F0011243,1,Dakota Kai
F0011245-1,F0011245,1,Dakota Kai
F0011246-1,F0011246,1,Dakota Kai
F0011247-1,F0011247,1,Dakota Kai
F0011249-1,F0011249,1,Dakota Kai
F0011268-1,F0011268,1,Dakota Kai
F0011276-1,F0011276,1,Dakota Kai
F0011279-1,F0011279,1,Dakota Kai
F0011281-1,F0011281,1,Dakota Kai
F0011282-1,F0011282,1,Dakota Kai
F0011314-1,F0011314,1,Dakota Kai
F0011315-1,F0011315,1,Dakota Kai
F0011342-1,F0011342,1,Dakota Kai
F0011385-1,F0011385,1,Dakota Kai
F0011386-1,F0011386,1,Dakota Kai
F0011387-1,F0011387,1,Dakota Kai
F0011388-1,F0011388,1,Dakota Kai
F0011391-1,F0011391,1,Dakota Kai
F0011462-1,F0011462,1,Dakota Kai
F0011464-1,F0011464,1,Dakota Kai
F0011506-1,F0011506,1,Dakota Kai
F0011510-1,F0011510,1,Dakota Kai
F0011518-1,F0011518,1,Dakota Kai
F0011534-1,F0011534,1,Dakota Kai
F0011608-1,F0011608,1,Dakota Kai
F0011624-1,F0011624,1,Dakota Kai
F0011671-1,F0011671,1,Dakota Kai
F0011678-1,F0011678,1,Dakota Kai
F0011679-1,F0011679,1,Dakota Kai
F0011775-1,F0011775,1,Dakota Kai
F0011796-1,F0011796,1,Dakota Kai
F0011817-1,F0011817,1,Dakota Kai
F0011873-1,F0011873,1,Dakota Kai
F0011878-1,F0011878,1,Dakota Kai
F0011894-1,F0011894,1,Dakota Kai
F0011910-1,F0011910,1,Dakota Kai
F0011913-1,F0011913,1,Dakota Kai
F0011955-1,F0011955,1,Dakota Kai
F0012015-1,F0012015,1,Dakota Kai
F0012028-1,F0012028,1,Dakota Kai
F0012030-1,F0012030,1,Dakota Kai
F0012035-1,F0012035,1,Dakota Kai
F0012056-1,F0012056,1,Dakota Kai
F0012074-1,F0012074,1,Dakota Kai
F0012152-1,F0012152,1,Dakota Kai
F0012213-1,F0012213,1,Dakota Kai
F0012308-1,F0012308,1,Dakota Kai
F0012335-1,F0012335,1,Dakota Kai
F0012414-1,F0012414,1,Dakota Kai
F0012467-1,F0012467,1,Dakota Kai
F0012492-1,F0012492,1,Dakota Kai
F0012534-1,F0012534,1,Dakota Kai
F0012596-1,F0012596,1,Dakota Kai
F0012614-1,F0012614,1,Dakota Kai
F0012659-1,F0012659,1,Dakota Kai
F0012662-1,F0012662,1,Dakota Kai
F0012745-1,F0012745,1,Dakota Kai
F0012747-1,F0012747,1,Dakota Kai
F0012761-1,F0012761,1,Dakota Kai
F0012764-1,F0012764,1,Dakota Kai
F0012767-1,F0012767,1,Dakota Kai
F0012838-1,F0012838,1,Dakota Kai
F0012839-1,F0012839,1,Dakota Kai
F0012907-1,F0012907,1,Dakota Kai
F0012946-1,F0012946,1,Dakota Kai
F0012978-1,F0012978,1,Dakota Kai
F0012983-1,F0012983,1,Dakota Kai
F0012984-1,F0012984,1,Dakota Kai
F0012986-1,F0012986,1,Dakota Kai
F0013022-1,F0013022,1,Dakota Kai
F0013060-1,F0013060,1,Dakota Kai
F0013095-1,F0013095,1,Dakota Kai
F0013096-1,F0013096,1,Dakota Kai
F0013276-1,F0013276,1,Dakota Kai
F0013277-1,F0013277,1,Dakota Kai
F0013296-1,F0013296,1,Dakota Kai
F0013305-1,F0013305,1,Dakota Kai
F0013403-1,F0013403,1,Dakota Kai
F0013561-1,F0013561,1,Dakota Kai
F0013564-1,F0013564,1,Dakota Kai
F0013604-1,F0013604,1,Dakota Kai
F0013606-1,F0013606,1,Dakota Kai
F0013678-1,F0013678,1,Dakota Kai
F0013687-1,F0013687,1,Dakota Kai
F0013688-1,F0013688,1,Dakota Kai
F0013702-1,F0013702,1,Dakota Kai
F0013714-1,F0013714,1,Dakota Kai
F0013729-1,F0013729,1,Dakota Kai
F0014507-1,F0014507,1,Dakota Kai
F0014516-1,F0014516,1,Dakota Kai
F0014529-1,F0014529,1,Dakota Kai
F0005298-1,F0005298,1,XIA
F0007601-1,F0007601,1,XIA
F0007618-1,F0007618,1,XIA
F0007664-1,F0007664,1,XIA
F0007665-1,F0007665,1,XIA
F0007782-1,F0007782,1,XIA
F0007788-1,F0007788,1,XIA
F0007789-1,F0007789,1,XIA
F0007793-1,F0007793,1,XIA
F0007804-1,F0007804,1,XIA
F0007864-1,F0007864,1,XIA
F0008005-1,F0008005,1,XIA
F0008036-1,F0008036,1,XIA
F0008580-1,F0008580,1,XIA
F0008682-1,F0008682,1,XIA
F0008715-1,F0008715,1,XIA
F0008716-1,F0008716,1,XIA
F0008717-1,F0008717,1,XIA
F0008722-1,F0008722,1,XIA
F0008723-1,F0008723,1,XIA
F0008832-1,F0008832,1,XIA
F0008837-1,F0008837,1,XIA
F0008839-1,F0008839,1,XIA
F0008841-1,F0008841,1,XIA
F0008844-1,F0008844,1,XIA
F0008848-1,F0008848,1,XIA
F0008996-1,F0008996,1,XIA
F0009019-1,F0009019,1,XIA
F0009120-1,F0009120,1,XIA
F0009144-1,F0009144,1,XIA
F0009202-1,F0009202,1,XIA
F0009207-1,F0009207,1,XIA
F0009240-1,F0009240,1,XIA
F0009304-1,F0009304,1,XIA
F0009310-1,F0009310,1,XIA
F0009339-1,F0009339,1,XIA
F0009408-1,F0009408,1,XIA
F0009543-1,F0009543,1,XIA
F0009658-1,F0009658,1,XIA
F0009761-1,F0009761,1,XIA
F0009789-1,F0009789,1,XIA
F0009794-1,F0009794,1,XIA
F0009807-1,F0009807,1,XIA
F0009877-1,F0009877,1,XIA
F0009899-1,F0009899,1,XIA
F0009930-1,F0009930,1,XIA
F0009937-1,F0009937,1,XIA
F0009965-1,F0009965,1,XIA
F0009972-1,F0009972,1,XIA
F0009977-1,F0009977,1,XIA
F0010020-1,F0010020,1,XIA
F0010059-1,F0010059,1,XIA
F0010067-1,F0010067,1,XIA
F0010175-1,F0010175,1,XIA
F0010209-1,F0010209,1,XIA
F0010262-1,F0010262,1,XIA
F0010340-1,F0010340,1,XIA
F0010379-1,F0010379,1,XIA
F0010471-1,F0010471,1,XIA
F0010506-1,F0010506,1,XIA
F0010526-1,F0010526,1,XIA
F0010528-1,F0010528,1,XIA
F0010562-1,F0010562,1,XIA
F0010563-1,F0010563,1,XIA
F0010568-1,F0010568,1,XIA
F0010591-1,F0010591,1,XIA
F0010593-1,F0010593,1,XIA
F0010595-1,F0010595,1,XIA
F0010597-1,F0010597,1,XIA
F0010695-1,F0010695,1,XIA
F0010703-1,F0010703,1,XIA
F0010704-1,F0010704,1,XIA
F0010711-1,F0010711,1,XIA
F0010717-1,F0010717,1,XIA
F0010719-1,F0010719,1,XIA
F0010724-1,F0010724,1,XIA
F0010801-1,F0010801,1,XIA
F0010823-1,F0010823,1,XIA
F0010859-1,F0010859,1,XIA
F0010867-1,F0010867,1,XIA
F0010874-1,F0010874,1,XIA
F0010877-1,F0010877,1,XIA
F0010882-1,F0010882,1,XIA
F0010890-1,F0010890,1,XIA
F0010914-1,F0010914,1,XIA
F0010941-1,F0010941,1,XIA
F0010968-1,F0010968,1,XIA
F0010974-1,F0010974,1,XIA
F0010987-1,F0010987,1,XIA
F0011015-1,F0011015,1,XIA
F0011016-1,F0011016,1,XIA
F0011050-1,F0011050,1,XIA
F0011133-1,F0011133,1,XIA
F0011134-1,F0011134,1,XIA
F0011169-1,F0011169,1,XIA
F0011176-1,F0011176,1,XIA
F0011489-1,F0011489,1,XIA
F0011674-1,F0011674,1,XIA
F0011680-1,F0011680,1,XIA
F0011682-1,F0011682,1,XIA
F0011698-1,F0011698,1,XIA
F0011871-1,F0011871,1,XIA
F0011905-1,F0011905,1,XIA
F0011986-1,F0011986,1,XIA
F0012049-1,F0012049,1,XIA
F0012086-1,F0012086,1,XIA
F0012123-1,F0012123,1,XIA
F0012150-1,F0012150,1,XIA
F0012154-1,F0012154,1,XIA
F0012267-1,F0012267,1,XIA
F0012279-1,F0012279,1,XIA
F0012281-1,F0012281,1,XIA
F0012325-1,F0012325,1,XIA
F0012328-1,F0012328,1,XIA
F0012342-1,F0012342,1,XIA
F0012388-1,F0012388,1,XIA
F0012392-1,F0012392,1,XIA
F0012439-1,F0012439,1,XIA
F0012444-1,F0012444,1,XIA
F0012458-1,F0012458,1,XIA
F0012503-1,F0012503,1,XIA
F0012536-1,F0012536,1,XIA
F0012540-1,F0012540,1,XIA
F0012574-1,F0012574,1,XIA
F0012578-1,F0012578,1,XIA
F0012580-1,F0012580,1,XIA
F0012616-1,F0012616,1,XIA
F0012632-1,F0012632,1,XIA
F0012656-1,F0012656,1,XIA
F0012693-1,F0012693,1,XIA
F0012739-1,F0012739,1,XIA
F0012746-1,F0012746,1,XIA
F0012748-1,F0012748,1,XIA
F0012810-1,F0012810,1,XIA
F0012825-1,F0012825,1,XIA
F0012837-1,F0012837,1,XIA
F0012893-1,F0012893,1,XIA
F0012933-1,F0012933,1,XIA
F0013026-1,F0013026,1,XIA
F0013030-1,F0013030,1,XIA
F0013038-1,F0013038,1,XIA
F0013048-1,F0013048,1,XIA
F0013120-1,F0013120,1,XIA
F0013122-1,F0013122,1,XIA
F0013128-1,F0013128,1,XIA
F0013139-1,F0013139,1,XIA
F0013211-1,F0013211,1,XIA
F0013292-1,F0013292,1,XIA
F0013492-1,F0013492,1,XIA
F0013494-1,F0013494,1,XIA
F0013803-1,F0013803,1,XIA
F0013818-1,F0013818,1,XIA
F0013820-1,F0013820,1,XIA
F0013841-1,F0013841,1,XIA
F0013874-1,F0013874,1,XIA
F0014142-1,F0014142,1,XIA
F0014156-1,F0014156,1,XIA
F0014177-1,F0014177,1,XIA
F0014195-1,F0014195,1,XIA
F0014214-1,F0014214,1,XIA
F0014261-1,F0014261,1,XIA
F0014263-1,F0014263,1,XIA
F0014278-1,F0014278,1,XIA
F0014296-1,F0014296,1,XIA
F0014313-1,F0014313,1,XIA
F0014387-1,F0014387,1,XIA
F0014389-1,F0014389,1,XIA
F0014446-1,F0014446,1,XIA
F0014450-1,F0014450,1,XIA
F0014498-1,F0014498,1,XIA
F0014511-1,F0014511,1,XIA
F0014512-1,F0014512,1,XIA
F0014513-1,F0014513,1,XIA
F0006561-1,F0006561,1,LASH
F0006803-1,F0006803,1,LASH
F0007092-1,F0007092,1,LASH
F0007101-1,F0007101,1,LASH
F0007527-1,F0007527,1,LASH
F0007940-1,F0007940,1,LASH
F0008738-1,F0008738,1,LASH
F0008880-1,F0008880,1,LASH
F0008892-1,F0008892,1,LASH
F0008974-1,F0008974,1,LASH
F0009119-1,F0009119,1,LASH
F0009142-1,F0009142,1,LASH
F0009278-1,F0009278,1,LASH
F0009349-1,F0009349,1,LASH
F0009359-1,F0009359,1,LASH
F0009361-1,F0009361,1,LASH
F0009376-1,F0009376,1,LASH
F0009383-1,F0009383,1,LASH
F0009420-1,F0009420,1,LASH
F0009423-1,F0009423,1,LASH
F0009433-1,F0009433,1,LASH
F0009436-1,F0009436,1,LASH
F0009635-1,F0009635,1,LASH
F0009733-1,F0009733,1,LASH
F0009791-1,F0009791,1,LASH
F0009843-1,F0009843,1,LASH
F0009863-1,F0009863,1,LASH
F0009967-1,F0009967,1,LASH
F0010070-1,F0010070,1,LASH
F0010072-1,F0010072,1,LASH
F0010074-1,F0010074,1,LASH
F0010147-1,F0010147,1,LASH
F0010315-1,F0010315,1,LASH
F0010442-1,F0010442,1,LASH
F0010466-1,F0010466,1,LASH
F0010472-1,F0010472,1,LASH
F0010549-1,F0010549,1,LASH
F0010574-1,F0010574,1,LASH
F0010596-1,F0010596,1,LASH
F0010634-1,F0010634,1,LASH
F0010644-1,F0010644,1,LASH
F0010684-1,F0010684,1,LASH
F0010691-1,F0010691,1,LASH
F0010697-1,F0010697,1,LASH
F0010707-1,F0010707,1,LASH
F0010713-1,F0010713,1,LASH
F0010759-1,F0010759,1,LASH
F0010799-1,F0010799,1,LASH
F0010836-1,F0010836,1,LASH
F0010876-1,F0010876,1,LASH
F0010895-1,F0010895,1,LASH
F0010940-1,F0010940,1,LASH
F0010963-1,F0010963,1,LASH
F0010989-1,F0010989,1,LASH
F0011013-1,F0011013,1,LASH
F0011048-1,F0011048,1,LASH
F0011060-1,F0011060,1,LASH
F0011106-1,F0011106,1,LASH
F0011178-1,F0011178,1,LASH
F0011207-1,F0011207,1,LASH
F0011217-1,F0011217,1,LASH
F0011227-1,F0011227,1,LASH
F0011252-1,F0011252,1,LASH
F0011267-1,F0011267,1,LASH
F0011269-1,F0011269,1,LASH
F0011270-1,F0011270,1,LASH
F0011278-1,F0011278,1,LASH
F0011294-1,F0011294,1,LASH
F0011344-1,F0011344,1,LASH
F0011347-1,F0011347,1,LASH
F0011435-1,F0011435,1,LASH
F0011436-1,F0011436,1,LASH
F0011461-1,F0011461,1,LASH
F0011516-1,F0011516,1,LASH
F0011533-1,F0011533,1,LASH
F0011609-1,F0011609,1,LASH
F0011617-1,F0011617,1,LASH
F0011626-1,F0011626,1,LASH
F0011635-1,F0011635,1,LASH
F0011670-1,F0011670,1,LASH
F0011721-1,F0011721,1,LASH
F0011755-1,F0011755,1,LASH
F0011797-1,F0011797,1,LASH
F0011879-1,F0011879,1,LASH
F0011959-1,F0011959,1,LASH
F0011999-1,F0011999,1,LASH
F0012051-1,F0012051,1,LASH
F0012052-1,F0012052,1,LASH
F0012059-1,F0012059,1,LASH
F0012084-1,F0012084,1,LASH
F0012198-1,F0012198,1,LASH
F0012249-1,F0012249,1,LASH
F0012265-1,F0012265,1,LASH
F0012269-1,F0012269,1,LASH
F0012297-1,F0012297,1,LASH
F0012469-1,F0012469,1,LASH
F0012472-1,F0012472,1,LASH
F0012475-1,F0012475,1,LASH
F0012478-1,F0012478,1,LASH
F0012762-1,F0012762,1,LASH
F0012819-1,F0012819,1,LASH
F0012835-1,F0012835,1,LASH
F0012840-1,F0012840,1,LASH
F0012842-1,F0012842,1,LASH
F0012874-1,F0012874,1,LASH
F0012921-1,F0012921,1,LASH
F0012939-1,F0012939,1,LASH
F0012967-1,F0012967,1,LASH
F0012970-1,F0012970,1,LASH
F0012985-1,F0012985,1,LASH
F0012995-1,F0012995,1,LASH
F0013017-1,F0013017,1,LASH
F0013065-1,F0013065,1,LASH
F0013084-1,F0013084,1,LASH
F0013099-1,F0013099,1,LASH
F0013234-1,F0013234,1,LASH
F0013245-1,F0013245,1,LASH
F0013257-1,F0013257,1,LASH
F0013272-1,F0013272,1,LASH
F0013291-1,F0013291,1,LASH
F0013301-1,F0013301,1,LASH
F0013316-1,F0013316,1,LASH
F0013317-1,F0013317,1,LASH
F0013318-1,F0013318,1,LASH
F0013320-1,F0013320,1,LASH
F0013321-1,F0013321,1,LASH
F0013322-1,F0013322,1,LASH
F0013324-1,F0013324,1,LASH
F0013341-1,F0013341,1,LASH
F0013350-1,F0013350,1,LASH
F0013355-1,F0013355,1,LASH
F0013373-1,F0013373,1,LASH
F0013374-1,F0013374,1,LASH
F0013386-1,F0013386,1,LASH
F0013405-1,F0013405,1,LASH
F0013406-1,F0013406,1,LASH
F0013460-1,F0013460,1,LASH
F0013469-1,F0013469,1,LASH
F0013684-1,F0013684,1,LASH
F0013866-1,F0013866,1,LASH
F0013867-1,F0013867,1,LASH
F0013939-1,F0013939,1,LASH
F0013941-1,F0013941,1,LASH
F0013999-1,F0013999,1,LASH
F0014012-1,F0014012,1,LASH
F0014056-1,F0014056,1,LASH
F0014097-1,F0014097,1,LASH
F0014136-1,F0014136,1,LASH
F0014139-1,F0014139,1,LASH
F0014155-1,F0014155,1,LASH
F0014197-1,F0014197,1,LASH
F0014228-1,F0014228,1,LASH
F0014302-1,F0014302,1,LASH
F0014388-1,F0014388,1,LASH
F0014431-1,F0014431,1,LASH
F0014435-1,F0014435,1,LASH
F0014436-1,F0014436,1,LASH
F0014451-1,F0014451,1,LASH
F0014540-1,F0014540,1,LASH
F0005441-1,F0005441,1,EMBER
F0007461-1,F0007461,1,EMBER
F0007462-1,F0007462,1,EMBER
F0007597-1,F0007597,1,EMBER
F0007700-1,F0007700,1,EMBER
F0008126-1,F0008126,1,EMBER
F0008374-1,F0008374,1,EMBER
F0008853-1,F0008853,1,EMBER
F0009199-1,F0009199,1,EMBER
F0009200-1,F0009200,1,EMBER
F0009259-1,F0009259,1,EMBER
F0009260-1,F0009260,1,EMBER
F0009262-1,F0009262,1,EMBER
F0009269-1,F0009269,1,EMBER
F0009302-1,F0009302,1,EMBER
F0009367-1,F0009367,1,EMBER
F0009377-1,F0009377,1,EMBER
F0009416-1,F0009416,1,EMBER
F0009417-1,F0009417,1,EMBER
F0009430-1,F0009430,1,EMBER
F0009551-1,F0009551,1,EMBER
F0009615-1,F0009615,1,EMBER
F0009616-1,F0009616,1,EMBER
F0009777-1,F0009777,1,EMBER
F0009802-1,F0009802,1,EMBER
F0009875-1,F0009875,1,EMBER
F0009883-1,F0009883,1,EMBER
F0010071-1,F0010071,1,EMBER
F0010180-1,F0010180,1,EMBER
F0010201-1,F0010201,1,EMBER
F0010260-1,F0010260,1,EMBER
F0010455-1,F0010455,1,EMBER
F0010494-1,F0010494,1,EMBER
F0010505-1,F0010505,1,EMBER
F0010556-1,F0010556,1,EMBER
F0010575-1,F0010575,1,EMBER
F0010594-1,F0010594,1,EMBER
F0010598-1,F0010598,1,EMBER
F0010610-1,F0010610,1,EMBER
F0010632-1,F0010632,1,EMBER
F0010727-1,F0010727,1,EMBER
F0010763-1,F0010763,1,EMBER
F0010861-1,F0010861,1,EMBER
F0010866-1,F0010866,1,EMBER
F0010896-1,F0010896,1,EMBER
F0010951-1,F0010951,1,EMBER
F0011143-1,F0011143,1,EMBER
F0011144-1,F0011144,1,EMBER
F0011266-1,F0011266,1,EMBER
F0011290-1,F0011290,1,EMBER
F0011309-1,F0011309,1,EMBER
F0011390-1,F0011390,1,EMBER
F0011392-1,F0011392,1,EMBER
F0011465-1,F0011465,1,EMBER
F0011466-1,F0011466,1,EMBER
F0011504-1,F0011504,1,EMBER
F0011543-1,F0011543,1,EMBER
F0011557-1,F0011557,1,EMBER
F0011575-1,F0011575,1,EMBER
F0011599-1,F0011599,1,EMBER
F0011615-1,F0011615,1,EMBER
F0011676-1,F0011676,1,EMBER
F0011700-1,F0011700,1,EMBER
F0011882-1,F0011882,1,EMBER
F0011886-1,F0011886,1,EMBER
F0011909-1,F0011909,1,EMBER
F0011992-1,F0011992,1,EMBER
F0011995-1,F0011995,1,EMBER
F0012017-1,F0012017,1,EMBER
F0012025-1,F0012025,1,EMBER
F0012026-1,F0012026,1,EMBER
F0012097-1,F0012097,1,EMBER
F0012107-1,F0012107,1,EMBER
F0012184-1,F0012184,1,EMBER
F0012215-1,F0012215,1,EMBER
F0012217-1,F0012217,1,EMBER
F0012222-1,F0012222,1,EMBER
F0012240-1,F0012240,1,EMBER
F0012248-1,F0012248,1,EMBER
F0012251-1,F0012251,1,EMBER
F0012286-1,F0012286,1,EMBER
F0012314-1,F0012314,1,EMBER
F0012323-1,F0012323,1,EMBER
F0012329-1,F0012329,1,EMBER
F0012340-1,F0012340,1,EMBER
F0012391-1,F0012391,1,EMBER
F0012433-1,F0012433,1,EMBER
F0012450-1,F0012450,1,EMBER
F0012561-1,F0012561,1,EMBER
F0012562-1,F0012562,1,EMBER
F0012573-1,F0012573,1,EMBER
F0012602-1,F0012602,1,EMBER
F0012613-1,F0012613,1,EMBER
F0012625-1,F0012625,1,EMBER
F0012643-1,F0012643,1,EMBER
F0012644-1,F0012644,1,EMBER
F0012709-1,F0012709,1,EMBER
F0012774-1,F0012774,1,EMBER
F0012808-1,F0012808,1,EMBER
F0012830-1,F0012830,1,EMBER
F0012858-1,F0012858,1,EMBER
F0012864-1,F0012864,1,EMBER
F0012868-1,F0012868,1,EMBER
F0012889-1,F0012889,1,EMBER
F0012924-1,F0012924,1,EMBER
F0012928-1,F0012928,1,EMBER
F0012958-1,F0012958,1,EMBER
F0012965-1,F0012965,1,EMBER
F0012981-1,F0012981,1,EMBER
F0012993-1,F0012993,1,EMBER
F0013082-1,F0013082,1,EMBER
F0013108-1,F0013108,1,EMBER
F0013115-1,F0013115,1,EMBER
F0013116-1,F0013116,1,EMBER
F0013232-1,F0013232,1,EMBER
F0013398-1,F0013398,1,EMBER
F0013412-1,F0013412,1,EMBER
F0013413-1,F0013413,1,EMBER
F0013447-1,F0013447,1,EMBER
F0013465-1,F0013465,1,EMBER
F0013466-1,F0013466,1,EMBER
F0013576-1,F0013576,1,EMBER
F0013761-1,F0013761,1,EMBER
F0013767-1,F0013767,1,EMBER
F0013865-1,F0013865,1,EMBER
F0013934-1,F0013934,1,EMBER
F0014254-1,F0014254,1,EMBER
F0014258-1,F0014258,1,EMBER
F0014260-1,F0014260,1,EMBER
F0014270-1,F0014270,1,EMBER
F0014295-1,F0014295,1,EMBER
F0014308-1,F0014308,1,EMBER
F0014310-1,F0014310,1,EMBER
F0014330-1,F0014330,1,EMBER
F0014333-1,F0014333,1,EMBER
F0014335-1,F0014335,1,EMBER
F0014347-1,F0014347,1,EMBER
F0014350-1,F0014350,1,EMBER
F0014393-1,F0014393,1,EMBER
F0014437-1,F0014437,1,EMBER
F0014447-1,F0014447,1,EMBER
F0014485-1,F0014485,1,EMBER
F0008009-1,F0008009,1,Zoey
F0010809-1,F0010809,1,Zoey
F0010842-1,F0010842,1,Zoey
F0011460-1,F0011460,1,Zoey
F0011505-1,F0011505,1,Zoey
F0011520-1,F0011520,1,Zoey
F0011526-1,F0011526,1,Zoey
F0011559-1,F0011559,1,Zoey
F0011560-1,F0011560,1,Zoey
F0011611-1,F0011611,1,Zoey
F0011641-1,F0011641,1,Zoey
F0011673-1,F0011673,1,Zoey
F0011699-1,F0011699,1,Zoey
F0011724-1,F0011724,1,Zoey
F0011815-1,F0011815,1,Zoey
F0011822-1,F0011822,1,Zoey
F0011839-1,F0011839,1,Zoey
F0011877-1,F0011877,1,Zoey
F0011904-1,F0011904,1,Zoey
F0011906-1,F0011906,1,Zoey
F0012029-1,F0012029,1,Zoey
F0012100-1,F0012100,1,Zoey
F0012109-1,F0012109,1,Zoey
F0012122-1,F0012122,1,Zoey
F0012140-1,F0012140,1,Zoey
F0012216-1,F0012216,1,Zoey
F0012221-1,F0012221,1,Zoey
F0012241-1,F0012241,1,Zoey
F0012295-1,F0012295,1,Zoey
F0012310-1,F0012310,1,Zoey
F0012324-1,F0012324,1,Zoey
F0012327-1,F0012327,1,Zoey
F0012343-1,F0012343,1,Zoey
F0012356-1,F0012356,1,Zoey
F0012381-1,F0012381,1,Zoey
F0012409-1,F0012409,1,Zoey
F0012410-1,F0012410,1,Zoey
F0012447-1,F0012447,1,Zoey
F0012449-1,F0012449,1,Zoey
F0012453-1,F0012453,1,Zoey
F0012474-1,F0012474,1,Zoey
F0012494-1,F0012494,1,Zoey
F0012506-1,F0012506,1,Zoey
F0012523-1,F0012523,1,Zoey
F0012538-1,F0012538,1,Zoey
F0012549-1,F0012549,1,Zoey
F0012611-1,F0012611,1,Zoey
F0012660-1,F0012660,1,Zoey
F0012689-1,F0012689,1,Zoey
F0012776-1,F0012776,1,Zoey
F0012779-1,F0012779,1,Zoey
F0012791-1,F0012791,1,Zoey
F0012811-1,F0012811,1,Zoey
F0012826-1,F0012826,1,Zoey
F0012849-1,F0012849,1,Zoey
F0012966-1,F0012966,1,Zoey
F0012980-1,F0012980,1,Zoey
F0012994-1,F0012994,1,Zoey
F0013011-1,F0013011,1,Zoey
F0013016-1,F0013016,1,Zoey
F0013049-1,F0013049,1,Zoey
F0013056-1,F0013056,1,Zoey
F0013057-1,F0013057,1,Zoey
F0013062-1,F0013062,1,Zoey
F0013063-1,F0013063,1,Zoey
F0013098-1,F0013098,1,Zoey
F0013105-1,F0013105,1,Zoey
F0013293-1,F0013293,1,Zoey
F0013370-1,F0013370,1,Zoey
F0013464-1,F0013464,1,Zoey
F0013472-1,F0013472,1,Zoey
F0013601-1,F0013601,1,Zoey
F0013662-1,F0013662,1,Zoey
F0013733-1,F0013733,1,Zoey
F0013746-1,F0013746,1,Zoey
F0013760-1,F0013760,1,Zoey
F0013778-1,F0013778,1,Zoey
F0013794-1,F0013794,1,Zoey
F0013795-1,F0013795,1,Zoey
F0013796-1,F0013796,1,Zoey
F0013799-1,F0013799,1,Zoey
F0013800-1,F0013800,1,Zoey
F0013832-1,F0013832,1,Zoey
F0013896-1,F0013896,1,Zoey
F0013938-1,F0013938,1,Zoey
F0013946-1,F0013946,1,Zoey
F0013996-1,F0013996,1,Zoey
F0014073-1,F0014073,1,Zoey
F0014132-1,F0014132,1,Zoey
F0014264-1,F0014264,1,Zoey
F0014271-1,F0014271,1,Zoey
F0014272-1,F0014272,1,Zoey
F0014297-1,F0014297,1,Zoey
F0014351-1,F0014351,1,Zoey
F0014352-1,F0014352,1,Zoey
F0014356-1,F0014356,1,Zoey
F0014475-1,F0014475,1,Zoey
F0014495-1,F0014495,1,Zoey
F0014496-1,F0014496,1,Zoey
F0000625-1,F0000625,1,Ruby
F0000628-1,F0000628,1,Ruby
F0000665-1,F0000665,1,Ruby
F0001192-1,F0001192,1,Ruby
F0001197-1,F0001197,1,Ruby
F0001198-1,F0001198,1,Ruby
F0001199-1,F0001199,1,Ruby
F0005922-1,F0005922,1,Ruby
F0006201-1,F0006201,1,Ruby
F0006953-1,F0006953,1,Ruby
F0006969-1,F0006969,1,Ruby
F0007801-1,F0007801,1,Ruby
F0007805-1,F0007805,1,Ruby
F0007882-1,F0007882,1,Ruby
F0008013-1,F0008013,1,Ruby
F0008675-1,F0008675,1,Ruby
F0008773-1,F0008773,1,Ruby
F0008851-1,F0008851,1,Ruby
F0008852-1,F0008852,1,Ruby
F0008856-1,F0008856,1,Ruby
F0008992-1,F0008992,1,Ruby
F0008994-1,F0008994,1,Ruby
F0009116-1,F0009116,1,Ruby
F0009282-1,F0009282,1,Ruby
F0009293-1,F0009293,1,Ruby
F0009358-1,F0009358,1,Ruby
F0009366-1,F0009366,1,Ruby
F0009770-1,F0009770,1,Ruby
F0009827-1,F0009827,1,Ruby
F0009898-1,F0009898,1,Ruby
F0009938-1,F0009938,1,Ruby
F0009960-1,F0009960,1,Ruby
F0009988-1,F0009988,1,Ruby
F0010034-1,F0010034,1,Ruby
F0010095-1,F0010095,1,Ruby
F0010283-1,F0010283,1,Ruby
F0010389-1,F0010389,1,Ruby
F0010391-1,F0010391,1,Ruby
F0010838-1,F0010838,1,Ruby
F0010909-1,F0010909,1,Ruby
F0010966-1,F0010966,1,Ruby
F0010970-1,F0010970,1,Ruby
F0010993-1,F0010993,1,Ruby
F0011007-1,F0011007,1,Ruby
F0011011-1,F0011011,1,Ruby
F0011055-1,F0011055,1,Ruby
F0011079-1,F0011079,1,Ruby
F0011158-1,F0011158,1,Ruby
F0011162-1,F0011162,1,Ruby
F0011208-1,F0011208,1,Ruby
F0011218-1,F0011218,1,Ruby
F0011220-1,F0011220,1,Ruby
F0011228-1,F0011228,1,Ruby
F0011251-1,F0011251,1,Ruby
F0011527-1,F0011527,1,Ruby
F0011561-1,F0011561,1,Ruby
F0011990-1,F0011990,1,Ruby
F0012043-1,F0012043,1,Ruby
F0012046-1,F0012046,1,Ruby
F0012121-1,F0012121,1,Ruby
F0012132-1,F0012132,1,Ruby
F0012151-1,F0012151,1,Ruby
F0012220-1,F0012220,1,Ruby
F0012440-1,F0012440,1,Ruby
F0012664-1,F0012664,1,Ruby
F0012666-1,F0012666,1,Ruby
F0012765-1,F0012765,1,Ruby
F0012824-1,F0012824,1,Ruby
F0013212-1,F0013212,1,Ruby
F0013442-1,F0013442,1,Ruby
F0013690-1,F0013690,1,Ruby
F0013771-1,F0013771,1,Ruby
F0013834-1,F0013834,1,Ruby
F0013853-1,F0013853,1,Ruby
F0013856-1,F0013856,1,Ruby
F0014497-1,F0014497,1,Ruby
F0008124-1,F0008124,1,Valhalla
F0008203-1,F0008203,1,Valhalla
F0011163-1,F0011163,1,Valhalla
F0011475-1,F0011475,1,Valhalla
F0011545-1,F0011545,1,Valhalla
F0011598-1,F0011598,1,Valhalla
F0011987-1,F0011987,1,Valhalla
F0012091-1,F0012091,1,Valhalla
F0012157-1,F0012157,1,Valhalla
F0012158-1,F0012158,1,Valhalla
F0012185-1,F0012185,1,Valhalla
F0012239-1,F0012239,1,Valhalla
F0012263-1,F0012263,1,Valhalla
F0012294-1,F0012294,1,Valhalla
F0012296-1,F0012296,1,Valhalla
F0012355-1,F0012355,1,Valhalla
F0012389-1,F0012389,1,Valhalla
F0012436-1,F0012436,1,Valhalla
F0012493-1,F0012493,1,Valhalla
F0012515-1,F0012515,1,Valhalla
F0012535-1,F0012535,1,Valhalla
F0012558-1,F0012558,1,Valhalla
F0012634-1,F0012634,1,Valhalla
F0012638-1,F0012638,1,Valhalla
F0012676-1,F0012676,1,Valhalla
F0012738-1,F0012738,1,Valhalla
F0012809-1,F0012809,1,Valhalla
F0012822-1,F0012822,1,Valhalla
F0012827-1,F0012827,1,Valhalla
F0012865-1,F0012865,1,Valhalla
F0012867-1,F0012867,1,Valhalla
F0012896-1,F0012896,1,Valhalla
F0012900-1,F0012900,1,Valhalla
F0013033-1,F0013033,1,Valhalla
F0013040-1,F0013040,1,Valhalla
F0013054-1,F0013054,1,Valhalla
F0013076-1,F0013076,1,Valhalla
F0013097-1,F0013097,1,Valhalla
F0013203-1,F0013203,1,Valhalla
F0013207-1,F0013207,1,Valhalla
F0013237-1,F0013237,1,Valhalla
F0013726-1,F0013726,1,Valhalla
F0013782-1,F0013782,1,Valhalla
F0013802-1,F0013802,1,Valhalla
F0013831-1,F0013831,1,Valhalla
F0013898-1,F0013898,1,Valhalla
F0014001-1,F0014001,1,Valhalla
F0014055-1,F0014055,1,Valhalla
F0014081-1,F0014081,1,Valhalla
F0014086-1,F0014086,1,Valhalla
F0014087-1,F0014087,1,Valhalla
F0014113-1,F0014113,1,Valhalla
F0014213-1,F0014213,1,Valhalla
F0014224-1,F0014224,1,Valhalla
F0014225-1,F0014225,1,Valhalla
F0014235-1,F0014235,1,Valhalla
F0014265-1,F0014265,1,Valhalla
F0014266-1,F0014266,1,Valhalla
F0014274-1,F0014274,1,Valhalla
F0014334-1,F0014334,1,Valhalla
F0014354-1,F0014354,1,Valhalla
F0014355-1,F0014355,1,Valhalla
F0014528-1,F0014528,1,Valhalla
F0014541-1,F0014541,1,Valhalla
F0014544-1,F0014544,1,Valhalla
F0014545-1,F0014545,1,Valhalla
F0000563-1,F0000563,1,Chyna
F0000713-1,F0000713,1,Chyna
F0000714-1,F0000714,1,Chyna
F0001137-1,F0001137,1,Rhonda
F0001587-1,F0001587,1,2 Tables
F0006746-1,F0006746,1,Chyna
F0006756-1,F0006756,1,Chyna
F0006781-1,F0006781,1,Chyna
F0006795-1,F0006795,1,Chyna
F0007327-1,F0007327,1,Rhonda
F0007566-1,F0007566,1,Rhonda
F0007599-1,F0007599,1,Chyna
F0007660-1,F0007660,1,Chyna
F0007785-1,F0007785,1,Rhonda
F0007851-1,F0007851,1,Rhonda
F0007941-1,F0007941,1,Rhonda
F0007945-1,F0007945,1,Rhonda
F0008169-1,F0008169,1,Rhonda
F0008178-1,F0008178,1,Rhonda
F0008221-1,F0008221,1,Chyna
F0008286-1,F0008286,1,Rhonda
F0008287-1,F0008287,1,Rhonda
F0008288-1,F0008288,1,Rhonda
F0008289-1,F0008289,1,Rhonda
F0008290-1,F0008290,1,Rhonda
F0008291-1,F0008291,1,Rhonda
F0008292-1,F0008292,1,Rhonda
F0008449-1,F0008449,1,Rhonda
F0008568-1,F0008568,1,Rhonda
F0008736-1,F0008736,1,Chyna
F0008739-1,F0008739,1,Chyna
F0009150-1,F0009150,1,Rhonda
F0009206-1,F0009206,1,Chyna
F0009270-1,F0009270,1,Chyna
F0009314-1,F0009314,1,Rhonda
F0009412-1,F0009412,1,Chyna
F0010057-1,F0010057,1,Rhonda
F0010064-1,F0010064,1,Rhonda
F0010114-1,F0010114,1,Rhonda
F0010196-1,F0010196,1,Chyna
F0010198-1,F0010198,1,Chyna
F0010265-1,F0010265,1,Rhonda
F0010363-1,F0010363,1,Flr-2 Table-4
F0010371-1,F0010371,1,2 Tables
F0010408-1,F0010408,1,Ivy Nile
F0010460-1,F0010460,1,Chyna
F0010486-1,F0010486,1,Rhonda
F0010487-1,F0010487,1,Flr-2 Table-2
F0010639-1,F0010639,1,Rhonda
F0010640-1,F0010640,1,Chyna
F0010817-1,F0010817,1,Ivy Nile
F0010821-1,F0010821,1,Jacy Jayne
F0010832-1,F0010832,1,Rhonda
F0011057-1,F0011057,1,Chyna
F0011123-1,F0011123,1,Rhonda
F0011174-1,F0011174,1,Chyna
F0011198-1,F0011198,1,Chyna
F0011200-1,F0011200,1,Chyna
F0011433-1,F0011433,1,Ivy Nile
F0011525-1,F0011525,1,Jacy Jayne
F0011554-1,F0011554,1,Chyna
F0011589-1,F0011589,1,Ivy Nile
F0011648-1,F0011648,1,Chyna
F0011792-1,F0011792,1,Ivy Nile
F0011895-1,F0011895,1,Jacy Jayne
F0011908-1,F0011908,1,Ivy Nile
F0012014-1,F0012014,1,Chyna
F0012031-1,F0012031,1,Chyna
F0012047-1,F0012047,1,Dementia
F0012055-1,F0012055,1,Dementia
F0012065-1,F0012065,1,Ivy Nile
F0012075-1,F0012075,1,Jacy Jayne
F0012093-1,F0012093,1,Chyna
F0012095-1,F0012095,1,Ivy Nile
F0012127-1,F0012127,1,Jacy Jayne
F0012156-1,F0012156,1,Ivy Nile
F0012173-1,F0012173,1,Jacy Jayne
F0012200-1,F0012200,1,Jacy Jayne
F0012218-1,F0012218,1,Ivy Nile
F0012250-1,F0012250,1,Ivy Nile
F0012289-1,F0012289,1,Jacy Jayne
F0012421-1,F0012421,1,Ivy Nile
F0012490-1,F0012490,1,Ivy Nile
F0012511-1,F0012511,1,Ivy Nile
F0012608-1,F0012608,1,Chyna
F0012701-1,F0012701,1,4 Tables
F0012740-1,F0012740,1,Rhonda
F0012777-1,F0012777,1,Jacy Jayne
F0012836-1,F0012836,1,Dementia
F0012850-1,F0012850,1,Ivy Nile
F0012883-1,F0012883,1,Apollo
F0012886-1,F0012886,1,Dementia
F0012890-1,F0012890,1,Ivy Nile
F0012891-1,F0012891,1,Ivy Nile
F0012937-1,F0012937,1,Ivy Nile
F0012982-1,F0012982,1,Dementia
F0013003-1,F0013003,1,Jacy Jayne
F0013004-1,F0013004,1,Jacy Jayne
F0013006-1,F0013006,1,Dementia
F0013020-1,F0013020,1,Dementia
F0013047-1,F0013047,1,Apollo
F0013058-1,F0013058,1,Jacy Jayne
F0013114-1,F0013114,1,Ivy Nile
F0013129-1,F0013129,1,Nemesis
F0013132-1,F0013132,1,Dementia
F0013136-1,F0013136,1,Jacy Jayne
F0013222-1,F0013222,1,Apollo
F0013230-1,F0013230,1,Nemesis
F0013241-1,F0013241,1,Dementia
F0013242-1,F0013242,1,Dementia
F0013267-1,F0013267,1,Jacy Jayne
F0013268-1,F0013268,1,Jacy Jayne
F0013269-1,F0013269,1,Jacy Jayne
F0013271-1,F0013271,1,Dementia
F0013281-1,F0013281,1,Poseidon
F0013295-1,F0013295,1,Dementia
F0013312-1,F0013312,1,Ivy Nile
F0013313-1,F0013313,1,Chyna
F0013315-1,F0013315,1,Chyna
F0013323-1,F0013323,1,Dementia
F0013325-1,F0013325,1,Chyna
F0013326-1,F0013326,1,Chyna
F0013356-1,F0013356,1,Dementia
F0013371-1,F0013371,1,Ivy Nile
F0013372-1,F0013372,1,Poseidon
F0013379-1,F0013379,1,Chyna
F0013387-1,F0013387,1,Dementia
F0013401-1,F0013401,1,Poseidon
F0013404-1,F0013404,1,Jacy Jayne
F0013410-1,F0013410,1,Chyna
F0013414-1,F0013414,1,Nemesis
F0013416-1,F0013416,1,Nemesis
F0013417-1,F0013417,1,Apollo
F0013418-1,F0013418,1,Apollo
F0013419-1,F0013419,1,Dementia
F0013421-1,F0013421,1,Jacy Jayne
F0013422-1,F0013422,1,Chyna
F0013435-1,F0013435,1,Jacy Jayne
F0013451-1,F0013451,1,Poseidon
F0013455-1,F0013455,1,Dementia
F0013456-1,F0013456,1,Dementia
F0013459-1,F0013459,1,Poseidon
F0013461-1,F0013461,1,Nemesis
F0013470-1,F0013470,1,Ivy Nile
F0013471-1,F0013471,1,Jacy Jayne
F0013477-1,F0013477,1,Dementia
F0013566-1,F0013566,1,Nemesis
F0013571-1,F0013571,1,Dementia
F0013574-1,F0013574,1,Dementia
F0013575-1,F0013575,1,Dementia
F0013589-1,F0013589,1,Dementia
F0013665-1,F0013665,1,Nemesis
F0013669-1,F0013669,1,Nemesis
F0013673-1,F0013673,1,Poseidon
F0013674-1,F0013674,1,Rhonda
F0013683-1,F0013683,1,Dementia
F0013692-1,F0013692,1,Nemesis
F0013698-1,F0013698,1,Poseidon
F0013699-1,F0013699,1,Ivy Nile
F0013704-1,F0013704,1,Jacy Jayne
F0013706-1,F0013706,1,Dementia
F0013707-1,F0013707,1,Dementia
F0013708-1,F0013708,1,Ivy Nile
F0013709-1,F0013709,1,Ivy Nile
F0013711-1,F0013711,1,Dementia
F0013720-1,F0013720,1,Dementia
F0013721-1,F0013721,1,Dementia
F0013722-1,F0013722,1,Dementia
F0013724-1,F0013724,1,Nemesis
F0013731-1,F0013731,1,Ivy Nile
F0013742-1,F0013742,1,Dementia
F0013745-1,F0013745,1,Jacy Jayne
F0013747-1,F0013747,1,Ivy Nile
F0013762-1,F0013762,1,Jacy Jayne
F0013797-1,F0013797,1,Dementia
F0013798-1,F0013798,1,Ivy Nile
F0013805-1,F0013805,1,Ivy Nile
F0013806-1,F0013806,1,Rhonda
F0013808-1,F0013808,1,Nemesis
F0013812-1,F0013812,1,Ivy Nile
F0013833-1,F0013833,1,Jacy Jayne
F0013837-1,F0013837,1,Nemesis
F0013839-1,F0013839,1,Dementia
F0013846-1,F0013846,1,Nemesis
F0013864-1,F0013864,1,Dementia
F0013868-1,F0013868,1,Nemesis
F0013869-1,F0013869,1,Jacy Jayne
F0013872-1,F0013872,1,Nemesis
F0013873-1,F0013873,1,Poseidon
F0013875-1,F0013875,1,Dementia
F0013894-1,F0013894,1,Dementia
F0013895-1,F0013895,1,Dementia
F0013897-1,F0013897,1,Nemesis
F0013902-1,F0013902,1,Ivy Nile
F0013906-1,F0013906,1,Nemesis
F0013909-1,F0013909,1,Jacy Jayne
F0013915-1,F0013915,1,Chyna
F0013916-1,F0013916,1,Dementia
F0013933-1,F0013933,1,Dementia
F0013935-1,F0013935,1,Poseidon
F0013943-1,F0013943,1,Nemesis
F0013944-1,F0013944,1,Dementia
F0013965-1,F0013965,1,Nemesis
F0013969-1,F0013969,1,Dementia
F0013972-1,F0013972,1,Dementia
F0013997-1,F0013997,1,Nemesis
F0014013-1,F0014013,1,Dementia
F0014016-1,F0014016,1,Dementia
F0014018-1,F0014018,1,Jacy Jayne
F0014019-1,F0014019,1,Poseidon
F0014020-1,F0014020,1,Apollo
F0014044-1,F0014044,1,Apollo
F0014047-1,F0014047,1,Nemesis
F0014058-1,F0014058,1,Dementia
F0014060-1,F0014060,1,Apollo
F0014063-1,F0014063,1,Dementia
F0014064-1,F0014064,1,Dementia
F0014066-1,F0014066,1,Jacy Jayne
F0014069-1,F0014069,1,Nemesis
F0014070-1,F0014070,1,Nemesis
F0014074-1,F0014074,1,Dementia
F0014077-1,F0014077,1,Dementia
F0014078-1,F0014078,1,Poseidon
F0014079-1,F0014079,1,Dementia
F0014080-1,F0014080,1,Poseidon
F0014082-1,F0014082,1,Apollo
F0014090-1,F0014090,1,Apollo
F0014091-1,F0014091,1,Poseidon
F0014122-1,F0014122,1,Nemesis
F0014140-1,F0014140,1,Dementia
F0014141-1,F0014141,1,Nemesis
F0014144-1,F0014144,1,Dementia
F0014151-1,F0014151,1,Dementia
F0014178-1,F0014178,1,Dementia
F0014179-1,F0014179,1,Dementia
F0014211-1,F0014211,1,Dementia
F0014212-1,F0014212,1,Nemesis
F0014221-1,F0014221,1,Ivy Nile
F0014226-1,F0014226,1,Nemesis
F0014230-1,F0014230,1,Apollo
F0014232-1,F0014232,1,Jacy Jayne
F0014251-1,F0014251,1,Dementia
F0014276-1,F0014276,1,Jacy Jayne
F0014298-1,F0014298,1,Dementia
F0014359-1,F0014359,1,Apollo
F0014373-1,F0014373,1,Apollo
F0014414-1,F0014414,1,Dementia
F0014448-1,F0014448,1,Jacy Jayne
F0014449-1,F0014449,1,Jacy Jayne
F0014452-1,F0014452,1,Jacy Jayne
F0014456-1,F0014456,1,Apollo
F0014469-1,F0014469,1,Jacy Jayne
F0014489-1,F0014489,1,Jacy Jayne
F0014491-1,F0014491,1,Ivy Nile
F0014499-1,F0014499,1,Ivy Nile
F0014505-1,F0014505,1,Jacy Jayne
F0014510-1,F0014510,1,Dementia
F0014525-1,F0014525,1,Jacy Jayne
F0014542-1,F0014542,1,Jacy Jayne
F0000362-2,F0000362,2,Glow
F0000369-2,F0000369,2,Glow
F0000370-2,F0000370,2,Glow
F0000383-2,F0000383,2,Glow
F0000431-2,F0000431,2,Glow
F0000549-2,F0000549,2,Trish
F0000550-2,F0000550,2,Sasha
F0000551-2,F0000551,2,Trish
F0000552-2,F0000552,2,Sasha
F0000553-2,F0000553,2,Trish
F0000563-2,F0000563,2,Chyna
F0000656-2,F0000656,2,Sasha
F0000738-2,F0000738,2,Sasha
F0000765-2,F0000765,2,Glow
F0000768-2,F0000768,2,Glow
F0000769-2,F0000769,2,Glow
F0000770-2,F0000770,2,Glow
F0000771-2,F0000771,2,Glow
F0000803-2,F0000803,2,Sasha
F0000822-2,F0000822,2,Glow
F0000824-2,F0000824,2,Glow
F0000828-2,F0000828,2,Glow
F0000831-2,F0000831,2,Glow
F0000835-2,F0000835,2,Glow
F0000962-2,F0000962,2,Sasha
F0001007-2,F0001007,2,Glow
F0001105-2,F0001105,2,Glow
F0001114-2,F0001114,2,Glow
F0001195-2,F0001195,2,Ruby
F0001197-2,F0001197,2,Ruby
F0001218-2,F0001218,2,Sasha
F0001226-2,F0001226,2,Sasha
F0001284-2,F0001284,2,Dakota Kai
F0001465-2,F0001465,2,Sasha
F0002103-2,F0002103,2,Sasha
F0002689-2,F0002689,2,Sasha
F0002768-2,F0002768,2,Glow
F0002769-2,F0002769,2,Glow
F0002772-2,F0002772,2,Glow
F0002773-2,F0002773,2,Glow
F0002774-2,F0002774,2,Glow
F0002775-2,F0002775,2,Glow
F0002776-2,F0002776,2,Glow
F0002777-2,F0002777,2,Glow
F0002778-2,F0002778,2,Glow
F0002868-2,F0002868,2,Sasha
F0002914-2,F0002914,2,Sasha
F0003397-2,F0003397,2,Sasha
F0005047-2,F0005047,2,Sasha
F0005412-2,F0005412,2,Sasha
F0005417-2,F0005417,2,Glow
F0005598-2,F0005598,2,Sasha
F0006552-2,F0006552,2,Glow
F0006759-2,F0006759,2,Sasha
F0006779-2,F0006779,2,Sasha
F0007101-2,F0007101,2,LASH
F0007457-2,F0007457,2,Trish
F0007579-2,F0007579,2,Sasha
F0007819-2,F0007819,2,Chyna
F0007822-2,F0007822,2,Chyna
F0008195-2,F0008195,2,Glow
F0008854-2,F0008854,2,XIA
F0009201-2,F0009201,2,EMBER
F0009203-2,F0009203,2,Trish
F0009304-2,F0009304,2,XIA
F0009349-2,F0009349,2,LASH
F0009376-2,F0009376,2,LASH
F0009417-2,F0009417,2,EMBER
F0009421-2,F0009421,2,LASH
F0009615-2,F0009615,2,Dakota Kai
F0009755-2,F0009755,2,Screen Print
F0009896-2,F0009896,2,XIA
F0009971-2,F0009971,2,Rhonda
F0010029-2,F0010029,2,Sasha
F0010073-2,F0010073,2,Dakota Kai
F0010234-2,F0010234,2,Zoey
F0010409-2,F0010409,2,Glow
F0010571-2,F0010571,2,Trish
F0010593-2,F0010593,2,EMBER
F0010639-2,F0010639,2,Rhonda
F0010696-2,F0010696,2,Dakota Kai
F0010719-2,F0010719,2,XIA
F0010728-2,F0010728,2,Glow
F0010729-2,F0010729,2,Glow
F0010730-2,F0010730,2,Glow
F0010733-2,F0010733,2,Glow
F0010734-2,F0010734,2,Glow
F0010736-2,F0010736,2,Glow
F0010737-2,F0010737,2,Glow
F0010829-2,F0010829,2,XIA
F0010837-2,F0010837,2,XIA
F0010872-2,F0010872,2,Dakota Kai
F0010894-2,F0010894,2,Dakota Kai
F0010938-2,F0010938,2,Sasha
F0010939-2,F0010939,2,Sasha
F0010947-2,F0010947,2,Sasha
F0010948-2,F0010948,2,Sasha
F0011044-2,F0011044,2,Glow
F0011061-2,F0011061,2,Sasha
F0011087-2,F0011087,2,LASH
F0011137-2,F0011137,2,Glow
F0011174-2,F0011174,2,Chyna
F0011417-2,F0011417,2,LASH
F0011614-2,F0011614,2,XIA
F0011647-2,F0011647,2,EMBER
F0011691-2,F0011691,2,Sasha
F0011794-2,F0011794,2,Sasha
F0011983-2,F0011983,2,Zoey
F0012078-2,F0012078,2,Sasha
F0012093-2,F0012093,2,Chyna
F0012185-2,F0012185,2,Valhalla
F0012436-2,F0012436,2,Valhalla
F0012454-2,F0012454,2,Sasha
F0012519-2,F0012519,2,Trish
F0012808-2,F0012808,2,EMBER
F0012811-2,F0012811,2,Zoey
F0012829-2,F0012829,2,Sasha
F0012892-2,F0012892,2,LASH
F0013020-2,F0013020,2,LASH
F0013137-2,F0013137,2,LASH
F0013242-2,F0013242,2,Dementia
F0013295-2,F0013295,2,Dementia
F0013662-2,F0013662,2,Zoey
F0013711-2,F0013711,2,Rhonda
F0013742-2,F0013742,2,Dementia
F0013825-2,F0013825,2,Sasha
F0013826-2,F0013826,2,Sasha
F0013864-2,F0013864,2,Dementia
F0013875-2,F0013875,2,Dementia
F0013944-2,F0013944,2,Dementia
F0013969-2,F0013969,2,Dementia
F0014140-2,F0014140,2,Dementia
F0014211-2,F0014211,2,LASH
F0014260-2,F0014260,2,EMBER
F0014264-2,F0014264,2,Zoey
F0014276-2,F0014276,2,Jacy Jayne
F0014347-2,F0014347,2,EMBER
F0014447-2,F0014447,2,EMBER
F0003197-2,F0003197,2,1 Table
F0003223-2,F0003223,2,1 Table
F0003313-2,F0003313,2,1 Table
F0003379-2,F0003379,2,1 Table
F0003464-2,F0003464,2,1 Table
F0003566-2,F0003566,2,1 Table
F0003629-2,F0003629,2,1 Table
F0003649-2,F0003649,2,1 Table
F0003651-2,F0003651,2,1 Table
F0003654-2,F0003654,2,1 Table
F0003679-2,F0003679,2,1 Table
F0003702-2,F0003702,2,1 Table
F0003711-2,F0003711,2,1 Table
F0003823-2,F0003823,2,1 Table
F0004000-2,F0004000,2,1 Table
F0004025-2,F0004025,2,1 Table
F0004219-2,F0004219,2,1 Table
F0004279-2,F0004279,2,1 Table
F0004299-2,F0004299,2,1 Table
F0004517-2,F0004517,2,1 Table
F0004598-2,F0004598,2,1 Table
F0004600-2,F0004600,2,1 Table
F0004664-2,F0004664,2,1 Table
F0004814-2,F0004814,2,1 Table
F0004829-2,F0004829,2,1 Table
F0004835-2,F0004835,2,1 Table
F0004847-2,F0004847,2,1 Table
F0004887-2,F0004887,2,1 Table
F0005044-2,F0005044,2,1 Table
F0005264-2,F0005264,2,1 Table
F0005387-2,F0005387,2,1 Table
F0005413-2,F0005413,2,1 Table
F0005449-2,F0005449,2,1 Table
F0005525-2,F0005525,2,1 Table
F0005559-2,F0005559,2,1 Table
F0005605-2,F0005605,2,1 Table
F0005696-2,F0005696,2,1 Table
F0005785-2,F0005785,2,1 Table
F0005937-2,F0005937,2,1 Table
F0005939-2,F0005939,2,1 Table
F0005940-2,F0005940,2,1 Table
F0005978-2,F0005978,2,1 Table
F0006106-2,F0006106,2,1 Table
F0006275-2,F0006275,2,1 Table
F0006377-2,F0006377,2,1 Table
F0006408-2,F0006408,2,1 Table
F0006493-2,F0006493,2,1 Table
F0006517-2,F0006517,2,1 Table
F0006617-2,F0006617,2,1 Table
F0006647-2,F0006647,2,1 Table
F0006785-2,F0006785,2,1 Table
F0006812-2,F0006812,2,1 Table
F0007256-2,F0007256,2,1 Table
F0007257-2,F0007257,2,1 Table
F0007710-2,F0007710,2,1 Table
F0007781-2,F0007781,2,1 Table
F0008275-2,F0008275,2,1 Table
F0008458-2,F0008458,2,1 Table
F0008459-2,F0008459,2,1 Table
F0008572-2,F0008572,2,1 Table
F0008887-2,F0008887,2,1 Table
F0009002-2,F0009002,2,1 Table
F0009027-2,F0009027,2,1 Table
F0009171-2,F0009171,2,1 Table
F0009172-2,F0009172,2,1 Table
F0009192-2,F0009192,2,1 Table
F0009637-2,F0009637,2,1 Table
F0009736-2,F0009736,2,1 Table
F0009959-2,F0009959,2,1 Table
F0009990-2,F0009990,2,1 Table
F0010179-2,F0010179,2,1 Table
F0010530-2,F0010530,2,1 Table
F0010752-2,F0010752,2,1 Table
F0010754-2,F0010754,2,1 Table
F0010990-2,F0010990,2,1 Table
F0011046-2,F0011046,2,1 Table
F0011578-2,F0011578,2,1 Table
F0011656-2,F0011656,2,1 Table
F0011813-2,F0011813,2,1 Table
F0011824-2,F0011824,2,1 Table
F0011825-2,F0011825,2,1 Table
F0011826-2,F0011826,2,1 Table
F0012098-2,F0012098,2,1 Table
F0012130-2,F0012130,2,1 Table
F0012219-2,F0012219,2,1 Table
F0012619-2,F0012619,2,1 Table
F0012640-2,F0012640,2,1 Table
F0012697-2,F0012697,2,1 Table
F0013009-2,F0013009,2,1 Table
F0013297-2,F0013297,2,1 Table
F0013476-2,F0013476,2,1 Table
F0013497-2,F0013497,2,1 Table
F0013668-2,F0013668,2,1 Table
F0013713-2,F0013713,2,1 Table
F0013829-2,F0013829,2,1 Table
F0013949-2,F0013949,2,1 Table
F0000387-2,F0000387,2,Bianca
F0000388-2,F0000388,2,Bianca
F0000521-2,F0000521,2,Bianca
F0000543-2,F0000543,2,Bianca
F0000560-2,F0000560,2,Bianca
F0000624-2,F0000624,2,Bianca
F0000662-2,F0000662,2,Bianca
F0000700-2,F0000700,2,Bianca
F0000749-2,F0000749,2,Bianca
F0000754-2,F0000754,2,Bianca
F0000797-2,F0000797,2,Bianca
F0000837-2,F0000837,2,Bianca
F0000873-2,F0000873,2,Bianca
F0001029-2,F0001029,2,Bianca
F0001030-2,F0001030,2,Bianca
F0001066-2,F0001066,2,Bianca
F0001101-2,F0001101,2,Bianca
F0001102-2,F0001102,2,Bianca
F0001103-2,F0001103,2,Bianca
F0001162-2,F0001162,2,Bianca
F0001193-2,F0001193,2,Bianca
F0001235-2,F0001235,2,Bianca
F0001249-2,F0001249,2,Bianca
F0001270-2,F0001270,2,Bianca
F0001320-2,F0001320,2,Bianca
F0001321-2,F0001321,2,Bianca
F0001370-2,F0001370,2,Bianca
F0001412-2,F0001412,2,Bianca
F0001439-2,F0001439,2,Bianca
F0001470-2,F0001470,2,Bianca
F0001523-2,F0001523,2,Bianca
F0001543-2,F0001543,2,Bianca
F0001573-2,F0001573,2,Bianca
F0001662-2,F0001662,2,Bianca
F0001663-2,F0001663,2,Bianca
F0001672-2,F0001672,2,Bianca
F0001696-2,F0001696,2,Bianca
F0001698-2,F0001698,2,Bianca
F0001699-2,F0001699,2,Bianca
F0001716-2,F0001716,2,Bianca
F0002433-2,F0002433,2,Bianca
F0002558-2,F0002558,2,Bianca
F0002579-2,F0002579,2,Bianca
F0002692-2,F0002692,2,Bianca
F0002694-2,F0002694,2,Bianca
F0002695-2,F0002695,2,Bianca
F0002696-2,F0002696,2,Bianca
F0002697-2,F0002697,2,Bianca
F0002720-2,F0002720,2,Bianca
F0002725-2,F0002725,2,Bianca
F0002728-2,F0002728,2,Bianca
F0002729-2,F0002729,2,Bianca
F0002731-2,F0002731,2,Bianca
F0002757-2,F0002757,2,Bianca
F0002758-2,F0002758,2,Bianca
F0002783-2,F0002783,2,Bianca
F0002801-2,F0002801,2,Bianca
F0002803-2,F0002803,2,Bianca
F0002844-2,F0002844,2,Bianca
F0002845-2,F0002845,2,Bianca
F0002846-2,F0002846,2,Bianca
F0002909-2,F0002909,2,Bianca
F0002910-2,F0002910,2,Bianca
F0002912-2,F0002912,2,Bianca
F0002922-2,F0002922,2,Bianca
F0002947-2,F0002947,2,Bianca
F0002962-2,F0002962,2,Bianca
F0002980-2,F0002980,2,Bianca
F0002991-2,F0002991,2,Bianca
F0002995-2,F0002995,2,Bianca
F0003010-2,F0003010,2,Bianca
F0003021-2,F0003021,2,Bianca
F0003044-2,F0003044,2,Bianca
F0003046-2,F0003046,2,Bianca
F0003047-2,F0003047,2,Bianca
F0003048-2,F0003048,2,Bianca
F0003049-2,F0003049,2,Bianca
F0003067-2,F0003067,2,Bianca
F0003069-2,F0003069,2,Bianca
F0003158-2,F0003158,2,Bianca
F0003159-2,F0003159,2,Bianca
F0003160-2,F0003160,2,Bianca
F0003168-2,F0003168,2,Bianca
F0003174-2,F0003174,2,Bianca
F0003184-2,F0003184,2,Bianca
F0003196-2,F0003196,2,Bianca
F0003201-2,F0003201,2,Bianca
F0003203-2,F0003203,2,Bianca
F0003206-2,F0003206,2,Bianca
F0003225-2,F0003225,2,Bianca
F0003236-2,F0003236,2,Bianca
F0003245-2,F0003245,2,Bianca
F0003294-2,F0003294,2,Bianca
F0003299-2,F0003299,2,Bianca
F0003304-2,F0003304,2,Bianca
F0003305-2,F0003305,2,Bianca
F0003306-2,F0003306,2,Bianca
F0003314-2,F0003314,2,Bianca
F0003336-2,F0003336,2,Bianca
F0003338-2,F0003338,2,Bianca
F0003341-2,F0003341,2,Bianca
F0003373-2,F0003373,2,Bianca
F0003374-2,F0003374,2,Bianca
F0003378-2,F0003378,2,Bianca
F0003380-2,F0003380,2,Bianca
F0003381-2,F0003381,2,Bianca
F0003385-2,F0003385,2,Bianca
F0003420-2,F0003420,2,Bianca
F0003424-2,F0003424,2,Bianca
F0003426-2,F0003426,2,Bianca
F0003429-2,F0003429,2,Bianca
F0003432-2,F0003432,2,Bianca
F0003438-2,F0003438,2,Bianca
F0003463-2,F0003463,2,Bianca
F0003528-2,F0003528,2,Bianca
F0003565-2,F0003565,2,Bianca
F0003579-2,F0003579,2,Bianca
F0003585-2,F0003585,2,Bianca
F0003586-2,F0003586,2,Bianca
F0003653-2,F0003653,2,Bianca
F0003658-2,F0003658,2,Bianca
F0003681-2,F0003681,2,Bianca
F0003682-2,F0003682,2,Bianca
F0003683-2,F0003683,2,Bianca
F0003684-2,F0003684,2,Bianca
F0003685-2,F0003685,2,Bianca
F0003686-2,F0003686,2,Bianca
F0003687-2,F0003687,2,Bianca
F0003689-2,F0003689,2,Bianca
F0003701-2,F0003701,2,Bianca
F0003708-2,F0003708,2,Bianca
F0003717-2,F0003717,2,Bianca
F0003725-2,F0003725,2,Bianca
F0003732-2,F0003732,2,Bianca
F0003736-2,F0003736,2,Bianca
F0003765-2,F0003765,2,Bianca
F0003788-2,F0003788,2,Bianca
F0003812-2,F0003812,2,Bianca
F0003813-2,F0003813,2,Bianca
F0003832-2,F0003832,2,Bianca
F0003885-2,F0003885,2,Bianca
F0003895-2,F0003895,2,Bianca
F0003912-2,F0003912,2,Bianca
F0003928-2,F0003928,2,Bianca
F0004003-2,F0004003,2,Bianca
F0004016-2,F0004016,2,Bianca
F0004017-2,F0004017,2,Bianca
F0004018-2,F0004018,2,Bianca
F0004019-2,F0004019,2,Bianca
F0004020-2,F0004020,2,Bianca
F0004022-2,F0004022,2,Bianca
F0004215-2,F0004215,2,Bianca
F0004216-2,F0004216,2,Bianca
F0004217-2,F0004217,2,Bianca
F0004218-2,F0004218,2,Bianca
F0004238-2,F0004238,2,Bianca
F0004271-2,F0004271,2,Bianca
F0004311-2,F0004311,2,Bianca
F0004360-2,F0004360,2,Bianca
F0004446-2,F0004446,2,Bianca
F0004447-2,F0004447,2,Bianca
F0004451-2,F0004451,2,Bianca
F0004482-2,F0004482,2,Bianca
F0004536-2,F0004536,2,Bianca
F0004544-2,F0004544,2,Bianca
F0004555-2,F0004555,2,Bianca
F0004606-2,F0004606,2,Bianca
F0004659-2,F0004659,2,Bianca
F0004660-2,F0004660,2,Bianca
F0004661-2,F0004661,2,Bianca
F0004662-2,F0004662,2,Bianca
F0004663-2,F0004663,2,Bianca
F0004681-2,F0004681,2,Bianca
F0004740-2,F0004740,2,Bianca
F0004750-2,F0004750,2,Bianca
F0004834-2,F0004834,2,Bianca
F0004844-2,F0004844,2,Bianca
F0004848-2,F0004848,2,Bianca
F0004892-2,F0004892,2,Bianca
F0004894-2,F0004894,2,Bianca
F0004936-2,F0004936,2,Bianca
F0005022-2,F0005022,2,Bianca
F0005071-2,F0005071,2,Bianca
F0005081-2,F0005081,2,Bianca
F0005105-2,F0005105,2,Bianca
F0005130-2,F0005130,2,Bianca
F0005147-2,F0005147,2,Bianca
F0005156-2,F0005156,2,Bianca
F0005159-2,F0005159,2,Bianca
F0005179-2,F0005179,2,Bianca
F0005222-2,F0005222,2,Bianca
F0005231-2,F0005231,2,Bianca
F0005262-2,F0005262,2,Bianca
F0005263-2,F0005263,2,Bianca
F0005405-2,F0005405,2,Bianca
F0005431-2,F0005431,2,Bianca
F0005432-2,F0005432,2,Bianca
F0005509-2,F0005509,2,Bianca
F0005510-2,F0005510,2,Bianca
F0005560-2,F0005560,2,Bianca
F0005635-2,F0005635,2,Bianca
F0005663-2,F0005663,2,Bianca
F0005664-2,F0005664,2,Bianca
F0005667-2,F0005667,2,Bianca
F0005717-2,F0005717,2,Bianca
F0005746-2,F0005746,2,Bianca
F0005775-2,F0005775,2,Bianca
F0005776-2,F0005776,2,Bianca
F0005779-2,F0005779,2,Bianca
F0005780-2,F0005780,2,Bianca
F0005781-2,F0005781,2,Bianca
F0005786-2,F0005786,2,Bianca
F0005788-2,F0005788,2,Bianca
F0005811-2,F0005811,2,Bianca
F0005813-2,F0005813,2,Bianca
F0005814-2,F0005814,2,Bianca
F0005864-2,F0005864,2,Bianca
F0005865-2,F0005865,2,Bianca
F0005866-2,F0005866,2,Bianca
F0005867-2,F0005867,2,Bianca
F0005868-2,F0005868,2,Bianca
F0005869-2,F0005869,2,Bianca
F0005907-2,F0005907,2,Bianca
F0005909-2,F0005909,2,Bianca
F0005911-2,F0005911,2,Bianca
F0005912-2,F0005912,2,Bianca
F0005913-2,F0005913,2,Bianca
F0005917-2,F0005917,2,Bianca
F0005949-2,F0005949,2,Bianca
F0005952-2,F0005952,2,Bianca
F0005954-2,F0005954,2,Bianca
F0005955-2,F0005955,2,Bianca
F0005956-2,F0005956,2,Bianca
F0005957-2,F0005957,2,Bianca
F0005960-2,F0005960,2,Bianca
F0005961-2,F0005961,2,Bianca
F0005962-2,F0005962,2,Bianca
F0005966-2,F0005966,2,Bianca
F0005972-2,F0005972,2,Bianca
F0005973-2,F0005973,2,Bianca
F0005974-2,F0005974,2,Bianca
F0005975-2,F0005975,2,Bianca
F0005982-2,F0005982,2,Bianca
F0005986-2,F0005986,2,Bianca
F0005992-2,F0005992,2,Bianca
F0005993-2,F0005993,2,Bianca
F0005994-2,F0005994,2,Bianca
F0005995-2,F0005995,2,Bianca
F0005997-2,F0005997,2,Bianca
F0006037-2,F0006037,2,Bianca
F0006038-2,F0006038,2,Bianca
F0006041-2,F0006041,2,Bianca
F0006042-2,F0006042,2,Bianca
F0006043-2,F0006043,2,Bianca
F0006056-2,F0006056,2,Bianca
F0006057-2,F0006057,2,Bianca
F0006058-2,F0006058,2,Bianca
F0006059-2,F0006059,2,Bianca
F0006065-2,F0006065,2,Bianca
F0006066-2,F0006066,2,Bianca
F0006067-2,F0006067,2,Bianca
F0006081-2,F0006081,2,Bianca
F0006083-2,F0006083,2,Bianca
F0006084-2,F0006084,2,Bianca
F0006097-2,F0006097,2,Bianca
F0006105-2,F0006105,2,Bianca
F0006147-2,F0006147,2,Bianca
F0006148-2,F0006148,2,Bianca
F0006149-2,F0006149,2,Bianca
F0006150-2,F0006150,2,Bianca
F0006153-2,F0006153,2,Bianca
F0006207-2,F0006207,2,Bianca
F0006209-2,F0006209,2,Bianca
F0006213-2,F0006213,2,Bianca
F0006214-2,F0006214,2,Bianca
F0006215-2,F0006215,2,Bianca
F0006216-2,F0006216,2,Bianca
F0006217-2,F0006217,2,Bianca
F0006219-2,F0006219,2,Bianca
F0006222-2,F0006222,2,Bianca
F0006223-2,F0006223,2,Bianca
F0006227-2,F0006227,2,Bianca
F0006228-2,F0006228,2,Bianca
F0006232-2,F0006232,2,Bianca
F0006233-2,F0006233,2,Bianca
F0006235-2,F0006235,2,Bianca
F0006250-2,F0006250,2,Bianca
F0006251-2,F0006251,2,Bianca
F0006266-2,F0006266,2,Bianca
F0006267-2,F0006267,2,Bianca
F0006269-2,F0006269,2,Bianca
F0006277-2,F0006277,2,Bianca
F0006278-2,F0006278,2,Bianca
F0006282-2,F0006282,2,Bianca
F0006314-2,F0006314,2,Bianca
F0006315-2,F0006315,2,Bianca
F0006320-2,F0006320,2,Bianca
F0006330-2,F0006330,2,Bianca
F0006366-2,F0006366,2,Bianca
F0007071-2,F0007071,2,Bianca
F0009841-2,F0009841,2,Bianca
F0010016-2,F0010016,2,Bianca
F0010265-2,F0010265,2,Bianca
F0010509-2,F0010509,2,Bianca
F0010757-2,F0010757,2,Bianca
F0010972-2,F0010972,2,Bianca
F0011101-2,F0011101,2,Bianca
F0011146-2,F0011146,2,Bianca
F0011998-2,F0011998,2,Bianca
F0012044-2,F0012044,2,Bianca
F0012655-2,F0012655,2,Bianca
F0013327-2,F0013327,2,Bianca
F0013591-2,F0013591,2,Bianca
F0014115-2,F0014115,2,Bianca
F0014298-2,F0014298,2,Bianca
F0000700-10,F0000700,10,Bianca
F0000700-3,F0000700,3,Bianca
F0000700-4,F0000700,4,Bianca
F0000700-5,F0000700,5,Bianca
F0000700-6,F0000700,6,Bianca
F0000700-7,F0000700,7,Bianca
F0000700-8,F0000700,8,Bianca
F0000700-9,F0000700,9,Bianca
F0001193-3,F0001193,3,Bianca
F0001238-3,F0001238,3,Bianca
F0001238-4,F0001238,4,Bianca
F0001249-10,F0001249,10,Bianca
F0001249-3,F0001249,3,Bianca
F0001249-4,F0001249,4,Bianca
F0001249-5,F0001249,5,Bianca
F0001249-6,F0001249,6,Bianca
F0001249-7,F0001249,7,Bianca
F0001249-8,F0001249,8,Bianca
F0001249-9,F0001249,9,Bianca
F0001270-3,F0001270,3,Bianca
F0001270-4,F0001270,4,Bianca
F0001270-5,F0001270,5,Bianca
F0001270-6,F0001270,6,Bianca
F0001523-3,F0001523,3,Bianca
F0001523-4,F0001523,4,Bianca
F0001523-5,F0001523,5,Bianca
F0001523-6,F0001523,6,Bianca
F0001523-7,F0001523,7,Bianca
F0001523-8,F0001523,8,Bianca
F0001556-3,F0001556,3,Bianca
F0001580-1.01,F0001580,1.01,Bianca
F0001584-1.01,F0001584,1.01,Bianca
F0002132-1.01,F0002132,1.01,Bianca
F0002449-1.01,F0002449,1.01,Bianca
F0002451-1.01,F0002451,1.01,Bianca
F0002453-1.01,F0002453,1.01,Bianca
F0002456-1.01,F0002456,1.01,Bianca
F0002523-1.01,F0002523,1.01,Bianca
F0002524-1.01,F0002524,1.01,Bianca
F0002526-1.01,F0002526,1.01,Bianca
F0002532-1.01,F0002532,1.01,Bianca
F0002656-3,F0002656,3,Bianca
F0002695-3,F0002695,3,Bianca
F0002697-3,F0002697,3,Bianca
F0002719-1.01,F0002719,1.01,Bianca
F0002731-3,F0002731,3,Bianca
F0002800-1.01,F0002800,1.01,Bianca
F0002844-3,F0002844,3,Bianca
F0002920-1.01,F0002920,1.01,Bianca
F0002922-3,F0002922,3,Bianca
F0002980-3,F0002980,3,Bianca
F0002991-10,F0002991,10,Bianca
F0002991-11,F0002991,11,Bianca
F0002991-12,F0002991,12,Bianca
F0002991-14,F0002991,14,Bianca
F0002991-15,F0002991,15,Bianca
F0002991-16,F0002991,16,Bianca
F0002991-4,F0002991,4,Bianca
F0002991-5,F0002991,5,Bianca
F0002991-6,F0002991,6,Bianca
F0002991-8,F0002991,8,Bianca
F0002991-9,F0002991,9,Bianca
F0003047-3,F0003047,3,Bianca
F0003047-4,F0003047,4,Bianca
F0003067-3,F0003067,3,Bianca
F0003197-3,F0003197,3,Bianca
F0003223-3,F0003223,3,Bianca
F0003313-3,F0003313,3,Bianca
F0003334-3,F0003334,3,Bianca
F0003336-3,F0003336,3,Bianca
F0003336-4,F0003336,4,Bianca
F0003379-4,F0003379,4,Bianca
F0003410-1.01,F0003410,1.01,Bianca
F0003411-1.01,F0003411,1.01,Bianca
F0003418-1.01,F0003418,1.01,Bianca
F0003426-3,F0003426,3,Bianca
F0003426-4,F0003426,4,Bianca
F0003426-5,F0003426,5,Bianca
F0003426-6,F0003426,6,Bianca
F0003426-7,F0003426,7,Bianca
F0003464-3,F0003464,3,Bianca
F0003474-1.01,F0003474,1.01,Bianca
F0003475-1.01,F0003475,1.01,Bianca
F0003476-1.01,F0003476,1.01,Bianca
F0003478-1.01,F0003478,1.01,Bianca
F0003479-1.01,F0003479,1.01,Bianca
F0003480-1.01,F0003480,1.01,Bianca
F0003528-3,F0003528,3,Bianca
F0003566-5,F0003566,5,Bianca
F0003629-4,F0003629,4,Bianca
F0003654-3,F0003654,3,Bianca
F0003654-4,F0003654,4,Bianca
F0003679-5,F0003679,5,Bianca
F0003693-4,F0003693,4,Bianca
F0003701-3,F0003701,3,Bianca
F0003702-4,F0003702,4,Bianca
F0003711-3,F0003711,3,Bianca
F0003717-10,F0003717,10,Bianca
F0003717-11,F0003717,11,Bianca
F0003717-12,F0003717,12,Bianca
F0003717-14,F0003717,14,Bianca
F0003717-16,F0003717,16,Bianca
F0003717-17,F0003717,17,Bianca
F0003717-19,F0003717,19,Bianca
F0003717-20,F0003717,20,Bianca
F0003717-4,F0003717,4,Bianca
F0003717-5,F0003717,5,Bianca
F0003717-6,F0003717,6,Bianca
F0003717-7,F0003717,7,Bianca
F0003717-8,F0003717,8,Bianca
F0003717-9,F0003717,9,Bianca
F0003725-3,F0003725,3,Bianca
F0003736-3,F0003736,3,Bianca
F0003823-5,F0003823,5,Bianca
F0003823-6,F0003823,6,Bianca
F0003987-1.01,F0003987,1.01,Bianca
F0003988-1.01,F0003988,1.01,Bianca
F0003991-1.01,F0003991,1.01,Bianca
F0004003-4,F0004003,4,Bianca
F0004006-3,F0004006,3,Bianca
F0004007-10,F0004007,10,Bianca
F0004007-11,F0004007,11,Bianca
F0004007-5,F0004007,5,Bianca
F0004213-1.01,F0004213,1.01,Bianca
F0004214-1.01,F0004214,1.01,Bianca
F0004446-3,F0004446,3,Bianca
F0004446-4,F0004446,4,Bianca
F0004451-3,F0004451,3,Bianca
F0004451-4,F0004451,4,Bianca
F0004480-1.01,F0004480,1.01,Bianca
F0004558-1.01,F0004558,1.01,Bianca
F0004568-1.01,F0004568,1.01,Bianca
F0004580-1.01,F0004580,1.01,Bianca
F0004607-1.01,F0004607,1.01,Bianca
F0004612-1.01,F0004612,1.01,Bianca
F0004660-3,F0004660,3,Bianca
F0004662-3,F0004662,3,Bianca
F0004833-1.01,F0004833,1.01,Bianca
F0004894-3,F0004894,3,Bianca
F0004894-4,F0004894,4,Bianca
F0004897-1.01,F0004897,1.01,Bianca
F0004901-1.01,F0004901,1.01,Bianca
F0004905-1.01,F0004905,1.01,Bianca
F0004908-1.01,F0004908,1.01,Bianca
F0004923-1.01,F0004923,1.01,Bianca
F0004959-1.01,F0004959,1.01,Bianca
F0005059-1.01,F0005059,1.01,Bianca
F0005105-3,F0005105,3,Bianca
F0005131-1.01,F0005131,1.01,Bianca
F0005135-1.01,F0005135,1.01,Bianca
F0005148-1.01,F0005148,1.01,Bianca
F0005149-1.01,F0005149,1.01,Bianca
F0005171-1.01,F0005171,1.01,Bianca
F0005228-1.01,F0005228,1.01,Bianca
F0005231-1.01,F0005231,1.01,Bianca
F0005234-1.01,F0005234,1.01,Bianca
F0005235-1.01,F0005235,1.01,Bianca
F0005236-1.01,F0005236,1.01,Bianca
F0005430-1.01,F0005430,1.01,Bianca
F0005431-3,F0005431,3,Bianca
F0005518-1.01,F0005518,1.01,Bianca
F0005534-1.01,F0005534,1.01,Bianca
F0005535-1.01,F0005535,1.01,Bianca
F0005625-1.01,F0005625,1.01,Bianca
F0005626-1.01,F0005626,1.01,Bianca
F0005631-1.01,F0005631,1.01,Bianca
F0005734-1.01,F0005734,1.01,Bianca
F0005785-3,F0005785,3,Bianca
F0005850-4,F0005850,4,Bianca
F0005869-3,F0005869,3,Bianca
F0005907-3,F0005907,3,Bianca
F0005978-3,F0005978,3,Bianca
F0005984-1.01,F0005984,1.01,Bianca
F0006042-3,F0006042,3,Bianca
F0006042-4,F0006042,4,Bianca
F0006044-1.01,F0006044,1.01,Bianca
F0006105-3,F0006105,3,Bianca
F0006105-4,F0006105,4,Bianca
F0006105-5,F0006105,5,Bianca
F0006106-3,F0006106,3,Bianca
F0006227-3,F0006227,3,Bianca
F0006227-4,F0006227,4,Bianca
F0006227-5,F0006227,5,Bianca
F0006228-3,F0006228,3,Bianca
F0006228-4,F0006228,4,Bianca
F0006228-5,F0006228,5,Bianca
F0006228-6,F0006228,6,Bianca
F0006229-3,F0006229,3,Bianca
F0006229-4,F0006229,4,Bianca
F0006229-5,F0006229,5,Bianca
F0006235-3,F0006235,3,Bianca
F0006235-4,F0006235,4,Bianca
F0006266-3,F0006266,3,Bianca
F0006266-4,F0006266,4,Bianca
F0006266-5,F0006266,5,Bianca
F0006266-6,F0006266,6,Bianca
F0006266-7,F0006266,7,Bianca
F0006272-1.01,F0006272,1.01,Bianca
F0006364-4,F0006364,4,Bianca
F0007962-5,F0007962,5,Bianca
F0007963-3,F0007963,3,Bianca
F0010972-4,F0010972,4,Bianca
F0011998-3,F0011998,3,Bianca
F0011998-4,F0011998,4,Bianca
F0011998-5,F0011998,5,Bianca
F0011998-6,F0011998,6,Bianca
F0000359-3,F0000359,3,Glow
F0000363-5,F0000363,5,Glow
F0000367-4,F0000367,4,Sasha
F0000368-8,F0000368,8,Glow
F0000369-4,F0000369,4,Glow
F0000370-6,F0000370,6,Glow
F0000370-7,F0000370,7,Glow
F0000370-8,F0000370,8,Glow
F0000372-6,F0000372,6,Glow
F0000372-7,F0000372,7,Glow
F0000384-3,F0000384,3,Glow
F0000385-8,F0000385,8,Glow
F0000386-4,F0000386,4,Glow
F0000386-5,F0000386,5,Glow
F0000387-3,F0000387,3,Glow
F0000387-5,F0000387,5,Glow
F0000433-3,F0000433,3,Sasha
F0000549-3,F0000549,3,Glow
F0000549-4,F0000549,4,Glow
F0000549-5,F0000549,5,Glow
F0000549-6,F0000549,6,Glow
F0000549-7,F0000549,7,Glow
F0000549-8,F0000549,8,Glow
F0000551-3,F0000551,3,Sasha
F0000551-4,F0000551,4,Sasha
F0000551-5,F0000551,5,Sasha
F0000551-6,F0000551,6,Sasha
F0000553-3,F0000553,3,Sasha
F0000553-4,F0000553,4,Sasha
F0000553-5,F0000553,5,Sasha
F0000553-6,F0000553,6,Sasha
F0000563-3,F0000563,3,Chyna
F0000563-4,F0000563,4,Chyna
F0000563-5,F0000563,5,Chyna
F0000563-6,F0000563,6,Chyna
F0000662-4,F0000662,4,Glow
F0000662-5,F0000662,5,Glow
F0000662-6,F0000662,6,Glow
F0000764-4,F0000764,4,Glow
F0000765-3,F0000765,3,Glow
F0000765-4,F0000765,4,Glow
F0000765-6,F0000765,6,Glow
F0000766-3,F0000766,3,Glow
F0000769-3,F0000769,3,Glow
F0000770-3,F0000770,3,Glow
F0000771-5,F0000771,5,Glow
F0000824-3,F0000824,3,Glow
F0000833-3,F0000833,3,Glow
F0001195-3,F0001195,3,Ruby
F0001195-4,F0001195,4,Ruby
F0001195-5,F0001195,5,Ruby
F0001197-3,F0001197,3,Ruby
F0001197-4,F0001197,4,Ruby
F0001197-5,F0001197,5,Ruby
F0001197-6,F0001197,6,Ruby
F0001218-3,F0001218,3,Sasha
F0001218-4,F0001218,4,Sasha
F0001226-3,F0001226,3,Sasha
F0001226-4,F0001226,4,Sasha
F0001284-3,F0001284,3,Dakota Kai
F0001284-4,F0001284,4,Dakota Kai
F0001284-5,F0001284,5,Dakota Kai
F0001465-3,F0001465,3,Sasha
F0001465-4,F0001465,4,Sasha
F0002849-5,F0002849,5,Rhonda
F0003397-3,F0003397,3,Sasha
F0003397-4,F0003397,4,Sasha
F0004416-4,F0004416,4,Rhonda
F0004432-3,F0004432,3,Rhonda
F0004517-5,F0004517,5,Rhonda
F0004598-5,F0004598,5,Rhonda
F0004599-3,F0004599,3,Rhonda
F0004599-4,F0004599,4,Rhonda
F0004829-5,F0004829,5,Rhonda
F0004884-4,F0004884,4,Rhonda
F0004884-5,F0004884,5,Rhonda
F0004948-4,F0004948,4,Rhonda
F0005381-3,F0005381,3,Rhonda
F0005469-3,F0005469,3,Rhonda
F0005469-3.01,F0005469,3.01,Rhonda
F0005470-3,F0005470,3,Rhonda
F0005470-3.01,F0005470,3.01,Rhonda
F0005471-3,F0005471,3,Rhonda
F0005471-3.01,F0005471,3.01,Rhonda
F0005472-3,F0005472,3,Rhonda
F0005472-3.01,F0005472,3.01,Rhonda
F0005473-4,F0005473,4,Rhonda
F0005473-4.01,F0005473,4.01,Rhonda
F0005474-3,F0005474,3,Rhonda
F0005474-3.01,F0005474,3.01,Rhonda
F0005475-3,F0005475,3,Rhonda
F0005475-3.01,F0005475,3.01,Rhonda
F0005477-3,F0005477,3,Rhonda
F0005477-3.01,F0005477,3.01,Rhonda
F0005478-3,F0005478,3,Rhonda
F0005478-3.01,F0005478,3.01,Rhonda
F0005480-3,F0005480,3,Rhonda
F0005480-3.01,F0005480,3.01,Rhonda
F0005481-3,F0005481,3,Rhonda
F0005481-3.01,F0005481,3.01,Rhonda
F0005562-3,F0005562,3,Rhonda
F0005614-3,F0005614,3,Rhonda
F0005614-4,F0005614,4,Rhonda
F0005615-3,F0005615,3,Rhonda
F0005696-5,F0005696,5,Rhonda
F0005741-4,F0005741,4,Rhonda
F0006417-3,F0006417,3,Glow
F0007101-3,F0007101,3,LASH
F0007808-3,F0007808,3,Ruby
F0010559-3,F0010559,3,Glow
F0010559-4,F0010559,4,Glow
F0010972-3,F0010972,3,LASH
F0010972-5,F0010972,5,LASH
F0011044-3,F0011044,3,Glow
F0011044-4,F0011044,4,Sasha
F0011417-3,F0011417,3,LASH
F0012829-3,F0012829,3,Sasha
F0013137-3,F0013137,3,LASH
F0013742-3,F0013742,3,Dementia
F0013969-3,F0013969,3,Dementia
F0014276-3,F0014276,3,Jacy Jayne
F0014357-6,F0014357,6,Dementia
F0014357-7,F0014357,7,Dementia
F0014357-8,F0014357,8,Dementia
F0014357-9,F0014357,9,Dementia
F0001624-4,F0001624,4,1 Table
F0002455-4,F0002455,4,1 Table
F0002718-4,F0002718,4,1 Table
F0002804-4,F0002804,4,1 Table
F0002805-4,F0002805,4,1 Table
F0003207-4,F0003207,4,1 Table
F0003267-5,F0003267,5,1 Table
F0003394-4,F0003394,4,1 Table
F0003473-5,F0003473,5,1 Table
F0003477-4,F0003477,4,1 Table
F0003569-4,F0003569,4,1 Table
F0003717-13,F0003717,13,1 Table
F0003717-15,F0003717,15,1 Table
F0003717-18,F0003717,18,1 Table
F0003823-4,F0003823,4,1 Table
F0004728-4,F0004728,4,1 Table
F0004902-4,F0004902,4,1 Table
F0005049-4,F0005049,4,1 Table
F0005134-7,F0005134,7,1 Table
F0005230-4,F0005230,4,1 Table
F0005528-4,F0005528,4,1 Table
F0005805-4,F0005805,4,1 Table
F0005898-4,F0005898,4,1 Table
F0005987-4,F0005987,4,1 Table
F0006189-4,F0006189,4,1 Table
F0006275-2.01,F0006275,2.01,1 Table
F0006422-4,F0006422,4,1 Table
F0006441-4,F0006441,4,1 Table
F0006551-4,F0006551,4,1 Table
F0006553-4,F0006553,4,1 Table
F0006617-4,F0006617,4,1 Table
F0007035-4,F0007035,4,1 Table
F0007037-4,F0007037,4,1 Table
F0007868-4,F0007868,4,1 Table
F0008256-4,F0008256,4,1 Table
F0008546-4,F0008546,4,1 Table
F0008943-4,F0008943,4,1 Table
F0009783-4,F0009783,4,1 Table
F0009909-5,F0009909,5,1 Table
F0010388-4,F0010388,4,1 Table
F0010448-4,F0010448,4,1 Table
F0010674-4,F0010674,4,1 Table
F0010731-10,F0010731,10,1 Table
F0010731-11,F0010731,11,1 Table
F0010731-12,F0010731,12,1 Table
F0010731-8,F0010731,8,1 Table
F0010731-9,F0010731,9,1 Table
F0011046-4,F0011046,4,1 Table
F0011046-5,F0011046,5,1 Table
F0011046-6,F0011046,6,1 Table
F0011046-7,F0011046,7,1 Table
F0011046-8,F0011046,8,1 Table
F0011478-5,F0011478,5,1 Table
F0011595-4,F0011595,4,1 Table
F0011601-4,F0011601,4,1 Table
F0011664-4,F0011664,4,1 Table
F0011719-4,F0011719,4,1 Table
F0011720-4,F0011720,4,1 Table
F0011813-4,F0011813,4,1 Table
F0011813-5,F0011813,5,1 Table
F0011852-5,F0011852,5,1 Table
F0011962-4,F0011962,4,1 Table
F0012020-4,F0012020,4,1 Table
F0012599-4,F0012599,4,1 Table
F0012619-4,F0012619,4,1 Table
F0012619-5,F0012619,5,1 Table
F0013297-4,F0013297,4,1 Table
F0001560-1.01,F0001560,1.01,1 Table
F0001562-1.01,F0001562,1.01,1 Table
F0001563-1.01,F0001563,1.01,1 Table
F0001565-1.01,F0001565,1.01,1 Table
F0001567-1.01,F0001567,1.01,1 Table
F0001569-1.01,F0001569,1.01,1 Table
F0001570-1.01,F0001570,1.01,1 Table
F0001572-1.01,F0001572,1.01,1 Table
F0001581-1.01,F0001581,1.01,1 Table
F0001592-1.01,F0001592,1.01,1 Table
F0001598-1.01,F0001598,1.01,1 Table
F0001599-1.01,F0001599,1.01,1 Table
F0001600-1.01,F0001600,1.01,1 Table
F0001603-1.01,F0001603,1.01,1 Table
F0001607-1.01,F0001607,1.01,1 Table
F0001608-1.01,F0001608,1.01,1 Table
F0001609-1.01,F0001609,1.01,1 Table
F0001610-1.01,F0001610,1.01,1 Table
F0002454-1.01,F0002454,1.01,1 Table
F0002527-1.01,F0002527,1.01,1 Table
F0002529-1.01,F0002529,1.01,1 Table
F0003935-1.01,F0003935,1.01,1 Table
F0003955-1.01,F0003955,1.01,1 Table
F0004611-1.01,F0004611,1.01,1 Table
F0004727-1.01,F0004727,1.01,1 Table
F0005136-1.01,F0005136,1.01,1 Table
F0005382-1.01,F0005382,1.01,1 Table
F0005384-1.01,F0005384,1.01,1 Table
F0005450-1.01,F0005450,1.01,1 Table
F0005452-1.01,F0005452,1.01,1 Table
F0005454-1.01,F0005454,1.01,1 Table
F0005490-1.01,F0005490,1.01,1 Table
F0005527-1.01,F0005527,1.01,1 Table
F0005533-1.01,F0005533,1.01,1 Table
F0005566-1.01,F0005566,1.01,1 Table
F0005588-1.01,F0005588,1.01,1 Table
F0005591-1.01,F0005591,1.01,1 Table
F0005592-1.01,F0005592,1.01,1 Table
F0005593-1.01,F0005593,1.01,1 Table
F0005594-1.01,F0005594,1.01,1 Table
F0005633-1.01,F0005633,1.01,1 Table
F0005712-1.01,F0005712,1.01,1 Table
F0005714-1.01,F0005714,1.01,1 Table
F0005715-1.01,F0005715,1.01,1 Table
F0005716-1.01,F0005716,1.01,1 Table
F0005750-1.01,F0005750,1.01,1 Table
F0005763-1.01,F0005763,1.01,1 Table
F0005782-1.01,F0005782,1.01,1 Table
F0005783-1.01,F0005783,1.01,1 Table
F0005790-1.01,F0005790,1.01,1 Table
F0005797-1.01,F0005797,1.01,1 Table
F0005798-1.01,F0005798,1.01,1 Table
F0005799-1.01,F0005799,1.01,1 Table
F0005800-1.01,F0005800,1.01,1 Table
F0005801-1.01,F0005801,1.01,1 Table
F0005802-1.01,F0005802,1.01,1 Table
F0005803-1.01,F0005803,1.01,1 Table
F0005804-1.01,F0005804,1.01,1 Table
F0005806-1.01,F0005806,1.01,1 Table
F0005807-1.01,F0005807,1.01,1 Table
F0005808-1.01,F0005808,1.01,1 Table
F0005810-1.01,F0005810,1.01,1 Table
F0005815-1.01,F0005815,1.01,1 Table
F0005816-1.01,F0005816,1.01,1 Table
F0005825-1.01,F0005825,1.01,1 Table
F0005826-1.01,F0005826,1.01,1 Table
F0005827-1.01,F0005827,1.01,1 Table
F0005828-1.01,F0005828,1.01,1 Table
F0005858-1.01,F0005858,1.01,1 Table
F0005873-1.01,F0005873,1.01,1 Table
F0005874-1.01,F0005874,1.01,1 Table
F0005875-1.01,F0005875,1.01,1 Table
F0005877-1.01,F0005877,1.01,1 Table
F0005878-1.01,F0005878,1.01,1 Table
F0005879-1.01,F0005879,1.01,1 Table
F0005880-1.01,F0005880,1.01,1 Table
F0005884-1.01,F0005884,1.01,1 Table
F0005885-1.01,F0005885,1.01,1 Table
F0005896-1.01,F0005896,1.01,1 Table
F0005900-1.01,F0005900,1.01,1 Table
F0005918-1.01,F0005918,1.01,1 Table
F0005948-1.01,F0005948,1.01,1 Table
F0006000-1.01,F0006000,1.01,1 Table
F0006001-1.01,F0006001,1.01,1 Table
F0006002-1.01,F0006002,1.01,1 Table
F0006008-1.01,F0006008,1.01,1 Table
F0006036-1.01,F0006036,1.01,1 Table
F0006070-1.01,F0006070,1.01,1 Table
F0006152-1.01,F0006152,1.01,1 Table
F0006161-1.01,F0006161,1.01,1 Table
F0006162-1.01,F0006162,1.01,1 Table
F0006167-1.01,F0006167,1.01,1 Table
F0006168-1.01,F0006168,1.01,1 Table
F0006169-1.01,F0006169,1.01,1 Table
F0006170-1.01,F0006170,1.01,1 Table
F0006172-1.01,F0006172,1.01,1 Table
F0006185-1.01,F0006185,1.01,1 Table
F0006186-1.01,F0006186,1.01,1 Table
F0006188-1.01,F0006188,1.01,1 Table
F0006190-1.01,F0006190,1.01,1 Table
F0006191-1.01,F0006191,1.01,1 Table
F0006192-1.01,F0006192,1.01,1 Table
F0006194-1.01,F0006194,1.01,1 Table
F0006224-1.01,F0006224,1.01,1 Table
F0006236-1.01,F0006236,1.01,1 Table
F0006237-1.01,F0006237,1.01,1 Table
F0006238-1.01,F0006238,1.01,1 Table
F0006256-1.01,F0006256,1.01,1 Table
F0006257-1.01,F0006257,1.01,1 Table
F0006261-1.01,F0006261,1.01,1 Table
F0006268-1.01,F0006268,1.01,1 Table
F0006276-1.01,F0006276,1.01,1 Table
F0006286-1.01,F0006286,1.01,1 Table
F0006327-1.01,F0006327,1.01,1 Table
F0006328-1.01,F0006328,1.01,1 Table
F0006333-1.01,F0006333,1.01,1 Table
F0006335-1.01,F0006335,1.01,1 Table
F0006346-1.01,F0006346,1.01,1 Table
F0006354-1.01,F0006354,1.01,1 Table
F0006355-1.01,F0006355,1.01,1 Table
F0006357-1.01,F0006357,1.01,1 Table
F0006358-1.01,F0006358,1.01,1 Table
F0006369-1.01,F0006369,1.01,1 Table
F0006370-1.01,F0006370,1.01,1 Table
F0009148-1.01,F0009148,1.01,1 Table
F0013336-1.01,F0013336,1.01,1 Table
F0001583-3,F0001583,3,1 Table
F0001625-3,F0001625,3,1 Table
F0001826-3,F0001826,3,1 Table
F0002450-3,F0002450,3,1 Table
F0002919-3,F0002919,3,1 Table
F0003379-3,F0003379,3,1 Table
F0003393-3,F0003393,3,1 Table
F0003395-3,F0003395,3,1 Table
F0003396-3,F0003396,3,1 Table
F0003566-3,F0003566,3,1 Table
F0003629-3,F0003629,3,1 Table
F0003693-3,F0003693,3,1 Table
F0003702-3,F0003702,3,1 Table
F0003717-3,F0003717,3,1 Table
F0003823-3,F0003823,3,1 Table
F0003828-3,F0003828,3,1 Table
F0004003-3,F0004003,3,1 Table
F0004413-3,F0004413,3,1 Table
F0004829-3,F0004829,3,1 Table
F0004906-3,F0004906,3,1 Table
F0004913-3,F0004913,3,1 Table
F0004950-3,F0004950,3,1 Table
F0004952-3,F0004952,3,1 Table
F0005070-3,F0005070,3,1 Table
F0005132-3,F0005132,3,1 Table
F0005133-3,F0005133,3,1 Table
F0005141-3,F0005141,3,1 Table
F0005142-3,F0005142,3,1 Table
F0005229-3,F0005229,3,1 Table
F0005383-3,F0005383,3,1 Table
F0005451-3,F0005451,3,1 Table
F0005526-3,F0005526,3,1 Table
F0005618-3,F0005618,3,1 Table
F0005944-3,F0005944,3,1 Table
F0005998-3,F0005998,3,1 Table
F0006068-3,F0006068,3,1 Table
F0006072-3,F0006072,3,1 Table
F0006284-3,F0006284,3,1 Table
F0006422-3,F0006422,3,1 Table
F0006444-3,F0006444,3,1 Table
F0006517-3,F0006517,3,1 Table
F0006588-3,F0006588,3,1 Table
F0006617-3,F0006617,3,1 Table
F0007192-3,F0007192,3,1 Table
F0007195-3,F0007195,3,1 Table
F0007196-3,F0007196,3,1 Table
F0007224-3,F0007224,3,1 Table
F0007340-3,F0007340,3,1 Table
F0007342-3,F0007342,3,1 Table
F0007350-3,F0007350,3,1 Table
F0007505-3,F0007505,3,1 Table
F0007628-3,F0007628,3,1 Table
F0008106-3,F0008106,3,1 Table
F0008275-3,F0008275,3,1 Table
F0008388-3,F0008388,3,1 Table
F0008397-3,F0008397,3,1 Table
F0008526-3,F0008526,3,1 Table
F0008543-3,F0008543,3,1 Table
F0008544-3,F0008544,3,1 Table
F0008545-3,F0008545,3,1 Table
F0008547-3,F0008547,3,1 Table
F0008700-3,F0008700,3,1 Table
F0008869-3,F0008869,3,1 Table
F0009187-3,F0009187,3,1 Table
F0009529-3,F0009529,3,1 Table
F0009618-3,F0009618,3,1 Table
F0009785-3,F0009785,3,1 Table
F0009786-3,F0009786,3,1 Table
F0009796-3,F0009796,3,1 Table
F0009819-3,F0009819,3,1 Table
F0009947-3,F0009947,3,1 Table
F0009959-3,F0009959,3,1 Table
F0009983-3,F0009983,3,1 Table
F0009990-3,F0009990,3,1 Table
F0010113-3,F0010113,3,1 Table
F0010130-3,F0010130,3,1 Table
F0010179-3,F0010179,3,1 Table
F0010318-3,F0010318,3,1 Table
F0010390-3,F0010390,3,1 Table
F0010443-3,F0010443,3,1 Table
F0010447-3,F0010447,3,1 Table
F0010530-3,F0010530,3,1 Table
F0010673-3,F0010673,3,1 Table
F0010752-3,F0010752,3,1 Table
F0010754-3,F0010754,3,1 Table
F0010848-3,F0010848,3,1 Table
F0010892-3,F0010892,3,1 Table
F0010923-3,F0010923,3,1 Table
F0010928-3,F0010928,3,1 Table
F0010976-3,F0010976,3,1 Table
F0010990-3,F0010990,3,1 Table
F0010999-3,F0010999,3,1 Table
F0011046-3,F0011046,3,1 Table
F0011122-3,F0011122,3,1 Table
F0011152-3,F0011152,3,1 Table
F0011522-3,F0011522,3,1 Table
F0011636-3,F0011636,3,1 Table
F0011725-3,F0011725,3,1 Table
F0011727-3,F0011727,3,1 Table
F0011741-3,F0011741,3,1 Table
F0011813-3,F0011813,3,1 Table
F0011828-3,F0011828,3,1 Table
F0011853-3,F0011853,3,1 Table
F0011958-3,F0011958,3,1 Table
F0011965-3,F0011965,3,1 Table
F0011967-3,F0011967,3,1 Table
F0011969-3,F0011969,3,1 Table
F0011970-3,F0011970,3,1 Table
F0011971-3,F0011971,3,1 Table
F0011972-3,F0011972,3,1 Table
F0011996-3,F0011996,3,1 Table
F0012019-3,F0012019,3,1 Table
F0012098-3,F0012098,3,1 Table
F0012188-3,F0012188,3,1 Table
F0012219-3,F0012219,3,1 Table
F0012387-3,F0012387,3,1 Table
F0012451-3,F0012451,3,1 Table
F0012598-3,F0012598,3,1 Table
F0012599-3,F0012599,3,1 Table
F0012619-3,F0012619,3,1 Table
F0012788-3,F0012788,3,1 Table
F0012814-3,F0012814,3,1 Table
F0013068-3,F0013068,3,1 Table
F0013070-3,F0013070,3,1 Table
F0013297-3,F0013297,3,1 Table
F0013359-3,F0013359,3,1 Table
F0013607-3,F0013607,3,1 Table
F0013744-3,F0013744,3,1 Table
