Order-Line,Order number,Line Number,Order title,Customer name,Account Manager,Sales Rep,Line Description,Product Name,Material,Material Category,Material Sub Category,Storage type,Amount,Amount Numeric,Unit cost,Extended cost,Width per print,Prints across,Machine name,Machine mode,GL Code,Cost Step,Current Step,Order Status,Batch Id,Cost Transaction Date,Cost Created By,Line Revenue,Tags,Line Tags,Com Message Text
F0008749-1,F0008749,1,MTO (F0008749),F. SCHUMACHER & CO - MTO,,,Margaret Schloeman's Fox Chase,Margaret Schloeman's Fox Chase - 5016151 (NavyGreen),"BNYNeuKaliss 60"" 315Y",BNY SUBSTRATES,PAPER,"60"" Roll",123 Linear Feet,123,0,0.05,30 inches,2,Bianca,300dpi,,Print,Invoiced,Invoiced,2366368,7/8/2025,COCONNOR@FSCO.COM,,,10,
F0008971-1,F0008971,1,MTO (F0008971),F. SCHUMACHER & CO - MTO,,,Sequoia Stripe,Sequoia Stripe  - 5011531 (Camel),"BNYNeuKaliss 60"" 315Y",BNY SUBSTRATES,PAPER,"60"" Roll",183 Linear Feet,183,0,0.08,30 inches,2,Bianca,300dpi,,Print,Invoiced,Invoiced,2424251,7/25/2025,SHELBY,,,10,
F0009121-1,F0009121,1,MTO (F0009121),F. SCHUMACHER & CO - MTO,,,Edwin Stripe Wide,Edwin Stripe Wide - 5011913 (Butternut),"BNYNeuKaliss 60"" 315Y",BNY SUBSTRATES,PAPER,"60"" Roll",63 Linear Feet,63,0,0.03,30 inches,2,Dakota Kai,300dpi,,Print,Invoiced,Invoiced,2381705,7/11/2025,COCONNOR@FSCO.COM,,,10,
F0009139-1,F0009139,1,MTO (F0009139),F. SCHUMACHER & CO - MTO,,,Star Anise,Star Anise - 5014940 (Mink),"BNYNeuKaliss 60"" 315Y",BNY SUBSTRATES,PAPER,"60"" Roll",63 Linear Feet,63,0,0.03,30 inches,2,Bianca,300dpi,,Print,Invoiced,Invoiced,2444742,8/1/2025,SHELBY,,,10,
F0009151-1,F0009151,1,MTO (F0009151),F. SCHUMACHER & CO - MTO,,,Margaret Schloeman's Fox Chase,Margaret Schloeman's Fox Chase - 5016151 (NavyGreen),"BNYNeuKaliss 60"" 315Y",BNY SUBSTRATES,PAPER,"60"" Roll",93 Linear Feet,93,0,0.04,30 inches,2,Bianca,300dpi,,Print,Invoiced,Invoiced,2366371,7/8/2025,COCONNOR@FSCO.COM,,,10,
F0009152-1,F0009152,1,MTO (F0009152),F. SCHUMACHER & CO - MTO,,,Edwin Stripe Medium,Edwin Stripe Medium - 5011883 (Seaglass),"BNYNeuKaliss 60"" 315Y",BNY SUBSTRATES,PAPER,"60"" Roll",51.0669 Linear Feet,51.0669,0,0.02,30 inches,2,Dakota Kai,300dpi,,Print,Invoiced,Invoiced,2366369,7/8/2025,COCONNOR@FSCO.COM,,,10,
F0009240-1,F0009240,1,MTO (F0009240),F. SCHUMACHER & CO - MTO,,,Bloomsbury,Bloomsbury - 5013680 (LightPink),"BNYNeuKaliss 60"" 315Y",BNY SUBSTRATES,PAPER,"60"" Roll",123 Linear Feet,123,0,0.05,30 inches,2,XIA,300dpi,,Print,Invoiced,Invoiced,2410966,7/22/2025,SARAH,,,10,
F0009260-1,F0009260,1,MTO (F0009260),F. SCHUMACHER & CO - MTO,,,Edwin Stripe Medium,Edwin Stripe Medium - 5013611 (Straw),"BNYNeuKaliss 60"" 315Y",BNY SUBSTRATES,PAPER,"60"" Roll",63 Linear Feet,63,0,0.03,30 inches,2,EMBER,300dpi,,Print,Invoiced,Invoiced,2460393,8/7/2025,SHELBY,,,10,
F0009261-1,F0009261,1,MTO (F0009261),F. SCHUMACHER & CO - MTO,,,Edwin Stripe Wide,Edwin Stripe Wide - 5011907 (Navy),"BNYNeuKaliss 60"" 315Y",BNY SUBSTRATES,PAPER,"60"" Roll",63 Linear Feet,63,0,0.03,30 inches,2,Dakota Kai,300dpi,,Print,Invoiced,Invoiced,2381712,7/11/2025,COCONNOR@FSCO.COM,,,10,
F0009270-1,F0009270,1,MTO (F0009270),F. SCHUMACHER & CO - MTO,,,Edwin Stripe Narrow,Edwin Stripe Narrow - 5013602 (Eucalyptus),"BNYNeuKaliss 60"" 315Y",BNY SUBSTRATES,PAPER,"60"" Roll",123 Linear Feet,123,0,0.05,30 inches,2,Chyna,300dpi,,Print,Invoiced,Invoiced,2370833,7/9/2025,COCONNOR@FSCO.COM,,,10,
F0009297-1,F0009297,1,MTO (F0009297),F. SCHUMACHER & CO - MTO,,,Edwin Stripe Wide,Edwin Stripe Wide - 5011907 (Navy),"BNYNeuKaliss 60"" 315Y",BNY SUBSTRATES,PAPER,"60"" Roll",153 Linear Feet,153,0,0.07,30 inches,2,Dakota Kai,300dpi,,Print,Invoiced,Invoiced,2381717,7/11/2025,COCONNOR@FSCO.COM,,,10,
F0009360-1,F0009360,1,MTO (F0009360),F. SCHUMACHER & CO - MTO,,,Edwin Stripe Wide,Edwin Stripe Wide - 5011903 (Seaglass),"BNYNeuKaliss 60"" 315Y",BNY SUBSTRATES,PAPER,"60"" Roll",183 Linear Feet,183,0,0.08,30 inches,2,Dakota Kai,300dpi,,Print,Invoiced,Invoiced,2424279,7/25/2025,SHELBY,,,10,
F0009372-1,F0009372,1,MTO (F0009372),F. SCHUMACHER & CO - MTO,,,Willa Check Small,Willa Check Small - 5012368 (Birch),"BNYNeuKaliss 60"" 315Y",BNY SUBSTRATES,PAPER,"60"" Roll",63 Linear Feet,63,0,0.03,30 inches,2,Dakota Kai,300dpi,,Print,Invoiced,Invoiced,2512863,8/22/2025,COCONNOR@FSCO.COM,,,10,
F0009373-1,F0009373,1,MTO (F0009373),F. SCHUMACHER & CO - MTO,,,Valletta,Valletta - 5013521 (Moonstone),"BNYNeuKaliss 60"" 315Y",BNY SUBSTRATES,PAPER,"60"" Roll",123 Linear Feet,123,0,0.05,30 inches,2,Bianca,300dpi,,Print,Invoiced,Invoiced,2441870,7/31/2025,PKEEFER@FSCO.COM,,,10,
F0009375-1,F0009375,1,MTO (F0009375),F. SCHUMACHER & CO - MTO,,,Edwin Stripe Medium,Edwin Stripe Medium - 5011883 (Seaglass),"BNYNeuKaliss 60"" 315Y",BNY SUBSTRATES,PAPER,"60"" Roll",63 Linear Feet,63,0,0.03,30 inches,2,Dakota Kai,300dpi,,Print,Invoiced,Invoiced,2366370,7/8/2025,COCONNOR@FSCO.COM,,,10,
F0009377-1,F0009377,1,MTO (F0009377),F. SCHUMACHER & CO - MTO,,,Watercolor Stripe,Watercolor Stripe  - 5011572 (Lavender),"BNYNeuKaliss 60"" 315Y",BNY SUBSTRATES,PAPER,"60"" Roll",63 Linear Feet,63,0,0.03,30 inches,2,EMBER,300dpi,,Print,Invoiced,Invoiced,2412562,7/23/2025,SARAH,,,10,
F0009412-1,F0009412,1,MTO (F0009412),F. SCHUMACHER & CO - MTO,,,Edwin Stripe Narrow,Edwin Stripe Narrow - 5013602 (Eucalyptus),"BNYNeuKaliss 60"" 315Y",BNY SUBSTRATES,PAPER,"60"" Roll",93 Linear Feet,93,0,0.04,30 inches,2,Chyna,300dpi,,Print,Invoiced,Invoiced,2370851,7/9/2025,COCONNOR@FSCO.COM,,,10,
F0009416-1,F0009416,1,MTO (F0009416),F. SCHUMACHER & CO - MTO,,,Edwin Stripe Medium,Edwin Stripe Medium - 5011899 (Mushroom),"BNYNeuKaliss 60"" 315Y",BNY SUBSTRATES,PAPER,"60"" Roll",33 Linear Feet,33,0,0.01,30 inches,2,EMBER,300dpi,,Print,Invoiced,Invoiced,2468020,8/8/2025,COCONNOR@FSCO.COM,,,10,
F0009430-1,F0009430,1,MTO (F0009430),F. SCHUMACHER & CO - MTO,,,Edwin Stripe Wide,Edwin Stripe Wide - 5011918 (Linen),"BNYNeuKaliss 60"" 315Y",BNY SUBSTRATES,PAPER,"60"" Roll",183 Linear Feet,183,0,0.08,30 inches,2,EMBER,300dpi,,Print,Invoiced,Invoiced,2468054,8/8/2025,COCONNOR@FSCO.COM,,,10,
F0009438-1,F0009438,1,MTO (F0009438),F. SCHUMACHER & CO - MTO,,,Leaf Bloom,Leaf Bloom - 5016392 (Neutral),"BNYNeuKaliss 60"" 315Y",BNY SUBSTRATES,PAPER,"60"" Roll",183 Linear Feet,183,0,0.08,30 inches,2,Bianca,300dpi,,Print,Invoiced,Invoiced,2460395,8/7/2025,SHELBY,,,10,
F0009596-1,F0009596,1,MTO (F0009596),F. SCHUMACHER & CO - MTO,,,Valletta,Valletta - 5013521 (Moonstone),"BNYNeuKaliss 60"" 315Y",BNY SUBSTRATES,PAPER,"60"" Roll",63 Linear Feet,63,0,0.03,30 inches,2,Bianca,300dpi,,Print,Invoiced,Invoiced,2441912,7/31/2025,PKEEFER@FSCO.COM,,,10,
F0009634-1,F0009634,1,MTO (F0009634),F. SCHUMACHER & CO - MTO,,,Willa Check Small,Willa Check Small - 5012368 (Birch),"BNYNeuKaliss 60"" 315Y",BNY SUBSTRATES,PAPER,"60"" Roll",123 Linear Feet,123,0,0.05,30 inches,2,Dakota Kai,300dpi,,Print,Invoiced,Invoiced,2512869,8/22/2025,COCONNOR@FSCO.COM,,,10,
F0009734-1,F0009734,1,MTO (F0009734),F. SCHUMACHER & CO - MTO,,,Sequoia Stripe,Sequoia Stripe  - 5011530 (Brown),"BNYNeuKaliss 60"" 315Y",BNY SUBSTRATES,PAPER,"60"" Roll",48 Linear Feet,48,0,0.02,30 inches,2,Dakota Kai,300dpi,,Print,Invoiced,Invoiced,2525001,8/27/2025,JOE,,,10,
F0009761-1,F0009761,1,MTO (F0009761),F. SCHUMACHER & CO - MTO,,,Bloomsbury,Bloomsbury - 5013680 (LightPink),"BNYNeuKaliss 60"" 315Y",BNY SUBSTRATES,PAPER,"60"" Roll",33 Linear Feet,33,0,0.01,30 inches,2,XIA,300dpi,,Print,Invoiced,Invoiced,2410968,7/22/2025,SARAH,,,10,
F0009826-1,F0009826,1,MTO (F0009826),F. SCHUMACHER & CO - MTO,,,Edwin Stripe Wide,Edwin Stripe Wide - 5011917 (Naturelle),"BNYNeuKaliss 60"" 315Y",BNY SUBSTRATES,PAPER,"60"" Roll",63 Linear Feet,63,0,0.03,30 inches,2,Bianca,300dpi,,Print,Invoiced,Invoiced,2434389,7/30/2025,COCONNOR@FSCO.COM,,,10,
F0009845-1,F0009845,1,MTO (F0009845),F. SCHUMACHER & CO - MTO,,,Edwin Stripe Wide,Edwin Stripe Wide - 5013625 (Straw),"BNYNeuKaliss 60"" 315Y",BNY SUBSTRATES,PAPER,"60"" Roll",63 Linear Feet,63,0,0.03,30 inches,2,Dakota Kai,300dpi,,Print,Invoiced,Invoiced,2525003,8/27/2025,JOE,,,10,
F0009848-1,F0009848,1,MTO (F0009848),F. SCHUMACHER & CO - MTO,,,Star Anise,Star Anise - 5014940 (Mink),"BNYNeuKaliss 60"" 315Y",BNY SUBSTRATES,PAPER,"60"" Roll",33 Linear Feet,33,0,0.01,30 inches,2,Bianca,300dpi,,Print,Invoiced,Invoiced,2444749,8/1/2025,SHELBY,,,10,
F0009849-1,F0009849,1,MTO (F0009849),F. SCHUMACHER & CO - MTO,,,Watercolor Stripe,Watercolor Stripe  - 5011571 (Mineral),"BNYNeuKaliss 60"" 315Y",BNY SUBSTRATES,PAPER,"60"" Roll",33 Linear Feet,33,0,0.01,30 inches,2,Bianca,300dpi,,Print,Invoiced,Invoiced,2446691,8/1/2025,SHELBY,,,10,
F0009862-1,F0009862,1,MTO (F0009862),F. SCHUMACHER & CO - MTO,,,Edwin Stripe Narrow,Edwin Stripe Narrow - 5011871 (Sand),"BNYNeuKaliss 60"" 315Y",BNY SUBSTRATES,PAPER,"60"" Roll",93 Linear Feet,93,0,0.04,30 inches,2,Dakota Kai,300dpi,,Print,Invoiced,Invoiced,2529864,8/28/2025,JOE,,,10,
F0009880-1,F0009880,1,MTO (F0009880),F. SCHUMACHER & CO - MTO,,,Edwin Stripe Wide,Edwin Stripe Wide - 5011917 (Naturelle),"BNYNeuKaliss 60"" 315Y",BNY SUBSTRATES,PAPER,"60"" Roll",93 Linear Feet,93,0,0.04,30 inches,2,Bianca,300dpi,,Print,Invoiced,Invoiced,2434431,7/30/2025,COCONNOR@FSCO.COM,,,10,
F0009883-1,F0009883,1,MTO (F0009883),F. SCHUMACHER & CO - MTO,,,Edwin Stripe Narrow,Edwin Stripe Narrow - 5013603 (DarkGreen),"BNYNeuKaliss 60"" 315Y",BNY SUBSTRATES,PAPER,"60"" Roll",39.4416 Linear Feet,39.4416,0,0.02,30 inches,2,EMBER,300dpi,,Print,Invoiced,Invoiced,2434385,7/30/2025,COCONNOR@FSCO.COM,,,10,
F0009897-1,F0009897,1,MTO (F0009897),F. SCHUMACHER & CO - MTO,,,Edwin Stripe Medium,Edwin Stripe Medium - 5011897 (Naturelle),"BNYNeuKaliss 60"" 315Y",BNY SUBSTRATES,PAPER,"60"" Roll",63 Linear Feet,63,0,0.03,30 inches,2,Dakota Kai,300dpi,,Print,Invoiced,Invoiced,2508877,8/21/2025,COCONNOR@FSCO.COM,,,10,
F0009930-1,F0009930,1,MTO (F0009930),F. SCHUMACHER & CO - MTO,,,Edwin Stripe Medium,Edwin Stripe Medium - 5011883 (Seaglass),"BNYNeuKaliss 60"" 315Y",BNY SUBSTRATES,PAPER,"60"" Roll",33 Linear Feet,33,0,0.01,30 inches,2,XIA,300dpi,,Print,Invoiced,Invoiced,2525009,8/27/2025,JEANNE,,,10,
F0009936-1,F0009936,1,MTO (F0009936),F. SCHUMACHER & CO - MTO,,,Edwin Stripe Medium,Edwin Stripe Medium - 5011894 (Blush),"BNYNeuKaliss 60"" 315Y",BNY SUBSTRATES,PAPER,"60"" Roll",33 Linear Feet,33,0,0.01,30 inches,2,Dakota Kai,300dpi,,Print,Invoiced,Invoiced,2468058,8/8/2025,COCONNOR@FSCO.COM,,,10,
F0009963-1,F0009963,1,MTO (F0009963),F. SCHUMACHER & CO - MTO,,,Edwin Stripe Narrow,Edwin Stripe Narrow - 5011870 (Buttercup),"BNYNeuKaliss 60"" 315Y",BNY SUBSTRATES,PAPER,"60"" Roll",78 Linear Feet,78,0,0.03,30 inches,2,Dakota Kai,300dpi,,Print,Invoiced,Invoiced,2535863,8/29/2025,JEANNE,,,10,
F0009964-1,F0009964,1,MTO (F0009964),F. SCHUMACHER & CO - MTO,,,Edwin Stripe Wide,Edwin Stripe Wide - 5011909 (Leaf),"BNYNeuKaliss 60"" 315Y",BNY SUBSTRATES,PAPER,"60"" Roll",63 Linear Feet,63,0,0.03,30 inches,2,Dakota Kai,300dpi,,Print,Invoiced,Invoiced,2512874,8/22/2025,COCONNOR@FSCO.COM,,,10,
F0009965-1,F0009965,1,MTO (F0009965),F. SCHUMACHER & CO - MTO,,,Edwin Stripe Medium,Edwin Stripe Medium - 5011893 (Butternut),"BNYNeuKaliss 60"" 315Y",BNY SUBSTRATES,PAPER,"60"" Roll",33 Linear Feet,33,0,0.01,30 inches,2,XIA,300dpi,,Print,Invoiced,Invoiced,2525010,8/27/2025,JEANNE,,,10,
F0010067-1,F0010067,1,MTO (F0010067),F. SCHUMACHER & CO - MTO,,,Edwin Stripe Medium,Edwin Stripe Medium - 5011898 (Linen),"BNYNeuKaliss 60"" 315Y",BNY SUBSTRATES,PAPER,"60"" Roll",63 Linear Feet,63,0,0.03,30 inches,2,XIA,300dpi,,Print,Invoiced,Invoiced,2525011,8/27/2025,JEANNE,,,10,
F0010071-1,F0010071,1,MTO (F0010071),F. SCHUMACHER & CO - MTO,,,Edwin Stripe Medium,Edwin Stripe Medium - 5011899 (Mushroom),"BNYNeuKaliss 60"" 315Y",BNY SUBSTRATES,PAPER,"60"" Roll",63 Linear Feet,63,0,0.03,30 inches,2,EMBER,300dpi,,Print,Invoiced,Invoiced,2468061,8/8/2025,COCONNOR@FSCO.COM,,,10,
F0010088-1,F0010088,1,MTO (F0010088),F. SCHUMACHER & CO - MTO,,,Star Anise,Star Anise - 5014940 (Mink),"BNYNeuKaliss 60"" 315Y",BNY SUBSTRATES,PAPER,"60"" Roll",44.6415 Linear Feet,44.6415,0,0.02,30 inches,2,Bianca,300dpi,,Print,Invoiced,Invoiced,2444751,8/1/2025,SHELBY,,,10,
F0010146-1,F0010146,1,MTO (F0010146),F. SCHUMACHER & CO - MTO,,,Edwin Stripe Narrow,Edwin Stripe Narrow - 5011871 (Sand),"BNYNeuKaliss 60"" 315Y",BNY SUBSTRATES,PAPER,"60"" Roll",78 Linear Feet,78,0,0.03,30 inches,2,Dakota Kai,300dpi,,Print,Invoiced,Invoiced,2529865,8/28/2025,JOE,,,10,
F0010180-1,F0010180,1,MTO (F0010180),F. SCHUMACHER & CO - MTO,,,Willa Check Large,Willa Check Large  - 5012358 (Birch),"BNYNeuKaliss 60"" 315Y",BNY SUBSTRATES,PAPER,"60"" Roll",213 Linear Feet,213,0,0.09,30 inches,2,EMBER,300dpi,,Print,Invoiced,Invoiced,2538588,8/29/2025,JEANNE,,,10,
F0010201-1,F0010201,1,MTO (F0010201),F. SCHUMACHER & CO - MTO,,,Star Anise,Star Anise - 5014940 (Mink),"BNYNeuKaliss 60"" 315Y",BNY SUBSTRATES,PAPER,"60"" Roll",48 Linear Feet,48,0,0.02,30 inches,2,EMBER,300dpi,,Print,Invoiced,Invoiced,2529860,8/28/2025,JOE,,,10,
F0010202-1,F0010202,1,MTO (F0010202),F. SCHUMACHER & CO - MTO,,,Valletta,Valletta - 5013521 (Moonstone),"BNYNeuKaliss 60"" 315Y",BNY SUBSTRATES,PAPER,"60"" Roll",93 Linear Feet,93,0,0.04,30 inches,2,Bianca,300dpi,,Print,Invoiced,Invoiced,2460402,8/7/2025,SHELBY,,,10,
F0010316-1,F0010316,1,MTO (F0010316),F. SCHUMACHER & CO - MTO,,,Edwin Stripe Narrow,Edwin Stripe Narrow - 5013602 (Eucalyptus),"BNYNeuKaliss 60"" 315Y",BNY SUBSTRATES,PAPER,"60"" Roll",33 Linear Feet,33,0,0.01,30 inches,2,Dakota Kai,300dpi,,Print,Invoiced,Invoiced,2525005,8/27/2025,JOE,,,10,
F0010378-1,F0010378,1,MTO (F0010378),F. SCHUMACHER & CO - MTO,,,Edwin Stripe Wide,Edwin Stripe Wide - 5011914 (Blush),"BNYNeuKaliss 60"" 315Y",BNY SUBSTRATES,PAPER,"60"" Roll",93 Linear Feet,93,0,0.04,30 inches,2,Dakota Kai,300dpi,,Print,Invoiced,Invoiced,2538587,8/29/2025,JEANNE,,,10,
F0010424-1,F0010424,1,MTO (F0010424),F. SCHUMACHER & CO - MTO,,,Edwin Stripe Narrow,Edwin Stripe Narrow - 5011872 (Wheat),"BNYNeuKaliss 60"" 315Y",BNY SUBSTRATES,PAPER,"60"" Roll",153 Linear Feet,153,0,0.07,30 inches,2,Dakota Kai,300dpi,,Print,Invoiced,Invoiced,2545316,9/3/2025,JEANNE,,,10,
F0010426-1,F0010426,1,MTO (F0010426),F. SCHUMACHER & CO - MTO,,,Edwin Stripe Narrow,Edwin Stripe Narrow - 5011870 (Buttercup),"BNYNeuKaliss 60"" 315Y",BNY SUBSTRATES,PAPER,"60"" Roll",138 Linear Feet,138,0,0.06,30 inches,2,Dakota Kai,300dpi,,Print,Invoiced,Invoiced,2535861,8/29/2025,JEANNE,,,10,
F0010427-1,F0010427,1,MTO (F0010427),F. SCHUMACHER & CO - MTO,,,Edwin Stripe Narrow,Edwin Stripe Narrow - 5011873 (Butternut),"BNYNeuKaliss 60"" 315Y",BNY SUBSTRATES,PAPER,"60"" Roll",33 Linear Feet,33,0,0.01,30 inches,2,Dakota Kai,300dpi,,Print,Invoiced,Invoiced,2529867,8/28/2025,JOE,,,10,
F0010455-1,F0010455,1,MTO (F0010455),F. SCHUMACHER & CO - MTO,,,Edwin Stripe Medium,Edwin Stripe Medium - 5011896 (Birch),"BNYNeuKaliss 60"" 315Y",BNY SUBSTRATES,PAPER,"60"" Roll",33 Linear Feet,33,0,0.01,30 inches,2,EMBER,300dpi,,Print,Invoiced,Invoiced,2550471,9/4/2025,JOE,,,10,
F0010494-1,F0010494,1,MTO (F0010494),F. SCHUMACHER & CO - MTO,,,Edwin Stripe Medium,Edwin Stripe Medium - 5011897 (Naturelle),"BNYNeuKaliss 60"" 315Y",BNY SUBSTRATES,PAPER,"60"" Roll",108 Linear Feet,108,0,0.05,30 inches,2,EMBER,300dpi,,Print,Invoiced,Invoiced,2545205,9/3/2025,JEANNE,,,10,
F0010505-1,F0010505,1,MTO (F0010505),F. SCHUMACHER & CO - MTO,,,Star Anise,Star Anise - 5014940 (Mink),"BNYNeuKaliss 60"" 315Y",BNY SUBSTRATES,PAPER,"60"" Roll",93 Linear Feet,93,0,0.04,30 inches,2,EMBER,300dpi,,Print,Invoiced,Invoiced,2529854,8/28/2025,JOE,,,10,
F0010556-1,F0010556,1,MTO (F0010556),F. SCHUMACHER & CO - MTO,,,Leaf Bloom,Leaf Bloom - 5016392 (Neutral),"BNYNeuKaliss 60"" 315Y",BNY SUBSTRATES,PAPER,"60"" Roll",93 Linear Feet,93,0,0.1,30 inches,2,EMBER,300dpi,,Print,Invoiced,Invoiced,2554742,9/5/2025,JEANNE,,,10,
F0010558-1,F0010558,1,MTO (F0010558),F. SCHUMACHER & CO - MTO,,,Edwin Stripe Narrow,Edwin Stripe Narrow - 5011872 (Wheat),"BNYNeuKaliss 60"" 315Y",BNY SUBSTRATES,PAPER,"60"" Roll",33 Linear Feet,33,0,0.01,30 inches,2,Dakota Kai,300dpi,,Print,Invoiced,Invoiced,2545317,9/3/2025,JEANNE,,,10,
F0010563-1,F0010563,1,MTO (F0010563),F. SCHUMACHER & CO - MTO,,,Edwin Stripe Narrow,Edwin Stripe Narrow - 5011868 (Citron),"BNYNeuKaliss 60"" 315Y",BNY SUBSTRATES,PAPER,"60"" Roll",93 Linear Feet,93,0,0.04,30 inches,2,XIA,300dpi,,Print,Invoiced,Invoiced,2532879,8/28/2025,JEANNE,,,10,
F0010575-1,F0010575,1,MTO (F0010575),F. SCHUMACHER & CO - MTO,,,Watercolor Stripe,Watercolor Stripe  - 5011570 (Leaf),"BNYNeuKaliss 60"" 315Y",BNY SUBSTRATES,PAPER,"60"" Roll",12.1476 Linear Feet,12.1476,0,0.01,30 inches,2,EMBER,300dpi,,Print,Invoiced,Invoiced,2545207,9/3/2025,JEANNE,,,10,
F0010592-1,F0010592,1,MTO (F0010592),F. SCHUMACHER & CO - MTO,,,Edwin Stripe Wide,Edwin Stripe Wide - 5013625 (Straw),"BNYNeuKaliss 60"" 315Y",BNY SUBSTRATES,PAPER,"60"" Roll",48 Linear Feet,48,0,0.02,30 inches,2,Dakota Kai,300dpi,,Print,Invoiced,Invoiced,2525007,8/27/2025,JOE,,,10,
F0010599-1,F0010599,1,MTO (F0010599),F. SCHUMACHER & CO - MTO,,,Edwin Stripe Wide,Edwin Stripe Wide - 5011917 (Naturelle),"BNYNeuKaliss 60"" 315Y",BNY SUBSTRATES,PAPER,"60"" Roll",33 Linear Feet,33,0,0.01,30 inches,2,Dakota Kai,300dpi,,Print,Invoiced,Invoiced,2550453,9/4/2025,JEANNE,,,10,
F0010610-1,F0010610,1,MTO (F0010610),F. SCHUMACHER & CO - MTO,,,Edwin Stripe Narrow,Edwin Stripe Narrow - 5011873 (Butternut),"BNYNeuKaliss 60"" 315Y",BNY SUBSTRATES,PAPER,"60"" Roll",138 Linear Feet,138,0,0.06,30 inches,2,EMBER,300dpi,,Print,Invoiced,Invoiced,2550466,9/4/2025,JOE,,,10,
F0010631-1,F0010631,1,MTO (F0010631),F. SCHUMACHER & CO - MTO,,,Watercolor Stripe,Watercolor Stripe  - 5011572 (Lavender),"BNYNeuKaliss 60"" 315Y",BNY SUBSTRATES,PAPER,"60"" Roll",123 Linear Feet,123,0,0.05,30 inches,2,Dakota Kai,300dpi,,Print,Invoiced,Invoiced,2550454,9/4/2025,JEANNE,,,10,
F0010632-1,F0010632,1,MTO (F0010632),F. SCHUMACHER & CO - MTO,,,Edwin Stripe Narrow,Edwin Stripe Narrow - 5013601 (Straw),"BNYNeuKaliss 60"" 315Y",BNY SUBSTRATES,PAPER,"60"" Roll",33 Linear Feet,33,0,0.01,30 inches,2,EMBER,300dpi,,Print,Invoiced,Invoiced,2547066,9/3/2025,JOE,,,10,
F0010641-1,F0010641,1,MTO (F0010641),F. SCHUMACHER & CO - MTO,,,Edwin Stripe Medium,Edwin Stripe Medium - 5013611 (Straw),"BNYNeuKaliss 60"" 315Y",BNY SUBSTRATES,PAPER,"60"" Roll",33 Linear Feet,33,0,0.04,30 inches,2,Dakota Kai,300dpi,,Print,Invoiced,Invoiced,2569469,9/10/2025,JEANNE,,,10,
F0010688-1,F0010688,1,MTO (F0010688),F. SCHUMACHER & CO - MTO,,,Edwin Stripe Wide,Edwin Stripe Wide - 5011910 (Buttercup),"BNYNeuKaliss 60"" 315Y",BNY SUBSTRATES,PAPER,"60"" Roll",33 Linear Feet,33,0,0.04,30 inches,2,Dakota Kai,300dpi,,Print,Invoiced,Invoiced,2574922,9/11/2025,JEANNE,,,10,
F0010703-1,F0010703,1,MTO (F0010703),F. SCHUMACHER & CO - MTO,,,Star Anise,Star Anise - 5014940 (Mink),"BNYNeuKaliss 60"" 315Y",BNY SUBSTRATES,PAPER,"60"" Roll",33 Linear Feet,33,0,0.04,30 inches,2,XIA,300dpi,,Print,Invoiced,Invoiced,2582633,9/12/2025,COCONNOR@FSCO.COM,,,10,
F0010704-1,F0010704,1,MTO (F0010704),F. SCHUMACHER & CO - MTO,,,Edwin Stripe Narrow,Edwin Stripe Narrow - 5011871 (Sand),"BNYNeuKaliss 60"" 315Y",BNY SUBSTRATES,PAPER,"60"" Roll",138 Linear Feet,138,0,0.15,30 inches,2,XIA,300dpi,,Print,Invoiced,Invoiced,2582636,9/12/2025,COCONNOR@FSCO.COM,,,10,
F0010723-1,F0010723,1,MTO (F0010723),F. SCHUMACHER & CO - MTO,,,Edwin Stripe Medium,Edwin Stripe Medium - 5013611 (Straw),"BNYNeuKaliss 60"" 315Y",BNY SUBSTRATES,PAPER,"60"" Roll",123 Linear Feet,123,0,0.13,30 inches,2,Dakota Kai,300dpi,,Print,Invoiced,Invoiced,2569472,9/10/2025,JEANNE,,,10,
F0010724-1,F0010724,1,MTO (F0010724),F. SCHUMACHER & CO - MTO,,,Edwin Stripe Narrow,Edwin Stripe Narrow - 5011866 (Cobalt),"BNYNeuKaliss 60"" 315Y",BNY SUBSTRATES,PAPER,"60"" Roll",48 Linear Feet,48,0,0.05,30 inches,2,XIA,300dpi,,Print,Invoiced,Invoiced,2577188,9/11/2025,JEANNE,,,10,
F0010726-1,F0010726,1,MTO (F0010726),F. SCHUMACHER & CO - MTO,,,Edwin Stripe Medium,Edwin Stripe Medium - 5013611 (Straw),"BNYNeuKaliss 60"" 315Y",BNY SUBSTRATES,PAPER,"60"" Roll",63 Linear Feet,63,0,0.07,30 inches,2,Dakota Kai,300dpi,,Print,Invoiced,Invoiced,2569471,9/10/2025,JEANNE,,,10,
F0010727-1,F0010727,1,MTO (F0010727),F. SCHUMACHER & CO - MTO,,,Willa Check Small,Willa Check Small - 5012368 (Birch),"BNYNeuKaliss 60"" 315Y",BNY SUBSTRATES,PAPER,"60"" Roll",33 Linear Feet,33,0,0.04,30 inches,2,EMBER,300dpi,,Print,Invoiced,Invoiced,2577184,9/11/2025,JEANNE,,,10,
F0010763-1,F0010763,1,MTO (F0010763),F. SCHUMACHER & CO - MTO,,,Willa Check Small,Willa Check Small - 5012368 (Birch),"BNYNeuKaliss 60"" 315Y",BNY SUBSTRATES,PAPER,"60"" Roll",33 Linear Feet,33,0,0.04,30 inches,2,EMBER,300dpi,,Print,Invoiced,Invoiced,2577185,9/11/2025,JEANNE,,,10,
F0010765-1,F0010765,1,MTO (F0010765),F. SCHUMACHER & CO - MTO,,,Edwin Stripe Wide,Edwin Stripe Wide - 5013625 (Straw),"BNYNeuKaliss 60"" 315Y",BNY SUBSTRATES,PAPER,"60"" Roll",33 Linear Feet,33,0,0.04,30 inches,2,Dakota Kai,300dpi,,Print,Invoiced,Invoiced,2594502,9/17/2025,JOE,,,10,
F0010766-1,F0010766,1,MTO (F0010766),F. SCHUMACHER & CO - MTO,,,Edwin Stripe Narrow,Edwin Stripe Narrow - 5011870 (Buttercup),"BNYNeuKaliss 60"" 315Y",BNY SUBSTRATES,PAPER,"60"" Roll",78 Linear Feet,78,0,0.08,30 inches,2,Dakota Kai,300dpi,,Print,Invoiced,Invoiced,2594510,9/17/2025,JOE,,,10,
F0010830-1,F0010830,1,MTO (F0010830),F. SCHUMACHER & CO - MTO,,,Edwin Stripe Medium,Edwin Stripe Medium - 5011881 (Lavender),"BNYNeuKaliss 60"" 315Y",BNY SUBSTRATES,PAPER,"60"" Roll",48 Linear Feet,48,0,0.05,30 inches,2,Dakota Kai,300dpi,,Print,Invoiced,Invoiced,2594512,9/17/2025,JOE,,,10,
F0010831-1,F0010831,1,Regular (F0010831),F. SCHUMACHER & CO - MTO,,,Leaf Bloom,Leaf Bloom - 5016392 (Neutral),"BNYNeuKaliss 60"" 315Y",BNY SUBSTRATES,PAPER,"60"" Roll",32.817 Linear Feet,32.817,0,0.04,30 inches,2,Dakota Kai,300dpi,,Print,Invoiced,Invoiced,2597434,9/17/2025,JOE,,,10,
F0010837-1,F0010837,1,MTO (F0010837),F. SCHUMACHER & CO - MTO,,,Edwin Stripe Narrow,Edwin Stripe Narrow - 5011861 (Lavender),"BNYNeuKaliss 60"" 315Y",BNY SUBSTRATES,PAPER,"60"" Roll",108 Linear Feet,108,0,0.12,30 inches,2,Dakota Kai,300dpi,,Print,Invoiced,Invoiced,2599474,9/18/2025,JOE,,,10,
F0010859-1,F0010859,1,MTO (F0010859),F. SCHUMACHER & CO - MTO,,,Edwin Stripe Narrow,Edwin Stripe Narrow - 5011863 (Seaglass),"BNYNeuKaliss 60"" 315Y",BNY SUBSTRATES,PAPER,"60"" Roll",33 Linear Feet,33,0,0.04,30 inches,2,XIA,300dpi,,Print,Invoiced,Invoiced,2594692,9/17/2025,JEANNE,,,10,
F0010861-1,F0010861,1,MTO (F0010861),F. SCHUMACHER & CO - MTO,,,Willa Check Small,Willa Check Small - 5012368 (Birch),"BNYNeuKaliss 60"" 315Y",BNY SUBSTRATES,PAPER,"60"" Roll",.183 Linear Feet,0.183,0,0,30 inches,2,EMBER,300dpi,,Print,Invoiced,Invoiced,2577186,9/11/2025,JEANNE,,,10,
F0010866-1,F0010866,1,MTO (F0010866),F. SCHUMACHER & CO - MTO,,,Edwin Stripe Wide,Edwin Stripe Wide - 5011900 (Sky),"BNYNeuKaliss 60"" 315Y",BNY SUBSTRATES,PAPER,"60"" Roll",243 Linear Feet,243,0,0.26,30 inches,2,EMBER,300dpi,,Print,Invoiced,Invoiced,2594694,9/17/2025,JEANNE,,,10,
F0010867-1,F0010867,1,MTO (F0010867),F. SCHUMACHER & CO - MTO,,,Edwin Stripe Narrow,Edwin Stripe Narrow - 5011863 (Seaglass),"BNYNeuKaliss 60"" 315Y",BNY SUBSTRATES,PAPER,"60"" Roll",33 Linear Feet,33,0,0.04,30 inches,2,XIA,300dpi,,Print,Invoiced,Invoiced,2594703,9/17/2025,JEANNE,,,10,
F0010873-1,F0010873,1,MTO (F0010873),F. SCHUMACHER & CO - MTO,,,Watercolor Stripe,Watercolor Stripe  - 5011572 (Lavender),"BNYNeuKaliss 60"" 315Y",BNY SUBSTRATES,PAPER,"60"" Roll",48 Linear Feet,48,0,0.05,30 inches,2,Dakota Kai,300dpi,,Print,Invoiced,Invoiced,2594518,9/17/2025,JOE,,,10,
F0010874-1,F0010874,1,MTO (F0010874),F. SCHUMACHER & CO - MTO,,,Edwin Stripe Medium,Edwin Stripe Medium - 5011894 (Blush),"BNYNeuKaliss 60"" 315Y",BNY SUBSTRATES,PAPER,"60"" Roll",123 Linear Feet,123,0,0.13,30 inches,2,XIA,300dpi,,Print,Invoiced,Invoiced,2599476,9/18/2025,JOE,,,10,
F0010877-1,F0010877,1,MTO (F0010877),F. SCHUMACHER & CO - MTO,,,Edwin Stripe Wide,Edwin Stripe Wide - 5013620 (Petal),"BNYNeuKaliss 60"" 315Y",BNY SUBSTRATES,PAPER,"60"" Roll",168 Linear Feet,168,0,0.18,30 inches,2,XIA,300dpi,,Print,Invoiced,Invoiced,2599478,9/18/2025,JOE,,,10,
F0010884-1,F0010884,1,MTO (F0010884),F. SCHUMACHER & CO - MTO,,,Edwin Stripe Narrow,Edwin Stripe Narrow - 5013602 (Eucalyptus),"BNYNeuKaliss 60"" 315Y",BNY SUBSTRATES,PAPER,"60"" Roll",36.183 Linear Feet,36.183,0,0.04,30 inches,2,Dakota Kai,300dpi,,Print,Invoiced,Invoiced,2606918,9/19/2025,COCONNOR@FSCO.COM,,,10,
F0010885-1,F0010885,1,MTO (F0010885),F. SCHUMACHER & CO - MTO,,,Edwin Stripe Medium,Edwin Stripe Medium - 5011898 (Linen),"BNYNeuKaliss 60"" 315Y",BNY SUBSTRATES,PAPER,"60"" Roll",33 Linear Feet,33,0,0.04,30 inches,2,Dakota Kai,300dpi,,Print,Invoiced,Invoiced,2604186,9/19/2025,JOE,,,10,
F0010890-1,F0010890,1,MTO (F0010890),F. SCHUMACHER & CO - MTO,,,Edwin Stripe Narrow,Edwin Stripe Narrow - 5011863 (Seaglass),"BNYNeuKaliss 60"" 315Y",BNY SUBSTRATES,PAPER,"60"" Roll",93 Linear Feet,93,0,0.1,30 inches,2,XIA,300dpi,,Print,Invoiced,Invoiced,2594704,9/17/2025,JEANNE,,,10,
F0010914-1,F0010914,1,MTO (F0010914),F. SCHUMACHER & CO - MTO,,,Edwin Stripe Narrow,Edwin Stripe Narrow - 5013601 (Straw),"BNYNeuKaliss 60"" 315Y",BNY SUBSTRATES,PAPER,"60"" Roll",108 Linear Feet,108,0,0.12,30 inches,2,XIA,300dpi,,Print,Invoiced,Invoiced,2604187,9/19/2025,JOE,,,10,
F0010935-1,F0010935,1,MTO (F0010935),F. SCHUMACHER & CO - MTO,,,Rue,Rue - 5013922 (Sand),"BNYNeuKaliss 60"" 315Y",BNY SUBSTRATES,PAPER,"60"" Roll",243 Linear Feet,243,0,0.1,30 inches,2,Bianca,300dpi,,Print,Invoiced,Invoiced,2613471,9/23/2025,COCONNOR@FSCO.COM,,,10,
F0010940-1,F0010940,1,MTO (F0010940),F. SCHUMACHER & CO - MTO,,,Marigold,Marigold  - 5012071 (Yellow),"BNYNeuKaliss 60"" 315Y",BNY SUBSTRATES,PAPER,"60"" Roll",63 Linear Feet,63,0,0.03,30 inches,2,LASH,300dpi,,Print,Invoiced,Invoiced,2612867,9/23/2025,SARAH,,,10,
F0010941-1,F0010941,1,MTO (F0010941),F. SCHUMACHER & CO - MTO,,,Edwin Stripe Narrow,Edwin Stripe Narrow - 5011873 (Butternut),"BNYNeuKaliss 60"" 315Y",BNY SUBSTRATES,PAPER,"60"" Roll",33 Linear Feet,33,0,0.04,30 inches,2,XIA,300dpi,,Print,Invoiced,Invoiced,2605725,9/19/2025,JOE,,,10,
F0010949-1,F0010949,1,MTO (F0010949),F. SCHUMACHER & CO - MTO,,,Edwin Stripe Wide,Edwin Stripe Wide - 5011903 (Seaglass),"BNYNeuKaliss 60"" 315Y",BNY SUBSTRATES,PAPER,"60"" Roll",138 Linear Feet,138,0,0.15,30 inches,2,Dakota Kai,300dpi,,Print,Invoiced,Invoiced,2608768,9/22/2025,JOE,,,10,
F0010950-1,F0010950,1,MTO (F0010950),F. SCHUMACHER & CO - MTO,,,Leaf Bloom,Leaf Bloom - 5016392 (Neutral),"BNYNeuKaliss 60"" 315Y",BNY SUBSTRATES,PAPER,"60"" Roll",123 Linear Feet,123,0,0.05,30 inches,2,Dakota Kai,300dpi,,Print,Invoiced,Invoiced,2637535,9/30/2025,JOE,,,10,
F0010951-1,F0010951,1,MTO (F0010951),F. SCHUMACHER & CO - MTO,,,Valletta,Valletta - 5013521 (Moonstone),"BNYNeuKaliss 60"" 315Y",BNY SUBSTRATES,PAPER,"60"" Roll",93 Linear Feet,93,0,0.1,30 inches,2,EMBER,300dpi,,Print,Invoiced,Invoiced,2599480,9/18/2025,JEANNE,,,10,
F0010987-1,F0010987,1,MTO (F0010987),F. SCHUMACHER & CO - MTO,,,Edwin Stripe Narrow,Edwin Stripe Narrow - 5011873 (Butternut),"BNYNeuKaliss 60"" 315Y",BNY SUBSTRATES,PAPER,"60"" Roll",63 Linear Feet,63,0,0.07,30 inches,2,XIA,300dpi,,Print,Invoiced,Invoiced,2605727,9/19/2025,JOE,,,10,
F0010988-1,F0010988,1,MTO (F0010988),F. SCHUMACHER & CO - MTO,,,Edwin Stripe Narrow,Edwin Stripe Narrow - 5013602 (Eucalyptus),"BNYNeuKaliss 60"" 315Y",BNY SUBSTRATES,PAPER,"60"" Roll",33 Linear Feet,33,0,0.04,30 inches,2,Dakota Kai,300dpi,,Print,Invoiced,Invoiced,2606919,9/19/2025,COCONNOR@FSCO.COM,,,10,
F0010989-1,F0010989,1,MTO (F0010989),F. SCHUMACHER & CO - MTO,,,Maryam Vine,Maryam Vine  - 5011600 (Peacock),"BNYNeuKaliss 60"" 315Y",BNY SUBSTRATES,PAPER,"60"" Roll",153 Linear Feet,153,0,0.07,30 inches,2,LASH,300dpi,,Print,Invoiced,Invoiced,2612868,9/23/2025,SARAH,,,10,
F0011009-1,F0011009,1,MTO (F0011009),F. SCHUMACHER & CO - MTO,,,Les Fleurs Exotiques,Les Fleurs Exotiques - 5015661 (Citron),"BNYNeuKaliss 60"" 315Y",BNY SUBSTRATES,PAPER,"60"" Roll",33 Linear Feet,33,0,0.04,30 inches,2,Bianca,300dpi,,Print,Invoiced,Invoiced,2651581,10/3/2025,SREMSON@PARAMOUNTPRINTS.COM,,,10,
F0011012-1,F0011012,1,MTO (F0011012),F. SCHUMACHER & CO - MTO,,,Edwin Stripe Medium,Edwin Stripe Medium - 5013611 (Straw),"BNYNeuKaliss 60"" 315Y",BNY SUBSTRATES,PAPER,"60"" Roll",48 Linear Feet,48,0,0.05,30 inches,2,Dakota Kai,300dpi,,Print,Invoiced,Invoiced,2628123,9/26/2025,JEANNE,,,10,
F0011014-1,F0011014,1,MTO (F0011014),F. SCHUMACHER & CO - MTO,,,Colline,Colline - 5014222 (Delft&Sepia),"BNYNeuKaliss 60"" 315Y",BNY SUBSTRATES,PAPER,"60"" Roll",93 Linear Feet,93,0,0.04,30 inches,2,Dakota Kai,300dpi,,Print,Invoiced,Invoiced,2643431,10/1/2025,JOE,,,10,
F0011017-1,F0011017,1,MTO (F0011017),F. SCHUMACHER & CO - MTO,,,Edwin Stripe Wide,Edwin Stripe Wide - 5011909 (Leaf),"BNYNeuKaliss 60"" 315Y",BNY SUBSTRATES,PAPER,"60"" Roll",33 Linear Feet,33,0,0.04,30 inches,2,Dakota Kai,300dpi,,Print,Invoiced,Invoiced,2628124,9/26/2025,JEANNE,,,10,
F0011018-1,F0011018,1,MTO (F0011018),F. SCHUMACHER & CO - MTO,,,Watercolor Stripe,Watercolor Stripe  - 5011571 (Mineral),"BNYNeuKaliss 60"" 315Y",BNY SUBSTRATES,PAPER,"60"" Roll",63 Linear Feet,63,0,0.07,30 inches,2,Dakota Kai,300dpi,,Print,Invoiced,Invoiced,2606920,9/19/2025,COCONNOR@FSCO.COM,,,10,
F0011040-1,F0011040,1,MTO (F0011040),F. SCHUMACHER & CO - MTO,,,Edwin Stripe Narrow,Edwin Stripe Narrow - 5011876 (Birch),"BNYNeuKaliss 60"" 315Y",BNY SUBSTRATES,PAPER,"60"" Roll",138 Linear Feet,138,0,0.15,30 inches,2,Dakota Kai,300dpi,,Print,Invoiced,Invoiced,2628125,9/26/2025,JEANNE,,,10,
F0011052-1,F0011052,1,MTO (F0011052),F. SCHUMACHER & CO - MTO,,,Colline,Colline - 5014222 (Delft&Sepia),"BNYNeuKaliss 60"" 315Y",BNY SUBSTRATES,PAPER,"60"" Roll",153 Linear Feet,153,0,0.07,30 inches,2,Dakota Kai,300dpi,,Print,Invoiced,Invoiced,2642656,10/1/2025,JOE,,,10,
F0011057-1,F0011057,1,MTO (F0011057),F. SCHUMACHER & CO - MTO,,,Taylor,Taylor - 5013081 (Mineral),"BNYNeuKaliss 60"" 315Y",BNY SUBSTRATES,PAPER,"60"" Roll",27.5922 Linear Feet,27.5922,0,0.01,30 inches,2,Chyna,300dpi,,Print,Invoiced,Invoiced,2628528,9/26/2025,BLAWLOR@FSCO.COM,,,10,
F0011060-1,F0011060,1,MTO (F0011060),F. SCHUMACHER & CO - MTO,,,Dedra Damask,Dedra Damask  - 5011760 (Mineral&Leaf),"BNYNeuKaliss 60"" 315Y",BNY SUBSTRATES,PAPER,"60"" Roll",93 Linear Feet,93,0,0.1,30 inches,2,LASH,300dpi,,Print,Invoiced,Invoiced,2637607,9/30/2025,BLAWLOR@FSCO.COM,,,10,
F0011080-1,F0011080,1,MTO (F0011080),F. SCHUMACHER & CO - MTO,,,Edwin Stripe Wide,Edwin Stripe Wide - 5013620 (Petal),"BNYNeuKaliss 60"" 315Y",BNY SUBSTRATES,PAPER,"60"" Roll",138 Linear Feet,138,0,0.15,30 inches,2,Dakota Kai,300dpi,,Print,Invoiced,Invoiced,2630992,9/26/2025,COCONNOR@FSCO.COM,,,10,
F0011085-1,F0011085,1,MTO (F0011085),F. SCHUMACHER & CO - MTO,,,Edwin Stripe Wide,Edwin Stripe Wide - 5011907 (Navy),"BNYNeuKaliss 60"" 315Y",BNY SUBSTRATES,PAPER,"60"" Roll",33 Linear Feet,33,0,0.01,30 inches,2,Dakota Kai,300dpi,,Print,Invoiced,Invoiced,2643004,10/1/2025,JOE,,,10,
F0011086-1,F0011086,1,MTO (F0011086),F. SCHUMACHER & CO - MTO,,,Edwin Stripe Medium,Edwin Stripe Medium - 5013613 (Eucalyptus),"BNYNeuKaliss 60"" 315Y",BNY SUBSTRATES,PAPER,"60"" Roll",33 Linear Feet,33,0,0.01,30 inches,2,Dakota Kai,300dpi,,Print,Invoiced,Invoiced,2643005,10/1/2025,JOE,,,10,
F0011106-1,F0011106,1,MTO (F0011106),F. SCHUMACHER & CO - MTO,,,Marigold,Marigold  - 5012071 (Yellow),"BNYNeuKaliss 60"" 315Y",BNY SUBSTRATES,PAPER,"60"" Roll",93 Linear Feet,93,0,0.04,30 inches,2,LASH,300dpi,,Print,Invoiced,Invoiced,2612869,9/23/2025,SARAH,,,10,
F0011140-1,F0011140,1,MTO (F0010935) (F0011140),F. SCHUMACHER & CO - MTO,,,Rue,Rue - 5013922 (Sand),"BNYNeuKaliss 60"" 315Y",BNY SUBSTRATES,PAPER,"60"" Roll",243 Linear Feet,243,0,0.1,30 inches,2,Bianca,300dpi,,Print,Invoiced,Invoiced,2622860,9/25/2025,COCONNOR@FSCO.COM,,,10,
F0011154-1,F0011154,1,MTO (F0011154),F. SCHUMACHER & CO - MTO,,,Edwin Stripe Narrow,Edwin Stripe Narrow - 5013601 (Straw),"BNYNeuKaliss 60"" 315Y",BNY SUBSTRATES,PAPER,"60"" Roll",63 Linear Feet,63,0,0.03,30 inches,2,Dakota Kai,300dpi,,Print,Invoiced,Invoiced,2651750,10/3/2025,JOE,,,10,
F0011175-1,F0011175,1,MTO (F0011175),F. SCHUMACHER & CO - MTO,,,Edwin Stripe Narrow,Edwin Stripe Narrow - 5011872 (Wheat),"BNYNeuKaliss 60"" 315Y",BNY SUBSTRATES,PAPER,"60"" Roll",48 Linear Feet,48,0,0.02,30 inches,2,Dakota Kai,300dpi,,Print,Invoiced,Invoiced,2651753,10/3/2025,JOE,,,10,
F0011198-1,F0011198,1,MTO (F0011198),F. SCHUMACHER & CO - MTO,,,Aditi,Aditi  - 5011934 (Sage),"BNYNeuKaliss 60"" 315Y",BNY SUBSTRATES,PAPER,"60"" Roll",168 Linear Feet,168,0,0.18,30 inches,2,Chyna,300dpi,,Print,Invoiced,Invoiced,2677191,10/10/2025,COCONNOR@FSCO.COM,,,10,
F0011200-1,F0011200,1,MTO (F0011200),F. SCHUMACHER & CO - MTO,,,Taylor,Taylor - 5013081 (Mineral),"BNYNeuKaliss 60"" 315Y",BNY SUBSTRATES,PAPER,"60"" Roll",63 Linear Feet,63,0,0.03,30 inches,2,Chyna,300dpi,,Print,Invoiced,Invoiced,2628533,9/26/2025,BLAWLOR@FSCO.COM,,,10,
F0011219-1,F0011219,1,MTO (F0011219),F. SCHUMACHER & CO - MTO,,,Edwin Stripe Wide,Edwin Stripe Wide - 5011914 (Blush),"BNYNeuKaliss 60"" 315Y",BNY SUBSTRATES,PAPER,"60"" Roll",9 Linear Feet,9,0,0,30 inches,2,Dakota Kai,300dpi,,Print,Invoiced,Invoiced,2661533,10/7/2025,JOE,,,10,
F0011235-1,F0011235,1,MTO (F0011235),F. SCHUMACHER & CO - MTO,,,Sequoia Stripe,Sequoia Stripe  - 5011530 (Brown),"BNYNeuKaliss 60"" 315Y",BNY SUBSTRATES,PAPER,"60"" Roll",48 Linear Feet,48,0,0.02,30 inches,2,Dakota Kai,300dpi,,Print,Invoiced,Invoiced,2661542,10/7/2025,JOE,,,10,
F0011241-1,F0011241,1,MTO (F0011241),F. SCHUMACHER & CO - MTO,,,Willa Check Small,Willa Check Small - 5012368 (Birch),"BNYNeuKaliss 60"" 315Y",BNY SUBSTRATES,PAPER,"60"" Roll",48 Linear Feet,48,0,0.02,30 inches,2,Dakota Kai,300dpi,,Print,Invoiced,Invoiced,2661547,10/7/2025,JOE,,,10,
F0011242-1,F0011242,1,MTO (F0011242),F. SCHUMACHER & CO - MTO,,,Josephine,Josephine  - 5012011 (Ochre),"BNYNeuKaliss 60"" 315Y",BNY SUBSTRATES,PAPER,"60"" Roll",123 Linear Feet,123,0,0.05,30 inches,2,Dakota Kai,300dpi,,Print,Invoiced,Invoiced,2671455,10/9/2025,JOE,,,10,
F0011243-1,F0011243,1,MTO (F0011243),F. SCHUMACHER & CO - MTO,,,Leaf Bloom,Leaf Bloom - 5016392 (Neutral),"BNYNeuKaliss 60"" 315Y",BNY SUBSTRATES,PAPER,"60"" Roll",63 Linear Feet,63,0,0.03,30 inches,2,Dakota Kai,300dpi,,Print,Invoiced,Invoiced,2642890,10/1/2025,COCONNOR@FSCO.COM,,,10,
F0011245-1,F0011245,1,MTO (F0011245),F. SCHUMACHER & CO - MTO,,,Fantasia,Fantasia - 5013592 (PeonyPink),"BNYNeuKaliss 60"" 315Y",BNY SUBSTRATES,PAPER,"60"" Roll",33 Linear Feet,33,0,0.01,30 inches,2,Dakota Kai,300dpi,,Print,Invoiced,Invoiced,2661536,10/7/2025,JOE,,,10,
F0011246-1,F0011246,1,MTO (F0011246),F. SCHUMACHER & CO - MTO,,,Edwin Stripe Narrow,Edwin Stripe Narrow - 5013602 (Eucalyptus),"BNYNeuKaliss 60"" 315Y",BNY SUBSTRATES,PAPER,"60"" Roll",198 Linear Feet,198,0,0.08,30 inches,2,Dakota Kai,300dpi,,Print,Invoiced,Invoiced,2667332,10/8/2025,JOE,,,10,
F0011249-1,F0011249,1,MTO (F0011249),F. SCHUMACHER & CO - MTO,,,Edwin Stripe Medium,Edwin Stripe Medium - 5011886 (Cobalt),"BNYNeuKaliss 60"" 315Y",BNY SUBSTRATES,PAPER,"60"" Roll",78 Linear Feet,78,0,0.03,30 inches,2,Dakota Kai,300dpi,,Print,Invoiced,Invoiced,2668162,10/8/2025,JOE,,,10,
F0011268-1,F0011268,1,MTO (F0011268),F. SCHUMACHER & CO - MTO,,,Edwin Stripe Wide,Edwin Stripe Wide - 5013621 (Mocha),"BNYNeuKaliss 60"" 315Y",BNY SUBSTRATES,PAPER,"60"" Roll",123 Linear Feet,123,0,0.05,30 inches,2,Dakota Kai,300dpi,,Print,Invoiced,Invoiced,2671458,10/9/2025,JOE,,,10,
F0011276-1,F0011276,1,MTO (F0011276),F. SCHUMACHER & CO - MTO,,,Edwin Stripe Narrow,Edwin Stripe Narrow - 5011870 (Buttercup),"BNYNeuKaliss 60"" 315Y",BNY SUBSTRATES,PAPER,"60"" Roll",33 Linear Feet,33,0,0.01,30 inches,2,Dakota Kai,300dpi,,Print,Invoiced,Invoiced,2671465,10/9/2025,JOE,,,10,
F0011278-1,F0011278,1,MTO (F0011278),F. SCHUMACHER & CO - MTO,,,Ephemera,Ephemera - 5014872 (TealGray),"BNYNeuKaliss 60"" 315Y",BNY SUBSTRATES,PAPER,"60"" Roll",153 Linear Feet,153,0,0.16,30 inches,2,LASH,300dpi,,Print,Invoiced,Invoiced,2661074,10/7/2025,SARAH,,,10,
F0011281-1,F0011281,1,MTO (F0011281),F. SCHUMACHER & CO - MTO,,,Edwin Stripe Narrow,Edwin Stripe Narrow - 5011879 (Mushroom),"BNYNeuKaliss 60"" 315Y",BNY SUBSTRATES,PAPER,"60"" Roll",9 Linear Feet,9,0,0,30 inches,2,Dakota Kai,300dpi,,Print,Invoiced,Invoiced,2671466,10/9/2025,JOE,,,10,
F0011282-1,F0011282,1,MTO (F0011282),F. SCHUMACHER & CO - MTO,,,Willa Check Small,Willa Check Small - 5012363 (Yellow),"BNYNeuKaliss 60"" 315Y",BNY SUBSTRATES,PAPER,"60"" Roll",123 Linear Feet,123,0,0.05,30 inches,2,Dakota Kai,300dpi,,Print,Invoiced,Invoiced,2676592,10/10/2025,JOE,,,10,
F0011314-1,F0011314,1,MTO (F0011314),F. SCHUMACHER & CO - MTO,,,Edwin Stripe Medium,Edwin Stripe Medium - 5013612 (Mocha),"BNYNeuKaliss 60"" 315Y",BNY SUBSTRATES,PAPER,"60"" Roll",63 Linear Feet,63,0,0.03,30 inches,2,Dakota Kai,300dpi,,Print,Invoiced,Invoiced,2676604,10/10/2025,JOE,,,10,
F0011315-1,F0011315,1,MTO (F0011315),F. SCHUMACHER & CO - MTO,,,Edwin Stripe Narrow,Edwin Stripe Narrow - 5011864 (Ocean),"BNYNeuKaliss 60"" 315Y",BNY SUBSTRATES,PAPER,"60"" Roll",33 Linear Feet,33,0,0.01,30 inches,2,Dakota Kai,300dpi,,Print,Invoiced,Invoiced,2671469,10/9/2025,JOE,,,10,
F0011388-1,F0011388,1,MTO (F0011388),F. SCHUMACHER & CO - MTO,,,Edwin Stripe Medium,Edwin Stripe Medium - 5011889 (Leaf),"BNYNeuKaliss 60"" 315Y",BNY SUBSTRATES,PAPER,"60"" Roll",63 Linear Feet,63,0,0.03,30 inches,2,Dakota Kai,300dpi,,Print,Invoiced,Invoiced,2691037,10/15/2025,JOE,,,10,
F0011391-1,F0011391,1,MTO (F0011391),F. SCHUMACHER & CO - MTO,,,Edwin Stripe Narrow,Edwin Stripe Narrow - 5011870 (Buttercup),"BNYNeuKaliss 60"" 315Y",BNY SUBSTRATES,PAPER,"60"" Roll",48 Linear Feet,48,0,0.02,30 inches,2,Dakota Kai,300dpi,,Print,Invoiced,Invoiced,2691035,10/15/2025,JOE,,,10,
F0011462-1,F0011462,1,MTO (F0011462),F. SCHUMACHER & CO - MTO,,,Edwin Stripe Medium,Edwin Stripe Medium - 5011880 (Sky),"BNYNeuKaliss 60"" 315Y",BNY SUBSTRATES,PAPER,"60"" Roll",123 Linear Feet,123,0,0.05,30 inches,2,Dakota Kai,300dpi,,Print,Invoiced,Invoiced,2695223,10/16/2025,JOE,,,10,
F0011464-1,F0011464,1,MTO (F0011464),F. SCHUMACHER & CO - MTO,,,Edwin Stripe Wide,Edwin Stripe Wide - 5011917 (Naturelle),"BNYNeuKaliss 60"" 315Y",BNY SUBSTRATES,PAPER,"60"" Roll",93 Linear Feet,93,0,0.04,30 inches,2,Dakota Kai,300dpi,,Print,Invoiced,Invoiced,2692589,10/15/2025,JOE,,,10,
F0011466-1,F0011466,1,MTO (F0011466),F. SCHUMACHER & CO - MTO,,,Ouvrez Moi,Ouvrez Moi - 5014510 (Blue),"BNYNeuKaliss 60"" 315Y",BNY SUBSTRATES,PAPER,"60"" Roll",48 Linear Feet,48,0,0.02,30 inches,2,EMBER,300dpi,,Print,Invoiced,Invoiced,2700069,10/17/2025,JEANNE,,,10,
F0011506-1,F0011506,1,MTO (F0011506),F. SCHUMACHER & CO - MTO,,,Edwin Stripe Narrow,Edwin Stripe Narrow - 5011870 (Buttercup),"BNYNeuKaliss 60"" 315Y",BNY SUBSTRATES,PAPER,"60"" Roll",93 Linear Feet,93,0,0.04,30 inches,2,Dakota Kai,300dpi,,Print,Invoiced,Invoiced,2691039,10/15/2025,JOE,,,10,
F0011637-1,F0011637,1,MTO (F0011637),F. SCHUMACHER & CO - MTO,,,Coffee Bean,Coffee Bean - 5011140 (Pink),"BNYNeuKaliss 60"" 315Y",BNY SUBSTRATES,PAPER,"60"" Roll",2.6586 Linear Feet,2.6586,0,0,30 inches,2,Bianca,300dpi,,Print,Invoiced,Invoiced,2720305,10/23/2025,SUSAN,,,10,
F0011649-1,F0011649,1,MTO (F0011649),F. SCHUMACHER & CO - MTO,,,Baracoa,Baracoa  - 5012101 (Neutral),"BNYNeuKaliss 60"" 315Y",BNY SUBSTRATES,PAPER,"60"" Roll",3.3414 Linear Feet,3.3414,0,0,30 inches,2,Bianca,300dpi,,Print,Invoiced,Invoiced,2715314,10/22/2025,SREMSON@PARAMOUNTPRINTS.COM,,,10,
F0011746-1,F0011746,1,Regular (F0011746),F. SCHUMACHER & CO - MTO,,,Kerala Paisley II,Kerala Paisley II - 5015211 (Blue),"BNYNeuKaliss 60"" 315Y",BNY SUBSTRATES,PAPER,"60"" Roll",123 Linear Feet,123,0,0.13,30 inches,2,Bianca,300dpi,,Print,Invoiced,Invoiced,2720309,10/23/2025,SUSAN,,,10,
F0008891-1,F0008891,1,MTO (F0008891),F. SCHUMACHER & CO - MTO,,,Edwin Stripe Narrow,Edwin Stripe Narrow - 5013601 (Straw),"BNYNeuKaliss 60"" 315Y",BNY SUBSTRATES,PAPER,"60"" Roll",60 Linear Feet,60,0,0.03,30 inches,2,Nikki,Other,,Print,Invoiced,Invoiced,,7/11/2025,PKEEFER@FSCO.COM,,,10,
F0008933-1,F0008933,1,MTO (F0008933),F. SCHUMACHER & CO - MTO,,,Edwin Stripe Narrow,Edwin Stripe Narrow - 5011861 (Lavender),"BNYNeuKaliss 60"" 315Y",BNY SUBSTRATES,PAPER,"60"" Roll",120 Linear Feet,120,0,0.05,30 inches,2,Nikki,Other,,Print,Invoiced,Invoiced,,7/11/2025,PKEEFER@FSCO.COM,,,10,
F0009037-1,F0009037,1,MTO (F0009037),F. SCHUMACHER & CO - MTO,,,Franks Garden,Franks Garden - 5016420 (Primary),"BNYNeuKaliss 60"" 315Y",BNY SUBSTRATES,PAPER,"60"" Roll",90 Linear Feet,90,0,0.04,30 inches,2,Nikki,Other,,Print,Invoiced,Invoiced,,7/25/2025,PKEEFER@FSCO.COM,,,10,
F0009217-1,F0009217,1,MTO (F0009217),F. SCHUMACHER & CO - MTO,,,Franks Garden,Franks Garden - 5016420 (Primary),"BNYNeuKaliss 60"" 315Y",BNY SUBSTRATES,PAPER,"60"" Roll",75 Linear Feet,75,0,0.03,30 inches,2,Nikki,Other,,Print,Invoiced,Invoiced,,7/25/2025,PKEEFER@FSCO.COM,,,10,
F0009251-1,F0009251,1,MTO (F0009251),F. SCHUMACHER & CO - MTO,,,Watercolor Stripe,Watercolor Stripe  - 5011572 (Lavender),"BNYNeuKaliss 60"" 315Y",BNY SUBSTRATES,PAPER,"60"" Roll",120 Linear Feet,120,0,0.05,30 inches,2,Nikki,Other,,Print,Invoiced,Invoiced,,7/23/2025,PKEEFER@FSCO.COM,,,10,
F0009268-1,F0009268,1,MTO (F0009268),F. SCHUMACHER & CO - MTO,,,Sina Stripe,Sina Stripe  - 5012120 (Green),"BNYNeuKaliss 60"" 315Y",BNY SUBSTRATES,PAPER,"60"" Roll",93 Linear Feet,93,0,0.04,30 inches,2,Trish,4p,,Print,Invoiced,Invoiced,2373723,7/9/2025,COCONNOR@FSCO.COM,,,10,
F0009285-1,F0009285,1,MTO (F0009285),F. SCHUMACHER & CO - MTO,,,Edwin Stripe Wide,Edwin Stripe Wide - 5011917 (Naturelle),"BNYNeuKaliss 60"" 315Y",BNY SUBSTRATES,PAPER,"60"" Roll",60 Linear Feet,60,0,0.03,30 inches,2,Nikki,Other,,Print,Invoiced,Invoiced,,7/17/2025,PKEEFER@FSCO.COM,,,10,
F0009317-1,F0009317,1,MTO (F0009317),F. SCHUMACHER & CO - MTO,,,Edwin Stripe Narrow,Edwin Stripe Narrow - 5011876 (Birch),"BNYNeuKaliss 60"" 315Y",BNY SUBSTRATES,PAPER,"60"" Roll",96.7749 Linear Feet,96.7749,0,0.04,30 inches,2,Glow,4p,,Print,Invoiced,Invoiced,2454108,8/5/2025,COCONNOR@FSCO.COM,,,10,
F0009340-1,F0009340,1,MTO (F0009340),F. SCHUMACHER & CO - MTO,,,Lafayette Botanical,Lafayette Botanical - 5013752 (RossoAntico),"BNYNeuKaliss 60"" 315Y",BNY SUBSTRATES,PAPER,"60"" Roll",60 Linear Feet,60,0,0.03,30 inches,2,Nikki,Other,,Print,Invoiced,Invoiced,,7/16/2025,PKEEFER@FSCO.COM,,,10,
F0009344-1,F0009344,1,MTO (F0009344),F. SCHUMACHER & CO - MTO,,,Rhinestone Cowboy,Rhinestone Cowboy - 5014581 (BrightYellow),"BNYNeuKaliss 60"" 315Y",BNY SUBSTRATES,PAPER,"60"" Roll",93 Linear Feet,93,0,0.04,30 inches,2,Trish,4p,,Print,Invoiced,Invoiced,2379038,7/11/2025,SARAH,,,10,
F0009345-1,F0009345,1,MTO (F0009345),F. SCHUMACHER & CO - MTO,,,Rhinestone Cowboy,Rhinestone Cowboy - 5014581 (BrightYellow),"BNYNeuKaliss 60"" 315Y",BNY SUBSTRATES,PAPER,"60"" Roll",63 Linear Feet,63,0,0.03,30 inches,2,Trish,4p,,Print,Invoiced,Invoiced,2379039,7/11/2025,SARAH,,,10,
F0009352-1,F0009352,1,MTO (F0009352),F. SCHUMACHER & CO - MTO,,,Edwin Stripe Narrow,Edwin Stripe Narrow - 5011872 (Wheat),"BNYNeuKaliss 60"" 315Y",BNY SUBSTRATES,PAPER,"60"" Roll",45 Linear Feet,45,0,0.02,30 inches,2,Nikki,Other,,Print,Invoiced,Invoiced,,7/31/2025,PKEEFER@FSCO.COM,,,10,
F0009370-1,F0009370,1,MTO (F0009370),F. SCHUMACHER & CO - MTO,,,San Cristobal Toile,San Cristobal Toile  - 5010621 (Cocoa),"BNYNeuKaliss 60"" 315Y",BNY SUBSTRATES,PAPER,"60"" Roll",63 Linear Feet,63,0,0.03,30 inches,2,Sasha,4p,,Print,Invoiced,Invoiced,2429999,7/29/2025,COCONNOR@FSCO.COM,,,10,
F0009374-1,F0009374,1,MTO (F0009374),F. SCHUMACHER & CO - MTO,,,Edwin Stripe Narrow,Edwin Stripe Narrow - 5011866 (Cobalt),"BNYNeuKaliss 60"" 315Y",BNY SUBSTRATES,PAPER,"60"" Roll",423 Linear Feet,423,0,0.18,30 inches,2,Glow,4p,,Print,Invoiced,Invoiced,2468059,8/8/2025,COCONNOR@FSCO.COM,,,10,
F0009395-1,F0009395,1,MTO (F0009395),F. SCHUMACHER & CO - MTO,,,Edwin Stripe Narrow,Edwin Stripe Narrow - 5013601 (Straw),"BNYNeuKaliss 60"" 315Y",BNY SUBSTRATES,PAPER,"60"" Roll",90 Linear Feet,90,0,0.04,30 inches,2,Nikki,Other,,Print,Invoiced,Invoiced,,7/14/2025,PKEEFER@FSCO.COM,,,10,
F0009427-1,F0009427,1,MTO (F0009427),F. SCHUMACHER & CO - MTO,,,Luminaries,Luminaries - 5016012 (Dusk),"BNYNeuKaliss 60"" 315Y",BNY SUBSTRATES,PAPER,"60"" Roll",123 Linear Feet,123,0,0.05,30 inches,2,Trish,4p,,Print,Invoiced,Invoiced,2429990,7/29/2025,COCONNOR@FSCO.COM,,,10,
F0009429-1,F0009429,1,MTO (F0009429),F. SCHUMACHER & CO - MTO,,,Luminaries,Luminaries - 5016012 (Dusk),"BNYNeuKaliss 60"" 315Y",BNY SUBSTRATES,PAPER,"60"" Roll",33 Linear Feet,33,0,0.01,30 inches,2,Trish,4p,,Print,Invoiced,Invoiced,2429995,7/29/2025,COCONNOR@FSCO.COM,,,10,
F0009518-1,F0009518,1,MTO (F0009518),F. SCHUMACHER & CO - MTO,,,Edwin Stripe Medium,Edwin Stripe Medium - 5013613 (Eucalyptus),"BNYNeuKaliss 60"" 315Y",BNY SUBSTRATES,PAPER,"60"" Roll",60 Linear Feet,60,0,0.03,30 inches,2,Nikki,Other,,Print,Invoiced,Invoiced,,7/23/2025,PKEEFER@FSCO.COM,,,10,
F0009519-1,F0009519,1,MTO (F0009519),F. SCHUMACHER & CO - MTO,,,Edwin Stripe Medium,Edwin Stripe Medium - 5013613 (Eucalyptus),"BNYNeuKaliss 60"" 315Y",BNY SUBSTRATES,PAPER,"60"" Roll",30 Linear Feet,30,0,0.01,30 inches,2,Nikki,Other,,Print,Invoiced,Invoiced,,7/23/2025,PKEEFER@FSCO.COM,,,10,
F0009521-1,F0009521,1,MTO (F0009521),F. SCHUMACHER & CO - MTO,,,Cranley Garden,Cranley Garden  - 5011720 (Blue),"BNYNeuKaliss 60"" 315Y",BNY SUBSTRATES,PAPER,"60"" Roll",123 Linear Feet,123,0,0.05,30 inches,2,Sasha,4p,,Print,Invoiced,Invoiced,2434433,7/30/2025,COCONNOR@FSCO.COM,,,10,
F0009598-1,F0009598,1,MTO (F0009598),F. SCHUMACHER & CO - MTO,,,Edwin Stripe Narrow,Edwin Stripe Narrow - 5013601 (Straw),"BNYNeuKaliss 60"" 315Y",BNY SUBSTRATES,PAPER,"60"" Roll",93 Linear Feet,93,0,0.04,30 inches,2,Trish,4p,,Print,Invoiced,Invoiced,2489781,8/15/2025,COCONNOR@FSCO.COM,,,10,
F0009599-1,F0009599,1,MTO (F0009599),F. SCHUMACHER & CO - MTO,,,Edwin Stripe Wide,Edwin Stripe Wide - 5011917 (Naturelle),"BNYNeuKaliss 60"" 315Y",BNY SUBSTRATES,PAPER,"60"" Roll",150 Linear Feet,150,0,0.07,30 inches,2,Nikki,Other,,Print,Invoiced,Invoiced,,7/17/2025,PKEEFER@FSCO.COM,,,10,
F0009603-1,F0009603,1,MTO (F0009603),F. SCHUMACHER & CO - MTO,,,Maryam Vine,Maryam Vine  - 5011601 (Sky&Plum),"BNYNeuKaliss 60"" 315Y",BNY SUBSTRATES,PAPER,"60"" Roll",153 Linear Feet,153,0,0.07,30 inches,2,Trish,4p,,Print,Invoiced,Invoiced,2430003,7/29/2025,COCONNOR@FSCO.COM,,,10,
F0009606-1,F0009606,1,MTO (F0009606),F. SCHUMACHER & CO - MTO,,,Edwin Stripe Wide,Edwin Stripe Wide - 5011907 (Navy),"BNYNeuKaliss 60"" 315Y",BNY SUBSTRATES,PAPER,"60"" Roll",30 Linear Feet,30,0,0.01,30 inches,2,Nikki,Other,,Print,Invoiced,Invoiced,,7/15/2025,PKEEFER@FSCO.COM,,,10,
F0009617-1,F0009617,1,MTO (F0009617),F. SCHUMACHER & CO - MTO,,,Gardenia,Gardenia - 5014920 (Flax),"BNYNeuKaliss 60"" 315Y",BNY SUBSTRATES,PAPER,"60"" Roll",93 Linear Feet,93,0,0.04,30 inches,2,Glow,4p,,Print,Invoiced,Invoiced,2429997,7/29/2025,COCONNOR@FSCO.COM,,,10,
F0009633-1,F0009633,1,MTO (F0009633),F. SCHUMACHER & CO - MTO,,,Edwin Stripe Medium,Edwin Stripe Medium - 5011891 (Sand),"BNYNeuKaliss 60"" 315Y",BNY SUBSTRATES,PAPER,"60"" Roll",60 Linear Feet,60,0,0.03,30 inches,2,Nikki,Other,,Print,Invoiced,Invoiced,,7/23/2025,PKEEFER@FSCO.COM,,,10,
F0009659-1,F0009659,1,MTO (F0009659),F. SCHUMACHER & CO - MTO,,,San Cristobal Toile,San Cristobal Toile  - 5010621 (Cocoa),"BNYNeuKaliss 60"" 315Y",BNY SUBSTRATES,PAPER,"60"" Roll",213 Linear Feet,213,0,0.09,30 inches,2,Sasha,4p,,Print,Invoiced,Invoiced,2430002,7/29/2025,COCONNOR@FSCO.COM,,,10,
F0009660-1,F0009660,1,MTO (F0009660),F. SCHUMACHER & CO - MTO,,,Gardenia,Gardenia - 5014920 (Flax),"BNYNeuKaliss 60"" 315Y",BNY SUBSTRATES,PAPER,"60"" Roll",93 Linear Feet,93,0,0.04,30 inches,2,Glow,4p,,Print,Invoiced,Invoiced,2430001,7/29/2025,COCONNOR@FSCO.COM,,,10,
F0009712-1,F0009712,1,MTO (F0009712),F. SCHUMACHER & CO - MTO,,,Franks Garden,Franks Garden - 5016420 (Primary),"BNYNeuKaliss 60"" 315Y",BNY SUBSTRATES,PAPER,"60"" Roll",60 Linear Feet,60,0,0.03,30 inches,2,Nikki,Other,,Print,Invoiced,Invoiced,,7/25/2025,PKEEFER@FSCO.COM,,,10,
F0009729-1,F0009729,1,MTO (F0009729),F. SCHUMACHER & CO - MTO,,,Temple Garden II,Temple Garden II - 5011964 (Blush),"BNYNeuKaliss 60"" 315Y",BNY SUBSTRATES,PAPER,"60"" Roll",93 Linear Feet,93,0,0.04,30 inches,2,Sasha,4p,,Print,Invoiced,Invoiced,2434435,7/30/2025,COCONNOR@FSCO.COM,,,10,
F0009792-1,F0009792,1,MTO (F0009792),F. SCHUMACHER & CO - MTO,,,Josephine,Josephine  - 5012010 (Blue),"BNYNeuKaliss 60"" 315Y",BNY SUBSTRATES,PAPER,"60"" Roll",213 Linear Feet,213,0,0.09,30 inches,2,Glow,4p,,Print,Invoiced,Invoiced,2535223,8/29/2025,SREMSON@PARAMOUNTPRINTS.COM,,,10,
F0009797-1,F0009797,1,MTO (F0009797),F. SCHUMACHER & CO - MTO,,,1975,1975 - 5013671 (SoftBlue),"BNYNeuKaliss 60"" 315Y",BNY SUBSTRATES,PAPER,"60"" Roll",93 Linear Feet,93,0,0.04,30 inches,2,Trish,4p,,Print,Invoiced,Invoiced,2444753,8/1/2025,SHELBY,,,10,
F0009837-1,F0009837,1,MTO (F0009837),F. SCHUMACHER & CO - MTO,,,Edwin Stripe Wide,Edwin Stripe Wide - 5011909 (Leaf),"BNYNeuKaliss 60"" 315Y",BNY SUBSTRATES,PAPER,"60"" Roll",15 Linear Feet,15,0,0.01,30 inches,2,Nikki,Other,,Print,Invoiced,Invoiced,,7/21/2025,PKEEFER@FSCO.COM,,,10,
F0009844-1,F0009844,1,MTO (F0009844),F. SCHUMACHER & CO - MTO,,,Edwin Stripe Medium,Edwin Stripe Medium - 5011884 (Ocean),"BNYNeuKaliss 60"" 315Y",BNY SUBSTRATES,PAPER,"60"" Roll",165 Linear Feet,165,0,0.07,30 inches,2,Nikki,Other,,Print,Invoiced,Invoiced,,8/15/2025,PKEEFER@FSCO.COM,,,10,
F0009847-1,F0009847,1,MTO (F0009847),F. SCHUMACHER & CO - MTO,,,Maryam Vine,Maryam Vine  - 5011602 (Pink&Red),"BNYNeuKaliss 60"" 315Y",BNY SUBSTRATES,PAPER,"60"" Roll",28.1499 Linear Feet,28.1499,0,0.01,30 inches,2,Trish,4p,,Print,Invoiced,Invoiced,2535286,8/29/2025,SARAH,,,10,
F0009858-1,F0009858,1,MTO (F0009858),F. SCHUMACHER & CO - MTO,,,Maryam Vine,Maryam Vine  - 5011601 (Sky&Plum),"BNYNeuKaliss 60"" 315Y",BNY SUBSTRATES,PAPER,"60"" Roll",183 Linear Feet,183,0,0.08,30 inches,2,Trish,4p,,Print,Invoiced,Invoiced,2430006,7/29/2025,COCONNOR@FSCO.COM,,,10,
F0009859-1,F0009859,1,MTO (F0009859),F. SCHUMACHER & CO - MTO,,,Bloomsbury,Bloomsbury - 5013680 (LightPink),"BNYNeuKaliss 60"" 315Y",BNY SUBSTRATES,PAPER,"60"" Roll",273 Linear Feet,273,0,0.12,30 inches,2,Glow,4p,,Print,Invoiced,Invoiced,2454118,8/5/2025,COCONNOR@FSCO.COM,,,10,
F0009864-1,F0009864,1,MTO (F0009864),F. SCHUMACHER & CO - MTO,,,Edwin Stripe Narrow,Edwin Stripe Narrow - 5013601 (Straw),"BNYNeuKaliss 60"" 315Y",BNY SUBSTRATES,PAPER,"60"" Roll",363 Linear Feet,363,0,0.15,30 inches,2,Trish,4p,,Print,Invoiced,Invoiced,2489791,8/15/2025,COCONNOR@FSCO.COM,,,10,
F0009881-1,F0009881,1,MTO (F0009881),F. SCHUMACHER & CO - MTO,,,Edwin Stripe Narrow,Edwin Stripe Narrow - 5013603 (DarkGreen),"BNYNeuKaliss 60"" 315Y",BNY SUBSTRATES,PAPER,"60"" Roll",180 Linear Feet,180,0,0.08,30 inches,2,Nikki,Other,,Print,Invoiced,Invoiced,,7/31/2025,PKEEFER@FSCO.COM,,,10,
F0009885-1,F0009885,1,MTO (F0009885),F. SCHUMACHER & CO - MTO,,,Margaret Schloeman's Fox Chase,Margaret Schloeman's Fox Chase - 5016151 (NavyGreen),"BNYNeuKaliss 60"" 315Y",BNY SUBSTRATES,PAPER,"60"" Roll",63 Linear Feet,63,0,0.03,30 inches,2,Trish,4p,,Print,Invoiced,Invoiced,2434430,7/30/2025,COCONNOR@FSCO.COM,,,10,
F0009887-1,F0009887,1,MTO (F0009887),F. SCHUMACHER & CO - MTO,,,Temple Garden II,Temple Garden II - 5011964 (Blush),"BNYNeuKaliss 60"" 315Y",BNY SUBSTRATES,PAPER,"60"" Roll",153 Linear Feet,153,0,0.07,30 inches,2,Sasha,4p,,Print,Invoiced,Invoiced,2434438,7/30/2025,COCONNOR@FSCO.COM,,,10,
F0009895-1,F0009895,1,MTO (F0009895),F. SCHUMACHER & CO - MTO,,,Josephine,Josephine  - 5012010 (Blue),"BNYNeuKaliss 60"" 315Y",BNY SUBSTRATES,PAPER,"60"" Roll",183 Linear Feet,183,0,0.08,30 inches,2,Glow,4p,,Print,Invoiced,Invoiced,2535224,8/29/2025,SREMSON@PARAMOUNTPRINTS.COM,,,10,
F0009907-1,F0009907,1,MTO (F0009907),F. SCHUMACHER & CO - MTO,,,Santa Monica,Santa Monica - 5014371 (Neutral),"BNYNeuKaliss 60"" 315Y",BNY SUBSTRATES,PAPER,"60"" Roll",63 Linear Feet,63,0,0.03,30 inches,2,Trish,4p,,Print,Invoiced,Invoiced,2456248,8/6/2025,SARAH,,,10,
F0009975-1,F0009975,1,MTO (F0009975),F. SCHUMACHER & CO - MTO,,,Margaret Schloeman's Fox Chase,Margaret Schloeman's Fox Chase - 5016151 (NavyGreen),"BNYNeuKaliss 60"" 315Y",BNY SUBSTRATES,PAPER,"60"" Roll",123 Linear Feet,123,0,0.05,30 inches,2,Trish,4p,,Print,Invoiced,Invoiced,2434437,7/30/2025,COCONNOR@FSCO.COM,,,10,
F0010058-1,F0010058,1,MTO (F0010058),F. SCHUMACHER & CO - MTO,,,Trace,Trace - 5013995 (Sand),"BNYNeuKaliss 60"" 315Y",BNY SUBSTRATES,PAPER,"60"" Roll",63 Linear Feet,63,0,0.03,30 inches,2,Sasha,4p,,Print,Invoiced,Invoiced,2473770,8/12/2025,COCONNOR@FSCO.COM,,,10,
F0010060-1,F0010060,1,MTO (F0010060),F. SCHUMACHER & CO - MTO,,,Franks Garden,Franks Garden - 5016421 (Pink & Green),"BNYNeuKaliss 60"" 315Y",BNY SUBSTRATES,PAPER,"60"" Roll",153 Linear Feet,153,0,0.07,30 inches,2,Trish,4p,,Print,Invoiced,Invoiced,2535289,8/29/2025,SARAH,,,10,
F0010263-1,F0010263,1,MTO (F0010263),F. SCHUMACHER & CO - MTO,,,Edwin Stripe Narrow,Edwin Stripe Narrow - 5013601 (Straw),"BNYNeuKaliss 60"" 315Y",BNY SUBSTRATES,PAPER,"60"" Roll",33 Linear Feet,33,0,0.01,30 inches,2,Trish,4p,,Print,Invoiced,Invoiced,2489792,8/15/2025,COCONNOR@FSCO.COM,,,10,
F0010290-1,F0010290,1,MTO (F0010290),F. SCHUMACHER & CO - MTO,,,Edwin Stripe Narrow,Edwin Stripe Narrow - 5013601 (Straw),"BNYNeuKaliss 60"" 315Y",BNY SUBSTRATES,PAPER,"60"" Roll",33 Linear Feet,33,0,0.01,30 inches,2,Trish,4p,,Print,Invoiced,Invoiced,2489793,8/15/2025,COCONNOR@FSCO.COM,,,10,
F0011130-1,F0011130,1,MTO (F0011130),F. SCHUMACHER & CO - MTO,,,Katama,Katama  - 5012420 (IvoryOnStone),"BNYNeuKaliss 60"" 315Y",BNY SUBSTRATES,PAPER,"60"" Roll",63 Linear Feet,63,0,0.07,30 inches,2,Trish,4p,,Print,Invoiced,Invoiced,2656224,10/6/2025,COCONNOR@FSCO.COM,,,10,
F0011131-1,F0011131,1,MTO (F0011131),F. SCHUMACHER & CO - MTO,,,Baudin Butterfly,Baudin Butterfly  - 5010690 (Blush),"BNYNeuKaliss 60"" 315Y",BNY SUBSTRATES,PAPER,"60"" Roll",93 Linear Feet,93,0,0.1,30 inches,2,Sasha,4p,,Print,Invoiced,Invoiced,2642309,10/1/2025,SREMSON@PARAMOUNTPRINTS.COM,,,10,
F0011179-1,F0011179,1,MTO (F0011179),F. SCHUMACHER & CO - MTO,,,Zoelie,Zoelie - 5014240 (Natural),"BNYNeuKaliss 60"" 315Y",BNY SUBSTRATES,PAPER,"60"" Roll",63 Linear Feet,63,0,0.07,30 inches,2,Trish,4p,,Print,Invoiced,Invoiced,2674371,10/9/2025,BLAWLOR@FSCO.COM,,,10,
F0011244-1,F0011244,1,MTO (F0011244),F. SCHUMACHER & CO - MTO,,,Edwin Stripe Narrow,Edwin Stripe Narrow - 5013600 (Petal),"BNYNeuKaliss 60"" 315Y",BNY SUBSTRATES,PAPER,"60"" Roll",21.3087 Linear Feet,21.3087,0,0.02,30 inches,2,Sasha,4p,,Print,Invoiced,Invoiced,2681417,10/13/2025,BLAWLOR@FSCO.COM,,,10,
F0011280-1,F0011280,1,MTO (F0011280),F. SCHUMACHER & CO - MTO,,,Baudin Butterfly,Baudin Butterfly  - 5010690 (Blush),"BNYNeuKaliss 60"" 315Y",BNY SUBSTRATES,PAPER,"60"" Roll",183 Linear Feet,183,0,0.2,30 inches,2,Sasha,4p,,Print,Invoiced,Invoiced,2642310,10/1/2025,SREMSON@PARAMOUNTPRINTS.COM,,,10,
F0011286-1,F0011286,1,MTO (F0011286),F. SCHUMACHER & CO - MTO,,,White Lotus,White Lotus - 5013664 (SoftBlue),"BNYNeuKaliss 60"" 315Y",BNY SUBSTRATES,PAPER,"60"" Roll",33 Linear Feet,33,0,0.04,30 inches,2,Sasha,4p,,Print,Invoiced,Invoiced,2661463,10/7/2025,SREMSON@PARAMOUNTPRINTS.COM,,,10,
F0011304-1,F0011304,1,MTO (F0011304),F. SCHUMACHER & CO - MTO,,,White Lotus,White Lotus - 5013664 (SoftBlue),"BNYNeuKaliss 60"" 315Y",BNY SUBSTRATES,PAPER,"60"" Roll",63 Linear Feet,63,0,0.07,30 inches,2,Sasha,4p,,Print,Invoiced,Invoiced,2661467,10/7/2025,SREMSON@PARAMOUNTPRINTS.COM,,,10,
F0011377-1,F0011377,1,MTO (F0011377),F. SCHUMACHER & CO - MTO,,,Edwin Stripe Medium,Edwin Stripe Medium - 5011884 (Ocean),"BNYNeuKaliss 60"" 315Y",BNY SUBSTRATES,PAPER,"60"" Roll",90 Linear Feet,90,0,0.1,30 inches,2,Nikki,Other,,Print,Invoiced,Invoiced,,10/14/2025,RODNEY,,,10,
F0011381-1,F0011381,1,MTO (F0011381),F. SCHUMACHER & CO - MTO,,,Edwin Stripe Medium,Edwin Stripe Medium - 5011897 (Naturelle),"BNYNeuKaliss 60"" 315Y",BNY SUBSTRATES,PAPER,"60"" Roll",30 Linear Feet,30,0,0.03,30 inches,2,Nikki,Other,,Print,Invoiced,Invoiced,,10/14/2025,RODNEY,,,10,
F0011382-1,F0011382,1,MTO (F0011382),F. SCHUMACHER & CO - MTO,,,Edwin Stripe Narrow,Edwin Stripe Narrow - 5013600 (Petal),"BNYNeuKaliss 60"" 315Y",BNY SUBSTRATES,PAPER,"60"" Roll",93 Linear Feet,93,0,0.1,30 inches,2,Sasha,4p,,Print,Invoiced,Invoiced,2681418,10/13/2025,BLAWLOR@FSCO.COM,,,10,
F0011460-1,F0011460,1,MTO (F0011460),F. SCHUMACHER & CO - MTO,,,Edwin Stripe Wide,Edwin Stripe Wide - 5013625 (Straw),"BNYNeuKaliss 60"" 315Y",BNY SUBSTRATES,PAPER,"60"" Roll",48 Linear Feet,48,0,0.02,30 inches,2,Zoey,Other,,Print,Invoiced,Invoiced,2698278,10/16/2025,JOE,,,10,
F0011505-1,F0011505,1,MTO (F0011505),F. SCHUMACHER & CO - MTO,,,Edwin Stripe Narrow,Edwin Stripe Narrow - 5013601 (Straw),"BNYNeuKaliss 60"" 315Y",BNY SUBSTRATES,PAPER,"60"" Roll",93 Linear Feet,93,0,0.04,30 inches,2,Zoey,Other,,Print,Invoiced,Invoiced,2702783,10/17/2025,JOE,,,10,
F0011508-1,F0011508,1,MTO (F0011508),F. SCHUMACHER & CO - MTO,,,Edwin Stripe Narrow,Edwin Stripe Narrow - 5013602 (Eucalyptus),"BNYNeuKaliss 60"" 315Y",BNY SUBSTRATES,PAPER,"60"" Roll",75 Linear Feet,75,0,0.08,30 inches,2,Nikki,Other,,Print,Invoiced,Invoiced,,10/14/2025,RODNEY,,,10,
F0011520-1,F0011520,1,MTO (F0011520),F. SCHUMACHER & CO - MTO,,,Edwin Stripe Narrow,Edwin Stripe Narrow - 5011863 (Seaglass),"BNYNeuKaliss 60"" 315Y",BNY SUBSTRATES,PAPER,"60"" Roll",33 Linear Feet,33,0,0.01,30 inches,2,Zoey,Other,,Print,Invoiced,Invoiced,2698276,10/16/2025,JOE,,,10,
F0011538-1,F0011538,1,MTO (F0011538),F. SCHUMACHER & CO - MTO,,,Marigold,Marigold  - 5012071 (Yellow),"BNYNeuKaliss 60"" 315Y",BNY SUBSTRATES,PAPER,"60"" Roll",33 Linear Feet,33,0,0.04,30 inches,2,Sasha,4p,,Print,Invoiced,Invoiced,2671072,10/9/2025,SUSAN,,,10,
F0011540-1,F0011540,1,MTO (F0011540),F. SCHUMACHER & CO - MTO,,,Marigold,Marigold  - 5012071 (Yellow),"BNYNeuKaliss 60"" 315Y",BNY SUBSTRATES,PAPER,"60"" Roll",33 Linear Feet,33,0,0.04,30 inches,2,Sasha,4p,,Print,Invoiced,Invoiced,2671071,10/9/2025,SUSAN,,,10,
F0011559-1,F0011559,1,MTO (F0011559),F. SCHUMACHER & CO - MTO,,,Edwin Stripe Wide,Edwin Stripe Wide - 5011914 (Blush),"BNYNeuKaliss 60"" 315Y",BNY SUBSTRATES,PAPER,"60"" Roll",63 Linear Feet,63,0,0.03,30 inches,2,Zoey,Other,,Print,Invoiced,Invoiced,2695230,10/16/2025,JOE,,,10,
F0011560-1,F0011560,1,MTO (F0011560),F. SCHUMACHER & CO - MTO,,,Watercolor Stripe,Watercolor Stripe  - 5011571 (Mineral),"BNYNeuKaliss 60"" 315Y",BNY SUBSTRATES,PAPER,"60"" Roll",78 Linear Feet,78,0,0.03,30 inches,2,Zoey,Other,,Print,Invoiced,Invoiced,2702785,10/17/2025,JOE,,,10,
F0011611-1,F0011611,1,MTO (F0011611),F. SCHUMACHER & CO - MTO,,,Edwin Stripe Medium,Edwin Stripe Medium - 5011880 (Sky),"BNYNeuKaliss 60"" 315Y",BNY SUBSTRATES,PAPER,"60"" Roll",66 Linear Feet,66,0,0.03,30 inches,2,Zoey,Other,,Print,Invoiced,Invoiced,2700074,10/17/2025,JOE,,,10,
F0011641-1,F0011641,1,MTO (F0011641),F. SCHUMACHER & CO - MTO,,,Edwin Stripe Narrow,Edwin Stripe Narrow - 5011879 (Mushroom),"BNYNeuKaliss 60"" 315Y",BNY SUBSTRATES,PAPER,"60"" Roll",183 Linear Feet,183,0,0.08,30 inches,2,Zoey,Other,,Print,Invoiced,Invoiced,2710676,10/21/2025,JOE,,,10,
F0011681-1,F0011681,1,MTO (F0011681),F. SCHUMACHER & CO - MTO,,,Ephemera,Ephemera - 5014872 (TealGray),"BNYNeuKaliss 60"" 315Y",BNY SUBSTRATES,PAPER,"60"" Roll",44.5833 Linear Feet,44.5833,0,0.05,30 inches,2,Trish,4p,,Print,Invoiced,Invoiced,2703013,10/17/2025,COCONNOR@FSCO.COM,,,10,
F0011823-1,F0011823,1,MTO (F0011278) (F0011823),F. SCHUMACHER & CO - MTO,,,Ephemera,Ephemera - 5014872 (TealGray),"BNYNeuKaliss 60"" 315Y",BNY SUBSTRATES,PAPER,"60"" Roll",153 Linear Feet,153,0,0.16,30 inches,2,Trish,4p,,Print,Invoiced,Invoiced,2703014,10/17/2025,COCONNOR@FSCO.COM,,,10,
F0005656-1,F0005656,1,Regular (F0005656)/S04464,F. SCHUMACHER & CO - HUB,,,Affogato,Affogato - 5015572 (Cornflower&DeepNavy),"BNYNeuKaliss 60"" 315Y",BNY SUBSTRATES,PAPER,"60"" Roll",600 Linear Feet,600,0,0.26,30 inches,2,Sasha,,,Print,Invoiced,Invoiced,2346297,6/27/2025,COCONNOR@FSCO.COM,,,10,
F0006399-1,F0006399,1,Regular (F0006399),F. SCHUMACHER & CO - HUB,,,WABI-SABI,WABI-SABI - 5014592 (DarkBlue),"BNYNeuKaliss 60"" 315Y",BNY SUBSTRATES,PAPER,"60"" Roll",56.9334 Linear Feet,56.9334,0,0.02,30 inches,2,Trish,4p,,Print,Invoiced,Invoiced,2630316,9/26/2025,BLAWLOR@FSCO.COM,,,10,
F0006526-1,F0006526,1,Regular (F0006526),F. SCHUMACHER & CO - HUB,,,Ephemera,Ephemera - 5014870 (Cornflower),"BNYNeuKaliss 60"" 315Y",BNY SUBSTRATES,PAPER,"60"" Roll",450 Linear Feet,450,0,0.19,30 inches,2,Trish,4p,,Print,Invoiced,Invoiced,2504326,8/20/2025,COCONNOR@FSCO.COM,,,10,
F0006527-1,F0006527,1,Regular (F0006527),F. SCHUMACHER & CO - HUB,,,1975,1975 - 5013671 (SoftBlue),"BNYNeuKaliss 60"" 315Y",BNY SUBSTRATES,PAPER,"60"" Roll",180 Linear Feet,180,0,0.08,30 inches,2,Trish,4p,,Print,Invoiced,Invoiced,2444743,8/1/2025,SHELBY,,,10,
F0006746-1,F0006746,1,Regular (F0006746),F. SCHUMACHER & CO - NEW GOODS,,,Edwin Stripe Medium,Edwin Stripe Medium - 5017641 (Terracotta),"BNYNeuKaliss 60"" 315Y",BNY SUBSTRATES,PAPER,"60"" Roll",90 Linear Feet,90,0,0.04,30 inches,2,Chyna,300dpi,,Print,Invoiced,Invoiced,2564483,9/9/2025,SREMSON@PARAMOUNTPRINTS.COM,,,10,
F0006747-1,F0006747,1,Regular (F0006747),F. SCHUMACHER & CO - NEW GOODS,,,Edwin Stripe Narrow,Edwin Stripe Narrow - 5017632 (Sun Kiss),"BNYNeuKaliss 60"" 315Y",BNY SUBSTRATES,PAPER,"60"" Roll",90 Linear Feet,90,0,0.04,30 inches,2,Trish,4p,,Print,Invoiced,Invoiced,2554645,9/5/2025,SREMSON@PARAMOUNTPRINTS.COM,,,10,
F0006750-1,F0006750,1,Regular (F0006750),F. SCHUMACHER & CO - NEW GOODS,,,Edwin Stripe Narrow,Edwin Stripe Narrow - 5017631 (Lemon Sage),"BNYNeuKaliss 60"" 315Y",BNY SUBSTRATES,PAPER,"60"" Roll",90 Linear Feet,90,0,0.04,30 inches,2,Trish,4p,,Print,Invoiced,Invoiced,2554644,9/5/2025,SREMSON@PARAMOUNTPRINTS.COM,,,10,
F0006751-1,F0006751,1,Regular (F0006751),F. SCHUMACHER & CO - NEW GOODS,,,Edwin Stripe Narrow,Edwin Stripe Narrow - 5017634 (Chestnut Rose),"BNYNeuKaliss 60"" 315Y",BNY SUBSTRATES,PAPER,"60"" Roll",90 Linear Feet,90,0,0.04,30 inches,2,Trish,4p,,Print,Invoiced,Invoiced,2557922,9/5/2025,COCONNOR@FSCO.COM,,,10,
F0006752-1,F0006752,1,Regular (F0006752),F. SCHUMACHER & CO - NEW GOODS,,,Tiger Palm,Tiger Palm Silhouette  - 5012923 (Mistral Sand),"BNYNeuKaliss 60"" 315Y",BNY SUBSTRATES,PAPER,"60"" Roll",90 Linear Feet,90,0,0.04,30 inches,2,Trish,4p,,Print,Invoiced,Invoiced,2576679,9/11/2025,BLAWLOR@FSCO.COM,,,10,
F0006756-1,F0006756,1,Regular (F0006756),F. SCHUMACHER & CO - NEW GOODS,,,Edwin Stripe Narrow,Edwin Stripe Narrow - 5017633 (Terracotta),"BNYNeuKaliss 60"" 315Y",BNY SUBSTRATES,PAPER,"60"" Roll",90 Linear Feet,90,0,0.04,30 inches,2,Chyna,300dpi,,Print,Invoiced,Invoiced,2564485,9/9/2025,SREMSON@PARAMOUNTPRINTS.COM,,,10,
F0006757-1,F0006757,1,Regular (F0006757),F. SCHUMACHER & CO - NEW GOODS,,,Edwin Stripe Medium,Edwin Stripe Medium - 5017642 (Brown & Sky),"BNYNeuKaliss 60"" 315Y",BNY SUBSTRATES,PAPER,"60"" Roll",90 Linear Feet,90,0,0.04,30 inches,2,Trish,4p,,Print,Invoiced,Invoiced,2557924,9/5/2025,COCONNOR@FSCO.COM,,,10,
F0006783-1,F0006783,1,Regular (F0006783),F. SCHUMACHER & CO - NEW GOODS,,,Tiger Palm,Tiger Palm Silhouette  - 5012924 (Mediterranean Spice),"BNYNeuKaliss 60"" 315Y",BNY SUBSTRATES,PAPER,"60"" Roll",300 Linear Feet,300,0,0.13,30 inches,2,Trish,4p,,Print,Invoiced,Invoiced,2576681,9/11/2025,BLAWLOR@FSCO.COM,,,10,
F0006788-1,F0006788,1,Regular (F0006788),F. SCHUMACHER & CO - NEW GOODS,,,Edwin Stripe Narrow,Edwin Stripe Narrow - 5017630 (Sage),"BNYNeuKaliss 60"" 315Y",BNY SUBSTRATES,PAPER,"60"" Roll",90 Linear Feet,90,0,0.04,30 inches,2,Trish,4p,,Print,Invoiced,Invoiced,2558074,9/5/2025,COCONNOR@FSCO.COM,,,10,
F0006789-1,F0006789,1,Regular (F0006789),F. SCHUMACHER & CO - NEW GOODS,,,Tiger Palm,Tiger Palm Silhouette  - 5012923 (Mistral Sand),"BNYNeuKaliss 60"" 315Y",BNY SUBSTRATES,PAPER,"60"" Roll",69.627 Linear Feet,69.627,0,0.03,30 inches,2,Trish,4p,,Print,Invoiced,Invoiced,2576682,9/11/2025,BLAWLOR@FSCO.COM,,,10,
F0006794-1,F0006794,1,Regular (F0006794),F. SCHUMACHER & CO - NEW GOODS,,,Tiger Palm,Tiger Palm Silhouette  - 5012924 (Mediterranean Spice),"BNYNeuKaliss 60"" 315Y",BNY SUBSTRATES,PAPER,"60"" Roll",90 Linear Feet,90,0,0.04,30 inches,2,Trish,4p,,Print,Invoiced,Invoiced,2576684,9/11/2025,BLAWLOR@FSCO.COM,,,10,
F0006874-1,F0006874,1,Regular (F0006874),F. SCHUMACHER & CO - HUB,,,Cranley Garden,Cranley Garden  - 5011720 (Blue),"BNYNeuKaliss 60"" 315Y",BNY SUBSTRATES,PAPER,"60"" Roll",111.4416 Linear Feet,111.4416,0,0.05,30 inches,2,Sasha,4p,,Print,Invoiced,Invoiced,2434388,7/30/2025,COCONNOR@FSCO.COM,,,10,
F0006973-1,F0006973,1,Regular (F0006973),F. SCHUMACHER & CO - HUB,,,Rhinestone Cowboy,Rhinestone Cowboy - 5014582 (CleanBlue),"BNYNeuKaliss 60"" 315Y",BNY SUBSTRATES,PAPER,"60"" Roll",495 Linear Feet,495,0,0.22,30 inches,2,Trish,4p,,Print,Invoiced,Invoiced,2380760,7/11/2025,COCONNOR@FSCO.COM,,,10,
F0007138-1,F0007138,1,Regular (F0007138),F. SCHUMACHER & CO - HUB,,,Rhinestone Cowboy,Rhinestone Cowboy - 5014581 (BrightYellow),"BNYNeuKaliss 60"" 315Y",BNY SUBSTRATES,PAPER,"60"" Roll",450 Linear Feet,450,0,0.2,30 inches,2,Trish,4p,,Print,Invoiced,Invoiced,2379017,7/11/2025,SARAH,,,10,
F0007381-1,F0007381,1,Regular (F0007381),F. SCHUMACHER & CO - HUB,,,Kerala Paisley II,Kerala Paisley II - 5015210 (Leaf),"BNYNeuKaliss 60"" 315Y",BNY SUBSTRATES,PAPER,"60"" Roll",108.9669 Linear Feet,108.9669,0,0.05,30 inches,2,Sasha,4p,,Print,Invoiced,Invoiced,2468021,8/8/2025,COCONNOR@FSCO.COM,,,10,
F0007460-1,F0007460,1,Regular (F0007460),F. SCHUMACHER & CO - HUB,,,Saranda Flower,Saranda Flower  - 5012411 (Marigold),"BNYNeuKaliss 60"" 315Y",BNY SUBSTRATES,PAPER,"60"" Roll",262.5834 Linear Feet,262.5834,0,0.11,30 inches,2,Glow,4p,,Print,Invoiced,Invoiced,2473764,8/12/2025,COCONNOR@FSCO.COM,,,10,
F0007466-1,F0007466,1,Regular (F0007466),F. SCHUMACHER & CO - HUB,,,Trace,Trace - 5013995 (Sand),"BNYNeuKaliss 60"" 315Y",BNY SUBSTRATES,PAPER,"60"" Roll",555 Linear Feet,555,0,0.24,30 inches,2,Sasha,4p,,Print,Invoiced,Invoiced,2473758,8/12/2025,COCONNOR@FSCO.COM,,,10,
F0007468-1,F0007468,1,Regular (F0007468),F. SCHUMACHER & CO - HUB,,,San Cristobal Toile,San Cristobal Toile  - 5010621 (Cocoa),"BNYNeuKaliss 60"" 315Y",BNY SUBSTRATES,PAPER,"60"" Roll",192 Linear Feet,192,0,0.08,30 inches,2,Sasha,4p,,Print,Invoiced,Invoiced,2429989,7/29/2025,COCONNOR@FSCO.COM,,,10,
F0007487-1,F0007487,1,Regular (F0007487),F. SCHUMACHER & CO - HUB,,,Valletta,Valletta - 5013520 (Sky&Pink),"BNYNeuKaliss 60"" 315Y",BNY SUBSTRATES,PAPER,"60"" Roll",300 Linear Feet,300,0,0.13,30 inches,2,Trish,4p,,Print,Invoiced,Invoiced,2629391,9/26/2025,BLAWLOR@FSCO.COM,,,10,
F0007569-1,F0007569,1,Regular (F0007569),F. SCHUMACHER & CO - HUB,,,Mah Jong,Mah Jong - 5014931 (RiverBlue),"BNYNeuKaliss 60"" 315Y",BNY SUBSTRATES,PAPER,"60"" Roll",540 Linear Feet,540,0,0.23,30 inches,2,Glow,4p,,Print,Invoiced,Invoiced,2501978,8/20/2025,COCONNOR@FSCO.COM,,,10,
F0007573-1,F0007573,1,Regular (F0007573),F. SCHUMACHER & CO - HUB,,,Aditi,Aditi  - 5011934 (Sage),"BNYNeuKaliss 60"" 315Y",BNY SUBSTRATES,PAPER,"60"" Roll",540 Linear Feet,540,0,0.23,30 inches,2,Sasha,4p,,Print,Invoiced,Invoiced,2606910,9/19/2025,COCONNOR@FSCO.COM,,,10,
F0007575-1,F0007575,1,Regular (F0007575),F. SCHUMACHER & CO - HUB,,,Colline,Colline - 5014221 (Leaf&Aqua),"BNYNeuKaliss 60"" 315Y",BNY SUBSTRATES,PAPER,"60"" Roll",30 Linear Feet,30,0,0.01,30 inches,2,Sasha,4p,,Print,Invoiced,Invoiced,2569374,9/10/2025,SARAH,,,10,
F0007873-1,F0007873,1,Regular (F0007873),F. SCHUMACHER & CO - HUB,,,Katama,Katama  - 5012420 (IvoryOnStone),"BNYNeuKaliss 60"" 315Y",BNY SUBSTRATES,PAPER,"60"" Roll",20.0751 Linear Feet,20.0751,0,0.02,30 inches,2,Trish,4p,,Print,Invoiced,Invoiced,2656222,10/6/2025,COCONNOR@FSCO.COM,,,10,
F0007884-1,F0007884,1,Regular (F0007884),F. SCHUMACHER & CO - HUB,,,Katama,Katama  - 5012421 (BlueOnIvory),"BNYNeuKaliss 60"" 315Y",BNY SUBSTRATES,PAPER,"60"" Roll",96 Linear Feet,96,0,0.04,30 inches,2,Trish,4p,,Print,Invoiced,Invoiced,2546451,9/3/2025,SREMSON@PARAMOUNTPRINTS.COM,,,10,
F0007885-1,F0007885,1,Regular (F0007885),F. SCHUMACHER & CO - HUB,,,Rue,Rue - 5013920 (Sky),"BNYNeuKaliss 60"" 315Y",BNY SUBSTRATES,PAPER,"60"" Roll",900 Linear Feet,900,0,0.38,30 inches,2,Glow,4p,,Print,Invoiced,Invoiced,2501979,8/20/2025,COCONNOR@FSCO.COM,,,10,
F0007887-1,F0007887,1,Regular (F0007887),F. SCHUMACHER & CO - HUB,,,Margaret Schloeman's Fox Chase,Margaret Schloeman's Fox Chase - 5016151 (NavyGreen),"BNYNeuKaliss 60"" 315Y",BNY SUBSTRATES,PAPER,"60"" Roll",660 Linear Feet,660,0,0.28,30 inches,2,Trish,4p,,Print,Invoiced,Invoiced,2434387,7/30/2025,COCONNOR@FSCO.COM,,,10,
F0007891-1,F0007891,1,Regular (F0007891),F. SCHUMACHER & CO - HUB,,,Temple Garden II,Temple Garden II - 5011964 (Blush),"BNYNeuKaliss 60"" 315Y",BNY SUBSTRATES,PAPER,"60"" Roll",116.5584 Linear Feet,116.5584,0,0.05,30 inches,2,Sasha,4p,,Print,Invoiced,Invoiced,2434415,7/30/2025,COCONNOR@FSCO.COM,,,10,
F0008011-1,F0008011,1,Regular (F0008011),F. SCHUMACHER & CO - HUB,,,Trace,Trace - 5013994 (Ice),"BNYNeuKaliss 60"" 315Y",BNY SUBSTRATES,PAPER,"60"" Roll",165 Linear Feet,165,0,0.18,30 inches,2,Bianca,300dpi,,Print,Invoiced,Invoiced,2659431,10/6/2025,COCONNOR@FSCO.COM,,,10,
F0008135-1,F0008135,1,Regular (F0008135),F. SCHUMACHER & CO - HUB,,,Lafayette Botanical,Lafayette Botanical - 5013751 (Moss),"BNYNeuKaliss 60"" 315Y",BNY SUBSTRATES,PAPER,"60"" Roll",236.6913 Linear Feet,236.6913,0,0.25,30 inches,2,Glow,4p,,Print,Invoiced,Invoiced,2694917,10/16/2025,COCONNOR@FSCO.COM,,,10,
F0008193-1,F0008193,1,Regular (F0008193),F. SCHUMACHER & CO - HUB,,,Franks Garden,Franks Garden - 5016420 (Primary),"BNYNeuKaliss 60"" 315Y",BNY SUBSTRATES,PAPER,"60"" Roll",150 Linear Feet,150,0,0.06,30 inches,2,Bianca,300dpi,,Print,Invoiced,Invoiced,2631185,9/26/2025,COCONNOR@FSCO.COM,,,10,
F0008202-1,F0008202,1,Regular (F0008202),F. SCHUMACHER & CO - HUB,,,Sina Stripe,Sina Stripe  - 5012120 (Green),"BNYNeuKaliss 60"" 315Y",BNY SUBSTRATES,PAPER,"60"" Roll",450 Linear Feet,450,0,0.2,30 inches,2,Trish,4p,,Print,Invoiced,Invoiced,2373722,7/9/2025,COCONNOR@FSCO.COM,,,10,
F0008372-1,F0008372,1,Regular (F0008372),F. SCHUMACHER & CO - HUB,,,Maryam Vine,Maryam Vine  - 5011601 (Sky&Plum),"BNYNeuKaliss 60"" 315Y",BNY SUBSTRATES,PAPER,"60"" Roll",450 Linear Feet,450,0,0.19,30 inches,2,Trish,4p,,Print,Invoiced,Invoiced,2429982,7/29/2025,COCONNOR@FSCO.COM,,,10,
F0008670-1,F0008670,1,Regular (F0008670),F. SCHUMACHER & CO - HUB,,,Bloomsbury,Bloomsbury - 5013680 (LightPink),"BNYNeuKaliss 60"" 315Y",BNY SUBSTRATES,PAPER,"60"" Roll",375 Linear Feet,375,0,0.16,30 inches,2,Glow,4p,,Print,Invoiced,Invoiced,2454117,8/5/2025,COCONNOR@FSCO.COM,,,10,
F0008671-1,F0008671,1,Regular (F0008671),F. SCHUMACHER & CO - HUB,,,Luminaries,Luminaries - 5016012 (Dusk),"BNYNeuKaliss 60"" 315Y",BNY SUBSTRATES,PAPER,"60"" Roll",240 Linear Feet,240,0,0.1,30 inches,2,Trish,4p,,Print,Invoiced,Invoiced,2429983,7/29/2025,COCONNOR@FSCO.COM,,,10,
F0008710-1,F0008710,1,Regular (F0008710),F. SCHUMACHER & CO - HUB,,,White Lotus,White Lotus - 5013664 (SoftBlue),"BNYNeuKaliss 60"" 315Y",BNY SUBSTRATES,PAPER,"60"" Roll",318.9249 Linear Feet,318.9249,0,0.34,30 inches,2,Sasha,4p,,Print,Invoiced,Invoiced,2666569,10/8/2025,SREMSON@PARAMOUNTPRINTS.COM,,,10,
F0008711-1,F0008711,1,Regular (F0008711),F. SCHUMACHER & CO - HUB,,,Franks Garden,Franks Garden - 5016421 (Pink & Green),"BNYNeuKaliss 60"" 315Y",BNY SUBSTRATES,PAPER,"60"" Roll",613.1499 Linear Feet,613.1499,0,0.26,30 inches,2,Trish,4p,,Print,Invoiced,Invoiced,2535285,8/29/2025,SARAH,,,10,
F0008714-1,F0008714,1,Regular (F0008714),F. SCHUMACHER & CO - HUB,,,Gardenia,Gardenia - 5014920 (Flax),"BNYNeuKaliss 60"" 315Y",BNY SUBSTRATES,PAPER,"60"" Roll",114 Linear Feet,114,0,0.05,30 inches,2,Glow,4p,,Print,Invoiced,Invoiced,2429991,7/29/2025,COCONNOR@FSCO.COM,,,10,
F0008872-1,F0008872,1,Regular (F0008872),F. SCHUMACHER & CO - HUB,,,Luminaries,Luminaries - 5016010 (ClearBlue),"BNYNeuKaliss 60"" 315Y",BNY SUBSTRATES,PAPER,"60"" Roll",376.1913 Linear Feet,376.1913,0,0.16,30 inches,2,Sasha,4p,,Print,Invoiced,Invoiced,2446535,8/1/2025,SHELBY,,,10,
F0008875-1,F0008875,1,Regular (F0008875),F. SCHUMACHER & CO - HUB,,,Spot & Star,Spot & Star - 5011172 (Pink),"BNYNeuKaliss 60"" 315Y",BNY SUBSTRATES,PAPER,"60"" Roll",15.15 Linear Feet,15.15,0,0.01,30 inches,2,Glow,4p,,Print,Invoiced,Invoiced,2622805,9/25/2025,SARAH,,,10,
F0008876-1,F0008876,1,Regular (F0008876),F. SCHUMACHER & CO - HUB,,,Torbay,Torbay  - 5011922 (Pink),"BNYNeuKaliss 60"" 315Y",BNY SUBSTRATES,PAPER,"60"" Roll",71.8824 Linear Feet,71.8824,0,0.03,30 inches,2,Sasha,4p,,Print,Invoiced,Invoiced,2506509,8/21/2025,COCONNOR@FSCO.COM,,,10,
F0008877-1,F0008877,1,Regular (F0008877),F. SCHUMACHER & CO - HUB,,,Zoelie,Zoelie - 5014240 (Natural),"BNYNeuKaliss 60"" 315Y",BNY SUBSTRATES,PAPER,"60"" Roll",450 Linear Feet,450,0,0.48,30 inches,2,Trish,4p,,Print,Invoiced,Invoiced,2674375,10/9/2025,BLAWLOR@FSCO.COM,,,10,
F0008999-1,F0008999,1,Regular (F0008999),F. SCHUMACHER & CO - HUB,,,Beasts,Beasts - 5013530 (MultiOnIvory),"BNYNeuKaliss 60"" 315Y",BNY SUBSTRATES,PAPER,"60"" Roll",48 Linear Feet,48,0,0.02,30 inches,2,Sasha,4p,,Print,Invoiced,Invoiced,2599350,9/18/2025,SARAH,,,10,
F0009000-1,F0009000,1,Regular (F0009000),F. SCHUMACHER & CO - HUB,,,White Lotus,White Lotus - 5013662 (DeepYellow),"BNYNeuKaliss 60"" 315Y",BNY SUBSTRATES,PAPER,"60"" Roll",847.5 Linear Feet,847.5,0,0.36,30 inches,2,Sasha,4p,,Print,Invoiced,Invoiced,2589916,9/16/2025,SARAH,,,10,
F0009095-1,F0009095,1,Regular (F0009095),F. SCHUMACHER & CO - HUB,,,Lafayette Botanical,Lafayette Botanical - 5013752 (RossoAntico),"BNYNeuKaliss 60"" 315Y",BNY SUBSTRATES,PAPER,"60"" Roll",182.1 Linear Feet,182.1,0,0.08,30 inches,2,Trish,4p,,Print,Invoiced,Invoiced,2394057,7/16/2025,COCONNOR@FSCO.COM,,,10,
F0009096-1,F0009096,1,Regular (F0009096),F. SCHUMACHER & CO - HUB,,,WABI-SABI,WABI-SABI - 5014590 (LightBeige),"BNYNeuKaliss 60"" 315Y",BNY SUBSTRATES,PAPER,"60"" Roll",439.7334 Linear Feet,439.7334,0,0.19,30 inches,2,Trish,4p,,Print,Invoiced,Invoiced,2617888,9/24/2025,SARAH,,,10,
F0009310-1,F0009310,1,Hospitality (F0009310),F. SCHUMACHER & CO - HOSPITALITY,,,Santa Monica,Santa Monica - 5014371 (Neutral),"BNYNeuKaliss 60"" 315Y",BNY SUBSTRATES,PAPER,"60"" Roll",123 Linear Feet,123,0,0.05,30 inches,2,XIA,300dpi,,Print,Invoiced,Invoiced,2375247,7/10/2025,JEANNE,,,10,
F0009382-1,F0009382,1,Hospitality (F0009382),F. SCHUMACHER & CO - HOSPITALITY,,,Edwin Stripe Medium,Edwin Stripe Medium - 5013612 (Mocha),"BNYNeuKaliss 60"" 315Y",BNY SUBSTRATES,PAPER,"60"" Roll",303 Linear Feet,303,0,0.13,30 inches,2,Trish,4p,,Print,Invoiced,Invoiced,2393837,7/16/2025,SARAH,,,10,
F0009507-1,F0009507,1,Regular (F0009507),F. SCHUMACHER & CO - HUB,,,Rhinestone Cowboy,Rhinestone Cowboy - 5014582 (CleanBlue),"BNYNeuKaliss 60"" 315Y",BNY SUBSTRATES,PAPER,"60"" Roll",345 Linear Feet,345,0,0.15,30 inches,2,Nikki,Other,,Print,Invoiced,Invoiced,,7/11/2025,COCONNOR@FSCO.COM,,,10,
F0009586-1,F0009586,1,Regular (F0009586),F. SCHUMACHER & CO - HUB,,,Affogato,Affogato - 5015571 (Ivory&Carbon),"BNYNeuKaliss 60"" 315Y",BNY SUBSTRATES,PAPER,"60"" Roll",465 Linear Feet,465,0,0.2,30 inches,2,Sasha,4p,,Print,Invoiced,Invoiced,2508625,8/21/2025,SREMSON@PARAMOUNTPRINTS.COM,,,10,
F0009767-1,F0009767,1,Regular (F0009767),F. SCHUMACHER & CO - HUB,,,Ocean Toile,Ocean Toile - 5008721 (Eucalyptus On Linen),"BNYNeuKaliss 60"" 315Y",BNY SUBSTRATES,PAPER,"60"" Roll",195.654 Linear Feet,195.654,0,0.08,30 inches,2,Sasha,4p,,Print,Invoiced,Invoiced,2594473,9/17/2025,XIACHEN,,,10,
F0009776-1,F0009776,1,Regular (F0009776),F. SCHUMACHER & CO - HUB,,,Tiger Palm,Tiger Palm  - 5012922 (Crimson),"BNYNeuKaliss 60"" 315Y",BNY SUBSTRATES,PAPER,"60"" Roll",307.1166 Linear Feet,307.1166,0,0.13,30 inches,2,Glow,4p,,Print,Invoiced,Invoiced,2627815,9/26/2025,SARAH,,,10,
F0010038-1,F0010038,1,Regular (F0010038),F. SCHUMACHER & CO - HUB,,,Ephemera,Ephemera - 5014872 (TealGray),"BNYNeuKaliss 60"" 315Y",BNY SUBSTRATES,PAPER,"60"" Roll",630 Linear Feet,630,0,0.68,30 inches,2,Trish,4p,,Print,Invoiced,Invoiced,2703008,10/17/2025,COCONNOR@FSCO.COM,,,10,
F0010043-1,F0010043,1,Regular (F0010043),F. SCHUMACHER & CO - HUB,,,1975,1975 - 5013672 (LightBeige),"BNYNeuKaliss 60"" 315Y",BNY SUBSTRATES,PAPER,"60"" Roll",90.6 Linear Feet,90.6,0,0.04,30 inches,2,Sasha,4p,,Print,Invoiced,Invoiced,2606912,9/19/2025,COCONNOR@FSCO.COM,,,10,
F0010053-1,F0010053,1,Regular (F0010053),F. SCHUMACHER & CO - HUB,,,Josephine,Josephine  - 5012010 (Blue),"BNYNeuKaliss 60"" 315Y",BNY SUBSTRATES,PAPER,"60"" Roll",268.1499 Linear Feet,268.1499,0,0.11,30 inches,2,Glow,4p,,Print,Invoiced,Invoiced,2535225,8/29/2025,SREMSON@PARAMOUNTPRINTS.COM,,,10,
F0010054-1,F0010054,1,Regular (F0010054),F. SCHUMACHER & CO - HUB,,,Aditi,Aditi  - 5011935 (Blush),"BNYNeuKaliss 60"" 315Y",BNY SUBSTRATES,PAPER,"60"" Roll",438.8175 Linear Feet,438.8175,0,0.19,30 inches,2,Glow,4p,,Print,Invoiced,Invoiced,2631182,9/26/2025,COCONNOR@FSCO.COM,,,10,
F0010237-1,F0010237,1,Regular (F0010237),F. SCHUMACHER & CO - HUB,,,Marigold,Marigold  - 5012071 (Yellow),"BNYNeuKaliss 60"" 315Y",BNY SUBSTRATES,PAPER,"60"" Roll",172.1919 Linear Feet,172.1919,0,0.19,30 inches,2,Sasha,4p,,Print,Invoiced,Invoiced,2676078,10/10/2025,SUSAN,,,10,
F0010392-1,F0010392,1,Regular (F0010392),F. SCHUMACHER & CO - HUB,,,Leaf Bloom,Leaf Bloom - 5016391 (Sky),"BNYNeuKaliss 60"" 315Y",BNY SUBSTRATES,PAPER,"60"" Roll",32.1084 Linear Feet,32.1084,0,0.01,30 inches,2,Trish,4p,,Print,Invoiced,Invoiced,2613439,9/23/2025,SREMSON@PARAMOUNTPRINTS.COM,,,10,
F0010487-1,F0010487,1,Regular (F0008670) (F0010487),F. SCHUMACHER & CO - HUB,,,Bloomsbury,Bloomsbury - 5013680 (LightPink),"BNYNeuKaliss 60"" 315Y",BNY SUBSTRATES,PAPER,"60"" Roll",450 Linear Feet,450,0,0.48,30 inches,2,Flr-2 Table-2,Other,,Print,Invoiced,Invoiced,2489564,8/15/2025,COCONNOR@FSCO.COM,,,10,
F0010508-1,F0010508,1,Regular (F0010508),F. SCHUMACHER & CO - HUB,,,New Beat,New Beat - 5013695 (CARBON),"BNYNeuKaliss 60"" 315Y",BNY SUBSTRATES,PAPER,"60"" Roll",384.0834 Linear Feet,384.0834,0,0.16,30 inches,2,Trish,4p,,Print,Invoiced,Invoiced,2538607,8/29/2025,SHELBY,,,10,
F0010800-1,F0010800,1,Regular (F0010800),F. SCHUMACHER & CO - HUB,,,Edwin Stripe Narrow,Edwin Stripe Narrow - 5013600 (Petal),"BNYNeuKaliss 60"" 315Y",BNY SUBSTRATES,PAPER,"60"" Roll",311.6913 Linear Feet,311.6913,0,0.34,30 inches,2,Sasha,4p,,Print,Invoiced,Invoiced,2680337,10/12/2025,SHELBY,,,10,
F0010822-1,F0010822,1,Regular (F0010822),F. SCHUMACHER & CO - HUB,,,Butcher String,Butcher String - 5014470 (RedandWhiteonIvory),"BNYNeuKaliss 60"" 315Y",BNY SUBSTRATES,PAPER,"60"" Roll",150 Linear Feet,150,0,0.06,30 inches,2,Bianca,300dpi,,Print,Invoiced,Invoiced,2631187,9/26/2025,COCONNOR@FSCO.COM,,,10,
F0010995-1,F0010995,1,TEST ORDER FOR BRYNN,F. SCHUMACHER & CO - HUB,,,1975,1975 - 5013670 (Graphite),"BNYNeuKaliss 60"" 315Y",BNY SUBSTRATES,PAPER,"60"" Roll",60.183 Linear Feet,60.183,0,0.06,30 inches,2,Dakota Kai,300dpi,,Print,Invoiced,Invoiced,2592119,9/16/2025,BLAWLOR@FSCO.COM,,,10,
F0011155-1,F0011155,1,Regular (F0011155),F. SCHUMACHER & CO - HUB,,,Marigold,Marigold  - 5012071 (Yellow),"BNYNeuKaliss 60"" 315Y",BNY SUBSTRATES,PAPER,"60"" Roll",1725 Linear Feet,1725,0,1.85,30 inches,2,Sasha,4p,,Print,Invoiced,Invoiced,2671070,10/9/2025,SUSAN,,,10,
F0011202-1,F0011202,1,Regular (F0006746) (F0010939) (F0011202),F. SCHUMACHER & CO - NEW GOODS,,,Edwin Stripe Medium,Edwin Stripe Medium - 5017641 (Terracotta),"BNYNeuKaliss 60"" 315Y",BNY SUBSTRATES,PAPER,"60"" Roll",90 Linear Feet,90,0,0.04,30 inches,2,Trish,4p,,Print,Invoiced,Invoiced,2627926,9/26/2025,SREMSON@PARAMOUNTPRINTS.COM,,,10,
F0011203-1,F0011203,1,Regular (F0006756) (F0010938) (F0011203),F. SCHUMACHER & CO - NEW GOODS,,,Edwin Stripe Narrow,Edwin Stripe Narrow - 5017633 (Terracotta),"BNYNeuKaliss 60"" 315Y",BNY SUBSTRATES,PAPER,"60"" Roll",90 Linear Feet,90,0,0.04,30 inches,2,Trish,4p,,Print,Invoiced,Invoiced,2627928,9/26/2025,SREMSON@PARAMOUNTPRINTS.COM,,,10,
F0011831-1,F0011831,1,Regular (F0008710) (F0011831),F. SCHUMACHER & CO - HUB,,,White Lotus,White Lotus - 5013664 (SoftBlue),"BNYNeuKaliss 60"" 315Y",BNY SUBSTRATES,PAPER,"60"" Roll",60 Linear Feet,60,0,0.06,30 inches,2,Sasha,4p,,Print,Invoiced,Invoiced,2700969,10/17/2025,COCONNOR@FSCO.COM,,,10,
F0004078-1,F0004078,1,Paper (F0004078),F. SCHUMACHER & CO - NEW GOODS,,,Parvati Floral Stripe,Parvati Floral Stripe 5017331 (Vermillion),"BNYNeuKaliss 60"" 315Y",BNY SUBSTRATES,PAPER,"60"" Roll",450 Linear Feet,450,0,0.19,30 inches,2,Sasha,,,Print,Invoiced,Invoiced,1980663,2/11/2025,COCONNOR@FSCO.COM,,,,
F0004086-1,F0004086,1,Paper (F0004086),F. SCHUMACHER & CO - NEW GOODS,,,Parvati Floral Stripe,Parvati Floral Stripe 5017331 (Vermillion),"BNYNeuKaliss 60"" 315Y",BNY SUBSTRATES,PAPER,"60"" Roll",75 Linear Feet,75,0,0.03,30 inches,2,Sasha,,,Print,Invoiced,Invoiced,1980679,2/11/2025,COCONNOR@FSCO.COM,,,,
F0004088-1,F0004088,1,Paper (F0004088),F. SCHUMACHER & CO - NEW GOODS,,,Lady Lilith,Lady Lilith 5017380 (Olive),"BNYNeuKaliss 60"" 315Y",BNY SUBSTRATES,PAPER,"60"" Roll",450 Linear Feet,450,0,0.19,30 inches,2,Sasha,,,Print,Invoiced,Invoiced,1957869,1/31/2025,COCONNOR@FSCO.COM,,,,
F0004089-1,F0004089,1,Paper (F0004089),F. SCHUMACHER & CO - NEW GOODS,,,Lady Lilith,Lady Lilith 5017382 (Carbon),"BNYNeuKaliss 60"" 315Y",BNY SUBSTRATES,PAPER,"60"" Roll",450 Linear Feet,450,0,0.19,30 inches,2,Sasha,,,Print,Invoiced,Invoiced,1957845,1/31/2025,COCONNOR@FSCO.COM,,,,
F0004090-1,F0004090,1,Paper (F0004090),F. SCHUMACHER & CO - NEW GOODS,,,Lady Lilith,Lady Lilith 5017381 (Off White),"BNYNeuKaliss 60"" 315Y",BNY SUBSTRATES,PAPER,"60"" Roll",450 Linear Feet,450,0,0.19,30 inches,2,Sasha,,,Print,Invoiced,Invoiced,1957876,1/31/2025,COCONNOR@FSCO.COM,,,,
F0004098-1,F0004098,1,Paper (F0004098),F. SCHUMACHER & CO - NEW GOODS,,,BEFORE MIDNIGHT,BEFORE MIDNIGHT 5017362 (LIGHT BEIGE),"BNYNeuKaliss 60"" 315Y",BNY SUBSTRATES,PAPER,"60"" Roll",450 Linear Feet,450,0,0.19,30 inches,2,Sasha,,,Print,Invoiced,Invoiced,1944032,1/24/2025,COCONNOR@FSCO.COM,,,,
F0004099-1,F0004099,1,Paper (F0004099),F. SCHUMACHER & CO - NEW GOODS,,,BEFORE MIDNIGHT,BEFORE MIDNIGHT 5017361 (CHOCOLATE),"BNYNeuKaliss 60"" 315Y",BNY SUBSTRATES,PAPER,"60"" Roll",450 Linear Feet,450,0,0.19,30 inches,2,Sasha,,,Print,Invoiced,Invoiced,1944038,1/24/2025,COCONNOR@FSCO.COM,,,,
F0004100-1,F0004100,1,Paper (F0004100),F. SCHUMACHER & CO - NEW GOODS,,,BEFORE MIDNIGHT,BEFORE MIDNIGHT 5017360 (CHARCOAL),"BNYNeuKaliss 60"" 315Y",BNY SUBSTRATES,PAPER,"60"" Roll",450 Linear Feet,450,0,0.19,30 inches,2,Sasha,,,Print,Invoiced,Invoiced,1944044,1/24/2025,COCONNOR@FSCO.COM,,,,
F0004106-1,F0004106,1,Paper (F0004106),F. SCHUMACHER & CO - NEW GOODS,,,BEFORE MIDNIGHT,BEFORE MIDNIGHT 5017362 (LIGHT BEIGE),"BNYNeuKaliss 60"" 315Y",BNY SUBSTRATES,PAPER,"60"" Roll",75 Linear Feet,75,0,0.03,30 inches,2,Sasha,,,Print,Invoiced,Invoiced,1957792,1/31/2025,COCONNOR@FSCO.COM,,,,
F0004107-1,F0004107,1,Paper (F0004107),F. SCHUMACHER & CO - NEW GOODS,,,BEFORE MIDNIGHT,BEFORE MIDNIGHT 5017361 (CHOCOLATE),"BNYNeuKaliss 60"" 315Y",BNY SUBSTRATES,PAPER,"60"" Roll",75 Linear Feet,75,0,0.03,30 inches,2,Sasha,,,Print,Invoiced,Invoiced,1957799,1/31/2025,COCONNOR@FSCO.COM,,,,
F0004110-1,F0004110,1,Paper (F0004110),F. SCHUMACHER & CO - NEW GOODS,,,Lady Lilith,Lady Lilith 5017381 (Off White),"BNYNeuKaliss 60"" 315Y",BNY SUBSTRATES,PAPER,"60"" Roll",75 Linear Feet,75,0,0.03,30 inches,2,Sasha,,,Print,Invoiced,Invoiced,1957878,1/31/2025,COCONNOR@FSCO.COM,,,,
F0004111-1,F0004111,1,Paper (F0004111),F. SCHUMACHER & CO - NEW GOODS,,,Lady Lilith,Lady Lilith 5017382 (Carbon),"BNYNeuKaliss 60"" 315Y",BNY SUBSTRATES,PAPER,"60"" Roll",75 Linear Feet,75,0,0.03,30 inches,2,Sasha,,,Print,Invoiced,Invoiced,1957848,1/31/2025,COCONNOR@FSCO.COM,,,,
F0004115-1,F0004115,1,Paper (F0004115),F. SCHUMACHER & CO - NEW GOODS,,,ANTOINETTE,ANTOINETTE 5017352 (WARM WHITE),"BNYNeuKaliss 60"" 315Y",BNY SUBSTRATES,PAPER,"60"" Roll",450 Linear Feet,450,0,0.19,30 inches,2,Sasha,,,Print,Invoiced,Invoiced,1944050,1/24/2025,COCONNOR@FSCO.COM,,,,
F0004116-1,F0004116,1,Paper (F0004116),F. SCHUMACHER & CO - NEW GOODS,,,ANTOINETTE,ANTOINETTE 5017350 (ESPRESSO),"BNYNeuKaliss 60"" 315Y",BNY SUBSTRATES,PAPER,"60"" Roll",450 Linear Feet,450,0,0.19,30 inches,2,Sasha,,,Print,Invoiced,Invoiced,1944058,1/24/2025,COCONNOR@FSCO.COM,,,,
F0004117-1,F0004117,1,Paper (F0004117),F. SCHUMACHER & CO - NEW GOODS,,,ANTOINETTE,ANTOINETTE 5017351 (MIST),"BNYNeuKaliss 60"" 315Y",BNY SUBSTRATES,PAPER,"60"" Roll",450 Linear Feet,450,0,0.19,30 inches,2,Sasha,,,Print,Invoiced,Invoiced,1944061,1/24/2025,COCONNOR@FSCO.COM,,,,
F0004137-1,F0004137,1,Paper (F0004137),F. SCHUMACHER & CO - NEW GOODS,,,Lady Lilith,Lady Lilith 5017380 (Olive),"BNYNeuKaliss 60"" 315Y",BNY SUBSTRATES,PAPER,"60"" Roll",75 Linear Feet,75,0,0.03,30 inches,2,Sasha,,,Print,Invoiced,Invoiced,1957872,1/31/2025,COCONNOR@FSCO.COM,,,,
F0004140-1,F0004140,1,Paper (F0004140),F. SCHUMACHER & CO - NEW GOODS,,,ANTOINETTE,ANTOINETTE 5017352 (WARM WHITE),"BNYNeuKaliss 60"" 315Y",BNY SUBSTRATES,PAPER,"60"" Roll",75 Linear Feet,75,0,0.03,30 inches,2,Sasha,,,Print,Invoiced,Invoiced,1957730,1/31/2025,COCONNOR@FSCO.COM,,,,
F0004141-1,F0004141,1,Paper (F0004141),F. SCHUMACHER & CO - NEW GOODS,,,ANTOINETTE,ANTOINETTE 5017351 (MIST),"BNYNeuKaliss 60"" 315Y",BNY SUBSTRATES,PAPER,"60"" Roll",75 Linear Feet,75,0,0.03,30 inches,2,Sasha,,,Print,Invoiced,Invoiced,1957803,1/31/2025,COCONNOR@FSCO.COM,,,,
F0004142-1,F0004142,1,Paper (F0004142),F. SCHUMACHER & CO - NEW GOODS,,,ANTOINETTE,ANTOINETTE 5017350 (ESPRESSO),"BNYNeuKaliss 60"" 315Y",BNY SUBSTRATES,PAPER,"60"" Roll",75 Linear Feet,75,0,0.03,30 inches,2,Sasha,,,Print,Invoiced,Invoiced,1957806,1/31/2025,COCONNOR@FSCO.COM,,,,
F0004647-1,F0004647,1,Regular (F0004647)/S04091,F. SCHUMACHER & CO - HUB,,,Ocean Toile,Ocean Toile - 5008720 (Delft),"BNYNeuKaliss 60"" 315Y",BNY SUBSTRATES,PAPER,"60"" Roll",150 Linear Feet,150,0,0.06,30 inches,2,Sasha,4p,,Print,Invoiced,Invoiced,1980682,2/11/2025,COCONNOR@FSCO.COM,,,,
F0004752-1,F0004752,1,Regular (F0004752)/S03839,F. SCHUMACHER & CO - NEW GOODS,,,BEFORE MIDNIGHT,BEFORE MIDNIGHT 5017360 (CHARCOAL),"BNYNeuKaliss 60"" 315Y",BNY SUBSTRATES,PAPER,"60"" Roll",75 Linear Feet,75,0,0.03,30 inches,2,Sasha,,,Print,Invoiced,Invoiced,1957715,1/31/2025,COCONNOR@FSCO.COM,,,,
F0005402-1,F0005402,1,Regular (F0005402)/S04355,F. SCHUMACHER & CO - HUB,,,Alexander,Alexander - 5014552 (DutchGreen&Slate),"BNYNeuKaliss 60"" 315Y",BNY SUBSTRATES,PAPER,"60"" Roll",420 Linear Feet,420,0,0.18,30 inches,2,Sasha,,,Print,Invoiced,Invoiced,2004771,2/21/2025,COCONNOR@FSCO.COM,,,,
F0005447-1,F0005447,1,Regular (F0005447)/S04380,F. SCHUMACHER & CO - HUB,,,Affogato,Affogato - 5015570 (BlueGray),"BNYNeuKaliss 60"" 315Y",BNY SUBSTRATES,PAPER,"60"" Roll",600 Linear Feet,600,0,0.26,30 inches,2,Sasha,,,Print,Invoiced,Invoiced,1996538,2/19/2025,COCONNOR@FSCO.COM,,,,
F0005657-1,F0005657,1,Regular (F0005657)/S04465,F. SCHUMACHER & CO - HUB,,,Fern,Fern - 5011111 (Sage),"BNYNeuKaliss 60"" 315Y",BNY SUBSTRATES,PAPER,"60"" Roll",300 Linear Feet,300,0,0.13,30 inches,2,Sasha,,,Print,Invoiced,Invoiced,1973171,2/7/2025,COCONNOR@FSCO.COM,,,,
F0005720-1,F0005720,1,Regular (F0005720)/S04482,F. SCHUMACHER & CO - HUB,,,Bird & Bee,Bird & Bee - 5011191 (Pink),"BNYNeuKaliss 60"" 315Y",BNY SUBSTRATES,PAPER,"60"" Roll",450 Linear Feet,450,0,0.19,30 inches,2,Sasha,4p,,Print,Invoiced,Invoiced,,2/14/2025,COCONNOR@FSCO.COM,,,,
F0005726-1,F0005726,1,Regular (F0005726)/S04488,F. SCHUMACHER & CO - HUB,,,Santa Monica,Santa Monica - 5014371 (Neutral),"BNYNeuKaliss 60"" 315Y",BNY SUBSTRATES,PAPER,"60"" Roll",900 Linear Feet,900,0,0.38,30 inches,2,Sasha,4p,,Print,Invoiced,Invoiced,,2/14/2025,COCONNOR@FSCO.COM,,,,
F0005831-1,F0005831,1,Regular (F0005831),F. SCHUMACHER & CO - HUB,,,Beatriz,Beatriz  - 5011942 (Natural),"BNYNeuKaliss 60"" 315Y",BNY SUBSTRATES,PAPER,"60"" Roll",1800 Linear Feet,1800,0,0.77,30 inches,2,Sasha,,,Print,Invoiced,Invoiced,1944020,1/24/2025,COCONNOR@FSCO.COM,,,,
F0005833-1,F0005833,1,Regular (F0005833),F. SCHUMACHER & CO - HUB,,,Thistle,Thistle - 5014950 (Mineral),"BNYNeuKaliss 60"" 315Y",BNY SUBSTRATES,PAPER,"60"" Roll",1800 Linear Feet,1800,0,0.77,30 inches,2,Sasha,,,Print,Invoiced,Invoiced,1973167,2/7/2025,COCONNOR@FSCO.COM,,,,
F0005857-1,F0005857,1,MTO (F0005857),F. SCHUMACHER & CO - MTO,,,Watercolor Stripe,Watercolor Stripe  - 5011571 (Mineral),"BNYNeuKaliss 60"" 315Y",BNY SUBSTRATES,PAPER,"60"" Roll",21602.5 Linear Feet,21602.5,0,9.22,30 inches,2,Bianca,,,Print,Invoiced,Invoiced,1931224,1/17/2025,COCONNOR@FSCO.COM,,,,
F0005862-1,F0005862,1,MTO (F0005862),F. SCHUMACHER & CO - MTO,,,Star Anise,Star Anise - 5014940 (Mink),"BNYNeuKaliss 60"" 315Y",BNY SUBSTRATES,PAPER,"60"" Roll",300.4167 Linear Feet,300.4167,0,0.13,30 inches,2,Sasha,,,Print,Invoiced,Invoiced,1931180,1/17/2025,COCONNOR@FSCO.COM,,,,
F0005871-1,F0005871,1,MTO (F0005871),F. SCHUMACHER & CO - MTO,,,Edwin Stripe Narrow,Edwin Stripe Narrow - 5013602 (Eucalyptus),"BNYNeuKaliss 60"" 315Y",BNY SUBSTRATES,PAPER,"60"" Roll",1350.625 Linear Feet,1350.625,0,0.58,30 inches,2,Bianca,,,Print,Invoiced,Invoiced,1931176,1/17/2025,COCONNOR@FSCO.COM,,,,
F0005906-1,F0005906,1,Regular (F0005906),F. SCHUMACHER & CO - HUB,,,Zoelie,Zoelie - 5014241 (Sky),"BNYNeuKaliss 60"" 315Y",BNY SUBSTRATES,PAPER,"60"" Roll",450 Linear Feet,450,0,0.19,30 inches,2,Sasha,,,Print,Invoiced,Invoiced,1944006,1/24/2025,COCONNOR@FSCO.COM,,,,
F0005908-1,F0005908,1,Regular (F0005908),F. SCHUMACHER & CO - HUB,,,Marigold,Marigold  - 5012070 (Pink),"BNYNeuKaliss 60"" 315Y",BNY SUBSTRATES,PAPER,"60"" Roll",1800 Linear Feet,1800,0,0.77,30 inches,2,Sasha,,,Print,Invoiced,Invoiced,1944089,1/24/2025,COCONNOR@FSCO.COM,,,,
F0005910-1,F0005910,1,Regular (F0005910),F. SCHUMACHER & CO - HUB,,,White Lotus,White Lotus - 5013665 (Cocoa),"BNYNeuKaliss 60"" 315Y",BNY SUBSTRATES,PAPER,"60"" Roll",885 Linear Feet,885,0,0.39,30 inches,2,Glow,,,Print,Invoiced,Invoiced,2102754,4/4/2025,COCONNOR@FSCO.COM,,,,
F0005938-1,F0005938,1,Regular (F0005938),F. SCHUMACHER & CO - HUB,,,Ocean Toile,Ocean Toile - 5008720 (Delft),"BNYNeuKaliss 60"" 315Y",BNY SUBSTRATES,PAPER,"60"" Roll",1875 Linear Feet,1875,0,0.8,30 inches,2,Sasha,4p,,Print,Invoiced,Invoiced,1980680,2/11/2025,COCONNOR@FSCO.COM,,,,
F0005953-1,F0005953,1,MTO (F0005953),F. SCHUMACHER & CO - MTO,,,Leaf Bloom,Leaf Bloom - 5016392 (Neutral),"BNYNeuKaliss 60"" 315Y",BNY SUBSTRATES,PAPER,"60"" Roll",60 Linear Feet,60,0,0.03,30 inches,2,Sasha,,,Print,Invoiced,Invoiced,1944106,1/24/2025,COCONNOR@FSCO.COM,,,,
F0005963-1,F0005963,1,MTO (F0005963),F. SCHUMACHER & CO - MTO,,,Edwin Stripe Narrow,Edwin Stripe Narrow - 5011873 (Butternut),"BNYNeuKaliss 60"" 315Y",BNY SUBSTRATES,PAPER,"60"" Roll",30 Linear Feet,30,0,0.01,30 inches,2,Bianca,,,Print,Invoiced,Invoiced,1943993,1/24/2025,COCONNOR@FSCO.COM,,,,
F0005964-1,F0005964,1,MTO (F0005964),F. SCHUMACHER & CO - MTO,,,Valletta,Valletta - 5013521 (Moonstone),"BNYNeuKaliss 60"" 315Y",BNY SUBSTRATES,PAPER,"60"" Roll",90 Linear Feet,90,0,0.04,30 inches,2,Sasha,4p,,Print,Invoiced,Invoiced,,1/23/2025,JMCDONOUGH2011@GMAIL.COM,,,,
F0006007-1,F0006007,1,MTO (F0006007),F. SCHUMACHER & CO - MTO,,,Edwin Stripe Medium,Edwin Stripe Medium - 5011880 (Sky),"BNYNeuKaliss 60"" 315Y",BNY SUBSTRATES,PAPER,"60"" Roll",45 Linear Feet,45,0,0.02,30 inches,2,Bianca,300dpi,,Print,Invoiced,Invoiced,,1/29/2025,PKEEFER@FSCO.COM,,,,
F0006011-1,F0006011,1,MTO (F0006011),F. SCHUMACHER & CO - MTO,,,Star Anise,Star Anise - 5014940 (Mink),"BNYNeuKaliss 60"" 315Y",BNY SUBSTRATES,PAPER,"60"" Roll",105 Linear Feet,105,0,0.04,30 inches,2,Sasha,,,Print,Invoiced,Invoiced,1957776,1/31/2025,COCONNOR@FSCO.COM,,,,
F0006015-1,F0006015,1,Regular (F0006015),F. SCHUMACHER & CO - HUB,,,Good Dogs Everywhere,Good Dogs Everywhere - 5016130 (BlackWhite),"BNYNeuKaliss 60"" 315Y",BNY SUBSTRATES,PAPER,"60"" Roll",900 Linear Feet,900,0,0.38,30 inches,2,Sasha,4p,,Print,Invoiced,Invoiced,,3/14/2025,COCONNOR@FSCO.COM,,,,
F0006016-1,F0006016,1,MTO (F0006016),F. SCHUMACHER & CO - MTO,,,Edwin Stripe Narrow,Edwin Stripe Narrow - 5011872 (Wheat),"BNYNeuKaliss 60"" 315Y",BNY SUBSTRATES,PAPER,"60"" Roll",30 Linear Feet,30,0,0.01,30 inches,2,Bianca,300dpi,,Print,Invoiced,Invoiced,,1/29/2025,PKEEFER@FSCO.COM,,,,
F0006019-1,F0006019,1,MTO (F0006019),F. SCHUMACHER & CO - MTO,,,Edwin Stripe Narrow,Edwin Stripe Narrow - 5013601 (Straw),"BNYNeuKaliss 60"" 315Y",BNY SUBSTRATES,PAPER,"60"" Roll",75 Linear Feet,75,0,0.03,30 inches,2,Bianca,,,Print,Invoiced,Invoiced,1957814,1/31/2025,COCONNOR@FSCO.COM,,,,
F0006021-1,F0006021,1,MTO (F0006021),F. SCHUMACHER & CO - MTO,,,Watercolor Stripe,Watercolor Stripe  - 5011571 (Mineral),"BNYNeuKaliss 60"" 315Y",BNY SUBSTRATES,PAPER,"60"" Roll",45 Linear Feet,45,0,0.02,30 inches,2,Bianca,300dpi,,Print,Invoiced,Invoiced,,1/29/2025,PKEEFER@FSCO.COM,,,,
F0006023-1,F0006023,1,MTO (F0006023),F. SCHUMACHER & CO - MTO,,,Edwin Stripe Narrow,Edwin Stripe Narrow - 5011870 (Buttercup),"BNYNeuKaliss 60"" 315Y",BNY SUBSTRATES,PAPER,"60"" Roll",30 Linear Feet,30,0,0.01,30 inches,2,Bianca,,,Print,Invoiced,Invoiced,1957780,1/31/2025,COCONNOR@FSCO.COM,,,,
F0006026-1,F0006026,1,MTO (F0006026),F. SCHUMACHER & CO - MTO,,,Edwin Stripe Narrow,Edwin Stripe Narrow - 5011876 (Birch),"BNYNeuKaliss 60"" 315Y",BNY SUBSTRATES,PAPER,"60"" Roll",30 Linear Feet,30,0,0.01,30 inches,2,Bianca,,,Print,Invoiced,Invoiced,1957858,1/31/2025,COCONNOR@FSCO.COM,,,,
F0006034-1,F0006034,1,Regular (F0006034),F. SCHUMACHER & CO - HUB,,,Daisy Chain,Daisy Chain - 5013551 (Green&Pink),"BNYNeuKaliss 60"" 315Y",BNY SUBSTRATES,PAPER,"60"" Roll",450 Linear Feet,450,0,0.19,30 inches,2,Sasha,4p,,Print,Invoiced,Invoiced,,2/19/2025,COCONNOR@FSCO.COM,,,,
F0006088-1,F0006088,1,Regular (F0006088),F. SCHUMACHER & CO - HUB,,,Dedra Damask,Dedra Damask  - 5011762 (Sand&Grey),"BNYNeuKaliss 60"" 315Y",BNY SUBSTRATES,PAPER,"60"" Roll",450 Linear Feet,450,0,0.19,30 inches,2,Sasha,,,Print,Invoiced,Invoiced,1957892,1/31/2025,COCONNOR@FSCO.COM,,,,
F0006098-1,F0006098,1,MTO (F0006098),F. SCHUMACHER & CO - MTO,,,Colline,Colline - 5014222 (Delft&Sepia),"BNYNeuKaliss 60"" 315Y",BNY SUBSTRATES,PAPER,"60"" Roll",45 Linear Feet,45,0,0.02,30 inches,2,Sasha,,,Print,Invoiced,Invoiced,1957829,1/31/2025,COCONNOR@FSCO.COM,,,,
F0006138-1,F0006138,1,MTO (F0006138),F. SCHUMACHER & CO - MTO,,,Edwin Stripe Medium,Edwin Stripe Medium - 5011889 (Leaf),"BNYNeuKaliss 60"" 315Y",BNY SUBSTRATES,PAPER,"60"" Roll",30 Linear Feet,30,0,0.01,30 inches,2,Bianca,,,Print,Invoiced,Invoiced,1957861,1/31/2025,COCONNOR@FSCO.COM,,,,
F0006208-1,F0006208,1,Regular (F0006208),F. SCHUMACHER & CO - HUB,,,Willa Check Small,Willa Check Small - 5012361 (Navy),"BNYNeuKaliss 60"" 315Y",BNY SUBSTRATES,PAPER,"60"" Roll",450 Linear Feet,450,0,0.2,30 inches,2,Trish,,,Print,Invoiced,Invoiced,2162592,4/25/2025,COCONNOR@FSCO.COM,,,,
F0006451-1,F0006451,1,Regular (F0006451),F. SCHUMACHER & CO - NEW GOODS,,,Broderie,Broderie - 5017850 (Bordeaux),"BNYNeuKaliss 60"" 315Y",BNY SUBSTRATES,PAPER,"60"" Roll",90 Linear Feet,90,0,0.04,30 inches,2,Trish,,,Print,Invoiced,Invoiced,2200812,5/9/2025,COCONNOR@FSCO.COM,,,,
F0006466-1,F0006466,1,Regular (F0006466),F. SCHUMACHER & CO - NEW GOODS,,,Nocturnum,Nocturnum - 5017571 (Indigo & Ochre),"BNYNeuKaliss 60"" 315Y",BNY SUBSTRATES,PAPER,"60"" Roll",150 Linear Feet,150,0,0.07,30 inches,2,Trish,,,Print,Invoiced,Invoiced,2200818,5/9/2025,COCONNOR@FSCO.COM,,,,
F0006471-1,F0006471,1,Regular (F0006471),F. SCHUMACHER & CO - NEW GOODS,,,Nocturnum,Nocturnum - 5017571 (Indigo & Ochre),"BNYNeuKaliss 60"" 315Y",BNY SUBSTRATES,PAPER,"60"" Roll",90 Linear Feet,90,0,0.04,30 inches,2,Trish,,,Print,Invoiced,Invoiced,2200821,5/9/2025,COCONNOR@FSCO.COM,,,,
F0006472-1,F0006472,1,Regular (F0006472),F. SCHUMACHER & CO - NEW GOODS,,,Nocturnum,Nocturnum - 5017570 (Ivory & Olive),"BNYNeuKaliss 60"" 315Y",BNY SUBSTRATES,PAPER,"60"" Roll",150 Linear Feet,150,0,0.07,30 inches,2,Trish,,,Print,Invoiced,Invoiced,2200822,5/9/2025,COCONNOR@FSCO.COM,,,,
F0006478-1,F0006478,1,Regular (F0006478),F. SCHUMACHER & CO - NEW GOODS,,,Broderie,Broderie - 5017851 (Cool Green),"BNYNeuKaliss 60"" 315Y",BNY SUBSTRATES,PAPER,"60"" Roll",300 Linear Feet,300,0,0.13,30 inches,2,Trish,,,Print,Invoiced,Invoiced,2200815,5/9/2025,COCONNOR@FSCO.COM,,,,
F0006479-1,F0006479,1,Regular (F0006479),F. SCHUMACHER & CO - NEW GOODS,,,Nocturnum,Nocturnum - 5017570 (Ivory & Olive),"BNYNeuKaliss 60"" 315Y",BNY SUBSTRATES,PAPER,"60"" Roll",90 Linear Feet,90,0,0.04,30 inches,2,Trish,,,Print,Invoiced,Invoiced,2200823,5/9/2025,COCONNOR@FSCO.COM,,,,
F0006481-1,F0006481,1,Regular (F0006481),F. SCHUMACHER & CO - NEW GOODS,,,Broderie,Broderie - 5017851 (Cool Green),"BNYNeuKaliss 60"" 315Y",BNY SUBSTRATES,PAPER,"60"" Roll",90 Linear Feet,90,0,0.04,30 inches,2,Trish,,,Print,Invoiced,Invoiced,2200804,5/9/2025,COCONNOR@FSCO.COM,,,,
F0006483-1,F0006483,1,Regular (F0006483),F. SCHUMACHER & CO - NEW GOODS,,,Broderie,Broderie - 5017850 (Bordeaux),"BNYNeuKaliss 60"" 315Y",BNY SUBSTRATES,PAPER,"60"" Roll",300 Linear Feet,300,0,0.13,30 inches,2,Trish,,,Print,Invoiced,Invoiced,2200816,5/9/2025,COCONNOR@FSCO.COM,,,,
F0006562-1,F0006562,1,Regular (F0006562),F. SCHUMACHER & CO - HUB,,,Aditi,Aditi  - 5011935 (Blush),"BNYNeuKaliss 60"" 315Y",BNY SUBSTRATES,PAPER,"60"" Roll",885 Linear Feet,885,0,0.39,30 inches,2,Glow,,,Print,Invoiced,Invoiced,,4/4/2025,COCONNOR@FSCO.COM,,,,
F0006856-1,F0006856,1,CONTRACT WALLPAPER- WISLEY UNCOATED OLIVE,Serena & Lily,,,Wisely Wallpaper Uncoated,Wisley Wallpaper Uncoated - SLW-WIS-OLINK (Olive),"BNYNeuKaliss 60"" 315Y",BNY SUBSTRATES,PAPER,"60"" Roll",237.9 Linear Feet,237.9,0,0.1,30 inches,2,Glow,4p,,Print,Invoiced,Invoiced,2397144,7/17/2025,ADAM,,,,
F0006977-1,F0006977,1,Regular (F0006977),F. SCHUMACHER & CO - HUB,,,Baudin Butterfly,Baudin Butterfly  - 5010691 (Turquoise),"BNYNeuKaliss 60"" 315Y",BNY SUBSTRATES,PAPER,"60"" Roll",600 Linear Feet,600,0,0.26,30 inches,2,Glow,,,Print,Invoiced,Invoiced,2196129,5/8/2025,COCONNOR@FSCO.COM,,,,
F0007100-1,F0007100,1,MTO (F0007100),F. SCHUMACHER & CO - MTO,,,Star Anise,Star Anise - 5014940 (Mink),"BNYNeuKaliss 60"" 315Y",BNY SUBSTRATES,PAPER,"60"" Roll",63 Linear Feet,63,0,0.03,30 inches,2,Bianca,,,Print,Invoiced,Invoiced,2099755,4/3/2025,COCONNOR@FSCO.COM,,,,
F0007103-1,F0007103,1,MTO (F0007103),F. SCHUMACHER & CO - MTO,,,Edwin Stripe Medium,Edwin Stripe Medium - 5013611 (Straw),"BNYNeuKaliss 60"" 315Y",BNY SUBSTRATES,PAPER,"60"" Roll",63 Linear Feet,63,0,0.03,30 inches,2,Bianca,,,Print,Invoiced,Invoiced,2099764,4/3/2025,COCONNOR@FSCO.COM,,,,
F0007166-1,F0007166,1,MTO (F0007166),F. SCHUMACHER & CO - MTO,,,Edwin Stripe Medium,Edwin Stripe Medium - 5011894 (Blush),"BNYNeuKaliss 60"" 315Y",BNY SUBSTRATES,PAPER,"60"" Roll",123 Linear Feet,123,0,0.05,30 inches,2,Bianca,,,Print,Invoiced,Invoiced,2102982,4/4/2025,COCONNOR@FSCO.COM,,,,
F0007177-1,F0007177,1,MTO (F0007177),F. SCHUMACHER & CO - MTO,,,Edwin Stripe Narrow,Edwin Stripe Narrow - 5013602 (Eucalyptus),"BNYNeuKaliss 60"" 315Y",BNY SUBSTRATES,PAPER,"60"" Roll",93 Linear Feet,93,0,0.04,30 inches,2,Bianca,,,Print,Invoiced,Invoiced,2102976,4/4/2025,COCONNOR@FSCO.COM,,,,
F0007380-1,F0007380,1,Regular (F0007380),F. SCHUMACHER & CO - HUB,,,Drifting Grid,Drifting Grid - 5015611 (Sky),"BNYNeuKaliss 60"" 315Y",BNY SUBSTRATES,PAPER,"60"" Roll",173.4333 Linear Feet,173.4333,0,0.07,30 inches,2,Glow,4p,,Print,Invoiced,Invoiced,2460392,8/7/2025,SHELBY,,,,
F0007946-1,F0007946,1,MTO (F0007946),F. SCHUMACHER & CO - MTO,,,Edwin Stripe Medium,Edwin Stripe Medium - 5011897 (Naturelle),"BNYNeuKaliss 60"" 315Y",BNY SUBSTRATES,PAPER,"60"" Roll",30 Linear Feet,30,0,0.01,30 inches,2,Dakota Kai,,,Print,Invoiced,Invoiced,,5/9/2025,PKEEFER@FSCO.COM,,,,
F0007955-1,F0007955,1,MTO (F0007955),F. SCHUMACHER & CO - MTO,,,Star Anise,Star Anise - 5014940 (Mink),"BNYNeuKaliss 60"" 315Y",BNY SUBSTRATES,PAPER,"60"" Roll",33 Linear Feet,33,0,0.01,30 inches,2,Dakota Kai,,,Print,Invoiced,Invoiced,2204284,5/12/2025,COCONNOR@FSCO.COM,,,,
F0008000-1,F0008000,1,MTO (F0008000),F. SCHUMACHER & CO - MTO,,,Toile de Fleurs,Toile de Fleurs - 5009123 (Pink),"BNYNeuKaliss 60"" 315Y",BNY SUBSTRATES,PAPER,"60"" Roll",123 Linear Feet,123,0,0.05,30 inches,2,Bianca,,,Print,Invoiced,Invoiced,2204293,5/12/2025,COCONNOR@FSCO.COM,,,,
F0008195-1,F0008195,1,MTO (F0008195),F. SCHUMACHER & CO - MTO,,,Edwin Stripe Narrow,Edwin Stripe Narrow - 5011870 (Buttercup),"BNYNeuKaliss 60"" 315Y",BNY SUBSTRATES,PAPER,"60"" Roll",243 Linear Feet,243,0,-0.11,30 inches,2,Glow,,,Print,Invoiced,Invoiced,2229442,5/20/2025,COCONNOR@FSCO.COM,,,,
F0008299-1,F0008299,1,MTO (F0008299),F. SCHUMACHER & CO - MTO,,,Edwin Stripe Narrow,Edwin Stripe Narrow - 5013601 (Straw),"BNYNeuKaliss 60"" 315Y",BNY SUBSTRATES,PAPER,"60"" Roll",33 Linear Feet,33,0,0.01,30 inches,2,Glow,,,Print,Invoiced,Invoiced,2238384,5/22/2025,COCONNOR@FSCO.COM,,,,
F0008449-1,F0008449,1,MTO (F0008161) (F0008449),F. SCHUMACHER & CO - MTO,,,Rhinestone Cowboy,Rhinestone Cowboy - 5014580 (Poppy),"BNYNeuKaliss 60"" 315Y",BNY SUBSTRATES,PAPER,"60"" Roll",183 Linear Feet,183,0,0.08,30 inches,2,Rhonda,300dpi,,Print,Invoiced,Invoiced,,5/23/2025,COCONNOR@FSCO.COM,,,,
F0008475-1,F0008475,1,Regular (F0008475),F. SCHUMACHER & CO - NEW GOODS,,,Tyla Stripe,Tyla Stripe - 5018233 (Butternut),"BNYNeuKaliss 60"" 315Y",BNY SUBSTRATES,PAPER,"60"" Roll",60 Linear Feet,60,0,0.03,30 inches,2,Trish,4p,,Print,Invoiced,Invoiced,2379018,7/11/2025,SARAH,,,,
F0008482-1,F0008482,1,Regular (F0008482),F. SCHUMACHER & CO - NEW GOODS,,,Tyla Stripe,Tyla Stripe - 5018235 (Umber),"BNYNeuKaliss 60"" 315Y",BNY SUBSTRATES,PAPER,"60"" Roll",90 Linear Feet,90,0,0.04,30 inches,2,Trish,4p,,Print,Invoiced,Invoiced,2379021,7/11/2025,SARAH,,,,
F0008483-1,F0008483,1,Regular (F0008483),F. SCHUMACHER & CO - NEW GOODS,,,Tyla Stripe,Tyla Stripe - 5018234 (Indigo),"BNYNeuKaliss 60"" 315Y",BNY SUBSTRATES,PAPER,"60"" Roll",90 Linear Feet,90,0,0.04,30 inches,2,Trish,4p,,Print,Invoiced,Invoiced,2379025,7/11/2025,SARAH,,,,
F0008511-1,F0008511,1,Regular (F0008511),F. SCHUMACHER & CO - NEW GOODS,,,Westerly Stripe,Westerly Stripe - 5018165 (Moss),"BNYNeuKaliss 60"" 315Y",BNY SUBSTRATES,PAPER,"60"" Roll",60 Linear Feet,60,0,0.03,30 inches,2,Trish,4p,,Print,Invoiced,Invoiced,2378992,7/11/2025,COCONNOR@FSCO.COM,,,,
F0008512-1,F0008512,1,Regular (F0008512),F. SCHUMACHER & CO - NEW GOODS,,,Westerly Stripe,Westerly Stripe - 5018163 (Navy),"BNYNeuKaliss 60"" 315Y",BNY SUBSTRATES,PAPER,"60"" Roll",60 Linear Feet,60,0,0.03,30 inches,2,Trish,4p,,Print,Invoiced,Invoiced,2378994,7/11/2025,COCONNOR@FSCO.COM,,,,
F0008513-1,F0008513,1,Regular (F0008513),F. SCHUMACHER & CO - NEW GOODS,,,Westerly Stripe,Westerly Stripe - 5018164 (Marigold),"BNYNeuKaliss 60"" 315Y",BNY SUBSTRATES,PAPER,"60"" Roll",8.9331 Linear Feet,8.9331,0,0,30 inches,2,Trish,4p,,Print,Invoiced,Invoiced,2373726,7/9/2025,COCONNOR@FSCO.COM,,,,
F0008516-1,F0008516,1,Regular (F0008516),F. SCHUMACHER & CO - NEW GOODS,,,Westerly Stripe,Westerly Stripe - 5018166 (Charcoal),"BNYNeuKaliss 60"" 315Y",BNY SUBSTRATES,PAPER,"60"" Roll",90 Linear Feet,90,0,0.04,30 inches,2,Nikki,Other,,Print,Invoiced,Invoiced,,7/11/2025,COCONNOR@FSCO.COM,,,,
F0008518-1,F0008518,1,Regular (F0008518),F. SCHUMACHER & CO - NEW GOODS,,,Westerly Stripe,Westerly Stripe - 5018162 (Blue),"BNYNeuKaliss 60"" 315Y",BNY SUBSTRATES,PAPER,"60"" Roll",60 Linear Feet,60,0,0.03,30 inches,2,Trish,4p,,Print,Invoiced,Invoiced,2379026,7/11/2025,SARAH,,,,
F0009875-1,F0009875,1,Custom MTO (F0009875),F. SCHUMACHER & CO. CUSTOM MTO,,,Custom Tendril Stripe,Custom Tendril Stripe - 850115 (Leaf),"BNYNeuKaliss 60"" 315Y",BNY SUBSTRATES,PAPER,"60"" Roll",93 Linear Feet,93,0,0.04,30 inches,2,EMBER,300dpi,,Print,Invoiced,Invoiced,2453587,8/5/2025,BLAWLOR@FSCO.COM,,,,
F0010282-1,F0010282,1,CONTRACT WALLPAPER (F0006417) (F0010282),Serena & Lily,,,Windermere Wallpaper (Neutral),Windermere Wallpaper SLW-WIN-NEU (Neutral),"BNYNeuKaliss 60"" 315Y",BNY SUBSTRATES,PAPER,"60"" Roll",4185 Linear Feet,4185,0,1.79,30 inches,2,Glow,4p,,Print,Invoiced,Invoiced,2530425,8/28/2025,ADAM,,,,
F0010472-1,F0010472,1,Custom MTO (F0010472),F. SCHUMACHER & CO. CUSTOM MTO,,,Custom Twiggy,Custom Twiggy - 850183 (Blush),"BNYNeuKaliss 60"" 315Y",BNY SUBSTRATES,PAPER,"60"" Roll",33 Linear Feet,33,0,0.01,30 inches,2,LASH,300dpi,,Print,Invoiced,Invoiced,2554679,9/5/2025,SARAH,,,,
F0010685-1,F0010685,1,CONTRACT WALLPAPER (F0006417) (F0010282) (F0010685),Serena & Lily,,,Windermere Wallpaper (Olive),Windermere Wallpaper SLW-WIN-OLI (Olive),"BNYNeuKaliss 60"" 315Y",BNY SUBSTRATES,PAPER,"60"" Roll",279.7251 Linear Feet,279.7251,0,0.12,30 inches,2,Glow,4p,,Print,Invoiced,Invoiced,2544826,9/3/2025,COCONNOR@FSCO.COM,,,,
F0010757-1,F0010757,1,Custom MTO (F0010757),F. SCHUMACHER & CO. CUSTOM MTO,,,Custom Jaipur Mughal Flower,Custom Jaipur Mughal Flower - 850192 (Blue),"BNYNeuKaliss 60"" 315Y",BNY SUBSTRATES,PAPER,"60"" Roll",93 Linear Feet,93,0,0.1,30 inches,2,Bianca,300dpi,,Print,Invoiced,Invoiced,2642308,10/1/2025,SREMSON@PARAMOUNTPRINTS.COM,,,,
F0010869-1,F0010869,1,CONTRACT WALLPAPER (F0006417) (F0010282) (F0010869),Serena & Lily,,,Windermere Wallpaper (Vintage Indigo),Windermere Wallpaper SLW-WIN-VIN (Vintage Indigo),"BNYNeuKaliss 60"" 315Y",BNY SUBSTRATES,PAPER,"60"" Roll",244.9563 Linear Feet,244.9563,0,0.1,30 inches,2,Sasha,4p,,Print,Invoiced,Invoiced,2574432,9/11/2025,SARAH,,,,
F0010963-1,F0010963,1,Custom MTO (F0010963),F. SCHUMACHER & CO. CUSTOM MTO,,,Custom Gardenia,Custom Gardenia - 850217 (Rose),"BNYNeuKaliss 60"" 315Y",BNY SUBSTRATES,PAPER,"60"" Roll",48 Linear Feet,48,0,0.05,30 inches,2,LASH,300dpi,,Print,Invoiced,Invoiced,2685040,10/14/2025,SARAH,,,,
F0011755-1,F0011755,1,Custom MTO (F0010757) (F0011755),F. SCHUMACHER & CO. CUSTOM MTO,,,Custom Jaipur Mughal Flower,Custom Jaipur Mughal Flower - 850192 (Blue),"BNYNeuKaliss 60"" 315Y",BNY SUBSTRATES,PAPER,"60"" Roll",93 Linear Feet,93,0,0.1,30 inches,2,LASH,300dpi,,Print,Invoiced,Invoiced,2700333,10/17/2025,COCONNOR@FSCO.COM,,,,
F0009393-1,F0009393,1,Engineered Wings (F0009393),F. SCHUMACHER & CO. PARAMOUNT HANDPRINTS,,,"Palazzo 4 Panel Set Eng. Wings 72""","Palazzo 4 Panel Set Eng. Wings 72"" - ENG5018110W-72-BNY (Antique Blue)","BNYNeuKaliss 60"" 315Y",BNY SUBSTRATES,PAPER,"60"" Roll",27 Linear Feet,27,0,0.01,30 inches,2,Trish,4p,,Print,Invoiced,Invoiced,2387194,7/15/2025,COCONNOR@FSCO.COM,,,2,
F0009394-1,F0009394,1,Engineered Wings (F0009394),F. SCHUMACHER & CO. PARAMOUNT HANDPRINTS,,,"Palazzo 4 Panel Set Eng. Wings 60""","Palazzo 4 Panel Set Eng. Wings 60"" - ENG5018110W-60-BNY (Antique Blue)","BNYNeuKaliss 60"" 315Y",BNY SUBSTRATES,PAPER,"60"" Roll",15 Linear Feet,15,0,0.01,30 inches,2,Trish,4p,,Print,Invoiced,Invoiced,2387191,7/15/2025,COCONNOR@FSCO.COM,,,1.5,
F0006035-1,F0006035,1,Panel (F0006035),F. SCHUMACHER & CO - HUB,,,Terra Panel Set,Terra Panel Set - 5014700 (Jade),"BNYNeuKaliss 60"" 315Y",BNY SUBSTRATES,PAPER,"60"" Roll",56.1003 Linear Feet,56.1003,0,0.02,60 inches,1,Sasha,4p,,Print,Invoiced,Invoiced,2424266,7/25/2025,SHELBY,,,9,
F0006091-1,F0006091,1,Panel (F0006091),F. SCHUMACHER & CO - HUB,,,Bamboo Trellis Panel A,Bamboo Trellis Panel A - 5014390 (Green),"BNYNeuKaliss 60"" 315Y",BNY SUBSTRATES,PAPER,"60"" Roll",312 Linear Feet,312,0,0.14,60 inches,1,Sasha,4p,,Print,Invoiced,Invoiced,2492504,8/16/2025,COCONNOR@FSCO.COM,,,4,
F0006293-1,F0006293,1,Panel (F0006293),F. SCHUMACHER & CO - NEW GOODS,,,Madame De Pompadour Panel Set,Madame De Pompadour Panel Set - 5008546 (Natural),"BNYNeuKaliss 60"" 315Y",BNY SUBSTRATES,PAPER,"60"" Roll",295.7658 Linear Feet,295.7658,0,0.13,60 inches,1,Trish,4p,,Print,Invoiced,Invoiced,2631031,9/26/2025,COCONNOR@FSCO.COM,,,8,
F0006586-1,F0006586,1,Panel (F0006586),F. SCHUMACHER & CO - HUB,,,Brighton Pavilion Panel,Brighton Pavilion Panel - 5007746 (Alabaster),"BNYNeuKaliss 60"" 315Y",BNY SUBSTRATES,PAPER,"60"" Roll",600 Linear Feet,600,0,0.26,60 inches,1,Glow,4p,,Print,Invoiced,Invoiced,2456278,8/6/2025,COCONNOR@FSCO.COM,,,4,
F0007563-1,F0007563,1,Panel (F0007563),F. SCHUMACHER & CO - HUB,,,La Foret 3 Panel Set,La Foret 3 Panel Set - 5016823 (Oyster Forest),"BNYNeuKaliss 60"" 315Y",BNY SUBSTRATES,PAPER,"60"" Roll",116.5584 Linear Feet,116.5584,0,0.05,60 inches,1,Sasha,4p,,Print,Invoiced,Invoiced,2439456,7/31/2025,JEANNE,,,16,
F0007565-1,F0007565,1,Panel (F0007565),F. SCHUMACHER & CO - HUB,,,Victoria Panel Set,Victoria Panel Set - 5015401 (Stone),"BNYNeuKaliss 60"" 315Y",BNY SUBSTRATES,PAPER,"60"" Roll",247.3752 Linear Feet,247.3752,0,0.11,60 inches,1,Sasha,4p,,Print,Invoiced,Invoiced,2473769,8/12/2025,COCONNOR@FSCO.COM,,,8,
F0008125-1,F0008125,1,Panel (F0008125),F. SCHUMACHER & CO - HUB,,,Orissa Panel,Orissa Panel - 5011451 (Blue&Natural),"BNYNeuKaliss 60"" 315Y",BNY SUBSTRATES,PAPER,"60"" Roll",480 Linear Feet,480,0,0.2,60 inches,1,Trish,4p,,Print,Invoiced,Invoiced,2468005,8/8/2025,COCONNOR@FSCO.COM,,,4,
F0008127-1,F0008127,1,Panel (F0008127),F. SCHUMACHER & CO - HUB,,,Steps Panel Set,Steps Panel Set - 5011100 (Sky&Saddle),"BNYNeuKaliss 60"" 315Y",BNY SUBSTRATES,PAPER,"60"" Roll",53.1003 Linear Feet,53.1003,0,0.02,60 inches,1,Sasha,4p,,Print,Invoiced,Invoiced,2424272,7/25/2025,SHELBY,,,8,
F0008129-1,F0008129,1,Panel (F0008129),F. SCHUMACHER & CO - HUB,,,Pascal Campion's New York Skyline Panel Set,Pascal Campion's New York Skyline Panel Set - 5016191 (Blush),"BNYNeuKaliss 60"" 315Y",BNY SUBSTRATES,PAPER,"60"" Roll",599.6331 Linear Feet,599.6331,0,0.26,60 inches,1,Trish,4p,,Print,Invoiced,Invoiced,2468008,8/8/2025,COCONNOR@FSCO.COM,,,20,
F0008192-1,F0008192,1,Panel (F0008192),F. SCHUMACHER & CO - HUB,,,Les Oiseaux Panel Set,Les Oiseaux Panel Set - 5015150 (Sky),"BNYNeuKaliss 60"" 315Y",BNY SUBSTRATES,PAPER,"60"" Roll",4464 Linear Feet,4464,0,1.97,60 inches,1,Brie,Other,,Print,Invoiced,Invoiced,,7/11/2025,COCONNOR@FSCO.COM,,,12,
F0008198-1,F0008198,1,Panel (F0008198),F. SCHUMACHER & CO - HUB,,,Amaltas Panel Set,Amaltas Panel Set - 5012331 (Document),"BNYNeuKaliss 60"" 315Y",BNY SUBSTRATES,PAPER,"60"" Roll",310.6584 Linear Feet,310.6584,0,0.33,60 inches,1,Trish,4p,,Print,Invoiced,Invoiced,2707471,10/20/2025,COCONNOR@FSCO.COM,,,8,
F0008221-1,F0008221,1,Panel (F0008221),F. SCHUMACHER & CO - HUB,,,Orla Panel,Orla Panel - 5012151 (Blue),"BNYNeuKaliss 60"" 315Y",BNY SUBSTRATES,PAPER,"60"" Roll",2.1216 Linear Feet,2.1216,0,0,60 inches,1,Chyna,300dpi,,Print,Invoiced,Invoiced,2489782,8/15/2025,COCONNOR@FSCO.COM,,,4,
F0008302-1,F0008302,1,Engineered Wings (F0008302),F. SCHUMACHER & CO - NEW GOODS,,,"Promenade 4 Panel Set Eng. Wings 72""","Promenade 4 Panel Set Eng. Wings 72"" - ENG5018120W-72 (Multi Vert (Document/Grisaille))","BNYNeuKaliss 60"" 315Y",BNY SUBSTRATES,PAPER,"60"" Roll",54 Linear Feet,54,0,0.02,60 inches,1,Glow,4p,,Print,Invoiced,Invoiced,2512201,8/22/2025,XIACHEN,,,2,
F0008320-1,F0008320,1,Panel (F0008320),F. SCHUMACHER & CO - NEW GOODS,,,Promenade 4 Panel Set,Promenade 4 Panel Set - 5018121 (Grisaille),"BNYNeuKaliss 60"" 315Y",BNY SUBSTRATES,PAPER,"60"" Roll",74.2251 Linear Feet,74.2251,0,0.03,60 inches,1,Glow,4p,,Print,Invoiced,Invoiced,2489771,8/15/2025,COCONNOR@FSCO.COM,,,21.33,
F0008322-1,F0008322,1,Panel (F0008322),F. SCHUMACHER & CO - NEW GOODS,,,Promenade 4 Panel Set,Promenade 4 Panel Set - 5018120 (Document),"BNYNeuKaliss 60"" 315Y",BNY SUBSTRATES,PAPER,"60"" Roll",423.1176 Linear Feet,423.1176,0,0.18,60 inches,1,Glow,4p,,Print,Invoiced,Invoiced,2508773,8/21/2025,COCONNOR@FSCO.COM,,,21.33,
F0008673-1,F0008673,1,Panel (F0008673),F. SCHUMACHER & CO - HUB,,,Amaltas Panel Set,Amaltas Panel Set - 5012330 (Blue&Red),"BNYNeuKaliss 60"" 315Y",BNY SUBSTRATES,PAPER,"60"" Roll",127.8834 Linear Feet,127.8834,0,0.05,60 inches,1,Sasha,4p,,Print,Invoiced,Invoiced,2630952,9/26/2025,COCONNOR@FSCO.COM,,,8,
F0008742-1,F0008742,1,MTO (F0008742),F. SCHUMACHER & CO - MTO,,,Bar Palladio 2 Panel Set,Bar Palladio 2 Panel Set - 5016831 (Sky),"BNYNeuKaliss 60"" 315Y",BNY SUBSTRATES,PAPER,"60"" Roll",29.0983 Linear Feet,29.0983,0,0.01,60 inches,1,Nikki,Other,,Print,Invoiced,Invoiced,,7/16/2025,PKEEFER@FSCO.COM,,,10.6,
F0008970-1,F0008970,1,MTO (F0008970),F. SCHUMACHER & CO - MTO,,,Shell Grotto Panel,Shell Grotto Panel - 5015165 (Seafoam),"BNYNeuKaliss 60"" 315Y",BNY SUBSTRATES,PAPER,"60"" Roll",8.1003 Linear Feet,8.1003,0,0,60 inches,1,Dakota Kai,300dpi,,Print,Invoiced,Invoiced,2424277,7/25/2025,SHELBY,,,4,
F0008995-1,F0008995,1,Panel (F0008995),F. SCHUMACHER & CO - HUB,,,La Foret 3 Panel Set,La Foret 3 Panel Set - 5016822 (Antique Blue Forest),"BNYNeuKaliss 60"" 315Y",BNY SUBSTRATES,PAPER,"60"" Roll",108 Linear Feet,108,0,0.05,60 inches,1,Sasha,4p,,Print,Invoiced,Invoiced,2524858,8/27/2025,ADAM,,,16,
F0009081-1,F0009081,1,MTO (F0009081),F. SCHUMACHER & CO - MTO,,,La Foret 3 Panel Set,La Foret 3 Panel Set - 5016823 (Oyster Forest),"BNYNeuKaliss 60"" 315Y",BNY SUBSTRATES,PAPER,"60"" Roll",480 Linear Feet,480,0,0.2,60 inches,1,Sasha,4p,,Print,Invoiced,Invoiced,2439457,7/31/2025,JEANNE,,,16,
F0009097-1,F0009097,1,Panel (F0009097),F. SCHUMACHER & CO - HUB,,,Desert Scape Panel Set,Desert Scape Panel Set - 5014611 (Mojave),"BNYNeuKaliss 60"" 315Y",BNY SUBSTRATES,PAPER,"60"" Roll",213.4263 Linear Feet,213.4263,0,0.09,60 inches,1,Trish,4p,,Print,Invoiced,Invoiced,2569561,9/10/2025,XIACHEN,,,16,
F0009099-1,F0009099,1,Panel (F0009099),F. SCHUMACHER & CO - HUB,,,Kobai Panel Set,Kobai Panel Set - 5011460 (Mineral),"BNYNeuKaliss 60"" 315Y",BNY SUBSTRATES,PAPER,"60"" Roll",16.92 Linear Feet,16.92,0,0.01,60 inches,1,Nikki,Other,,Print,Invoiced,Invoiced,,8/8/2025,COCONNOR@FSCO.COM,,,6,
F0009262-1,F0009262,1,MTO (F0009262),F. SCHUMACHER & CO - MTO,,,Swedish Manor Panel,Swedish Manor Panel - 5015171 (White),"BNYNeuKaliss 60"" 315Y",BNY SUBSTRATES,PAPER,"60"" Roll",24 Linear Feet,24,0,0.01,60 inches,1,EMBER,300dpi,,Print,Invoiced,Invoiced,2460403,8/7/2025,SHELBY,,,4,
F0009290-1,F0009290,1,Panel (F0009290),F. SCHUMACHER & CO - HUB,,,SPOTSWOOD CREWEL 2 PANEL SET,SPOTSWOOD CREWEL 2 PANEL SET 5017320 (MULTI),"BNYNeuKaliss 60"" 315Y",BNY SUBSTRATES,PAPER,"60"" Roll",155.5737 Linear Feet,155.5737,0,0.07,60 inches,1,Glow,4p,,Print,Invoiced,Invoiced,2569639,9/10/2025,SREMSON@PARAMOUNTPRINTS.COM,,,9.33,
F0009304-1,F0009304,1,MTO (F0009304),F. SCHUMACHER & CO - MTO,,,Shell Grotto Panel,Shell Grotto Panel - 5015161 (Sand),"BNYNeuKaliss 60"" 315Y",BNY SUBSTRATES,PAPER,"60"" Roll",72 Linear Feet,72,0,0.03,60 inches,1,XIA,300dpi,,Print,Invoiced,Invoiced,2460389,8/7/2025,SHELBY,,,4,
F0009318-1,F0009318,1,MTO (F0009318),F. SCHUMACHER & CO - MTO,,,Shell Grotto Panel,Shell Grotto Panel - 5015167 (Coral),"BNYNeuKaliss 60"" 315Y",BNY SUBSTRATES,PAPER,"60"" Roll",60 Linear Feet,60,0,0.03,60 inches,1,Bianca,300dpi,,Print,Invoiced,Invoiced,2439743,7/31/2025,PKEEFER@FSCO.COM,,,4,
F0009363-1,F0009363,1,Custom MTO (F0009363),F. SCHUMACHER & CO. CUSTOM MTO,,,Custom Bisou Panel Set,Custom Bisou Panel Set - 850148 (Mineral),"BNYNeuKaliss 60"" 315Y",BNY SUBSTRATES,PAPER,"60"" Roll",56.0001 Linear Feet,56.0001,0,0.02,60 inches,1,Dakota Kai,300dpi,,Print,Invoiced,Invoiced,2442086,7/31/2025,COCONNOR@FSCO.COM,,,4.67,
F0009368-1,F0009368,1,Custom MTO (F0009368),F. SCHUMACHER & CO. CUSTOM MTO,,,Custom Les Oiseaux Panel Set SKO,Custom Les Oiseaux Panel Set SKO - SKO850190 (Parchment),"BNYNeuKaliss 60"" 315Y",BNY SUBSTRATES,PAPER,"60"" Roll",3 Linear Feet,3,0,0,60 inches,1,Bianca,300dpi,,Print,Invoiced,Invoiced,2419685,7/24/2025,JEANNE,,,1,
F0009369-1,F0009369,1,Custom MTO (F0009369),F. SCHUMACHER & CO. CUSTOM MTO,,,Custom Madame de Pompadour Panel Set SKO,Custom Madame de Pompadour Panel Set SKO - SKO850191 (Green),"BNYNeuKaliss 60"" 315Y",BNY SUBSTRATES,PAPER,"60"" Roll",3 Linear Feet,3,0,0,60 inches,1,Nikki,Other,,Print,Invoiced,Invoiced,,7/25/2025,PKEEFER@FSCO.COM,,,1,
F0009390-1,F0009390,1,Panel (F0009390),F. SCHUMACHER & CO. PARAMOUNT HANDPRINTS,,,Palazzo 4 Panel Set,Palazzo 4 Panel Set - 5018110-BNY (Antique Blue),"BNYNeuKaliss 60"" 315Y",BNY SUBSTRATES,PAPER,"60"" Roll",1980 Linear Feet,1980,0,0.87,60 inches,1,Trish,4p,,Print,Invoiced,Invoiced,2381707,7/11/2025,COCONNOR@FSCO.COM,,,20,
F0009408-1,F0009408,1,MTO (F0009408),F. SCHUMACHER & CO - MTO,,,Chinois Palais Panel,Chinois Palais Panel - 5007122 (Neutral),"BNYNeuKaliss 60"" 315Y",BNY SUBSTRATES,PAPER,"60"" Roll",156 Linear Feet,156,0,0.07,60 inches,1,XIA,300dpi,,Print,Invoiced,Invoiced,2468002,8/8/2025,COCONNOR@FSCO.COM,,,4,
F0009419-1,F0009419,1,MTO (F0009017) (F0009419),F. SCHUMACHER & CO - MTO,,,Kobai Panel Set,Kobai Panel Set - 5011460 (Mineral),"BNYNeuKaliss 60"" 315Y",BNY SUBSTRATES,PAPER,"60"" Roll",108 Linear Feet,108,0,0.05,60 inches,1,Nikki,Other,,Print,Invoiced,Invoiced,,7/15/2025,PKEEFER@FSCO.COM,,,6,
F0009539-1,F0009539,1,Panel (F0009539),F. SCHUMACHER & CO - HUB,,,Les Oiseaux Panel Set,Les Oiseaux Panel Set - 5015151 (Ivory),"BNYNeuKaliss 60"" 315Y",BNY SUBSTRATES,PAPER,"60"" Roll",79.6167 Linear Feet,79.6167,0,0.03,60 inches,1,Sasha,4p,,Print,Invoiced,Invoiced,2538196,8/29/2025,SHELBY,,,12,
F0009545-1,F0009545,1,Panel (F0009545),F. SCHUMACHER & CO - HUB,,,Gambit Panel,Gambit Panel - 5014262 (Sage&DeepGreen),"BNYNeuKaliss 60"" 315Y",BNY SUBSTRATES,PAPER,"60"" Roll",68.3976 Linear Feet,68.3976,0,0.03,60 inches,1,Sasha,4p,,Print,Invoiced,Invoiced,2510202,8/22/2025,SREMSON@PARAMOUNTPRINTS.COM,,,5,
F0009546-1,F0009546,1,Panel (F0009546),F. SCHUMACHER & CO - HUB,,,Madame De Pompadour Panel Set,Madame De Pompadour Panel Set - 5008542 (Blush),"BNYNeuKaliss 60"" 315Y",BNY SUBSTRATES,PAPER,"60"" Roll",99.7749 Linear Feet,99.7749,0,0.04,60 inches,1,Sasha,4p,,Print,Invoiced,Invoiced,2453585,8/5/2025,BLAWLOR@FSCO.COM,,,8,
F0009550-1,F0009550,1,Panel (F0009550),F. SCHUMACHER & CO - HUB,,,Madame De Pompadour Panel Set,Madame De Pompadour Panel Set - 5008541 (Aqua),"BNYNeuKaliss 60"" 315Y",BNY SUBSTRATES,PAPER,"60"" Roll",249 Linear Feet,249,0,0.11,60 inches,1,Trish,4p,,Print,Invoiced,Invoiced,2519607,8/26/2025,XIACHEN,,,8,
F0009570-1,F0009570,1,Panel (F0008192) (F0009570),F. SCHUMACHER & CO - HUB,,,Les Oiseaux Panel Set,Les Oiseaux Panel Set - 5015150 (Sky),"BNYNeuKaliss 60"" 315Y",BNY SUBSTRATES,PAPER,"60"" Roll",4536 Linear Feet,4536,0,2,60 inches,1,Brie,Other,,Print,Invoiced,Invoiced,,7/11/2025,COCONNOR@FSCO.COM,,,12,
F0009579-1,F0009579,1,Panel (F0009579),F. SCHUMACHER & CO - HUB,,,Chinois Palais Panel,Chinois Palais Panel - 5007127 (Noir),"BNYNeuKaliss 60"" 315Y",BNY SUBSTRATES,PAPER,"60"" Roll",101.4213 Linear Feet,101.4213,0,0.04,60 inches,1,Sasha,4p,,Print,Invoiced,Invoiced,2605207,9/19/2025,BLAWLOR@FSCO.COM,,,4,
F0009582-1,F0009582,1,Panel (F0009582),F. SCHUMACHER & CO - HUB,,,Victoria Panel Set,Victoria Panel Set - 5015400 (Mineral),"BNYNeuKaliss 60"" 315Y",BNY SUBSTRATES,PAPER,"60"" Roll",276.1113 Linear Feet,276.1113,0,0.3,60 inches,1,Sasha,4p,,Print,Invoiced,Invoiced,2696481,10/16/2025,COCONNOR@FSCO.COM,,,8,
F0009772-1,F0009772,1,Panel (F0009772),F. SCHUMACHER & CO - HUB,,,Chaucer's Forest Panel Set,Chaucer's Forest Panel Set - 5013291 (Alabaster),"BNYNeuKaliss 60"" 315Y",BNY SUBSTRATES,PAPER,"60"" Roll",576 Linear Feet,576,0,0.25,60 inches,1,Glow,4p,,Print,Invoiced,Invoiced,2569637,9/10/2025,SREMSON@PARAMOUNTPRINTS.COM,,,8,
F0009782-1,F0009782,1,Custom MTO (F0009782),F. SCHUMACHER & CO. CUSTOM MTO,,,Custom Les Oiseaux Panel Set,Custom Les Oiseaux Panel Set - 850182 (Jade),"BNYNeuKaliss 60"" 315Y",BNY SUBSTRATES,PAPER,"60"" Roll",5.0115 Linear Feet,5.0115,0,0,60 inches,1,Bianca,300dpi,,Print,Invoiced,Invoiced,2489789,8/15/2025,COCONNOR@FSCO.COM,,,8.75,
F0009793-1,F0009793,1,MTO (F0009793),F. SCHUMACHER & CO - MTO,,,Madame De Pompadour Panel Set,Madame De Pompadour Panel Set - 5008542 (Blush),"BNYNeuKaliss 60"" 315Y",BNY SUBSTRATES,PAPER,"60"" Roll",120 Linear Feet,120,0,0.05,60 inches,1,Sasha,4p,,Print,Invoiced,Invoiced,2453588,8/5/2025,BLAWLOR@FSCO.COM,,,8,
F0009840-1,F0009840,1,MTO (F0009840),F. SCHUMACHER & CO - MTO,,,Villa Panel,Villa Panel - 5009910 (Dove),"BNYNeuKaliss 60"" 315Y",BNY SUBSTRATES,PAPER,"60"" Roll",96 Linear Feet,96,0,0.04,60 inches,1,Dakota Kai,300dpi,,Print,Invoiced,Invoiced,2488730,8/15/2025,PKEEFER@FSCO.COM,,,4,
F0009841-1,F0009841,1,MTO (F0009841),F. SCHUMACHER & CO - MTO,,,Birdsong 3 Panel Set,Birdsong 3 Panel Set - 5017110 (Carbon),"BNYNeuKaliss 60"" 315Y",BNY SUBSTRATES,PAPER,"60"" Roll",182.1216 Linear Feet,182.1216,0,0.08,60 inches,1,Trish,4p,,Print,Invoiced,Invoiced,2489788,8/15/2025,COCONNOR@FSCO.COM,,,16,
F0009851-1,F0009851,1,Custom MTO (F0009851),F. SCHUMACHER & CO. CUSTOM MTO,,,Custom Citrus Blossom 2 Panel Set,Custom Citrus Blossom 2 Panel Set - 850203 (Blush),"BNYNeuKaliss 60"" 315Y",BNY SUBSTRATES,PAPER,"60"" Roll",111.9999 Linear Feet,111.9999,0,0.05,60 inches,1,Dakota Kai,300dpi,,Print,Invoiced,Invoiced,2460401,8/7/2025,SHELBY,,,9.33,
F0009861-1,F0009861,1,MTO (F0009861),F. SCHUMACHER & CO - MTO,,,Birdsong 3 Panel Set,Birdsong 3 Panel Set - 5017110 (Carbon),"BNYNeuKaliss 60"" 315Y",BNY SUBSTRATES,PAPER,"60"" Roll",332.3784 Linear Feet,332.3784,0,0.14,60 inches,1,Trish,4p,,Print,Invoiced,Invoiced,2489790,8/15/2025,COCONNOR@FSCO.COM,,,16,
F0009886-1,F0009886,1,MTO (F0009886),F. SCHUMACHER & CO - MTO,,,Kobai Panel Set,Kobai Panel Set - 5011460 (Mineral),"BNYNeuKaliss 60"" 315Y",BNY SUBSTRATES,PAPER,"60"" Roll",27.7749 Linear Feet,27.7749,0,0.01,60 inches,1,Trish,4p,,Print,Invoiced,Invoiced,2452131,8/5/2025,XIACHEN,,,6,
F0010016-1,F0010016,1,Custom MTO (F0010016),F. SCHUMACHER & CO. CUSTOM MTO,,,Custom Forest Hills Panel Set,Custom Forest Hills Panel Set - 850066 (Sky),"BNYNeuKaliss 60"" 315Y",BNY SUBSTRATES,PAPER,"60"" Roll",5.6247 Linear Feet,5.6247,0,0,60 inches,1,Bianca,300dpi,,Print,Invoiced,Invoiced,2485201,8/14/2025,BLAWLOR@FSCO.COM,,,11.78,
F0010028-1,F0010028,1,Panel (F0010028),F. SCHUMACHER & CO - HUB,,,Les Oiseaux Panel Set,Les Oiseaux Panel Set - 5015154 (Blush),"BNYNeuKaliss 60"" 315Y",BNY SUBSTRATES,PAPER,"60"" Roll",116.7918 Linear Feet,116.7918,0,0.05,60 inches,1,Sasha,4p,,Print,Invoiced,Invoiced,2499596,8/19/2025,COCONNOR@FSCO.COM,,,12,
F0010061-1,F0010061,1,MTO (F0010061),F. SCHUMACHER & CO - MTO,,,Gambit Panel,Gambit Panel - 5014262 (Sage&DeepGreen),"BNYNeuKaliss 60"" 315Y",BNY SUBSTRATES,PAPER,"60"" Roll",390 Linear Feet,390,0,0.17,60 inches,1,Sasha,4p,,Print,Invoiced,Invoiced,2510200,8/22/2025,SREMSON@PARAMOUNTPRINTS.COM,,,5,
F0010062-1,F0010062,1,MTO (F0010062),F. SCHUMACHER & CO - MTO,,,Kobai Panel Set,Kobai Panel Set - 5011460 (Mineral),"BNYNeuKaliss 60"" 315Y",BNY SUBSTRATES,PAPER,"60"" Roll",72 Linear Feet,72,0,0.03,60 inches,1,Trish,4p,,Print,Invoiced,Invoiced,2452133,8/5/2025,XIACHEN,,,6,
F0010069-1,F0010069,1,MTO (F0010069),F. SCHUMACHER & CO - MTO,,,Orissa Panel,Orissa Panel - 5011450 (Alabaster),"BNYNeuKaliss 60"" 315Y",BNY SUBSTRATES,PAPER,"60"" Roll",180 Linear Feet,180,0,0.08,60 inches,1,Dakota Kai,300dpi,,Print,Invoiced,Invoiced,2506015,8/21/2025,SARAH,,,4,
F0010073-1,F0010073,1,MTO (F0010073),F. SCHUMACHER & CO - MTO,,,Les Oiseaux Art Panel,Les Oiseaux Art Panel - ART50151511 (Ivory),"BNYNeuKaliss 60"" 315Y",BNY SUBSTRATES,PAPER,"60"" Roll",78.54 Linear Feet,78.54,0,0.03,60 inches,1,Dakota Kai,300dpi,,Print,Invoiced,Invoiced,2463191,8/7/2025,BLAWLOR@FSCO.COM,,,2.38,
F0010175-1,F0010175,1,MTO (F0010175),F. SCHUMACHER & CO - MTO,,,Shell Grotto Panel,Shell Grotto Panel - 5015161 (Sand),"BNYNeuKaliss 60"" 315Y",BNY SUBSTRATES,PAPER,"60"" Roll",204 Linear Feet,204,0,0.09,60 inches,1,XIA,300dpi,,Print,Invoiced,Invoiced,2460405,8/7/2025,SHELBY,,,4,
F0010197-1,F0010197,1,MTO (F0010197),F. SCHUMACHER & CO - MTO,,,Kobai Panel Set,Kobai Panel Set - 5011460 (Mineral),"BNYNeuKaliss 60"" 315Y",BNY SUBSTRATES,PAPER,"60"" Roll",72 Linear Feet,72,0,0.03,60 inches,1,Trish,4p,,Print,Invoiced,Invoiced,2452134,8/5/2025,XIACHEN,,,6,
F0010198-1,F0010198,1,Custom MTO (F0010198),F. SCHUMACHER & CO. CUSTOM MTO,,,Custom Mr. Darcy Panel Set,Custom Mr. Darcy Panel Set - 850149 (Pemberley Green),"BNYNeuKaliss 60"" 315Y",BNY SUBSTRATES,PAPER,"60"" Roll",168 Linear Feet,168,0,0.07,60 inches,1,Chyna,300dpi,,Print,Invoiced,Invoiced,2499595,8/19/2025,COCONNOR@FSCO.COM,,,28,
F0010404-1,F0010404,1,Custom MTO (F0008965) (F0010404),F. SCHUMACHER & CO. CUSTOM MTO,,,Custom La Cite Panel Set,Custom La Cite Panel Set - 850174 (Ebony on Cream),"BNYNeuKaliss 60"" 315Y",BNY SUBSTRATES,PAPER,"60"" Roll",180 Linear Feet,180,0,0.08,60 inches,1,Bianca,300dpi,,Print,Invoiced,Invoiced,2480867,8/13/2025,COCONNOR@FSCO.COM,,,15,
F0010422-1,F0010422,1,Panel (F0010422),F. SCHUMACHER & CO - HUB,,,Sirene Panel Set,Sirene Panel Set - 5010901 (Opal),"BNYNeuKaliss 60"" 315Y",BNY SUBSTRATES,PAPER,"60"" Roll",27.9249 Linear Feet,27.9249,0,0.03,60 inches,1,Sasha,4p,,Print,Invoiced,Invoiced,2679343,10/10/2025,SHELBY,,,8,
F0010460-1,F0010460,1,Custom MTO (F0010460),F. SCHUMACHER & CO. CUSTOM MTO,,,Custom Madame de Pompadour Panel Set SKO,Custom Madame De Pompadour Panel Set SKO - SKO850218 (Blush),"BNYNeuKaliss 60"" 315Y",BNY SUBSTRATES,PAPER,"60"" Roll",3 Linear Feet,3,0,0,60 inches,1,Chyna,300dpi,,Print,Invoiced,Invoiced,2552237,9/4/2025,COCONNOR@FSCO.COM,,,1,
F0010464-1,F0010464,1,MTO (F0010464),F. SCHUMACHER & CO - MTO,,,Shell Grotto Panel,Shell Grotto Panel - 5015166 (Coral),"BNYNeuKaliss 60"" 315Y",BNY SUBSTRATES,PAPER,"60"" Roll",60 Linear Feet,60,0,0.06,60 inches,1,Dakota Kai,300dpi,,Print,Invoiced,Invoiced,2577991,9/11/2025,JOE,,,4,
F0010509-1,F0010509,1,Custom MTO (F0010509),F. SCHUMACHER & CO. CUSTOM MTO,,,"Custom Les Oiseaux Panel Set 76"" H","Custom Les Oiseaux Panel Set 76"" H - 850200 (Apple Green)","BNYNeuKaliss 60"" 315Y",BNY SUBSTRATES,PAPER,"60"" Roll",7.5 Linear Feet,7.5,0,0,60 inches,1,Bianca,300dpi,,Print,Invoiced,Invoiced,2589294,9/16/2025,SARAH,,,6.33,
F0010544-1,F0010544,1,Panel (F0010544),F. SCHUMACHER & CO - HUB,,,SPOTSWOOD CREWEL 2 PANEL SET,SPOTSWOOD CREWEL 2 PANEL SET 5017321 (SAGE),"BNYNeuKaliss 60"" 315Y",BNY SUBSTRATES,PAPER,"60"" Roll",506.6913 Linear Feet,506.6913,0,0.54,60 inches,1,Sasha,4p,,Print,Invoiced,Invoiced,2695099,10/16/2025,SREMSON@PARAMOUNTPRINTS.COM,,,9.33,
F0010549-1,F0010549,1,Custom MTO (F0010549),F. SCHUMACHER & CO. CUSTOM MTO,,,Custom Madame De Pompadour Panel Set,Custom Madame de Pompadour Panel Set - 850191 (Green),"BNYNeuKaliss 60"" 315Y",BNY SUBSTRATES,PAPER,"60"" Roll",73.3332 Linear Feet,73.3332,0,0.03,60 inches,1,LASH,300dpi,,Print,Invoiced,Invoiced,2594466,9/17/2025,XIACHEN,,,2.21,
F0010561-1,F0010561,1,Custom MTO (F0010561),F. SCHUMACHER & CO. CUSTOM MTO,,,Custom Les Oiseaux Panel Set,Custom Les Oiseaux Panel Set - 850190 (Parchment),"BNYNeuKaliss 60"" 315Y",BNY SUBSTRATES,PAPER,"60"" Roll",36 Linear Feet,36,0,0.02,60 inches,1,Bianca,300dpi,,Print,Invoiced,Invoiced,2599348,9/18/2025,SARAH,,,6,
F0010633-1,F0010633,1,Custom MTO (F0010633),F. SCHUMACHER & CO. CUSTOM MTO,,,Custom Shell Grotto Panel,Custom Shell Grotto Panel - 850173 (Sand),"BNYNeuKaliss 60"" 315Y",BNY SUBSTRATES,PAPER,"60"" Roll",44.3454 Linear Feet,44.3454,0,0.02,60 inches,1,Bianca,300dpi,,Print,Invoiced,Invoiced,2594331,9/17/2025,SREMSON@PARAMOUNTPRINTS.COM,,,30,
F0010696-1,F0010696,1,MTO (F0010696),F. SCHUMACHER & CO - MTO,,,Shell Grotto Panel,Shell Grotto Panel - 5015165 (Seafoam),"BNYNeuKaliss 60"" 315Y",BNY SUBSTRATES,PAPER,"60"" Roll",24 Linear Feet,24,0,0.03,60 inches,1,Dakota Kai,300dpi,,Print,Invoiced,Invoiced,2590055,9/16/2025,JOE,,,4,
F0010719-1,F0010719,1,MTO (F0010719),F. SCHUMACHER & CO - MTO,,,Swedish Manor Panel,Swedish Manor Panel - 5015171 (White),"BNYNeuKaliss 60"" 315Y",BNY SUBSTRATES,PAPER,"60"" Roll",108 Linear Feet,108,0,0.12,60 inches,1,XIA,300dpi,,Print,Invoiced,Invoiced,2591422,9/16/2025,JEANNE,,,4,
F0010722-1,F0010722,1,MTO (F0010722),F. SCHUMACHER & CO - MTO,,,Chinois Palais Panel,Chinois Palais Panel - 5007127 (Noir),"BNYNeuKaliss 60"" 315Y",BNY SUBSTRATES,PAPER,"60"" Roll",204 Linear Feet,204,0,0.09,60 inches,1,Sasha,4p,,Print,Invoiced,Invoiced,2605210,9/19/2025,BLAWLOR@FSCO.COM,,,4,
F0010762-1,F0010762,1,Custom MTO (F0010762),F. SCHUMACHER & CO. CUSTOM MTO,,,Custom Les Oiseaux Panel Set,Custom Les Oiseaux Panel Set - 850226 (Parchment),"BNYNeuKaliss 60"" 315Y",BNY SUBSTRATES,PAPER,"60"" Roll",136.6668 Linear Feet,136.6668,0,0.15,60 inches,1,Bianca,300dpi,,Print,Invoiced,Invoiced,2642311,10/1/2025,SREMSON@PARAMOUNTPRINTS.COM,,,4.56,
F0010796-1,F0010796,1,Custom MTO (F0010796),F. SCHUMACHER & CO. CUSTOM MTO,,,Custom Spotswood Crewel Panel Set SKO,Custom Spotswood Crewel Panel Set SKO - SKO850227 (Sky),"BNYNeuKaliss 60"" 315Y",BNY SUBSTRATES,PAPER,"60"" Roll",3 Linear Feet,3,0,0,60 inches,1,Bianca,300dpi,,Print,Invoiced,Invoiced,2635657,9/29/2025,PKEEFER@FSCO.COM,,,1,
F0010818-1,F0010818,1,Panel (F0010818),F. SCHUMACHER & CO - HUB,,,Chatoyant Panel Set,Chatoyant Panel Set - 5010890 (Blush),"BNYNeuKaliss 60"" 315Y",BNY SUBSTRATES,PAPER,"60"" Roll",513.3087 Linear Feet,513.3087,0,0.55,60 inches,1,Sasha,4p,,Print,Invoiced,Invoiced,2685751,10/14/2025,BLAWLOR@FSCO.COM,,,12,
F0010896-1,F0010896,1,MTO (F0010896),F. SCHUMACHER & CO - MTO,,,Birdsong 3 Panel Set,Birdsong 3 Panel Set - 5017110 (Carbon),"BNYNeuKaliss 60"" 315Y",BNY SUBSTRATES,PAPER,"60"" Roll",155.817 Linear Feet,155.817,0,0.17,60 inches,1,EMBER,300dpi,,Print,Invoiced,Invoiced,2603991,9/19/2025,JEANNE,,,16,
F0010962-1,F0010962,1,MTO (F0010962),F. SCHUMACHER & CO. CUSTOM MTO,,,Custom Eaton's Landscape Panel Set SKO,Custom Eaton's Landscape Panel Set SKO - SKO850236 (Document),"BNYNeuKaliss 60"" 315Y",BNY SUBSTRATES,PAPER,"60"" Roll",3 Linear Feet,3,0,0,60 inches,1,Bianca,300dpi,,Print,Invoiced,Invoiced,2607042,9/19/2025,PKEEFER@FSCO.COM,,,1,
F0010991-1,F0010991,1,MTO (F0010991),F. SCHUMACHER & CO - MTO,,,Ascendance Panel Set,Ascendance Panel Set - 5016030 (Dusk),"BNYNeuKaliss 60"" 315Y",BNY SUBSTRATES,PAPER,"60"" Roll",144 Linear Feet,144,0,0.06,60 inches,1,Trish,4p,,Print,Invoiced,Invoiced,2625200,9/25/2025,PKEEFER@FSCO.COM,,,12,
F0010992-1,F0010992,1,Panel (F0010992),F. SCHUMACHER & CO - HUB,,,Ascendance Panel Set,Ascendance Panel Set - 5016030 (Dusk),"BNYNeuKaliss 60"" 315Y",BNY SUBSTRATES,PAPER,"60"" Roll",360 Linear Feet,360,0,0.15,60 inches,1,Trish,4p,,Print,Invoiced,Invoiced,2626371,9/25/2025,BLAWLOR@FSCO.COM,,,12,
F0011013-1,F0011013,1,MTO (F0011013),F. SCHUMACHER & CO - MTO,,,Brighton Pavilion,Brighton Pavilion  - 5007741 (Peacock),"BNYNeuKaliss 60"" 315Y",BNY SUBSTRATES,PAPER,"60"" Roll",228 Linear Feet,228,0,0.25,60 inches,1,LASH,300dpi,,Print,Invoiced,Invoiced,2673699,10/9/2025,COCONNOR@FSCO.COM,,,4,
F0011016-1,F0011016,1,MTO (F0009896) (F0011016),F. SCHUMACHER & CO - MTO,,,Brighton Pavilion Panel,Brighton Pavilion Panel - 5007747 (Yellow),"BNYNeuKaliss 60"" 315Y",BNY SUBSTRATES,PAPER,"60"" Roll",96 Linear Feet,96,0,0.1,60 inches,1,XIA,300dpi,,Print,Invoiced,Invoiced,2603989,9/19/2025,JEANNE,,,4,
F0011124-1,F0011124,1,MTO (F0011124),F. SCHUMACHER & CO - MTO,,,Chatoyant Panel Set,Chatoyant Panel Set - 5010890 (Blush),"BNYNeuKaliss 60"" 315Y",BNY SUBSTRATES,PAPER,"60"" Roll",18.3087 Linear Feet,18.3087,0,0.02,60 inches,1,Sasha,4p,,Print,Invoiced,Invoiced,2685747,10/14/2025,BLAWLOR@FSCO.COM,,,12,
F0011135-1,F0011135,1,MTO (F0011135),F. SCHUMACHER & CO - MTO,,,Bisou Panel Set,Bisou Panel Set - 5010933 (Blush),"BNYNeuKaliss 60"" 315Y",BNY SUBSTRATES,PAPER,"60"" Roll",540 Linear Feet,540,0,0.58,60 inches,1,Sasha,4p,,Print,Invoiced,Invoiced,2725313,10/24/2025,XIACHEN,,,12,
F0011136-1,F0011136,1,MTO (F0011136),F. SCHUMACHER & CO - MTO,,,Chaucer's Forest Panel Set,Chaucer's Forest Panel Set - 5013292 (Slate),"BNYNeuKaliss 60"" 315Y",BNY SUBSTRATES,PAPER,"60"" Roll",120 Linear Feet,120,0,0.13,60 inches,1,Glow,4p,,Print,Invoiced,Invoiced,2699887,10/17/2025,SUSAN,,,8,
F0011146-1,F0011146,1,Custom MTO (F0011146),F. SCHUMACHER & CO. CUSTOM MTO,,,Custom Steps Panel Set Section A,Custom Steps Panel Set Section A - 850166 (Rose & Camel),"BNYNeuKaliss 60"" 315Y",BNY SUBSTRATES,PAPER,"60"" Roll",72 Linear Feet,72,0,0.08,60 inches,1,Bianca,300dpi,,Print,Invoiced,Invoiced,2665905,10/8/2025,SHELBY,,,12,
F0011174-1,F0011174,1,Custom MTO (F0011174),F. SCHUMACHER & CO. CUSTOM MTO,,,"Custom Les Oiseaux Panel Set 76"" H","Custom Les Oiseaux Panel Set 76"" H - 850239 (Apple Green)","BNYNeuKaliss 60"" 315Y",BNY SUBSTRATES,PAPER,"60"" Roll",123 Linear Feet,123,0,0.05,60 inches,1,Chyna,300dpi,,Print,Invoiced,Invoiced,2628132,9/26/2025,SHELBY,,,4.56,
F0011178-1,F0011178,1,MTO (F0011178),F. SCHUMACHER & CO - MTO,,,Kanji Panel Set,Kanji Panel Set - 5011791 (Natural),"BNYNeuKaliss 60"" 315Y",BNY SUBSTRATES,PAPER,"60"" Roll",234 Linear Feet,234,0,0.25,60 inches,1,LASH,300dpi,,Print,Invoiced,Invoiced,2700335,10/17/2025,COCONNOR@FSCO.COM,,,13,
F0011207-1,F0011207,1,MTO (F0011207),F. SCHUMACHER & CO - MTO,,,Kanji Panel Set,Kanji Panel Set - 5011791 (Natural),"BNYNeuKaliss 60"" 315Y",BNY SUBSTRATES,PAPER,"60"" Roll",273 Linear Feet,273,0,0.29,60 inches,1,LASH,300dpi,,Print,Invoiced,Invoiced,2658918,10/6/2025,PKEEFER@FSCO.COM,,,13,
F0011233-1,F0011233,1,MTO (F0011233),F. SCHUMACHER & CO - MTO,,,SPOTSWOOD CREWEL 2 PANEL SET,SPOTSWOOD CREWEL 2 PANEL SET 5017321 (SAGE),"BNYNeuKaliss 60"" 315Y",BNY SUBSTRATES,PAPER,"60"" Roll",55.98 Linear Feet,55.98,0,0.06,60 inches,1,Sasha,4p,,Print,Invoiced,Invoiced,2695100,10/16/2025,SREMSON@PARAMOUNTPRINTS.COM,,,9.33,
F0011266-1,F0011266,1,MTO (F0011266),F. SCHUMACHER & CO - MTO,,,Shell Grotto Panel,Shell Grotto Panel - 5015164 (Seafoam),"BNYNeuKaliss 60"" 315Y",BNY SUBSTRATES,PAPER,"60"" Roll",39 Linear Feet,39,0,0.02,60 inches,1,EMBER,300dpi,,Print,Invoiced,Invoiced,2666126,10/8/2025,JEANNE,,,4,
F0011269-1,F0011269,1,MTO (F0011269),F. SCHUMACHER & CO - MTO,,,Ascendance Panel Set,Ascendance Panel Set - 5016030 (Dusk),"BNYNeuKaliss 60"" 315Y",BNY SUBSTRATES,PAPER,"60"" Roll",252 Linear Feet,252,0,0.27,60 inches,1,LASH,300dpi,,Print,Invoiced,Invoiced,2661060,10/7/2025,SARAH,,,12,
F0011290-1,F0011290,1,MTO (F0011290),F. SCHUMACHER & CO - MTO,,,Villa Panel,Villa Panel - 5009910 (Dove),"BNYNeuKaliss 60"" 315Y",BNY SUBSTRATES,PAPER,"60"" Roll",156 Linear Feet,156,0,0.07,60 inches,1,EMBER,300dpi,,Print,Invoiced,Invoiced,2668684,10/8/2025,JEANNE,,,4,
F0011344-1,F0011344,1,MTO (F0011344),F. SCHUMACHER & CO - MTO,,,Brighton Pavilion,Brighton Pavilion  - 5007741 (Peacock),"BNYNeuKaliss 60"" 315Y",BNY SUBSTRATES,PAPER,"60"" Roll",156 Linear Feet,156,0,0.17,60 inches,1,LASH,300dpi,,Print,Invoiced,Invoiced,2673702,10/9/2025,COCONNOR@FSCO.COM,,,4,
F0011376-1,F0011376,1,Custom MTO (F0011376),F. SCHUMACHER & CO. CUSTOM MTO,,,Custom Madame de Pompadour Panel Set SKO,Custom Madame De Pompadour Panel Set SKO - SKO850218 (Blush),"BNYNeuKaliss 60"" 315Y",BNY SUBSTRATES,PAPER,"60"" Roll",3 Linear Feet,3,0,0,60 inches,1,Bianca,300dpi,,Print,Invoiced,Invoiced,2659550,10/6/2025,PKEEFER@FSCO.COM,,,1,
F0011472-1,F0011472,1,Panel (F0011472),F. SCHUMACHER & CO - HUB,,,Chinois Palais Panel,Chinois Palais Panel - 5007121 (BlushConch),"BNYNeuKaliss 60"" 315Y",BNY SUBSTRATES,PAPER,"60"" Roll",326.1585 Linear Feet,326.1585,0,0.35,60 inches,1,Trish,4p,,Print,Invoiced,Invoiced,2710296,10/21/2025,SARAH,,,4,
F0011473-1,F0011473,1,Panel (F0011473),F. SCHUMACHER & CO - HUB,,,Chaucer's Forest Panel Set,Chaucer's Forest Panel Set - 5013292 (Slate),"BNYNeuKaliss 60"" 315Y",BNY SUBSTRATES,PAPER,"60"" Roll",108.1113 Linear Feet,108.1113,0,0.12,60 inches,1,Glow,4p,,Print,Invoiced,Invoiced,2699888,10/17/2025,SUSAN,,,8,
F0011487-1,F0011487,1,Regular (F0011487),F. SCHUMACHER & CO - HUB,,,Chinois Palais Panel,Chinois Palais Panel - 5015440 (Stone),"BNYNeuKaliss 60"" 315Y",BNY SUBSTRATES,PAPER,"60"" Roll",600 Linear Feet,600,0,0.65,60 inches,1,Glow,4p,,Print,Invoiced,Invoiced,2720581,10/23/2025,XIACHEN,,,4,
F0011677-1,F0011677,1,MTO (F0011677),F. SCHUMACHER & CO - MTO,,,Chinois Palais Panel,Chinois Palais Panel - 5007121 (BlushConch),"BNYNeuKaliss 60"" 315Y",BNY SUBSTRATES,PAPER,"60"" Roll",132 Linear Feet,132,0,0.14,60 inches,1,Trish,4p,,Print,Invoiced,Invoiced,2710300,10/21/2025,SARAH,,,4,
F0004174-1,F0004174,1,Paper (F0004174),F. SCHUMACHER & CO - NEW GOODS,,,VALIANT,VALIANT - 5017152 (DOVE),"BNYNeuKaliss 60"" 315Y",BNY SUBSTRATES,PAPER,"60"" Roll",900 Linear Feet,900,0,0.38,60 inches,1,Trish,,,Print,Invoiced,Invoiced,2034762,3/7/2025,COCONNOR@FSCO.COM,,,,
F0004178-1,F0004178,1,Paper (F0004178),F. SCHUMACHER & CO - NEW GOODS,,,VALIANT,VALIANT - 5017150 (NATURAL),"BNYNeuKaliss 60"" 315Y",BNY SUBSTRATES,PAPER,"60"" Roll",150 Linear Feet,150,0,0.06,60 inches,1,Sasha,4p,,Print,Invoiced,Invoiced,,3/7/2025,COCONNOR@FSCO.COM,,,,
F0004179-1,F0004179,1,Paper (F0004179),F. SCHUMACHER & CO - NEW GOODS,,,VALIANT,VALIANT - 5017151 (MINERAL),"BNYNeuKaliss 60"" 315Y",BNY SUBSTRATES,PAPER,"60"" Roll",150 Linear Feet,150,0,0.06,60 inches,1,Sasha,4p,,Print,Invoiced,Invoiced,2034771,3/7/2025,COCONNOR@FSCO.COM,,,,
F0004180-1,F0004180,1,Paper (F0004180),F. SCHUMACHER & CO - NEW GOODS,,,VALIANT,VALIANT - 5017152 (DOVE),"BNYNeuKaliss 60"" 315Y",BNY SUBSTRATES,PAPER,"60"" Roll",150 Linear Feet,150,0,0.06,60 inches,1,Sasha,4p,,Print,Invoiced,Invoiced,,3/7/2025,COCONNOR@FSCO.COM,,,,
F0004181-1,F0004181,1,Paper (F0004181),F. SCHUMACHER & CO - NEW GOODS,,,VALIANT,VALIANT - 5017153 (CHARCOAL),"BNYNeuKaliss 60"" 315Y",BNY SUBSTRATES,PAPER,"60"" Roll",150 Linear Feet,150,0,0.06,60 inches,1,Sasha,4p,,Print,Invoiced,Invoiced,,3/7/2025,COCONNOR@FSCO.COM,,,,
F0004245-1,F0004245,1,Wings (F0004245),F. SCHUMACHER & CO - NEW GOODS,,,"Birdsong 3 Panel Set Eng. Wings 60""","Birdsong 3 Panel Set Eng. Wings 60"" - ENG5017111W-60 (Ivory)","BNYNeuKaliss 60"" 315Y",BNY SUBSTRATES,PAPER,"60"" Roll",60.12 Linear Feet,60.12,0,0.03,60 inches,1,Sasha,,,Print,Invoiced,Invoiced,2157230,4/24/2025,JEANNE,,,,
F0004246-1,F0004246,1,Wings (F0004246),F. SCHUMACHER & CO - NEW GOODS,,,"Birdsong 3 Panel Set Eng. Wings 72""","Birdsong 3 Panel Set Eng. Wings 72"" - ENG5017110W-72 (Carbon)","BNYNeuKaliss 60"" 315Y",BNY SUBSTRATES,PAPER,"60"" Roll",120 Linear Feet,120,0,0.05,60 inches,1,Sasha,,,Print,Invoiced,Invoiced,2157231,4/24/2025,JEANNE,,,,
F0004247-1,F0004247,1,Wings (F0004247),F. SCHUMACHER & CO - NEW GOODS,,,"Birdsong 3 Panel Set Eng. Wings 60""","Birdsong 3 Panel Set Eng. Wings 60"" - ENG5017110W-60 (Carbon)","BNYNeuKaliss 60"" 315Y",BNY SUBSTRATES,PAPER,"60"" Roll",60.12 Linear Feet,60.12,0,0.03,60 inches,1,Sasha,,,Print,Invoiced,Invoiced,2157233,4/24/2025,JEANNE,,,,
F0004260-1,F0004260,1,Wings (F0004260),F. SCHUMACHER & CO - NEW GOODS,,,"Sublime 4 Panel Set Eng. Wings 72""","Sublime 4 Panel Set Eng. Wings 72"" - ENG5017131W-72 (Parchment/Gold)","BNYNeuKaliss 60"" 315Y",BNY SUBSTRATES,PAPER,"60"" Roll",96 Linear Feet,96,0,0.04,60 inches,1,Sasha,4p,,Print,Invoiced,Invoiced,2133198,4/16/2025,JEANNE,,,,
F0004261-1,F0004261,1,Wings (F0004261),F. SCHUMACHER & CO - NEW GOODS,,,"Sublime 4 Panel Set Eng. Wings 60""","Sublime 4 Panel Set Eng. Wings 60"" - ENG5017131W-60 (Parchment/Gold)","BNYNeuKaliss 60"" 315Y",BNY SUBSTRATES,PAPER,"60"" Roll",40.08 Linear Feet,40.08,0,0.02,60 inches,1,Sasha,4p,,Print,Invoiced,Invoiced,2133200,4/16/2025,JEANNE,,,,
F0005161-1,F0005161,1,Regular (F0005161)/S04277,F. SCHUMACHER & CO - HUB,,,Folly,Folly - 5008004 (OrpingtonBlue),"BNYNeuKaliss 60"" 315Y",BNY SUBSTRATES,PAPER,"60"" Roll",900 Linear Feet,900,0,0.38,60 inches,1,Sasha,4p,,Print,Invoiced,Invoiced,,2/14/2025,COCONNOR@FSCO.COM,,,,
F0005395-1,F0005395,1,Regular (F0005395)/S04348,F. SCHUMACHER & CO - HUB,,,Western Toile,Western Toile - 5016440 (Carbon),"BNYNeuKaliss 60"" 315Y",BNY SUBSTRATES,PAPER,"60"" Roll",900 Linear Feet,900,0,0.38,60 inches,1,Sasha,4p,,Print,Invoiced,Invoiced,,2/19/2025,COCONNOR@FSCO.COM,,,,
F0005404-1,F0005404,1,Regular (F0005404)/S04357,F. SCHUMACHER & CO - HUB,,,PALINDROME,PALINDROME - 5015290 (Sand),"BNYNeuKaliss 60"" 315Y",BNY SUBSTRATES,PAPER,"60"" Roll",300 Linear Feet,300,0,0.13,60 inches,1,Sasha,4p,,Print,Invoiced,Invoiced,,2/19/2025,COCONNOR@FSCO.COM,,,,
F0005556-1,F0005556,1,Regular (F0005556)/S04419,F. SCHUMACHER & CO - HUB,,,Trace,Trace - 5013991 (Sea),"BNYNeuKaliss 60"" 315Y",BNY SUBSTRATES,PAPER,"60"" Roll",1800 Linear Feet,1800,0,0.77,60 inches,1,Sasha,,,Print,Invoiced,Invoiced,1943995,1/24/2025,COCONNOR@FSCO.COM,,,,
F0005650-1,F0005650,1,Regular (F0005650)/S04458,F. SCHUMACHER & CO - HUB,,,Magnolia Tree,Magnolia Tree - 5016930 (Dusty Sky),"BNYNeuKaliss 60"" 315Y",BNY SUBSTRATES,PAPER,"60"" Roll",900 Linear Feet,900,0,0.38,60 inches,1,Sasha,,,Print,Invoiced,Invoiced,2003249,2/21/2025,COCONNOR@FSCO.COM,,,,
F0005727-1,F0005727,1,Regular (F0005727)/S04489,F. SCHUMACHER & CO - HUB,,,Western Toile,Western Toile - 5016441 (Olive),"BNYNeuKaliss 60"" 315Y",BNY SUBSTRATES,PAPER,"60"" Roll",1200 Linear Feet,1200,0,0.51,60 inches,1,Sasha,,,Print,Invoiced,Invoiced,1999995,2/20/2025,COCONNOR@FSCO.COM,,,,
F0005764-1,F0005764,1,Regular (F0005764),F. SCHUMACHER & CO - HUB,,,Celinda,Celinda - 5016360 (Blush),"BNYNeuKaliss 60"" 315Y",BNY SUBSTRATES,PAPER,"60"" Roll",900 Linear Feet,900,0,0.38,60 inches,1,Sasha,,,Print,Invoiced,Invoiced,1973190,2/7/2025,COCONNOR@FSCO.COM,,,,
F0005834-1,F0005834,1,Regular (F0005834),F. SCHUMACHER & CO - HUB,,,Tiasquam,Tiasquam  - 5011820 (Sky),"BNYNeuKaliss 60"" 315Y",BNY SUBSTRATES,PAPER,"60"" Roll",900 Linear Feet,900,0,0.38,60 inches,1,Sasha,,,Print,Invoiced,Invoiced,1973199,2/7/2025,COCONNOR@FSCO.COM,,,,
F0005915-1,F0005915,1,Regular (F0005915),F. SCHUMACHER & CO - HUB,,,Aveline,Aveline - 5013192 (Rose),"BNYNeuKaliss 60"" 315Y",BNY SUBSTRATES,PAPER,"60"" Roll",900 Linear Feet,900,0,0.38,60 inches,1,Sasha,4p,,Print,Invoiced,Invoiced,,2/19/2025,COCONNOR@FSCO.COM,,,,
F0005920-1,F0005920,1,MTO (F0005920),F. SCHUMACHER & CO - MTO,,,Villa Stripe,Villa Stripe - 5009924 (LightNeutral),"BNYNeuKaliss 60"" 315Y",BNY SUBSTRATES,PAPER,"60"" Roll",180 Linear Feet,180,0,0.08,60 inches,1,Sasha,4p,,Print,Invoiced,Invoiced,,1/23/2025,PKEEFER@FSCO.COM,,,,
F0005921-1,F0005921,1,Regular (F0005921),F. SCHUMACHER & CO - HUB,,,Betty,Betty - 5009870 (QuietPink),"BNYNeuKaliss 60"" 315Y",BNY SUBSTRATES,PAPER,"60"" Roll",900 Linear Feet,900,0,0.38,60 inches,1,Sasha,,,Print,Invoiced,Invoiced,1957883,1/31/2025,COCONNOR@FSCO.COM,,,,
F0006006-1,F0006006,1,Custom MTO (F0006006),F. SCHUMACHER & CO. CUSTOM MTO,,,Villa Stripe,Villa Stripe - 5009924 (LightNeutral),"BNYNeuKaliss 60"" 315Y",BNY SUBSTRATES,PAPER,"60"" Roll",180 Linear Feet,180,0,0.08,60 inches,1,Sasha,,,Print,Invoiced,Invoiced,1957771,1/31/2025,COCONNOR@FSCO.COM,,,,
F0006028-1,F0006028,1,Regular (F0006028),F. SCHUMACHER & CO - HUB,,,Toile Tropique,Toile Tropique  - 5011481 (Black),"BNYNeuKaliss 60"" 315Y",BNY SUBSTRATES,PAPER,"60"" Roll",900 Linear Feet,900,0,0.38,60 inches,1,Sasha,,,Print,Invoiced,Invoiced,1973186,2/7/2025,COCONNOR@FSCO.COM,,,,
F0006030-1,F0006030,1,Regular (F0006030),F. SCHUMACHER & CO - HUB,,,Folly,Folly - 5008009 (Sky),"BNYNeuKaliss 60"" 315Y",BNY SUBSTRATES,PAPER,"60"" Roll",600 Linear Feet,600,0,0.26,60 inches,1,Sasha,,,Print,Invoiced,Invoiced,1980708,2/11/2025,COCONNOR@FSCO.COM,,,,
F0006031-1,F0006031,1,Regular (F0006031),F. SCHUMACHER & CO - HUB,,,Polka Dot Jungle,Polka Dot Jungle - 5015463 (Green&Ivory),"BNYNeuKaliss 60"" 315Y",BNY SUBSTRATES,PAPER,"60"" Roll",900 Linear Feet,900,0,0.38,60 inches,1,Sasha,,,Print,Invoiced,Invoiced,1973192,2/7/2025,COCONNOR@FSCO.COM,,,,
F0006075-1,F0006075,1,Regular (F0006075),F. SCHUMACHER & CO - HUB,,,Flying West,Flying West - 5015850 (Neutral),"BNYNeuKaliss 60"" 315Y",BNY SUBSTRATES,PAPER,"60"" Roll",3600 Linear Feet,3600,0,1.54,60 inches,1,Sasha,4p,,Print,Invoiced,Invoiced,,2/17/2025,COCONNOR@FSCO.COM,,,,
F0006078-1,F0006078,1,Regular (F0006078),F. SCHUMACHER & CO - HUB,,,Filigree,Filigree - 5009702 (Stone),"BNYNeuKaliss 60"" 315Y",BNY SUBSTRATES,PAPER,"60"" Roll",900 Linear Feet,900,0,0.38,60 inches,1,Sasha,4p,,Print,Invoiced,Invoiced,,2/17/2025,COCONNOR@FSCO.COM,,,,
F0006137-1,F0006137,1,Custom MTO (F0006137),F. SCHUMACHER & CO. CUSTOM MTO,,,Custom Eland SKO,Custom Eland SKO - SKO850087 (Natural),"BNYNeuKaliss 60"" 315Y",BNY SUBSTRATES,PAPER,"60"" Roll",3 Linear Feet,3,0,0,60 inches,1,Bianca,,,Print,Invoiced,Invoiced,1957899,1/31/2025,COCONNOR@FSCO.COM,,,,
F0006205-1,F0006205,1,Panel (F0006205),F. SCHUMACHER & CO - HUB,,,Gambit Panel,Gambit Panel - 5014263 (Cocoa&Charcoal),"BNYNeuKaliss 60"" 315Y",BNY SUBSTRATES,PAPER,"60"" Roll",600 Linear Feet,600,0,0.26,60 inches,1,Sasha,,,Print,Invoiced,Invoiced,2102942,4/4/2025,COCONNOR@FSCO.COM,,,,
F0006540-1,F0006540,1,Regular (F0006540),F. SCHUMACHER & CO - HUB,,,Belvedere,Belvedere  - 5007995 (PeacockBlue),"BNYNeuKaliss 60"" 315Y",BNY SUBSTRATES,PAPER,"60"" Roll",900 Linear Feet,900,0,0.4,60 inches,1,Glow,,,Print,Invoiced,Invoiced,2128801,4/15/2025,SARAH,,,,
F0006916-1,F0006916,1,Regular (F0006916),F. SCHUMACHER & CO - HUB,,,Wild West,Wild West - 5014120 (Cream),"BNYNeuKaliss 60"" 315Y",BNY SUBSTRATES,PAPER,"60"" Roll",600 Linear Feet,600,0,0.26,60 inches,1,Sasha,,,Print,Invoiced,Invoiced,2188091,5/6/2025,SARAH,,,,
F0006972-1,F0006972,1,Regular (F0006972),F. SCHUMACHER & CO - HUB,,,Mirabelle,Mirabelle - 5013200 (Yellow&Sky),"BNYNeuKaliss 60"" 315Y",BNY SUBSTRATES,PAPER,"60"" Roll",600 Linear Feet,600,0,0.26,60 inches,1,Sasha,,,Print,Invoiced,Invoiced,2188099,5/6/2025,SARAH,,,,
F0006994-1,F0006994,1,Regular (F0006994),F. SCHUMACHER & CO - HUB,,,Woburn Meadow,Woburn Meadow - 5012730 (Ice),"BNYNeuKaliss 60"" 315Y",BNY SUBSTRATES,PAPER,"60"" Roll",600 Linear Feet,600,0,0.26,60 inches,1,Glow,,,Print,Invoiced,Invoiced,2196136,5/8/2025,COCONNOR@FSCO.COM,,,,
F0007071-1,F0007071,1,Custom MTO (F0007071),F. SCHUMACHER & CO. CUSTOM MTO,,,Custom Shell Grotto Panel A,Custom Shell Grotto Panel A - 850097 (Coral),"BNYNeuKaliss 60"" 315Y",BNY SUBSTRATES,PAPER,"60"" Roll",126 Linear Feet,126,0,0.06,60 inches,1,Bianca,,,Print,Invoiced,Invoiced,2104867,4/6/2025,COCONNOR@FSCO.COM,,,,
F0007108-1,F0007108,1,MTO (F0007108),F. SCHUMACHER & CO - MTO,,,Shell Grotto Panel,Shell Grotto Panel - 5015163 (Sand),"BNYNeuKaliss 60"" 315Y",BNY SUBSTRATES,PAPER,"60"" Roll",36 Linear Feet,36,0,0.02,60 inches,1,Bianca,,,Print,Invoiced,Invoiced,2121017,4/11/2025,XIACHEN,,,,
F0007523-1,F0007523,1,Custom MTO (F0007523),F. SCHUMACHER & CO. CUSTOM MTO,,,Custom Les Oiseaux Panel Set SKO,Custom Les Oiseaux Panel Set SKO - SKO850121 (Lawn Party),"BNYNeuKaliss 60"" 315Y",BNY SUBSTRATES,PAPER,"60"" Roll",3 Linear Feet,3,0,0,60 inches,1,Dakota Kai,,,Print,Invoiced,Invoiced,,5/5/2025,PKEEFER@FSCO.COM,,,,
F0007566-1,F0007566,1,Regular (F0006396) (F0007566),F. SCHUMACHER & CO - HUB,,,Monte Carlo,Monte Carlo - 5015590 (deepgreen),"BNYNeuKaliss 60"" 315Y",BNY SUBSTRATES,PAPER,"60"" Roll",600 Linear Feet,600,0,0.26,60 inches,1,Rhonda,300dpi,,Print,Invoiced,Invoiced,,4/15/2025,COCONNOR@FSCO.COM,,,,
F0007642-1,F0007642,1,Custom MTO (F0007642),F. SCHUMACHER & CO. CUSTOM MTO,,,Custom Bisou Panel Set,Custom Bisou Panel Set - 850088 (Mineral),"BNYNeuKaliss 60"" 315Y",BNY SUBSTRATES,PAPER,"60"" Roll",6 Linear Feet,6,0,0,60 inches,1,Bianca,,,Print,Invoiced,Invoiced,2200808,5/9/2025,COCONNOR@FSCO.COM,,,,
F0007782-1,F0007782,1,MTO (F0007782),F. SCHUMACHER & CO - MTO,,,Betty,Betty - 5009871 (Charcoal),"BNYNeuKaliss 60"" 315Y",BNY SUBSTRATES,PAPER,"60"" Roll",99 Linear Feet,99,0,0.04,60 inches,1,XIA,,,Print,Invoiced,Invoiced,2188088,5/6/2025,SARAH,,,,
F0007785-1,F0007785,1,Regular (F0006607) (F0007785),F. SCHUMACHER & CO - HUB,,,White Lotus,White Lotus - 5013661 (Cobalt),"BNYNeuKaliss 60"" 315Y",BNY SUBSTRATES,PAPER,"60"" Roll",840 Linear Feet,840,0,0.37,60 inches,1,Rhonda,300dpi,,Print,Invoiced,Invoiced,,4/18/2025,COCONNOR@FSCO.COM,,,,
F0007945-1,F0007945,1,Panel (F0006393) (F0007945),F. SCHUMACHER & CO - HUB,,,Les Oiseaux Panel Set,Les Oiseaux Panel Set - 5015152 (Jade),"BNYNeuKaliss 60"" 315Y",BNY SUBSTRATES,PAPER,"60"" Roll",3600 Linear Feet,3600,0,1.59,60 inches,1,Rhonda,300dpi,,Print,Invoiced,Invoiced,,4/25/2025,COCONNOR@FSCO.COM,,,,
F0007961-1,F0007961,1,Custom MTO (F0007961),F. SCHUMACHER & CO. CUSTOM MTO,,,Custom Le Grand Tour SKO,Custom Le Grand Tour SKO - SKO850153 (Stripe),"BNYNeuKaliss 60"" 315Y",BNY SUBSTRATES,PAPER,"60"" Roll",3 Linear Feet,3,0,0,60 inches,1,Dakota Kai,,,Print,Invoiced,Invoiced,,5/9/2025,PKEEFER@FSCO.COM,,,,
F0008024-1,F0008024,1,MTO (F0008024),F. SCHUMACHER & CO - MTO,,,Orchids Have Dreams,Orchids Have Dreams - 5014100 (SoftBlack),"BNYNeuKaliss 60"" 315Y",BNY SUBSTRATES,PAPER,"60"" Roll",153 Linear Feet,153,0,0.07,60 inches,1,Bianca,,,Print,Invoiced,Invoiced,2204294,5/12/2025,COCONNOR@FSCO.COM,,,,
F0008036-1,F0008036,1,Custom MTO (F0008036),F. SCHUMACHER & CO. CUSTOM MTO,,,Custom Deconstructed Stripe SKO,Custom Deconstructed Stripe SKO - SKO850143 (Greige),"BNYNeuKaliss 60"" 315Y",BNY SUBSTRATES,PAPER,"60"" Roll",3 Linear Feet,3,0,0,60 inches,1,XIA,,,Print,Invoiced,Invoiced,,5/6/2025,PKEEFER@FSCO.COM,,,,
F0008051-1,F0008051,1,Custom MTO (F0008051),F. SCHUMACHER & CO. CUSTOM MTO,,,Villa Panel,Villa Panel - 5009910 (Dove),"BNYNeuKaliss 60"" 315Y",BNY SUBSTRATES,PAPER,"60"" Roll",69 Linear Feet,69,0,0.03,60 inches,1,Dakota Kai,,,Print,Invoiced,Invoiced,2200806,5/9/2025,COCONNOR@FSCO.COM,,,,
F0008169-1,F0008169,1,Panel (F0006392) (F0008169),F. SCHUMACHER & CO - HUB,,,Les Oiseaux Panel Set,Les Oiseaux Panel Set - 5015155 (Parchment),"BNYNeuKaliss 60"" 315Y",BNY SUBSTRATES,PAPER,"60"" Roll",1548 Linear Feet,1548,0,0.68,60 inches,1,Rhonda,300dpi,,Print,Invoiced,Invoiced,,5/9/2025,COCONNOR@FSCO.COM,,,,
F0008190-1,F0008190,1,Custom MTO (F0008190),F. SCHUMACHER & CO. CUSTOM MTO,,,Custom Wild West SKO,Custom Wild West SKO - SKO850152 (Cream),"BNYNeuKaliss 60"" 315Y",BNY SUBSTRATES,PAPER,"60"" Roll",3 Linear Feet,3,0,0,60 inches,1,Glow,4p,,Print,Invoiced,Invoiced,,5/16/2025,PKEEFER@FSCO.COM,,,,
F0008191-1,F0008191,1,Custom MTO (F0008191),F. SCHUMACHER & CO. CUSTOM MTO,,,Custom Le Grand Tour SKO,Custom Le Grand Tour SKO - SKO850153 (Stripe),"BNYNeuKaliss 60"" 315Y",BNY SUBSTRATES,PAPER,"60"" Roll",3 Linear Feet,3,0,0,60 inches,1,Glow,,,Print,Invoiced,Invoiced,,5/14/2025,PKEEFER@FSCO.COM,,,,
F0008303-1,F0008303,1,Regular (F0008303),F. SCHUMACHER & CO - NEW GOODS,,,"Up, Up and Away!","Up, Up and Away! - 5018131 (Document)","BNYNeuKaliss 60"" 315Y",BNY SUBSTRATES,PAPER,"60"" Roll",180 Linear Feet,180,0,0.08,60 inches,1,Glow,4p,,Print,Invoiced,Invoiced,2512861,8/22/2025,COCONNOR@FSCO.COM,,,,
F0008305-1,F0008305,1,Regular (F0008305),F. SCHUMACHER & CO - NEW GOODS,,,"Up, Up and Away!","Up, Up and Away! - 5018130 (Grisaille)","BNYNeuKaliss 60"" 315Y",BNY SUBSTRATES,PAPER,"60"" Roll",180 Linear Feet,180,0,0.08,60 inches,1,Glow,4p,,Print,Invoiced,Invoiced,2499594,8/19/2025,COCONNOR@FSCO.COM,,,,
F0008314-1,F0008314,1,Regular (F0008314),F. SCHUMACHER & CO - NEW GOODS,,,"Up, Up and Away!","Up, Up and Away! - 5018131 (Document)","BNYNeuKaliss 60"" 315Y",BNY SUBSTRATES,PAPER,"60"" Roll",750 Linear Feet,750,0,0.32,60 inches,1,Glow,4p,,Print,Invoiced,Invoiced,2512867,8/22/2025,COCONNOR@FSCO.COM,,,,
F0008319-1,F0008319,1,Regular (F0008319),F. SCHUMACHER & CO - NEW GOODS,,,"Up, Up and Away!","Up, Up and Away! - 5018130 (Grisaille)","BNYNeuKaliss 60"" 315Y",BNY SUBSTRATES,PAPER,"60"" Roll",105 Linear Feet,105,0,0.04,60 inches,1,Glow,4p,,Print,Invoiced,Invoiced,2499598,8/19/2025,COCONNOR@FSCO.COM,,,,
F0009025-1,F0009025,1,Custom MTO (F0009025),F. SCHUMACHER & CO. CUSTOM MTO,,,Custom Barra Palace SKO,Custom Barra Palace SKO - SKO850178 (IK5100),"BNYNeuKaliss 60"" 315Y",BNY SUBSTRATES,PAPER,"60"" Roll",3 Linear Feet,3,0,0,60 inches,1,Nikki,Other,,Print,Invoiced,Invoiced,,7/11/2025,PKEEFER@FSCO.COM,,,,
F0009385-1,F0009385,1,Custom MTO (F0009385),F. SCHUMACHER & CO. CUSTOM MTO,,,Custom Filigree,Custom Filigree - 850162 (Coral),"BNYNeuKaliss 60"" 315Y",BNY SUBSTRATES,PAPER,"60"" Roll",153 Linear Feet,153,0,0.07,60 inches,1,Bianca,300dpi,,Print,Invoiced,Invoiced,2454111,8/5/2025,COCONNOR@FSCO.COM,,,,
F0009652-1,F0009652,1,Custom MTO (F0009652),F. SCHUMACHER & CO. CUSTOM MTO,,,"Custom Les Oiseaux Panel Set 76"" H SKO","Custom Les Oiseaux Panel Set 76"" H SKO - SKO850200 (Apple Green)","BNYNeuKaliss 60"" 315Y",BNY SUBSTRATES,PAPER,"60"" Roll",3 Linear Feet,3,0,0,60 inches,1,Bianca,300dpi,,Print,Invoiced,Invoiced,2454960,8/5/2025,PKEEFER@FSCO.COM,,,,
F0009777-1,F0009777,1,Custom MTO (F0009777),F. SCHUMACHER & CO. CUSTOM MTO,,,Custom Creeping Fern SKO,Custom Creeping Fern SKO - SKO850180 (Dune),"BNYNeuKaliss 60"" 315Y",BNY SUBSTRATES,PAPER,"60"" Roll",3 Linear Feet,3,0,0,60 inches,1,EMBER,300dpi,,Print,Invoiced,Invoiced,2454970,8/5/2025,PKEEFER@FSCO.COM,,,,
F0009794-1,F0009794,1,Custom MTO (F0009794),F. SCHUMACHER & CO. CUSTOM MTO,,,Custom Cozumel Plaid,Custom Cozumel Plaid - 850172 (Cornflower),"BNYNeuKaliss 60"" 315Y",BNY SUBSTRATES,PAPER,"60"" Roll",60 Linear Feet,60,0,0.03,60 inches,1,XIA,300dpi,,Print,Invoiced,Invoiced,2434247,7/30/2025,SARAH,,,,
F0010018-1,F0010018,1,Custom MTO (F0010018),F. SCHUMACHER & CO. CUSTOM MTO,,,Custom Barra Palace SKO,Custom Barra Palace SKO - SKO850208 (IK5100 & Paint Chips),"BNYNeuKaliss 60"" 315Y",BNY SUBSTRATES,PAPER,"60"" Roll",3 Linear Feet,3,0,0,60 inches,1,Bianca,300dpi,,Print,Invoiced,Invoiced,2489679,8/15/2025,COCONNOR@FSCO.COM,,,,
F0010068-1,F0010068,1,Custom MTO (F0010068),F. SCHUMACHER & CO. CUSTOM MTO,,,Custom Views of Paris SKO,Custom Views of Paris SKO - SKO850209 (BM Eggplant 1379),"BNYNeuKaliss 60"" 315Y",BNY SUBSTRATES,PAPER,"60"" Roll",3 Linear Feet,3,0,0,60 inches,1,Nikki,Other,,Print,Invoiced,Invoiced,,8/7/2025,PKEEFER@FSCO.COM,,,,
F0010364-1,F0010364,1,Custom MTO (F0010364),F. SCHUMACHER & CO. CUSTOM MTO,,,"Custom Edwin Stripe 8"" Stripes SKO","Custom Edwin Stripe 8"" Stripes SKO - SKO850213 (Petal)","BNYNeuKaliss 60"" 315Y",BNY SUBSTRATES,PAPER,"60"" Roll",3 Linear Feet,3,0,0,60 inches,1,Nikki,Other,,Print,Invoiced,Invoiced,,8/27/2025,PKEEFER@FSCO.COM,,,,
F0010574-1,F0010574,1,Custom MTO (F0010574),F. SCHUMACHER & CO. CUSTOM MTO,,,Custom Cabanon Stripe,Custom Cabanon Stripe - 850164 (Rouge),"BNYNeuKaliss 60"" 315Y",BNY SUBSTRATES,PAPER,"60"" Roll",63 Linear Feet,63,0,0.03,60 inches,1,LASH,300dpi,,Print,Invoiced,Invoiced,2612866,9/23/2025,SARAH,,,,
F0010634-1,F0010634,1,Custom MTO (F0010634),F. SCHUMACHER & CO. CUSTOM MTO,,,Custom Barra Palace,Custom Barra Palace - 850208 (IK5100 & Paint Chips),"BNYNeuKaliss 60"" 315Y",BNY SUBSTRATES,PAPER,"60"" Roll",393 Linear Feet,393,0,0.17,60 inches,1,LASH,300dpi,,Print,Invoiced,Invoiced,2618007,9/24/2025,SREMSON@PARAMOUNTPRINTS.COM,,,,
F0010640-1,F0010640,1,Custom MTO (F0010640),F. SCHUMACHER & CO. CUSTOM MTO,,,Custom Views of Paris,Custom Views of Paris - 850209 (BM Eggplant 1379),"BNYNeuKaliss 60"" 315Y",BNY SUBSTRATES,PAPER,"60"" Roll",93 Linear Feet,93,0,0.04,60 inches,1,Chyna,300dpi,,Print,Invoiced,Invoiced,2630954,9/26/2025,COCONNOR@FSCO.COM,,,,
F0010644-1,F0010644,1,Custom MTO (F0010644),F. SCHUMACHER & CO. CUSTOM MTO,,,Custom Burnell Butterfly SKO,Custom Burnell Butterfly SKO - SKO850220 (Yellow),"BNYNeuKaliss 60"" 315Y",BNY SUBSTRATES,PAPER,"60"" Roll",3 Linear Feet,3,0,0,60 inches,1,LASH,300dpi,,Print,Invoiced,Invoiced,2592644,9/16/2025,PKEEFER@FSCO.COM,,,,
F0010691-1,F0010691,1,Custom MTO (F0010691),F. SCHUMACHER & CO. CUSTOM MTO,,,Custom Western Toile SKO,Custom Western Toile SKO - SKO850223 (Forest),"BNYNeuKaliss 60"" 315Y",BNY SUBSTRATES,PAPER,"60"" Roll",3 Linear Feet,3,0,0,60 inches,1,LASH,300dpi,,Print,Invoiced,Invoiced,2616670,9/23/2025,PKEEFER@FSCO.COM,,,,
F0010972-1,F0010972,1,Custom MTO (F0010972),F. SCHUMACHER & CO. CUSTOM MTO,,,Custom Hydrangea Drape,Custom Hydrangea Drape - 850232 (Delft),"BNYNeuKaliss 60"" 315Y",BNY SUBSTRATES,PAPER,"60"" Roll",12 Linear Feet,12,0,0.01,60 inches,1,Bianca,300dpi,,Print,Invoiced,Invoiced,2651578,10/3/2025,SREMSON@PARAMOUNTPRINTS.COM,,,,
F0011033-1,F0011033,1,Custom MTO (F0011033),F. SCHUMACHER & CO. CUSTOM MTO,,,Custom Burnell Butterfly,Custom Burnell Butterfly - 850220 (Yellow),"BNYNeuKaliss 60"" 315Y",BNY SUBSTRATES,PAPER,"60"" Roll",120 Linear Feet,120,0,0.05,60 inches,1,Bianca,300dpi,,Print,Invoiced,Invoiced,2606899,9/19/2025,COCONNOR@FSCO.COM,,,,
F0011252-1,F0011252,1,Custom MTO (F0011252),F. SCHUMACHER & CO. CUSTOM MTO,,,Custom Deconstructed Stripe,Custom Deconstructed Stripe - 850143 (Greige),"BNYNeuKaliss 60"" 315Y",BNY SUBSTRATES,PAPER,"60"" Roll",138 Linear Feet,138,0,0.15,60 inches,1,LASH,300dpi,,Print,Invoiced,Invoiced,2685041,10/14/2025,SARAH,,,,
F0008962-1,F0008962,1,MTO (F0008962),F. SCHUMACHER & CO - MTO,,,Montecito Porcelain,Montecito Porcelain - 5015840 (Indigo),"BNYNeuKaliss 60"" 315Y",BNY SUBSTRATES,PAPER,"60"" Roll",60 Linear Feet,60,0,0.03,60 inches,1,Nikki,Other,,Print,Invoiced,Invoiced,,7/23/2025,PKEEFER@FSCO.COM,,,10,
F0009010-1,F0009010,1,MTO (F0009010),F. SCHUMACHER & CO - MTO,,,Woodperry,Woodperry - 5008791 (Green),"BNYNeuKaliss 60"" 315Y",BNY SUBSTRATES,PAPER,"60"" Roll",60 Linear Feet,60,0,0.03,60 inches,1,Nikki,Other,,Print,Invoiced,Invoiced,,7/10/2025,PKEEFER@FSCO.COM,,,10,
F0009144-1,F0009144,1,MTO (F0009144),F. SCHUMACHER & CO - MTO,,,Temple,Temple  - 5008056 (BerberBrown),"BNYNeuKaliss 60"" 315Y",BNY SUBSTRATES,PAPER,"60"" Roll",63 Linear Feet,63,0,0.03,60 inches,1,XIA,300dpi,,Print,Invoiced,Invoiced,2391908,7/16/2025,XIACHEN,,,10,
F0009311-1,F0009311,1,MTO (F0009311),F. SCHUMACHER & CO - MTO,,,Salud,Salud - 5015600 (GrottoBlue),"BNYNeuKaliss 60"" 315Y",BNY SUBSTRATES,PAPER,"60"" Roll",33 Linear Feet,33,0,0.01,60 inches,1,Dakota Kai,300dpi,,Print,Invoiced,Invoiced,2411001,7/22/2025,COCONNOR@FSCO.COM,,,10,
F0009316-1,F0009316,1,MTO (F0009316),F. SCHUMACHER & CO - MTO,,,Woodperry,Woodperry - 5008791 (Green),"BNYNeuKaliss 60"" 315Y",BNY SUBSTRATES,PAPER,"60"" Roll",85.6666 Linear Feet,85.6666,0,0.04,60 inches,1,Nikki,Other,,Print,Invoiced,Invoiced,,7/10/2025,PKEEFER@FSCO.COM,,,10,
F0009357-1,F0009357,1,MTO (F0009357),F. SCHUMACHER & CO - MTO,,,Salud,Salud - 5015600 (GrottoBlue),"BNYNeuKaliss 60"" 315Y",BNY SUBSTRATES,PAPER,"60"" Roll",243 Linear Feet,243,0,0.11,60 inches,1,Dakota Kai,300dpi,,Print,Invoiced,Invoiced,2411003,7/22/2025,COCONNOR@FSCO.COM,,,10,
F0009396-1,F0009396,1,MTO (F0009396),F. SCHUMACHER & CO - MTO,,,Montecito Porcelain,Montecito Porcelain - 5015840 (Indigo),"BNYNeuKaliss 60"" 315Y",BNY SUBSTRATES,PAPER,"60"" Roll",63 Linear Feet,63,0,0.03,60 inches,1,Dakota Kai,300dpi,,Print,Invoiced,Invoiced,2415071,7/23/2025,COCONNOR@FSCO.COM,,,10,
F0009431-1,F0009431,1,MTO (F0009431),F. SCHUMACHER & CO - MTO,,,Fabienne,Fabienne - 5013812 (Yellow),"BNYNeuKaliss 60"" 315Y",BNY SUBSTRATES,PAPER,"60"" Roll",153 Linear Feet,153,0,0.07,60 inches,1,Dakota Kai,300dpi,,Print,Invoiced,Invoiced,2519406,8/26/2025,JEANNE,,,10,
F0009616-1,F0009616,1,MTO (F0009616),F. SCHUMACHER & CO - MTO,,,Fabienne,Fabienne - 5013811 (Pink),"BNYNeuKaliss 60"" 315Y",BNY SUBSTRATES,PAPER,"60"" Roll",93 Linear Feet,93,0,0.04,60 inches,1,EMBER,300dpi,,Print,Invoiced,Invoiced,2456246,8/6/2025,SARAH,,,10,
F0009802-1,F0009802,1,MTO (F0009802),F. SCHUMACHER & CO - MTO,,,Fabienne,Fabienne - 5013811 (Pink),"BNYNeuKaliss 60"" 315Y",BNY SUBSTRATES,PAPER,"60"" Roll",93 Linear Feet,93,0,0.04,60 inches,1,EMBER,300dpi,,Print,Invoiced,Invoiced,2456249,8/6/2025,SARAH,,,10,
F0009877-1,F0009877,1,MTO (F0009877),F. SCHUMACHER & CO - MTO,,,Magnolia Tree,Magnolia Tree - 5016933 (Dusty Blush),"BNYNeuKaliss 60"" 315Y",BNY SUBSTRATES,PAPER,"60"" Roll",93 Linear Feet,93,0,0.1,60 inches,1,XIA,300dpi,,Print,Invoiced,Invoiced,2577988,9/11/2025,JOE,,,10,
F0009962-1,F0009962,1,MTO (F0009962),F. SCHUMACHER & CO - MTO,,,Las Colinas,Las Colinas - 5013980 (Green),"BNYNeuKaliss 60"" 315Y",BNY SUBSTRATES,PAPER,"60"" Roll",123 Linear Feet,123,0,0.13,60 inches,1,Dakota Kai,300dpi,,Print,Invoiced,Invoiced,2575170,9/11/2025,JOE,,,10,
F0009980-1,F0009980,1,Regular (F0007364) (F0009980),F. SCHUMACHER & CO - HUB,,,Feather Bloom,Feather Bloom - 5013821 (SoftNeutral),"BNYNeuKaliss 60"" 315Y",BNY SUBSTRATES,PAPER,"60"" Roll",40.5336 Linear Feet,40.5336,0,0.02,60 inches,1,Bianca,300dpi,,Print,Invoiced,Invoiced,2422852,7/25/2025,COCONNOR@FSCO.COM,,,10,
F0010063-1,F0010063,1,MTO (F0010063),F. SCHUMACHER & CO - MTO,,,Alex's Floral,Alex's Floral - 5016401 (Mist Blue),"BNYNeuKaliss 60"" 315Y",BNY SUBSTRATES,PAPER,"60"" Roll",63 Linear Feet,63,0,0.03,60 inches,1,Dakota Kai,300dpi,,Print,Invoiced,Invoiced,2512877,8/22/2025,COCONNOR@FSCO.COM,,,10,
F0010262-1,F0010262,1,MTO (F0010262),F. SCHUMACHER & CO - MTO,,,Magnolia Tree,Magnolia Tree - 5016933 (Dusty Blush),"BNYNeuKaliss 60"" 315Y",BNY SUBSTRATES,PAPER,"60"" Roll",63 Linear Feet,63,0,0.07,60 inches,1,XIA,300dpi,,Print,Invoiced,Invoiced,2577994,9/11/2025,JOE,,,10,
F0010340-1,F0010340,1,Hospitality (F0010340),F. SCHUMACHER & CO - HOSPITALITY,,,Ferne Park,Ferne Park - 5008043 (Sage),"BNYNeuKaliss 60"" 315Y",BNY SUBSTRATES,PAPER,"60"" Roll",303 Linear Feet,303,0,0.13,60 inches,1,XIA,300dpi,,Print,Invoiced,Invoiced,2478626,8/13/2025,BLAWLOR@FSCO.COM,,,10,
F0010471-1,F0010471,1,MTO (F0010471),F. SCHUMACHER & CO - MTO,,,Fabienne,Fabienne - 5013811 (Pink),"BNYNeuKaliss 60"" 315Y",BNY SUBSTRATES,PAPER,"60"" Roll",123 Linear Feet,123,0,0.05,60 inches,1,XIA,300dpi,,Print,Invoiced,Invoiced,2529884,8/28/2025,JEANNE,,,10,
F0010562-1,F0010562,1,MTO (F0010562),F. SCHUMACHER & CO - MTO,,,Magnolia Tree,Magnolia Tree - 5016933 (Dusty Blush),"BNYNeuKaliss 60"" 315Y",BNY SUBSTRATES,PAPER,"60"" Roll",33 Linear Feet,33,0,0.04,60 inches,1,XIA,300dpi,,Print,Invoiced,Invoiced,2577997,9/11/2025,JOE,,,10,
F0010693-1,F0010693,1,MTO (F0010693),F. SCHUMACHER & CO - MTO,,,Villa Stripe,Villa Stripe - 5009924 (LightNeutral),"BNYNeuKaliss 60"" 315Y",BNY SUBSTRATES,PAPER,"60"" Roll",123 Linear Feet,123,0,0.13,60 inches,1,Dakota Kai,300dpi,,Print,Invoiced,Invoiced,2591472,9/16/2025,JEANNE,,,10,
F0010915-1,F0010915,1,MTO (F0010915),F. SCHUMACHER & CO - MTO,,,Alex's Floral,Alex's Floral - 5016401 (Mist Blue),"BNYNeuKaliss 60"" 315Y",BNY SUBSTRATES,PAPER,"60"" Roll",27.183 Linear Feet,27.183,0,0.03,60 inches,1,Dakota Kai,300dpi,,Print,Invoiced,Invoiced,2624971,9/25/2025,JOE,,,10,
F0010967-1,F0010967,1,MTO (F0010967),F. SCHUMACHER & CO - MTO,,,Bouquet Toss,Bouquet Toss - 5013841 (AfternoonBlue),"BNYNeuKaliss 60"" 315Y",BNY SUBSTRATES,PAPER,"60"" Roll",33 Linear Feet,33,0,0.04,60 inches,1,Dakota Kai,300dpi,,Print,Invoiced,Invoiced,2619484,9/24/2025,JOE,,,10,
F0011005-1,F0011005,1,MTO (F0011005),F. SCHUMACHER & CO - MTO,,,Bouquet Toss,Bouquet Toss - 5013841 (AfternoonBlue),"BNYNeuKaliss 60"" 315Y",BNY SUBSTRATES,PAPER,"60"" Roll",333 Linear Feet,333,0,0.36,60 inches,1,Dakota Kai,300dpi,,Print,Invoiced,Invoiced,2619498,9/24/2025,JOE,,,10,
F0011008-1,F0011008,1,MTO (F0011008),F. SCHUMACHER & CO - MTO,,,Woodperry,Woodperry - 5008793 (Celadon),"BNYNeuKaliss 60"" 315Y",BNY SUBSTRATES,PAPER,"60"" Roll",213 Linear Feet,213,0,0.23,60 inches,1,Dakota Kai,300dpi,,Print,Invoiced,Invoiced,2624967,9/25/2025,JOE,,,10,
F0011074-1,F0011074,1,MTO (F0011074),F. SCHUMACHER & CO - MTO,,,Montecito Porcelain,Montecito Porcelain - 5015840 (Indigo),"BNYNeuKaliss 60"" 315Y",BNY SUBSTRATES,PAPER,"60"" Roll",123 Linear Feet,123,0,0.05,60 inches,1,Dakota Kai,300dpi,,Print,Invoiced,Invoiced,2647820,10/2/2025,JOE,,,10,
F0011145-1,F0011145,1,MTO (F0011145),F. SCHUMACHER & CO - MTO,,,Burley,Burley  - 5008034 (OrpingtonBlue),"BNYNeuKaliss 60"" 315Y",BNY SUBSTRATES,PAPER,"60"" Roll",33 Linear Feet,33,0,0.01,60 inches,1,Dakota Kai,300dpi,,Print,Invoiced,Invoiced,2647819,10/2/2025,JOE,,,10,
F0011216-1,F0011216,1,MTO (F0011216),F. SCHUMACHER & CO - MTO,,,Magnolia Tree,Magnolia Tree - 5016933 (Dusty Blush),"BNYNeuKaliss 60"" 315Y",BNY SUBSTRATES,PAPER,"60"" Roll",63 Linear Feet,63,0,0.03,60 inches,1,Dakota Kai,300dpi,,Print,Invoiced,Invoiced,2647823,10/2/2025,JOE,,,10,
F0011247-1,F0011247,1,MTO (F0011247),F. SCHUMACHER & CO - MTO,,,Magnolia Tree,Magnolia Tree - 5016933 (Dusty Blush),"BNYNeuKaliss 60"" 315Y",BNY SUBSTRATES,PAPER,"60"" Roll",33 Linear Feet,33,0,0.01,60 inches,1,Dakota Kai,300dpi,,Print,Invoiced,Invoiced,2646747,10/2/2025,JOE,,,10,
F0011503-1,F0011503,1,MTO (F0011503),F. SCHUMACHER & CO - MTO,,,Bauhin,Bauhin  - 5012090 (DocumentMulti),"BNYNeuKaliss 60"" 315Y",BNY SUBSTRATES,PAPER,"60"" Roll",93 Linear Feet,93,0,0.1,60 inches,1,Bianca,300dpi,,Print,Invoiced,Invoiced,2715312,10/22/2025,SREMSON@PARAMOUNTPRINTS.COM,,,10,
F0011547-1,F0011547,1,MTO (F0011547),F. SCHUMACHER & CO - MTO,,,Toile Tropique,Toile Tropique  - 5011480 (Gold),"BNYNeuKaliss 60"" 315Y",BNY SUBSTRATES,PAPER,"60"" Roll",153 Linear Feet,153,0,0.16,60 inches,1,Bianca,300dpi,,Print,Invoiced,Invoiced,2715313,10/22/2025,SREMSON@PARAMOUNTPRINTS.COM,,,10,
F0011672-1,F0011672,1,MTO (F0011672),F. SCHUMACHER & CO - MTO,,,Poppy Stripes,Poppy Stripes - 5014451 (Blue),"BNYNeuKaliss 60"" 315Y",BNY SUBSTRATES,PAPER,"60"" Roll",123 Linear Feet,123,0,0.13,60 inches,1,Bianca,300dpi,,Print,Invoiced,Invoiced,2720307,10/23/2025,SUSAN,,,10,
F0011775-1,F0011775,1,MTO (F0011005) (F0011775),F. SCHUMACHER & CO - MTO,,,Bouquet Toss,Bouquet Toss - 5013841 (AfternoonBlue),"BNYNeuKaliss 60"" 315Y",BNY SUBSTRATES,PAPER,"60"" Roll",333 Linear Feet,333,0,0.14,60 inches,1,Dakota Kai,300dpi,,Print,Invoiced,Invoiced,2701472,10/17/2025,JOE,,,10,
F0006288-1,F0006288,1,Regular (F0006288),F. SCHUMACHER & CO - NEW GOODS,,,Polka Dot Jungle,Polka Dot Jungle - 5015464 (Caramel),"BNYNeuKaliss 60"" 315Y",BNY SUBSTRATES,PAPER,"60"" Roll",600 Linear Feet,600,0,0.26,60 inches,1,Trish,4p,,Print,Invoiced,Invoiced,2532391,8/28/2025,SARAH,,,10,
F0006290-1,F0006290,1,Regular (F0006290),F. SCHUMACHER & CO - NEW GOODS,,,Tasmanian Mimosa,Tasmanian Mimosa - 5015363 (Sky),"BNYNeuKaliss 60"" 315Y",BNY SUBSTRATES,PAPER,"60"" Roll",600 Linear Feet,600,0,0.65,60 inches,1,Sasha,4p,,Print,Invoiced,Invoiced,2654504,10/3/2025,COCONNOR@FSCO.COM,,,10,
F0006291-1,F0006291,1,Regular (F0006291),F. SCHUMACHER & CO - NEW GOODS,,,Weeping Pine,Weeping Pine  - 5008334 (Taupe),"BNYNeuKaliss 60"" 315Y",BNY SUBSTRATES,PAPER,"60"" Roll",180 Linear Feet,180,0,0.19,60 inches,1,Trish,4p,,Print,Invoiced,Invoiced,2702999,10/17/2025,COCONNOR@FSCO.COM,,,10,
F0006292-1,F0006292,1,Regular (F0006292),F. SCHUMACHER & CO - NEW GOODS,,,Polka Dot Jungle,Polka Dot Jungle - 5015464 (Caramel),"BNYNeuKaliss 60"" 315Y",BNY SUBSTRATES,PAPER,"60"" Roll",86.4 Linear Feet,86.4,0,0.04,60 inches,1,Trish,4p,,Print,Invoiced,Invoiced,2532393,8/28/2025,SARAH,,,10,
F0006299-1,F0006299,1,Regular (F0006299),F. SCHUMACHER & CO - NEW GOODS,,,Tasmanian Mimosa,Tasmanian Mimosa - 5015365 (Marigold),"BNYNeuKaliss 60"" 315Y",BNY SUBSTRATES,PAPER,"60"" Roll",180 Linear Feet,180,0,0.19,60 inches,1,Trish,4p,,Print,Invoiced,Invoiced,2654141,10/3/2025,BLAWLOR@FSCO.COM,,,10,
F0006301-1,F0006301,1,Regular (F0006301),F. SCHUMACHER & CO - NEW GOODS,,,Tasmanian Mimosa,Tasmanian Mimosa - 5015364 (Petal),"BNYNeuKaliss 60"" 315Y",BNY SUBSTRATES,PAPER,"60"" Roll",180 Linear Feet,180,0,0.19,60 inches,1,Trish,4p,,Print,Invoiced,Invoiced,2653571,10/3/2025,BLAWLOR@FSCO.COM,,,10,
F0006304-1,F0006304,1,Regular (F0006304),F. SCHUMACHER & CO - NEW GOODS,,,Tasmanian Mimosa,Tasmanian Mimosa - 5015364 (Petal),"BNYNeuKaliss 60"" 315Y",BNY SUBSTRATES,PAPER,"60"" Roll",63.825 Linear Feet,63.825,0,0.07,60 inches,1,Trish,4p,,Print,Invoiced,Invoiced,2653578,10/3/2025,BLAWLOR@FSCO.COM,,,10,
F0006308-1,F0006308,1,Regular (F0006308),F. SCHUMACHER & CO - NEW GOODS,,,Weeping Pine,Weeping Pine  - 5008335 (Green),"BNYNeuKaliss 60"" 315Y",BNY SUBSTRATES,PAPER,"60"" Roll",180 Linear Feet,180,0,0.19,60 inches,1,Trish,4p,,Print,Invoiced,Invoiced,2699988,10/17/2025,SREMSON@PARAMOUNTPRINTS.COM,,,10,
F0006309-1,F0006309,1,Regular (F0006309),F. SCHUMACHER & CO - NEW GOODS,,,Tasmanian Mimosa,Tasmanian Mimosa - 5015363 (Sky),"BNYNeuKaliss 60"" 315Y",BNY SUBSTRATES,PAPER,"60"" Roll",180 Linear Feet,180,0,0.19,60 inches,1,Sasha,4p,,Print,Invoiced,Invoiced,2654505,10/3/2025,COCONNOR@FSCO.COM,,,10,
F0006310-1,F0006310,1,Regular (F0006310),F. SCHUMACHER & CO - NEW GOODS,,,Tasmanian Mimosa,Tasmanian Mimosa - 5015365 (Marigold),"BNYNeuKaliss 60"" 315Y",BNY SUBSTRATES,PAPER,"60"" Roll",109.2417 Linear Feet,109.2417,0,0.12,60 inches,1,Trish,4p,,Print,Invoiced,Invoiced,2654143,10/3/2025,BLAWLOR@FSCO.COM,,,10,
F0006312-1,F0006312,1,Regular (F0006312),F. SCHUMACHER & CO - NEW GOODS,,,Weeping Pine,Weeping Pine  - 5008334 (Taupe),"BNYNeuKaliss 60"" 315Y",BNY SUBSTRATES,PAPER,"60"" Roll",600 Linear Feet,600,0,0.65,60 inches,1,Trish,4p,,Print,Invoiced,Invoiced,2703000,10/17/2025,COCONNOR@FSCO.COM,,,10,
F0006318-1,F0006318,1,Regular (F0006318),F. SCHUMACHER & CO - NEW GOODS,,,Weeping Pine,Weeping Pine  - 5008335 (Green),"BNYNeuKaliss 60"" 315Y",BNY SUBSTRATES,PAPER,"60"" Roll",221.8887 Linear Feet,221.8887,0,0.24,60 inches,1,Trish,4p,,Print,Invoiced,Invoiced,2699989,10/17/2025,SREMSON@PARAMOUNTPRINTS.COM,,,10,
F0006616-1,F0006616,1,Regular (F0006616),F. SCHUMACHER & CO - HUB,,,Painted Sky,Painted Sky - 5016021 (ClearBlue),"BNYNeuKaliss 60"" 315Y",BNY SUBSTRATES,PAPER,"60"" Roll",90 Linear Feet,90,0,0.04,60 inches,1,Sasha,4p,,Print,Invoiced,Invoiced,2429977,7/29/2025,COCONNOR@FSCO.COM,,,10,
F0006762-1,F0006762,1,Regular (F0006762),F. SCHUMACHER & CO - NEW GOODS,,,Polka Dot Jungle,Polka Dot Jungle - 5015466 (Raspberry),"BNYNeuKaliss 60"" 315Y",BNY SUBSTRATES,PAPER,"60"" Roll",180 Linear Feet,180,0,0.08,60 inches,1,Trish,4p,,Print,Invoiced,Invoiced,2532398,8/28/2025,SARAH,,,10,
F0006793-1,F0006793,1,Regular (F0006793),F. SCHUMACHER & CO - NEW GOODS,,,Polka Dot Jungle,Polka Dot Jungle - 5015465 (Terracotta),"BNYNeuKaliss 60"" 315Y",BNY SUBSTRATES,PAPER,"60"" Roll",40.1499 Linear Feet,40.1499,0,0.02,60 inches,1,Trish,4p,,Print,Invoiced,Invoiced,2532400,8/28/2025,SARAH,,,10,
F0007030-1,F0007030,1,Regular (F0007030),F. SCHUMACHER & CO - NEW GOODS,,,Chiang Mai Dragon Silhouette,Chiang Mai Dragon Silhouette - 5017920 (Ciel de Provence),"BNYNeuKaliss 60"" 315Y",BNY SUBSTRATES,PAPER,"60"" Roll",180 Linear Feet,180,0,0.08,60 inches,1,Trish,4p,,Print,Invoiced,Invoiced,2599369,9/18/2025,SREMSON@PARAMOUNTPRINTS.COM,,,10,
F0007039-1,F0007039,1,Regular (F0007039),F. SCHUMACHER & CO - NEW GOODS,,,Chiang Mai Dragon Silhouette,Chiang Mai Dragon Silhouette - 5017922 (Mistral Sand),"BNYNeuKaliss 60"" 315Y",BNY SUBSTRATES,PAPER,"60"" Roll",180 Linear Feet,180,0,0.08,60 inches,1,Trish,4p,,Print,Invoiced,Invoiced,2599372,9/18/2025,SREMSON@PARAMOUNTPRINTS.COM,,,10,
F0007057-1,F0007057,1,Regular (F0007057),F. SCHUMACHER & CO - NEW GOODS,,,Chiang Mai Dragon Silhouette,Chiang Mai Dragon Silhouette - 5017921 (Mediterranean Spice),"BNYNeuKaliss 60"" 315Y",BNY SUBSTRATES,PAPER,"60"" Roll",123.2373 Linear Feet,123.2373,0,0.05,60 inches,1,Trish,4p,,Print,Invoiced,Invoiced,2599374,9/18/2025,SREMSON@PARAMOUNTPRINTS.COM,,,10,
F0007059-1,F0007059,1,Regular (F0007059),F. SCHUMACHER & CO - NEW GOODS,,,Chiang Mai Dragon Silhouette,Chiang Mai Dragon Silhouette - 5017921 (Mediterranean Spice),"BNYNeuKaliss 60"" 315Y",BNY SUBSTRATES,PAPER,"60"" Roll",180 Linear Feet,180,0,0.08,60 inches,1,Trish,4p,,Print,Invoiced,Invoiced,2599376,9/18/2025,SREMSON@PARAMOUNTPRINTS.COM,,,10,
F0007067-1,F0007067,1,Regular (F0007067),F. SCHUMACHER & CO - NEW GOODS,,,Chiang Mai Dragon Silhouette,Chiang Mai Dragon Silhouette - 5017922 (Mistral Sand),"BNYNeuKaliss 60"" 315Y",BNY SUBSTRATES,PAPER,"60"" Roll",600 Linear Feet,600,0,0.26,60 inches,1,Trish,4p,,Print,Invoiced,Invoiced,2599380,9/18/2025,SREMSON@PARAMOUNTPRINTS.COM,,,10,
F0007069-1,F0007069,1,Regular (F0007069),F. SCHUMACHER & CO - NEW GOODS,,,Chiang Mai Dragon Silhouette,Chiang Mai Dragon Silhouette - 5017920 (Ciel de Provence),"BNYNeuKaliss 60"" 315Y",BNY SUBSTRATES,PAPER,"60"" Roll",212.4039 Linear Feet,212.4039,0,0.09,60 inches,1,Trish,4p,,Print,Invoiced,Invoiced,2599381,9/18/2025,SREMSON@PARAMOUNTPRINTS.COM,,,10,
F0007129-1,F0007129,1,Regular (F0007129),F. SCHUMACHER & CO - HUB,,,Turini,Turini - 5014892 (CocoaMulti),"BNYNeuKaliss 60"" 315Y",BNY SUBSTRATES,PAPER,"60"" Roll",1200 Linear Feet,1200,0,0.53,60 inches,1,Glow,4p,,Print,Invoiced,Invoiced,2456287,8/6/2025,COCONNOR@FSCO.COM,,,10,
F0007364-1,F0007364,1,Regular (F0007364),F. SCHUMACHER & CO - HUB,,,Feather Bloom,Feather Bloom - 5013821 (SoftNeutral),"BNYNeuKaliss 60"" 315Y",BNY SUBSTRATES,PAPER,"60"" Roll",810 Linear Feet,810,0,0.36,60 inches,1,Sasha,4p,,Print,Invoiced,Invoiced,2421357,7/25/2025,BLAWLOR@FSCO.COM,,,10,
F0007365-1,F0007365,1,Regular (F0007365),F. SCHUMACHER & CO - HUB,,,ANJUNA FLORAL,ANJUNA FLORAL - 5014111 (Lilac),"BNYNeuKaliss 60"" 315Y",BNY SUBSTRATES,PAPER,"60"" Roll",483.54 Linear Feet,483.54,0,0.21,60 inches,1,Glow,4p,,Print,Invoiced,Invoiced,2463194,8/7/2025,BLAWLOR@FSCO.COM,,,10,
F0007366-1,F0007366,1,Regular (F0007366),F. SCHUMACHER & CO - HUB,,,Indian Arbre,Indian Arbre  - 5010493 (SoftGreen),"BNYNeuKaliss 60"" 315Y",BNY SUBSTRATES,PAPER,"60"" Roll",1680 Linear Feet,1680,0,0.72,60 inches,1,Sasha,4p,,Print,Invoiced,Invoiced,2467997,8/8/2025,COCONNOR@FSCO.COM,,,10,
F0007455-1,F0007455,1,Regular (F0007455),F. SCHUMACHER & CO - HUB,,,Rosenborg,Rosenborg  - 5011333 (Navy),"BNYNeuKaliss 60"" 315Y",BNY SUBSTRATES,PAPER,"60"" Roll",246.9669 Linear Feet,246.9669,0,0.11,60 inches,1,Sasha,4p,,Print,Invoiced,Invoiced,2468057,8/8/2025,COCONNOR@FSCO.COM,,,10,
F0007484-1,F0007484,1,Regular (F0007484),F. SCHUMACHER & CO - HUB,,,Chinoiserie Vine,Chinoiserie Vine - 5014350 (Cobalt),"BNYNeuKaliss 60"" 315Y",BNY SUBSTRATES,PAPER,"60"" Roll",328.6584 Linear Feet,328.6584,0,0.35,60 inches,1,Sasha,4p,,Print,Invoiced,Invoiced,2708804,10/20/2025,BLAWLOR@FSCO.COM,,,10,
F0007490-1,F0007490,1,Regular (F0007490),F. SCHUMACHER & CO - HUB,,,New Yorker Seasonal Covers,New Yorker City-View Covers - 5016160 (Multicolor),"BNYNeuKaliss 60"" 315Y",BNY SUBSTRATES,PAPER,"60"" Roll",190.3752 Linear Feet,190.3752,0,0.08,60 inches,1,Glow,4p,,Print,Invoiced,Invoiced,2478816,8/13/2025,COCONNOR@FSCO.COM,,,10,
F0007510-1,F0007510,1,Regular (F0007510),F. SCHUMACHER & CO - HUB,,,Indian Arbre,Indian Arbre  - 5010490 (Hyacinth),"BNYNeuKaliss 60"" 315Y",BNY SUBSTRATES,PAPER,"60"" Roll",3600 Linear Feet,3600,0,1.54,60 inches,1,Trish,4p,,Print,Invoiced,Invoiced,2473760,8/12/2025,COCONNOR@FSCO.COM,,,10,
F0007574-1,F0007574,1,Regular (F0007574),F. SCHUMACHER & CO - HUB,,,Come Back As A Flower,Come Back As A Flower - 5014090 (SoftBlack),"BNYNeuKaliss 60"" 315Y",BNY SUBSTRATES,PAPER,"60"" Roll",328.6584 Linear Feet,328.6584,0,0.35,60 inches,1,Sasha,4p,,Print,Invoiced,Invoiced,2710104,10/21/2025,COCONNOR@FSCO.COM,,,10,
F0007576-1,F0007576,1,Regular (F0007576),F. SCHUMACHER & CO - HUB,,,Toile Tropique,Toile Tropique  - 5011482 (Purple),"BNYNeuKaliss 60"" 315Y",BNY SUBSTRATES,PAPER,"60"" Roll",263.4078 Linear Feet,263.4078,0,0.11,60 inches,1,Trish,4p,,Print,Invoiced,Invoiced,2629393,9/26/2025,BLAWLOR@FSCO.COM,,,10,
F0007874-1,F0007874,1,Regular (F0007874),F. SCHUMACHER & CO - HUB,,,Close Your Eyes and Remember,Close Your Eyes and Remember - 5014081 (LightNeutral),"BNYNeuKaliss 60"" 315Y",BNY SUBSTRATES,PAPER,"60"" Roll",828.4416 Linear Feet,828.4416,0,0.35,60 inches,1,Trish,4p,,Print,Invoiced,Invoiced,2434418,7/30/2025,COCONNOR@FSCO.COM,,,10,
F0008128-1,F0008128,1,Regular (F0008128),F. SCHUMACHER & CO - HUB,,,Del Tesoro,Del Tesoro  - 5010652 (Purple&Coral),"BNYNeuKaliss 60"" 315Y",BNY SUBSTRATES,PAPER,"60"" Roll",258.3414 Linear Feet,258.3414,0,0.28,60 inches,1,Trish,4p,,Print,Invoiced,Invoiced,2718225,10/22/2025,BLAWLOR@FSCO.COM,,,10,
F0008218-1,F0008218,1,Regular (F0008218),F. SCHUMACHER & CO - HUB,,,Andromeda,Andromeda - 5010574 (Sand),"BNYNeuKaliss 60"" 315Y",BNY SUBSTRATES,PAPER,"60"" Roll",255 Linear Feet,255,0,0.11,60 inches,1,Glow,4p,,Print,Invoiced,Invoiced,2429978,7/29/2025,COCONNOR@FSCO.COM,,,10,
F0008370-1,F0008370,1,Regular (F0008370),F. SCHUMACHER & CO - HUB,,,Celinda,Celinda - 5016361 (Sky),"BNYNeuKaliss 60"" 315Y",BNY SUBSTRATES,PAPER,"60"" Roll",11.5737 Linear Feet,11.5737,0,0,60 inches,1,Sasha,4p,,Print,Invoiced,Invoiced,2569375,9/10/2025,SARAH,,,10,
F0008669-1,F0008669,1,Regular (F0008669),F. SCHUMACHER & CO - HUB,,,Betty,Betty - 5009871 (Charcoal),"BNYNeuKaliss 60"" 315Y",BNY SUBSTRATES,PAPER,"60"" Roll",71.5584 Linear Feet,71.5584,0,0.03,60 inches,1,Glow,4p,,Print,Invoiced,Invoiced,2434410,7/30/2025,COCONNOR@FSCO.COM,,,10,
F0008677-1,F0008677,1,Regular (F0008677),F. SCHUMACHER & CO - HUB,,,ANJUNA FLORAL,ANJUNA FLORAL - 5014112 (Blush),"BNYNeuKaliss 60"" 315Y",BNY SUBSTRATES,PAPER,"60"" Roll",720 Linear Feet,720,0,0.31,60 inches,1,Trish,4p,,Print,Invoiced,Invoiced,2626372,9/25/2025,BLAWLOR@FSCO.COM,,,10,
F0008694-1,F0008694,1,Regular (F0008694),F. SCHUMACHER & CO - HUB,,,Painted Sky,Painted Sky - 5016022 (Air),"BNYNeuKaliss 60"" 315Y",BNY SUBSTRATES,PAPER,"60"" Roll",3270 Linear Feet,3270,0,1.44,60 inches,1,Trish,4p,,Print,Invoiced,Invoiced,2424094,7/25/2025,SARAH,,,10,
F0008871-1,F0008871,1,Regular (F0008871),F. SCHUMACHER & CO - HUB,,,Woodperry,Woodperry - 5008791 (Green),"BNYNeuKaliss 60"" 315Y",BNY SUBSTRATES,PAPER,"60"" Roll",900 Linear Feet,900,0,0.4,60 inches,1,Trish,4p,,Print,Invoiced,Invoiced,2378998,7/11/2025,COCONNOR@FSCO.COM,,,10,
F0008874-1,F0008874,1,Regular (F0008874),F. SCHUMACHER & CO - HUB,,,Salud,Salud - 5015600 (GrottoBlue),"BNYNeuKaliss 60"" 315Y",BNY SUBSTRATES,PAPER,"60"" Roll",280.8501 Linear Feet,280.8501,0,0.12,60 inches,1,Glow,4p,,Print,Invoiced,Invoiced,2535222,8/29/2025,SREMSON@PARAMOUNTPRINTS.COM,,,10,
F0008993-1,F0008993,1,Regular (F0008993),F. SCHUMACHER & CO - HUB,,,Magnolia Tree,Magnolia Tree - 5016930 (Dusty Sky),"BNYNeuKaliss 60"" 315Y",BNY SUBSTRATES,PAPER,"60"" Roll",78.4437 Linear Feet,78.4437,0,0.03,60 inches,1,Trish,4p,,Print,Invoiced,Invoiced,2582630,9/12/2025,COCONNOR@FSCO.COM,,,10,
F0009015-1,F0009015,1,MTO (F0009015),F. SCHUMACHER & CO - MTO,,,Feather Bloom,Feather Bloom - 5013821 (SoftNeutral),"BNYNeuKaliss 60"" 315Y",BNY SUBSTRATES,PAPER,"60"" Roll",63 Linear Feet,63,0,0.03,60 inches,1,Sasha,4p,,Print,Invoiced,Invoiced,2417066,7/24/2025,SHELBY,,,10,
F0009079-1,F0009079,1,MTO (F0009079),F. SCHUMACHER & CO - MTO,,,Painted Sky,Painted Sky - 5016021 (ClearBlue),"BNYNeuKaliss 60"" 315Y",BNY SUBSTRATES,PAPER,"60"" Roll",33 Linear Feet,33,0,0.01,60 inches,1,Sasha,4p,,Print,Invoiced,Invoiced,2429993,7/29/2025,COCONNOR@FSCO.COM,,,10,
F0009094-1,F0009094,1,Regular (F0009094),F. SCHUMACHER & CO - HUB,,,Aveline,Aveline - 5013191 (Lilac),"BNYNeuKaliss 60"" 315Y",BNY SUBSTRATES,PAPER,"60"" Roll",216.1347 Linear Feet,216.1347,0,0.09,60 inches,1,Glow,4p,,Print,Invoiced,Invoiced,2558077,9/5/2025,COCONNOR@FSCO.COM,,,10,
F0009117-1,F0009117,1,Regular (F0009117),F. SCHUMACHER & CO - HUB,,,Temple,Temple  - 5008056 (BerberBrown),"BNYNeuKaliss 60"" 315Y",BNY SUBSTRATES,PAPER,"60"" Roll",56.8824 Linear Feet,56.8824,0,0.02,60 inches,1,Sasha,4p,,Print,Invoiced,Invoiced,2508623,8/21/2025,SREMSON@PARAMOUNTPRINTS.COM,,,10,
F0009219-1,F0009219,1,Regular (F0009219),F. SCHUMACHER & CO - NEW GOODS,,,Tiasquam,Tiasquam  - 5011823 (Neutral),"BNYNeuKaliss 60"" 315Y",BNY SUBSTRATES,PAPER,"60"" Roll",180 Linear Feet,180,0,0.19,60 inches,1,Trish,4p,,Print,Invoiced,Invoiced,2676159,10/10/2025,SHELBY,,,10,
F0009221-1,F0009221,1,Regular (F0009221),F. SCHUMACHER & CO - NEW GOODS,,,Tiasquam,Tiasquam  - 5011824 (Brown),"BNYNeuKaliss 60"" 315Y",BNY SUBSTRATES,PAPER,"60"" Roll",600 Linear Feet,600,0,0.65,60 inches,1,Trish,4p,,Print,Invoiced,Invoiced,2674934,10/9/2025,BLAWLOR@FSCO.COM,,,10,
F0009222-1,F0009222,1,Regular (F0009222),F. SCHUMACHER & CO - NEW GOODS,,,Tiasquam,Tiasquam  - 5011823 (Neutral),"BNYNeuKaliss 60"" 315Y",BNY SUBSTRATES,PAPER,"60"" Roll",288.3087 Linear Feet,288.3087,0,0.31,60 inches,1,Trish,4p,,Print,Invoiced,Invoiced,2676165,10/10/2025,SHELBY,,,10,
F0009224-1,F0009224,1,Regular (F0009224),F. SCHUMACHER & CO - NEW GOODS,,,Tiasquam,Tiasquam  - 5011824 (Brown),"BNYNeuKaliss 60"" 315Y",BNY SUBSTRATES,PAPER,"60"" Roll",13.8081 Linear Feet,13.8081,0,0.01,60 inches,1,Trish,4p,,Print,Invoiced,Invoiced,2674936,10/9/2025,BLAWLOR@FSCO.COM,,,10,
F0009250-1,F0009250,1,MTO (F0009250),F. SCHUMACHER & CO - MTO,,,Villa Stripe,Villa Stripe - 5009924 (LightNeutral),"BNYNeuKaliss 60"" 315Y",BNY SUBSTRATES,PAPER,"60"" Roll",363 Linear Feet,363,0,0.15,60 inches,1,Glow,4p,,Print,Invoiced,Invoiced,2463197,8/7/2025,BLAWLOR@FSCO.COM,,,10,
F0009292-1,F0009292,1,Regular (F0009292),F. SCHUMACHER & CO - HUB,,,Sandoway Vine,Sandoway Vine  - 5011610 (Linen),"BNYNeuKaliss 60"" 315Y",BNY SUBSTRATES,PAPER,"60"" Roll",471.3585 Linear Feet,471.3585,0,0.2,60 inches,1,Trish,4p,,Print,Invoiced,Invoiced,2446527,8/1/2025,SHELBY,,,10,
F0009346-1,F0009346,1,MTO (F0009346),F. SCHUMACHER & CO - MTO,,,Andromeda,Andromeda - 5010574 (Sand),"BNYNeuKaliss 60"" 315Y",BNY SUBSTRATES,PAPER,"60"" Roll",93 Linear Feet,93,0,0.04,60 inches,1,Glow,4p,,Print,Invoiced,Invoiced,2429985,7/29/2025,COCONNOR@FSCO.COM,,,10,
F0009356-1,F0009356,1,MTO (F0009356),F. SCHUMACHER & CO - MTO,,,Betty,Betty - 5009871 (Charcoal),"BNYNeuKaliss 60"" 315Y",BNY SUBSTRATES,PAPER,"60"" Roll",29.5584 Linear Feet,29.5584,0,0.01,60 inches,1,Glow,4p,,Print,Invoiced,Invoiced,2434421,7/30/2025,COCONNOR@FSCO.COM,,,10,
F0009365-1,F0009365,1,MTO (F0009365),F. SCHUMACHER & CO - MTO,,,Feather Bloom,Feather Bloom - 5013821 (SoftNeutral),"BNYNeuKaliss 60"" 315Y",BNY SUBSTRATES,PAPER,"60"" Roll",93 Linear Feet,93,0,0.04,60 inches,1,Sasha,4p,,Print,Invoiced,Invoiced,2417069,7/24/2025,SHELBY,,,10,
F0009413-1,F0009413,1,MTO (F0009413),F. SCHUMACHER & CO - MTO,,,Sandoway Vine,Sandoway Vine  - 5011610 (Linen),"BNYNeuKaliss 60"" 315Y",BNY SUBSTRATES,PAPER,"60"" Roll",483 Linear Feet,483,0,0.21,60 inches,1,Trish,4p,,Print,Invoiced,Invoiced,2446534,8/1/2025,SHELBY,,,10,
F0009428-1,F0009428,1,MTO (F0009428),F. SCHUMACHER & CO - MTO,,,Loudon Rose,Loudon Rose  - 5012031 (Blush),"BNYNeuKaliss 60"" 315Y",BNY SUBSTRATES,PAPER,"60"" Roll",183 Linear Feet,183,0,0.08,60 inches,1,Trish,4p,,Print,Invoiced,Invoiced,2444750,8/1/2025,SHELBY,,,10,
F0009517-1,F0009517,1,MTO (F0009517),F. SCHUMACHER & CO - MTO,,,Painted Sky,Painted Sky - 5016022 (Air),"BNYNeuKaliss 60"" 315Y",BNY SUBSTRATES,PAPER,"60"" Roll",63 Linear Feet,63,0,0.03,60 inches,1,Trish,4p,,Print,Invoiced,Invoiced,2424095,7/25/2025,SARAH,,,10,
F0009548-1,F0009548,1,Regular (F0009548),F. SCHUMACHER & CO - HUB,,,Tasmanian Mimosa,Tasmanian Mimosa - 5015362 (Ivory/Green),"BNYNeuKaliss 60"" 315Y",BNY SUBSTRATES,PAPER,"60"" Roll",236.6913 Linear Feet,236.6913,0,0.25,60 inches,1,Glow,4p,,Print,Invoiced,Invoiced,2687907,10/14/2025,COCONNOR@FSCO.COM,,,10,
F0009552-1,F0009552,1,Regular (F0009552),F. SCHUMACHER & CO - HUB,,,Magnolia Tree,Magnolia Tree - 5016931 (Grisaille),"BNYNeuKaliss 60"" 315Y",BNY SUBSTRATES,PAPER,"60"" Roll",330 Linear Feet,330,0,0.14,60 inches,1,Sasha,4p,,Print,Invoiced,Invoiced,2605176,9/19/2025,BLAWLOR@FSCO.COM,,,10,
F0009554-1,F0009554,1,Regular (F0009554),F. SCHUMACHER & CO - HUB,,,Magnolia Tree,Magnolia Tree - 5016930 (Dusty Sky),"BNYNeuKaliss 60"" 315Y",BNY SUBSTRATES,PAPER,"60"" Roll",2520 Linear Feet,2520,0,1.08,60 inches,1,Trish,4p,,Print,Invoiced,Invoiced,2582635,9/12/2025,COCONNOR@FSCO.COM,,,10,
F0009580-1,F0009580,1,Regular (F0009580),F. SCHUMACHER & CO - HUB,,,Loudon Rose,Loudon Rose  - 5012031 (Blush),"BNYNeuKaliss 60"" 315Y",BNY SUBSTRATES,PAPER,"60"" Roll",3.3585 Linear Feet,3.3585,0,0,60 inches,1,Trish,4p,,Print,Invoiced,Invoiced,2444752,8/1/2025,SHELBY,,,10,
F0009593-1,F0009593,1,MTO (F0009593),F. SCHUMACHER & CO - MTO,,,Painted Sky,Painted Sky - 5016022 (Air),"BNYNeuKaliss 60"" 315Y",BNY SUBSTRATES,PAPER,"60"" Roll",123 Linear Feet,123,0,0.05,60 inches,1,Trish,4p,,Print,Invoiced,Invoiced,2424096,7/25/2025,SARAH,,,10,
F0009600-1,F0009600,1,MTO (F0009600),F. SCHUMACHER & CO - MTO,,,Feather Bloom,Feather Bloom - 5013821 (SoftNeutral),"BNYNeuKaliss 60"" 315Y",BNY SUBSTRATES,PAPER,"60"" Roll",63 Linear Feet,63,0,0.03,60 inches,1,Sasha,4p,,Print,Invoiced,Invoiced,2417079,7/24/2025,SHELBY,,,10,
F0009737-1,F0009737,1,MTO (F0009737),F. SCHUMACHER & CO - MTO,,,Feather Bloom,Feather Bloom - 5013821 (SoftNeutral),"BNYNeuKaliss 60"" 315Y",BNY SUBSTRATES,PAPER,"60"" Roll",227.3253 Linear Feet,227.3253,0,0.1,60 inches,1,Sasha,4p,,Print,Invoiced,Invoiced,2417070,7/24/2025,SHELBY,,,10,
F0009846-1,F0009846,1,MTO (F0009846),F. SCHUMACHER & CO - MTO,,,Feather Bloom,Feather Bloom - 5013821 (SoftNeutral),"BNYNeuKaliss 60"" 315Y",BNY SUBSTRATES,PAPER,"60"" Roll",243 Linear Feet,243,0,0.11,60 inches,1,Sasha,4p,,Print,Invoiced,Invoiced,2417076,7/24/2025,SHELBY,,,10,
F0010035-1,F0010035,1,Regular (F0010035),F. SCHUMACHER & CO - HUB,,,Celinda,Celinda - 5016362 (Citrus),"BNYNeuKaliss 60"" 315Y",BNY SUBSTRATES,PAPER,"60"" Roll",315.3087 Linear Feet,315.3087,0,0.34,60 inches,1,Glow,4p,,Print,Invoiced,Invoiced,2694919,10/16/2025,COCONNOR@FSCO.COM,,,10,
F0010045-1,F0010045,1,Regular (F0010045),F. SCHUMACHER & CO - HUB,,,Betty,Betty - 5009870 (QuietPink),"BNYNeuKaliss 60"" 315Y",BNY SUBSTRATES,PAPER,"60"" Roll",261.1347 Linear Feet,261.1347,0,0.11,60 inches,1,Glow,4p,,Print,Invoiced,Invoiced,2558078,9/5/2025,COCONNOR@FSCO.COM,,,10,
F0010048-1,F0010048,1,Regular (F0010048),F. SCHUMACHER & CO - HUB,,,Quansoo,Quansoo  - 5012402 (CoralOnIvory),"BNYNeuKaliss 60"" 315Y",BNY SUBSTRATES,PAPER,"60"" Roll",273.9249 Linear Feet,273.9249,0,0.29,60 inches,1,Trish,4p,,Print,Invoiced,Invoiced,2666567,10/8/2025,SREMSON@PARAMOUNTPRINTS.COM,,,10,
F0010216-1,F0010216,1,Regular (F0010216),F. SCHUMACHER & CO - HUB,,,Turini,Turini - 5014890 (BrightMulti),"BNYNeuKaliss 60"" 315Y",BNY SUBSTRATES,PAPER,"60"" Roll",11.1687 Linear Feet,11.1687,0,0,60 inches,1,Sasha,4p,,Print,Invoiced,Invoiced,2548364,9/3/2025,ADAM,,,10,
F0010217-1,F0010217,1,Regular (F0010217),F. SCHUMACHER & CO - HUB,,,Folly,Folly - 5008002 (Straw),"BNYNeuKaliss 60"" 315Y",BNY SUBSTRATES,PAPER,"60"" Roll",429.0834 Linear Feet,429.0834,0,0.18,60 inches,1,Trish,4p,,Print,Invoiced,Invoiced,2538604,8/29/2025,SHELBY,,,10,
F0010252-1,F0010252,1,Regular (F0010252),F. SCHUMACHER & CO - HUB,,,Woodland Feathers,Woodland Feathers - 5016061 (Autumn),"BNYNeuKaliss 60"" 315Y",BNY SUBSTRATES,PAPER,"60"" Roll",240.654 Linear Feet,240.654,0,0.1,60 inches,1,Sasha,4p,,Print,Invoiced,Invoiced,2594475,9/17/2025,XIACHEN,,,10,
F0010421-1,F0010421,1,Regular (F0010421),F. SCHUMACHER & CO - HUB,,,Burley,Burley  - 5008034 (OrpingtonBlue),"BNYNeuKaliss 60"" 315Y",BNY SUBSTRATES,PAPER,"60"" Roll",442.8081 Linear Feet,442.8081,0,0.48,60 inches,1,Sasha,4p,,Print,Invoiced,Invoiced,2676067,10/10/2025,SUSAN,,,10,
F0010510-1,F0010510,1,Regular (F0010510),F. SCHUMACHER & CO - HUB,,,Kiosk,Kiosk - 5008016 (BerberBrown),"BNYNeuKaliss 60"" 315Y",BNY SUBSTRATES,PAPER,"60"" Roll",930 Linear Feet,930,0,0.4,60 inches,1,Trish,4p,,Print,Invoiced,Invoiced,2549834,9/4/2025,SREMSON@PARAMOUNTPRINTS.COM,,,10,
F0010511-1,F0010511,1,Regular (F0010511),F. SCHUMACHER & CO - HUB,,,Toile De La Prairie,Toile De La Prairie  - 5011710 (Green),"BNYNeuKaliss 60"" 315Y",BNY SUBSTRATES,PAPER,"60"" Roll",3.8313 Linear Feet,3.8313,0,0,60 inches,1,Trish,4p,,Print,Invoiced,Invoiced,2549835,9/4/2025,SREMSON@PARAMOUNTPRINTS.COM,,,10,
F0010515-1,F0010515,1,Regular (F0010515),F. SCHUMACHER & CO - HUB,,,Burley,Burley  - 5008031 (Pink),"BNYNeuKaliss 60"" 315Y",BNY SUBSTRATES,PAPER,"60"" Roll",109.1547 Linear Feet,109.1547,0,0.05,60 inches,1,Trish,4p,,Print,Invoiced,Invoiced,2613442,9/23/2025,SREMSON@PARAMOUNTPRINTS.COM,,,10,
F0010543-1,F0010543,1,Regular (F0010543),F. SCHUMACHER & CO - HUB,,,Burley,Burley  - 5008031 (Pink),"BNYNeuKaliss 60"" 315Y",BNY SUBSTRATES,PAPER,"60"" Roll",115.7334 Linear Feet,115.7334,0,0.05,60 inches,1,Trish,4p,,Print,Invoiced,Invoiced,2613444,9/23/2025,SREMSON@PARAMOUNTPRINTS.COM,,,10,
F0010802-1,F0010802,1,Regular (F0010802),F. SCHUMACHER & CO - HUB,,,Chinoiserie Vine,Chinoiserie Vine - 5014351 (LeafGreen),"BNYNeuKaliss 60"" 315Y",BNY SUBSTRATES,PAPER,"60"" Roll",243 Linear Feet,243,0,0.26,60 inches,1,Trish,4p,,Print,Invoiced,Invoiced,2637185,9/30/2025,SREMSON@PARAMOUNTPRINTS.COM,,,10,
F0010806-1,F0010806,1,Regular (F0010806),F. SCHUMACHER & CO - HUB,,,Tracing Stripes,Tracing Stripes  - 5012170 (Sky),"BNYNeuKaliss 60"" 315Y",BNY SUBSTRATES,PAPER,"60"" Roll",371.0751 Linear Feet,371.0751,0,0.4,60 inches,1,Trish,4p,,Print,Invoiced,Invoiced,2656227,10/6/2025,COCONNOR@FSCO.COM,,,10,
F0010994-1,F0010994,1,MTO (F0010994),F. SCHUMACHER & CO - MTO,,,Magnolia Tree,Magnolia Tree - 5016930 (Dusty Sky),"BNYNeuKaliss 60"" 315Y",BNY SUBSTRATES,PAPER,"60"" Roll",90 Linear Feet,90,0,0.04,60 inches,1,Trish,4p,,Print,Invoiced,Invoiced,2594227,9/17/2025,PKEEFER@FSCO.COM,,,10,
F0011042-1,F0011042,1,MTO (F0011042),F. SCHUMACHER & CO - MTO,,,Tracing Stripes,Tracing Stripes  - 5012170 (Sky),"BNYNeuKaliss 60"" 315Y",BNY SUBSTRATES,PAPER,"60"" Roll",123 Linear Feet,123,0,0.13,60 inches,1,Trish,4p,,Print,Invoiced,Invoiced,2656223,10/6/2025,COCONNOR@FSCO.COM,,,10,
F0011142-1,F0011142,1,MTO (F0011142),F. SCHUMACHER & CO - MTO,,,Manos,Manos - 5014480 (MultiOnIvory),"BNYNeuKaliss 60"" 315Y",BNY SUBSTRATES,PAPER,"60"" Roll",30 Linear Feet,30,0,0.03,60 inches,1,Trish,4p,,Print,Invoiced,Invoiced,2666570,10/8/2025,SREMSON@PARAMOUNTPRINTS.COM,,,10,
F0011156-1,F0011156,1,MTO (F0011156),F. SCHUMACHER & CO - MTO,,,Quansoo,Quansoo  - 5012402 (CoralOnIvory),"BNYNeuKaliss 60"" 315Y",BNY SUBSTRATES,PAPER,"60"" Roll",33 Linear Feet,33,0,0.04,60 inches,1,Trish,4p,,Print,Invoiced,Invoiced,2666573,10/8/2025,SREMSON@PARAMOUNTPRINTS.COM,,,10,
F0011165-1,F0011165,1,Regular (F0011165),F. SCHUMACHER & CO - HUB,,,Manos,Manos - 5014480 (MultiOnIvory),"BNYNeuKaliss 60"" 315Y",BNY SUBSTRATES,PAPER,"60"" Roll",288.9249 Linear Feet,288.9249,0,0.31,60 inches,1,Trish,4p,,Print,Invoiced,Invoiced,2666571,10/8/2025,SREMSON@PARAMOUNTPRINTS.COM,,,10,
F0011177-1,F0011177,1,MTO (F0011177),F. SCHUMACHER & CO - MTO,,,Orchids Have Dreams,Orchids Have Dreams - 5014102 (LightNeutral),"BNYNeuKaliss 60"" 315Y",BNY SUBSTRATES,PAPER,"60"" Roll",23.0751 Linear Feet,23.0751,0,0.02,60 inches,1,Trish,4p,,Print,Invoiced,Invoiced,2673575,10/9/2025,SREMSON@PARAMOUNTPRINTS.COM,,,10,
F0011240-1,F0011240,1,Regular (F0008677) (F0011240),F. SCHUMACHER & CO - HUB,,,ANJUNA FLORAL,ANJUNA FLORAL - 5014112 (Blush),"BNYNeuKaliss 60"" 315Y",BNY SUBSTRATES,PAPER,"60"" Roll",150 Linear Feet,150,0,0.06,60 inches,1,Trish,4p,,Print,Invoiced,Invoiced,2652454,10/3/2025,COCONNOR@FSCO.COM,,,10,
F0011302-1,F0011302,1,MTO (F0011302),F. SCHUMACHER & CO - MTO,,,Celinda,Celinda - 5016362 (Citrus),"BNYNeuKaliss 60"" 315Y",BNY SUBSTRATES,PAPER,"60"" Roll",123 Linear Feet,123,0,0.13,60 inches,1,Glow,4p,,Print,Invoiced,Invoiced,2694920,10/16/2025,COCONNOR@FSCO.COM,,,10,
F0011501-1,F0011501,1,MTO (F0011501),F. SCHUMACHER & CO - MTO,,,Burley,Burley  - 5008034 (OrpingtonBlue),"BNYNeuKaliss 60"" 315Y",BNY SUBSTRATES,PAPER,"60"" Roll",93 Linear Feet,93,0,0.1,60 inches,1,Sasha,4p,,Print,Invoiced,Invoiced,2676066,10/10/2025,SUSAN,,,10,
F0011502-1,F0011502,1,MTO (F0011502),F. SCHUMACHER & CO - MTO,,,Burley,Burley  - 5008034 (OrpingtonBlue),"BNYNeuKaliss 60"" 315Y",BNY SUBSTRATES,PAPER,"60"" Roll",243 Linear Feet,243,0,0.26,60 inches,1,Sasha,4p,,Print,Invoiced,Invoiced,2676065,10/10/2025,SUSAN,,,10,
F0005298-1,F0005298,1,Memos (F0005298)/S04323,F. SCHUMACHER & CO - MEMOS,,,Weeping Pine Memos,Weeping Pine Memos - MS5008333 (Cloud),"BNYNeuKaliss 60"" 315Y",BNY SUBSTRATES,PAPER,"60"" Roll",126.2499 Linear Feet,126.2499,0,0.06,14.1 inches,4,XIA,300dpi,,Print,Invoiced,Invoiced,2379998,7/11/2025,JEANNE,,,,
F0005377-1,F0005377,1,Memos (F0005377)/S04343,F. SCHUMACHER & CO - MEMOS,,,Palindrome - Memos,Palindrome - Memos - MS5015291 (Sky),"BNYNeuKaliss 60"" 315Y",BNY SUBSTRATES,PAPER,"60"" Roll",168.3333 Linear Feet,168.3333,0,0.07,17.1 inches,3,Bianca,300dpi,,Print,Invoiced,Invoiced,2393831,7/16/2025,SARAH,,,,
F0005617-1,F0005617,1,MTO (F0005617)/S04447,F. SCHUMACHER & CO - MTO,,,Edwin Stripe Medium,Edwin Stripe Medium - 5011897 (Naturelle),"BNYNeuKaliss 60"" 315Y",BNY SUBSTRATES,PAPER,"60"" Roll",600.4167 Linear Feet,600.4167,0,0.26,28.5 inches,2,Bianca,300dpi,,Print,Invoiced,Invoiced,,1/8/2025,PKEEFER@FSCO.COM,,,,
F0005629-1,F0005629,1,MTO (F0005629)/S04450,F. SCHUMACHER & CO - MTO,,,Edwin Stripe Narrow,Edwin Stripe Narrow - 5013603 (DarkGreen),"BNYNeuKaliss 60"" 315Y",BNY SUBSTRATES,PAPER,"60"" Roll",600.4167 Linear Feet,600.4167,0,0.26,28.5 inches,2,Bianca,300dpi,,Print,Invoiced,Invoiced,,1/7/2025,PKEEFER@FSCO.COM,,,,
F0005646-1,F0005646,1,MTO (F0005646)/S04455,F. SCHUMACHER & CO - MTO,,,Star Anise,Star Anise - 5014940 (Mink),"BNYNeuKaliss 60"" 315Y",BNY SUBSTRATES,PAPER,"60"" Roll",3676.4583 Linear Feet,3676.4583,0,1.57,28.5 inches,2,Sasha,4p,,Print,Invoiced,Invoiced,,1/9/2025,PKEEFER@FSCO.COM,,,,
F0005675-1,F0005675,1,MTO (F0005675)/S04470,F. SCHUMACHER & CO - MTO,,,Edwin Stripe Medium,Edwin Stripe Medium - 5011892 (Wheat),"BNYNeuKaliss 60"" 315Y",BNY SUBSTRATES,PAPER,"60"" Roll",2400.8333 Linear Feet,2400.8333,0,1.02,28.5 inches,2,Bianca,300dpi,,Print,Invoiced,Invoiced,,1/9/2025,PKEEFER@FSCO.COM,,,,
F0005676-1,F0005676,1,MTO (F0005676)/S04471,F. SCHUMACHER & CO - MTO,,,Edwin Stripe Medium,Edwin Stripe Medium - 5011896 (Birch),"BNYNeuKaliss 60"" 315Y",BNY SUBSTRATES,PAPER,"60"" Roll",2400.8333 Linear Feet,2400.8333,0,1.02,28.5 inches,2,Bianca,300dpi,,Print,Invoiced,Invoiced,,1/9/2025,PKEEFER@FSCO.COM,,,,
F0005688-1,F0005688,1,MTO (F0005688)/S04475,F. SCHUMACHER & CO - MTO,,,Star Anise,Star Anise - 5014940 (Mink),"BNYNeuKaliss 60"" 315Y",BNY SUBSTRATES,PAPER,"60"" Roll",1200.8333 Linear Feet,1200.8333,0,0.51,28.5 inches,2,Sasha,4p,,Print,Invoiced,Invoiced,,1/9/2025,PKEEFER@FSCO.COM,,,,
F0005703-1,F0005703,1,Regular (F0005703)/S04481,BACKDROP,,,Luminaries,Luminaries - 5016012 (Dusk),"BNYNeuKaliss 60"" 315Y",BNY SUBSTRATES,PAPER,"60"" Roll",9077.2917 Linear Feet,9077.2917,0,3.87,27.5 inches,2,Sasha,4p,,Print,Invoiced,Invoiced,,1/14/2025,PKEEFER@FSCO.COM,,,,
F0005728-1,F0005728,1,Custom MTO (F0005728),F. SCHUMACHER & CO. CUSTOM MTO,,,Les Oiseaux Panel Set,Les Oiseaux Panel Set - 5015152 (Jade),"BNYNeuKaliss 60"" 315Y",BNY SUBSTRATES,PAPER,"60"" Roll",972.375 Linear Feet,972.375,0,0.42,162.5 inches,0.3692,Sasha,4p,,Print,Invoiced,Invoiced,,1/15/2025,PKEEFER@FSCO.COM,,,,
F0005729-1,F0005729,1,Custom MTO (F0005729),F. SCHUMACHER & CO. CUSTOM MTO,,,Les Oiseaux Panel Set,Les Oiseaux Panel Set - 5015152 (Jade),"BNYNeuKaliss 60"" 315Y",BNY SUBSTRATES,PAPER,"60"" Roll",15553.5 Linear Feet,15553.5,0,6.64,162.5 inches,0.3692,Sasha,4p,,Print,Invoiced,Invoiced,,1/15/2025,PKEEFER@FSCO.COM,,,,
F0005765-1,F0005765,1,Regular (F0005765),F. SCHUMACHER & CO - HUB,,,Khilana Floral,Khilana Floral - 5009952 (Peacock),"BNYNeuKaliss 60"" 315Y",BNY SUBSTRATES,PAPER,"60"" Roll",1080025 Linear Feet,1080025,0,460.96,56.125 inches,1,Sasha,4p,,Print,Invoiced,Invoiced,,1/7/2025,BLAWLOR@FSCO.COM,,,,
F0005767-1,F0005767,1,MTO (F0005767),F. SCHUMACHER & CO - MTO,,,Pilar Panel Set,Pilar Panel Set - 5015110 (Grisaille),"BNYNeuKaliss 60"" 315Y",BNY SUBSTRATES,PAPER,"60"" Roll",864.25 Linear Feet,864.25,0,0.37,54.5 inches,1,Bianca,300dpi,,Print,Invoiced,Invoiced,,1/14/2025,PKEEFER@FSCO.COM,,,,
F0005818-1,F0005818,1,MTO (F0005818),F. SCHUMACHER & CO - MTO,,,Edwin Stripe Narrow,Edwin Stripe Narrow - 5011868 (Citron),"BNYNeuKaliss 60"" 315Y",BNY SUBSTRATES,PAPER,"60"" Roll",600.4167 Linear Feet,600.4167,0,0.26,28.5 inches,2,Bianca,300dpi,,Print,Invoiced,Invoiced,,1/15/2025,PKEEFER@FSCO.COM,,,,
F0005829-1,F0005829,1,MTO (F0005829),F. SCHUMACHER & CO - MTO,,,Edwin Stripe Medium,Edwin Stripe Medium - 5013610 (Petal),"BNYNeuKaliss 60"" 315Y",BNY SUBSTRATES,PAPER,"60"" Roll",600.4167 Linear Feet,600.4167,0,0.26,28.5 inches,2,Bianca,300dpi,,Print,Invoiced,Invoiced,,1/15/2025,PKEEFER@FSCO.COM,,,,
F0006331-1,F0006331,1,Memos (F0006331),F. SCHUMACHER & CO - NEW GOODS,,,Weeping Pine Memos,Weeping Pine Memos - MS5008335 (Green),"BNYNeuKaliss 60"" 315Y",BNY SUBSTRATES,PAPER,"60"" Roll",210.4167 Linear Feet,210.4167,0,0.23,14.1 inches,4,Trish,4p,,Print,Invoiced,Invoiced,2699990,10/17/2025,SREMSON@PARAMOUNTPRINTS.COM,,,,
F0006338-1,F0006338,1,Memos (F0006338),F. SCHUMACHER & CO - NEW GOODS,,,Polka Dot Jungle Memos,Polka Dot Jungle Memos - MS5015464 (Caramel),"BNYNeuKaliss 60"" 315Y",BNY SUBSTRATES,PAPER,"60"" Roll",210.4167 Linear Feet,210.4167,0,0.09,14.1 inches,4,Trish,4p,,Print,Invoiced,Invoiced,2532394,8/28/2025,SARAH,,,,
F0006738-1,F0006738,1,Memos (F0006738),F. SCHUMACHER & CO - NEW GOODS,,,Polka Dot Jungle Memos,Polka Dot Jungle Memos - MS5015465 (Terracotta),"BNYNeuKaliss 60"" 315Y",BNY SUBSTRATES,PAPER,"60"" Roll",210.4167 Linear Feet,210.4167,0,0.09,14.1 inches,4,Trish,4p,,Print,Invoiced,Invoiced,2532396,8/28/2025,SARAH,,,,
F0006739-1,F0006739,1,Memos (F0006739),F. SCHUMACHER & CO - NEW GOODS,,,Tiger Palm Memos,Tiger Palm Silhouette Memos - MS5012924 (Mediterranean Spice),"BNYNeuKaliss 60"" 315Y",BNY SUBSTRATES,PAPER,"60"" Roll",210.4167 Linear Feet,210.4167,0,0.09,14.1 inches,4,Trish,4p,,Print,Invoiced,Invoiced,2576678,9/11/2025,BLAWLOR@FSCO.COM,,,,
F0006745-1,F0006745,1,Memos (F0006745),F. SCHUMACHER & CO - NEW GOODS,,,Polka Dot Jungle Memos,Polka Dot Jungle Memos - MS5015466 (Raspberry),"BNYNeuKaliss 60"" 315Y",BNY SUBSTRATES,PAPER,"60"" Roll",210.4167 Linear Feet,210.4167,0,0.09,14.1 inches,4,Trish,4p,,Print,Invoiced,Invoiced,2532397,8/28/2025,SARAH,,,,
F0006758-1,F0006758,1,Memos (F0006758),F. SCHUMACHER & CO - NEW GOODS,,,Edwin Stripe Narrow Memos,Edwin Stripe Narrow Memos - MS5017631 (Lemon Sage),"BNYNeuKaliss 60"" 315Y",BNY SUBSTRATES,PAPER,"60"" Roll",56.9334 Linear Feet,56.9334,0,0.02,6.1 inches,9,Trish,4p,,Print,Invoiced,Invoiced,2554648,9/5/2025,SREMSON@PARAMOUNTPRINTS.COM,,,,
F0006780-1,F0006780,1,Memos (F0006780),F. SCHUMACHER & CO - NEW GOODS,,,Edwin Stripe Narrow Memos,Edwin Stripe Narrow Memos - MS5017632 (Sun Kiss),"BNYNeuKaliss 60"" 315Y",BNY SUBSTRATES,PAPER,"60"" Roll",56.9334 Linear Feet,56.9334,0,0.02,6.1 inches,9,Trish,4p,,Print,Invoiced,Invoiced,2554649,9/5/2025,SREMSON@PARAMOUNTPRINTS.COM,,,,
F0006781-1,F0006781,1,Memos (F0006781),F. SCHUMACHER & CO - NEW GOODS,,,Edwin Stripe Medium Memos,Edwin Stripe Medium Memos - MS5017641 (Terracotta),"BNYNeuKaliss 60"" 315Y",BNY SUBSTRATES,PAPER,"60"" Roll",120.3582 Linear Feet,120.3582,0,0.05,8.1 inches,7,Chyna,300dpi,,Print,Invoiced,Invoiced,2564486,9/9/2025,SREMSON@PARAMOUNTPRINTS.COM,,,,
F0006790-1,F0006790,1,Memos (F0006790),F. SCHUMACHER & CO - NEW GOODS,,,Tiger Palm Memos,Tiger Palm Silhouette Memos - MS5012923 (Mistral Sand),"BNYNeuKaliss 60"" 315Y",BNY SUBSTRATES,PAPER,"60"" Roll",210.4167 Linear Feet,210.4167,0,0.09,14.1 inches,4,Trish,4p,,Print,Invoiced,Invoiced,2576683,9/11/2025,BLAWLOR@FSCO.COM,,,,
F0006795-1,F0006795,1,Memos (F0006795),F. SCHUMACHER & CO - NEW GOODS,,,Edwin Stripe Narrow Memos,Edwin Stripe Narrow Memos - MS5017633 (Terracotta),"BNYNeuKaliss 60"" 315Y",BNY SUBSTRATES,PAPER,"60"" Roll",56.9334 Linear Feet,56.9334,0,0.02,6.1 inches,9,Chyna,300dpi,,Print,Invoiced,Invoiced,2564487,9/9/2025,SREMSON@PARAMOUNTPRINTS.COM,,,,
F0007051-1,F0007051,1,Memos (F0007051),F. SCHUMACHER & CO - NEW GOODS,,,Chiang Mai Dragon Silhouette Memos,Chiang Mai Dragon Silhouette Memos - MS5017920 (Ciel de Provence),"BNYNeuKaliss 60"" 315Y",BNY SUBSTRATES,PAPER,"60"" Roll",210.4167 Linear Feet,210.4167,0,0.09,14.1 inches,4,Trish,4p,,Print,Invoiced,Invoiced,2599373,9/18/2025,SREMSON@PARAMOUNTPRINTS.COM,,,,
F0007061-1,F0007061,1,Memos (F0007061),F. SCHUMACHER & CO - NEW GOODS,,,Chiang Mai Dragon Silhouette Memos,Chiang Mai Dragon Silhouette Memos - MS5017921 (Mediterranean Spice),"BNYNeuKaliss 60"" 315Y",BNY SUBSTRATES,PAPER,"60"" Roll",210.4167 Linear Feet,210.4167,0,0.09,14.1 inches,4,Trish,4p,,Print,Invoiced,Invoiced,2599378,9/18/2025,SREMSON@PARAMOUNTPRINTS.COM,,,,
F0007064-1,F0007064,1,Memos (F0007064),F. SCHUMACHER & CO - NEW GOODS,,,Chiang Mai Dragon Silhouette Memos,Chiang Mai Dragon Silhouette Memos - MS5017922 (Mistral Sand),"BNYNeuKaliss 60"" 315Y",BNY SUBSTRATES,PAPER,"60"" Roll",77.8206 Linear Feet,77.8206,0,0.03,14.1 inches,4,Trish,4p,,Print,Invoiced,Invoiced,2599379,9/18/2025,SREMSON@PARAMOUNTPRINTS.COM,,,,
F0007601-1,F0007601,1,Memos (F0007601),F. SCHUMACHER & CO - MEMOS,,,New Beat Memos,New Beat Memos - MS5013690 (Blue&Green),"BNYNeuKaliss 60"" 315Y",BNY SUBSTRATES,PAPER,"60"" Roll",140.5584 Linear Feet,140.5584,0,0.06,17.1 inches,3,XIA,300dpi,,Print,Invoiced,Invoiced,2434246,7/30/2025,SARAH,,,,
F0007603-1,F0007603,1,Memos (F0007603),F. SCHUMACHER & CO - MEMOS,,,Palindrome - Memos,Palindrome - Memos - MS5015291 (Sky),"BNYNeuKaliss 60"" 315Y",BNY SUBSTRATES,PAPER,"60"" Roll",69.7998 Linear Feet,69.7998,0,0.03,17.1 inches,3,Bianca,300dpi,,Print,Invoiced,Invoiced,2604043,9/19/2025,SARAH,,,,
F0007606-1,F0007606,1,Memos (F0007606),F. SCHUMACHER & CO - MEMOS,,,Mademe De Pixel Memo,Mademe De Pixel Memo - MS5015390 (Multi),"BNYNeuKaliss 60"" 315Y",BNY SUBSTRATES,PAPER,"60"" Roll",279.7251 Linear Feet,279.7251,0,0.12,17.1 inches,3,Sasha,4p,,Print,Invoiced,Invoiced,2446528,8/1/2025,SHELBY,,,,
F0007792-1,F0007792,1,Memos (F0007792),F. SCHUMACHER & CO - MEMOS,,,Baudin Butterfly Memos,Baudin Butterfly Memos - MS5010691 (Turquoise),"BNYNeuKaliss 60"" 315Y",BNY SUBSTRATES,PAPER,"60"" Roll",105.2082 Linear Feet,105.2082,0,0.04,14.1 inches,4,Bianca,300dpi,,Print,Invoiced,Invoiced,2547854,9/3/2025,BLAWLOR@FSCO.COM,,,,
F0007798-1,F0007798,1,Memos (F0007798),F. SCHUMACHER & CO - MEMOS,,,Beluze Memos,Beluze Memos - MS5011980 (Mineral),"BNYNeuKaliss 60"" 315Y",BNY SUBSTRATES,PAPER,"60"" Roll",140.5584 Linear Feet,140.5584,0,0.06,17.1 inches,3,Bianca,300dpi,,Print,Invoiced,Invoiced,2538184,8/29/2025,SHELBY,,,,
F0007810-1,F0007810,1,Memos (F0007810),F. SCHUMACHER & CO - MEMOS,,,Trace Memos,Trace Memos - MS5013990 (Carbon),"BNYNeuKaliss 60"" 315Y",BNY SUBSTRATES,PAPER,"60"" Roll",105.2082 Linear Feet,105.2082,0,0.04,14.1 inches,4,Bianca,300dpi,,Print,Invoiced,Invoiced,2547856,9/3/2025,BLAWLOR@FSCO.COM,,,,
F0008328-1,F0008328,1,Memos (F0008328),F. SCHUMACHER & CO - NEW GOODS,,,Promenade 4 Panel Set Memos,Promenade 4 Panel Set Memos - MS5018120 (Document),"BNYNeuKaliss 60"" 315Y",BNY SUBSTRATES,PAPER,"60"" Roll",210.4167 Linear Feet,210.4167,0,0.09,14.1 inches,4,Glow,4p,,Print,Invoiced,Invoiced,2512203,8/22/2025,XIACHEN,,,,
F0008614-1,F0008614,1,Memos (F0008614),F. SCHUMACHER & CO - NEW GOODS,,,Westerly Stripe Memos,Westerly Stripe Memos - MS5018162 (Blue),"BNYNeuKaliss 60"" 315Y",BNY SUBSTRATES,PAPER,"60"" Roll",60 Linear Feet,60,0,0.03,6.1 inches,9,Trish,4p,,Print,Invoiced,Invoiced,2379027,7/11/2025,SARAH,,,,
F0008649-1,F0008649,1,Memos (F0008649),F. SCHUMACHER & CO - NEW GOODS,,,Tyla Stripe Memos,Tyla Stripe Memos - MS5018234 (Indigo),"BNYNeuKaliss 60"" 315Y",BNY SUBSTRATES,PAPER,"60"" Roll",60 Linear Feet,60,0,0.03,6.1 inches,9,Trish,4p,,Print,Invoiced,Invoiced,2379031,7/11/2025,SARAH,,,,
F0008651-1,F0008651,1,Memos (F0008651),F. SCHUMACHER & CO - NEW GOODS,,,Tyla Stripe Memos,Tyla Stripe Memos - MS5018235 (Umber),"BNYNeuKaliss 60"" 315Y",BNY SUBSTRATES,PAPER,"60"" Roll",60 Linear Feet,60,0,0.03,6.1 inches,9,Trish,4p,,Print,Invoiced,Invoiced,2379035,7/11/2025,SARAH,,,,
F0008653-1,F0008653,1,Memos (F0008653),F. SCHUMACHER & CO - NEW GOODS,,,Tyla Stripe Memos,Tyla Stripe Memos - MS5018233 (Butternut),"BNYNeuKaliss 60"" 315Y",BNY SUBSTRATES,PAPER,"60"" Roll",60 Linear Feet,60,0,0.03,6.1 inches,9,Trish,4p,,Print,Invoiced,Invoiced,2379036,7/11/2025,SARAH,,,,
F0008716-1,F0008716,1,Memos (F0008716),F. SCHUMACHER & CO - MEMOS,,,Villa Stripe Memos,Villa Stripe Memos - MS5009921 (Sky),"BNYNeuKaliss 60"" 315Y",BNY SUBSTRATES,PAPER,"60"" Roll",60.6 Linear Feet,60.6,0,0.03,8.1 inches,7,XIA,300dpi,,Print,Invoiced,Invoiced,2379999,7/11/2025,JEANNE,,,,
F0008717-1,F0008717,1,Memos (F0008717),F. SCHUMACHER & CO - MEMOS,,,Villa Stripe Memos,Villa Stripe Memos - MS5009925 (Navy),"BNYNeuKaliss 60"" 315Y",BNY SUBSTRATES,PAPER,"60"" Roll",60.5999 Linear Feet,60.5999,0,0.03,8.1 inches,7,XIA,300dpi,,Print,Invoiced,Invoiced,2422114,7/25/2025,XIACHEN,,,,
F0008718-1,F0008718,1,Memos (F0008718),F. SCHUMACHER & CO - MEMOS,,,Andromeda Memos,Andromeda Memos - MS5010575 (Pink),"BNYNeuKaliss 60"" 315Y",BNY SUBSTRATES,PAPER,"60"" Roll",60.6 Linear Feet,60.6,0,0.03,8.1 inches,7,Dakota Kai,300dpi,,Print,Invoiced,Invoiced,2444449,8/1/2025,JEANNE,,,,
F0008719-1,F0008719,1,Memos (F0008719),F. SCHUMACHER & CO - MEMOS,,,Fern Memos,Fern Memos - MS5011110 (Pink),"BNYNeuKaliss 60"" 315Y",BNY SUBSTRATES,PAPER,"60"" Roll",60.6 Linear Feet,60.6,0,0.03,8.1 inches,7,Bianca,300dpi,,Print,Invoiced,Invoiced,2393830,7/16/2025,SARAH,,,,
F0008721-1,F0008721,1,Memos (F0008721),F. SCHUMACHER & CO - MEMOS,,,Abelino Memos,Abelino Memos - MS5012082 (Green&Peacock),"BNYNeuKaliss 60"" 315Y",BNY SUBSTRATES,PAPER,"60"" Roll",60.6 Linear Feet,60.6,0,0.03,8.1 inches,7,Dakota Kai,300dpi,,Print,Invoiced,Invoiced,2444450,8/1/2025,JEANNE,,,,
F0008722-1,F0008722,1,Memos (F0008722),F. SCHUMACHER & CO - MEMOS,,,Wabi-Sabi Memos,Wabi-Sabi Memos - MS5014590 (LightBeige),"BNYNeuKaliss 60"" 315Y",BNY SUBSTRATES,PAPER,"60"" Roll",8.7747 Linear Feet,8.7747,0,0,8.1 inches,7,XIA,300dpi,,Print,Invoiced,Invoiced,2416873,7/24/2025,XIACHEN,,,,
F0008723-1,F0008723,1,Memos (F0008723),F. SCHUMACHER & CO - MEMOS,,,Drifting Grid Memos,Drifting Grid Memos - MS5015611 (Sky),"BNYNeuKaliss 60"" 315Y",BNY SUBSTRATES,PAPER,"60"" Roll",60.6 Linear Feet,60.6,0,0.03,8.1 inches,7,XIA,300dpi,,Print,Invoiced,Invoiced,2422115,7/25/2025,XIACHEN,,,,
F0008724-1,F0008724,1,Memos (F0008724),F. SCHUMACHER & CO - MEMOS,,,Les Fleurs Exotiques Memos,Les Fleurs Exotiques Memos - MS5015660 (AntiqueRose),"BNYNeuKaliss 60"" 315Y",BNY SUBSTRATES,PAPER,"60"" Roll",21.3585 Linear Feet,21.3585,0,0.01,8.1 inches,7,Dakota Kai,300dpi,,Print,Invoiced,Invoiced,2444451,8/1/2025,JEANNE,,,,
F0008731-1,F0008731,1,Memos (F0008731),F. SCHUMACHER & CO - MEMOS,,,Manos Memos,Manos Memos - MS5014480 (Multi),"BNYNeuKaliss 60"" 315Y",BNY SUBSTRATES,PAPER,"60"" Roll",85.8087 Linear Feet,85.8087,0,0.04,17.1 inches,3,Sasha,4p,,Print,Invoiced,Invoiced,2446532,8/1/2025,SHELBY,,,,
F0008737-1,F0008737,1,Memos (F0008737),F. SCHUMACHER & CO - MEMOS,,,White Lotus Memos,White Lotus Memos - MS5013660 (SoftGreen),"BNYNeuKaliss 60"" 315Y",BNY SUBSTRATES,PAPER,"60"" Roll",19.2582 Linear Feet,19.2582,0,0.01,17.1 inches,3,Bianca,300dpi,,Print,Invoiced,Invoiced,2419688,7/24/2025,JEANNE,,,,
F0008739-1,F0008739,1,Memos (F0008739),F. SCHUMACHER & CO - MEMOS,,,Night at the Opera Memos,Night at the Opera Memos - MS5014180 (DeepBlue&Olive),"BNYNeuKaliss 60"" 315Y",BNY SUBSTRATES,PAPER,"60"" Roll",140.5584 Linear Feet,140.5584,0,0.06,17.1 inches,3,Chyna,300dpi,,Print,Invoiced,Invoiced,2501113,8/20/2025,SARAH,,,,
F0008740-1,F0008740,1,Memos (F0008740),F. SCHUMACHER & CO - MEMOS,,,Painted Sky Memos,Painted Sky Memos - MS5016022 (Air),"BNYNeuKaliss 60"" 315Y",BNY SUBSTRATES,PAPER,"60"" Roll",70.0248 Linear Feet,70.0248,0,0.03,17.1 inches,3,Trish,4p,,Print,Invoiced,Invoiced,2424090,7/25/2025,SARAH,,,,
F0008829-1,F0008829,1,Memos (F0008829),F. SCHUMACHER & CO - MEMOS,,,Queen Of Spain Memos,Queen Of Spain Memos - MS5005885 (Navy),"BNYNeuKaliss 60"" 315Y",BNY SUBSTRATES,PAPER,"60"" Roll",7.8666 Linear Feet,7.8666,0,0,17.1 inches,3,Bianca,300dpi,,Print,Invoiced,Invoiced,2393842,7/16/2025,SARAH,,,,
F0008831-1,F0008831,1,Memos (F0008831),F. SCHUMACHER & CO - MEMOS,,,Sepiessa Memos,Sepiessa Memos - MS5009492 (Neutral),"BNYNeuKaliss 60"" 315Y",BNY SUBSTRATES,PAPER,"60"" Roll",140.5584 Linear Feet,140.5584,0,0.06,17.1 inches,3,Bianca,300dpi,,Print,Invoiced,Invoiced,2419687,7/24/2025,JEANNE,,,,
F0008833-1,F0008833,1,Memos (F0008833),F. SCHUMACHER & CO - MEMOS,,,Indian Arbre Memos,Indian Arbre Memos - MS5010493 (SoftGreen),"BNYNeuKaliss 60"" 315Y",BNY SUBSTRATES,PAPER,"60"" Roll",105.2082 Linear Feet,105.2082,0,0.05,14.1 inches,4,Sasha,4p,,Print,Invoiced,Invoiced,2460390,8/7/2025,SHELBY,,,,
F0008834-1,F0008834,1,Memos (F0008834),F. SCHUMACHER & CO - MEMOS,,,Baudin Butterfly Memos,Baudin Butterfly Memos - MS5010690 (Blush),"BNYNeuKaliss 60"" 315Y",BNY SUBSTRATES,PAPER,"60"" Roll",105.2082 Linear Feet,105.2082,0,0.04,14.1 inches,4,Bianca,300dpi,,Print,Invoiced,Invoiced,2446689,8/1/2025,SHELBY,,,,
F0008836-1,F0008836,1,Memos (F0008836),F. SCHUMACHER & CO - MEMOS,,,Cranley Garden Memos,Cranley Garden Memos - MS5011722 (Document),"BNYNeuKaliss 60"" 315Y",BNY SUBSTRATES,PAPER,"60"" Roll",105.2082 Linear Feet,105.2082,0,0.04,14.1 inches,4,Bianca,300dpi,,Print,Invoiced,Invoiced,2446690,8/1/2025,SHELBY,,,,
F0008837-1,F0008837,1,Memos (F0008837),F. SCHUMACHER & CO - MEMOS,,,Willa Check Large Memos,Willa Check Large Memos - MS5012350 (Chambray),"BNYNeuKaliss 60"" 315Y",BNY SUBSTRATES,PAPER,"60"" Roll",140.5584 Linear Feet,140.5584,0,0.06,17.1 inches,3,XIA,300dpi,,Print,Invoiced,Invoiced,2380000,7/11/2025,JEANNE,,,,
F0008839-1,F0008839,1,Memos (F0008839),F. SCHUMACHER & CO - MEMOS,,,Saranda Flower  Memos,Saranda Flower  Memos - MS5012411 (Marigold),"BNYNeuKaliss 60"" 315Y",BNY SUBSTRATES,PAPER,"60"" Roll",60 Linear Feet,60,0,0.03,14.1 inches,4,XIA,300dpi,,Print,Invoiced,Invoiced,2380001,7/11/2025,JEANNE,,,,
F0008840-1,F0008840,1,Memos (F0008840),F. SCHUMACHER & CO - MEMOS,,,Abstract Ikat Memos,Abstract Ikat Memos - MS5013090 (Sky),"BNYNeuKaliss 60"" 315Y",BNY SUBSTRATES,PAPER,"60"" Roll",5.7765 Linear Feet,5.7765,0,0,17.1 inches,3,Bianca,300dpi,,Print,Invoiced,Invoiced,2604042,9/19/2025,SARAH,,,,
F0008843-1,F0008843,1,Memos (F0008843),F. SCHUMACHER & CO - MEMOS,,,Threshold Memos,Threshold Memos - MS5014010 (CARBON),"BNYNeuKaliss 60"" 315Y",BNY SUBSTRATES,PAPER,"60"" Roll",43.5915 Linear Feet,43.5915,0,0.02,14.1 inches,4,Bianca,300dpi,,Print,Invoiced,Invoiced,2538190,8/29/2025,SHELBY,,,,
F0009205-1,F0009205,1,Memos (F0009205),F. SCHUMACHER & CO - MEMOS,,,Kiosk Memos,Kiosk Memos - MS5008013 (Sage),"BNYNeuKaliss 60"" 315Y",BNY SUBSTRATES,PAPER,"60"" Roll",28.4667 Linear Feet,28.4667,0,0.01,6.1 inches,9,Bianca,300dpi,,Print,Invoiced,Invoiced,2591949,9/16/2025,XIACHEN,,,,
F0009206-1,F0009206,1,Memos (F0009206),F. SCHUMACHER & CO - MEMOS,,,Edwin Stripe Narrow Memos,Edwin Stripe Narrow Memos - MS5013601 (Straw),"BNYNeuKaliss 60"" 315Y",BNY SUBSTRATES,PAPER,"60"" Roll",30 Linear Feet,30,0,0.01,6.1 inches,9,Chyna,300dpi,,Print,Invoiced,Invoiced,2379024,7/11/2025,SARAH,,,,
F0009207-1,F0009207,1,Memos (F0009207),F. SCHUMACHER & CO - MEMOS,,,Woodperry Memos,Woodperry Memos - MS5008790 (Taupe),"BNYNeuKaliss 60"" 315Y",BNY SUBSTRATES,PAPER,"60"" Roll",28.4667 Linear Feet,28.4667,0,0.01,6.1 inches,9,XIA,300dpi,,Print,Invoiced,Invoiced,2422117,7/25/2025,XIACHEN,,,,
F0009220-1,F0009220,1,Memos (F0009220),F. SCHUMACHER & CO - NEW GOODS,,,Tiasquam Memos,Tiasquam Memos - MS5011823 (Neutral),"BNYNeuKaliss 60"" 315Y",BNY SUBSTRATES,PAPER,"60"" Roll",281.1168 Linear Feet,281.1168,0,0.3,17.1 inches,3,Trish,4p,,Print,Invoiced,Invoiced,2676162,10/10/2025,SHELBY,,,,
F0009223-1,F0009223,1,Memos (F0009223),F. SCHUMACHER & CO - NEW GOODS,,,Tiasquam Memos,Tiasquam Memos - MS5011824 (Brown),"BNYNeuKaliss 60"" 315Y",BNY SUBSTRATES,PAPER,"60"" Roll",281.1168 Linear Feet,281.1168,0,0.3,17.1 inches,3,Trish,4p,,Print,Invoiced,Invoiced,2674935,10/9/2025,BLAWLOR@FSCO.COM,,,,
F0009281-1,F0009281,1,Custom MTO (F0009281),F. SCHUMACHER & CO. CUSTOM MTO,,,Custom Twiggy SKO,Custom Twiggy SKO - SKO850183 (Blush),"BNYNeuKaliss 60"" 315Y",BNY SUBSTRATES,PAPER,"60"" Roll",2.5 Linear Feet,2.5,0,0,36 inches,1,Nikki,Other,,Print,Invoiced,Invoiced,,7/16/2025,PKEEFER@FSCO.COM,,,,
F0009386-1,F0009386,1,Custom MTO (F0009386),F. SCHUMACHER & CO. CUSTOM MTO,,,Custom Jaipur Mughal Flower SKO,Custom Jaipur Mughal Flower SKO - SKO850192 (Blue),"BNYNeuKaliss 60"" 315Y",BNY SUBSTRATES,PAPER,"60"" Roll",2.5 Linear Feet,2.5,0,0,36 inches,1,Nikki,Other,,Print,Invoiced,Invoiced,,7/28/2025,PKEEFER@FSCO.COM,,,,
F0009417-1,F0009417,1,Custom MTO (F0009417),F. SCHUMACHER & CO. CUSTOM MTO,,,Custom Olive SKO,Custom Olive SKO - SKO850194 (Option A),"BNYNeuKaliss 60"" 315Y",BNY SUBSTRATES,PAPER,"60"" Roll",2.4999 Linear Feet,2.4999,0,0,36 inches,1,EMBER,300dpi,,Print,Invoiced,Invoiced,2412563,7/23/2025,SARAH,,,,
F0010425-1,F0010425,1,Custom MTO (F0010425),F. SCHUMACHER & CO. CUSTOM MTO,,,Custom Gardenia SKO,Custom Gardenia SKO - SKO850217 (Rose),"BNYNeuKaliss 60"" 315Y",BNY SUBSTRATES,PAPER,"60"" Roll",2.4999 Linear Feet,2.4999,0,0,36 inches,1,Bianca,300dpi,,Print,Invoiced,Invoiced,2547319,9/3/2025,PKEEFER@FSCO.COM,,,,
F0010557-1,F0010557,1,Custom MTO (F0010557),F. SCHUMACHER & CO. CUSTOM MTO,,,Custom Lotus Garden SKO,Custom Lotus Garden SKO - SKO850219 (Aqua),"BNYNeuKaliss 60"" 315Y",BNY SUBSTRATES,PAPER,"60"" Roll",2.4999 Linear Feet,2.4999,0,0,36 inches,1,Bianca,300dpi,,Print,Invoiced,Invoiced,2587987,9/15/2025,PKEEFER@FSCO.COM,,,,
F0011101-1,F0011101,1,Memos (F0011101),BACKDROP,,,Wabi-Sabi Memos,Wabi-Sabi Memos - MS5014591 (Moss),"BNYNeuKaliss 60"" 315Y",BNY SUBSTRATES,PAPER,"60"" Roll",60.6 Linear Feet,60.6,0,0.07,8.1 inches,7,Bianca,300dpi,,Print,Invoiced,Invoiced,2651582,10/3/2025,SREMSON@PARAMOUNTPRINTS.COM,,,,
F0011201-1,F0011201,1,Memos (F0006781) (F0010948) (F0011201),F. SCHUMACHER & CO - NEW GOODS,,,Edwin Stripe Medium Memos,Edwin Stripe Medium Memos - MS5017641 (Terracotta),"BNYNeuKaliss 60"" 315Y",BNY SUBSTRATES,PAPER,"60"" Roll",120.3582 Linear Feet,120.3582,0,0.05,8.1 inches,7,Trish,4p,,Print,Invoiced,Invoiced,2627924,9/26/2025,SREMSON@PARAMOUNTPRINTS.COM,,,,
F0011204-1,F0011204,1,Memos (F0006795) (F0010947) (F0011204),F. SCHUMACHER & CO - NEW GOODS,,,Edwin Stripe Narrow Memos,Edwin Stripe Narrow Memos - MS5017633 (Terracotta),"BNYNeuKaliss 60"" 315Y",BNY SUBSTRATES,PAPER,"60"" Roll",56.9331 Linear Feet,56.9331,0,0.02,6.1 inches,9,Trish,4p,,Print,Invoiced,Invoiced,2627930,9/26/2025,SREMSON@PARAMOUNTPRINTS.COM,,,,
F0012002-1,F0012002,1,Memos (F0012002),F. SCHUMACHER & CO - MEMOS,,,Les Oiseaux Panel Set Memos,Les Oiseaux Panel Set Memos - MS5015151 (Ivory),"BNYNeuKaliss 60"" 315Y",BNY SUBSTRATES,PAPER,"60"" Roll",279.7248 Linear Feet,279.7248,0,0.3,17.1 inches,3,Glow,4p,,Print,Invoiced,Invoiced,2722181,10/23/2025,PKEEFER@FSCO.COM,,,,
F0004079-1,F0004079,1,Paper (F0004079),F. SCHUMACHER & CO - NEW GOODS,,,Parvati Floral Stripe,Parvati Floral Stripe 5017330 (Petal),"BNYNeuKaliss 60"" 315Y",BNY SUBSTRATES,PAPER,"60"" Roll",67506.25 Linear Feet,67506.25,0,28.81,27.5 inches,2,Sasha,,,Print,Invoiced,Invoiced,1931251,1/17/2025,COCONNOR@FSCO.COM,,,,
F0004084-1,F0004084,1,Paper (F0004084),F. SCHUMACHER & CO - NEW GOODS,,,Parvati Floral Stripe,Parvati Floral Stripe 5017332 (Delft),"BNYNeuKaliss 60"" 315Y",BNY SUBSTRATES,PAPER,"60"" Roll",1876.0417 Linear Feet,1876.0417,0,0.8,27.5 inches,2,Sasha,,,Print,Invoiced,Invoiced,1931266,1/17/2025,COCONNOR@FSCO.COM,,,,
F0004085-1,F0004085,1,Paper (F0004085),F. SCHUMACHER & CO - NEW GOODS,,,Parvati Floral Stripe,Parvati Floral Stripe 5017330 (Petal),"BNYNeuKaliss 60"" 315Y",BNY SUBSTRATES,PAPER,"60"" Roll",1876.0417 Linear Feet,1876.0417,0,0.8,27.5 inches,2,Sasha,,,Print,Invoiced,Invoiced,1931268,1/17/2025,COCONNOR@FSCO.COM,,,,
F0004087-1,F0004087,1,Memos (F0004087),F. SCHUMACHER & CO - NEW GOODS,,,Parvati Floral Stripe,PARVATI FLORAL STRIPE (MS5017330) PETAL,"BNYNeuKaliss 60"" 315Y",BNY SUBSTRATES,PAPER,"60"" Roll",850000 Linear Feet,850000,0,362.79,65.6 inches,0.9146,Glow,4p,,Print,Invoiced,Invoiced,,1/3/2025,COCONNOR@FSCO.COM,,,,
F0004093-1,F0004093,1,Paper (F0004093),F. SCHUMACHER & CO - NEW GOODS,,,COLETTE,COLETTE 5017373 (Light Yellow),"BNYNeuKaliss 60"" 315Y",BNY SUBSTRATES,PAPER,"60"" Roll",67506.25 Linear Feet,67506.25,0,28.81,27.5 inches,2,Sasha,,,Print,Invoiced,Invoiced,1918131,1/10/2025,COCONNOR@FSCO.COM,,,,
F0004094-1,F0004094,1,Paper (F0004094),F. SCHUMACHER & CO - NEW GOODS,,,COLETTE,COLETTE 5017372 (Air),"BNYNeuKaliss 60"" 315Y",BNY SUBSTRATES,PAPER,"60"" Roll",67506.25 Linear Feet,67506.25,0,28.81,27.5 inches,2,Sasha,,,Print,Invoiced,Invoiced,1918141,1/10/2025,COCONNOR@FSCO.COM,,,,
F0004095-1,F0004095,1,Paper (F0004095),F. SCHUMACHER & CO - NEW GOODS,,,COLETTE,COLETTE 5017371 (Light Beige),"BNYNeuKaliss 60"" 315Y",BNY SUBSTRATES,PAPER,"60"" Roll",67506.25 Linear Feet,67506.25,0,28.81,27.5 inches,2,Sasha,,,Print,Invoiced,Invoiced,1931167,1/17/2025,COCONNOR@FSCO.COM,,,,
F0004096-1,F0004096,1,Paper (F0004096),F. SCHUMACHER & CO - NEW GOODS,,,COLETTE,COLETTE 5017370 (Red),"BNYNeuKaliss 60"" 315Y",BNY SUBSTRATES,PAPER,"60"" Roll",67506.25 Linear Feet,67506.25,0,28.81,27.5 inches,2,Sasha,,,Print,Invoiced,Invoiced,1931169,1/17/2025,COCONNOR@FSCO.COM,,,,
F0004102-1,F0004102,1,Paper (F0004102),F. SCHUMACHER & CO - NEW GOODS,,,COLETTE,COLETTE 5017373 (Light Yellow),"BNYNeuKaliss 60"" 315Y",BNY SUBSTRATES,PAPER,"60"" Roll",1876.0417 Linear Feet,1876.0417,0,0.8,27.5 inches,2,Sasha,,,Print,Invoiced,Invoiced,1918133,1/10/2025,COCONNOR@FSCO.COM,,,,
F0004103-1,F0004103,1,Paper (F0004103),F. SCHUMACHER & CO - NEW GOODS,,,COLETTE,COLETTE 5017370 (Red),"BNYNeuKaliss 60"" 315Y",BNY SUBSTRATES,PAPER,"60"" Roll",1876.0417 Linear Feet,1876.0417,0,0.8,27.5 inches,2,Sasha,,,Print,Invoiced,Invoiced,1931146,1/17/2025,COCONNOR@FSCO.COM,,,,
F0004104-1,F0004104,1,Paper (F0004104),F. SCHUMACHER & CO - NEW GOODS,,,COLETTE,COLETTE 5017371 (Light Beige),"BNYNeuKaliss 60"" 315Y",BNY SUBSTRATES,PAPER,"60"" Roll",1876.0417 Linear Feet,1876.0417,0,0.8,27.5 inches,2,Sasha,,,Print,Invoiced,Invoiced,1931148,1/17/2025,COCONNOR@FSCO.COM,,,,
F0004105-1,F0004105,1,Paper (F0004105),F. SCHUMACHER & CO - NEW GOODS,,,COLETTE,COLETTE 5017372 (Air),"BNYNeuKaliss 60"" 315Y",BNY SUBSTRATES,PAPER,"60"" Roll",1876.0417 Linear Feet,1876.0417,0,0.8,27.5 inches,2,Sasha,,,Print,Invoiced,Invoiced,1918143,1/10/2025,COCONNOR@FSCO.COM,,,,
F0004113-1,F0004113,1,Paper (F0004113),F. SCHUMACHER & CO - NEW GOODS,,,Parvati Floral Stripe,Parvati Floral Stripe 5017332 (Delft),"BNYNeuKaliss 60"" 315Y",BNY SUBSTRATES,PAPER,"60"" Roll",67506.25 Linear Feet,67506.25,0,28.81,27.5 inches,2,Sasha,,,Print,Invoiced,Invoiced,1931255,1/17/2025,COCONNOR@FSCO.COM,,,,
F0004118-1,F0004118,1,Memos (F0004118),F. SCHUMACHER & CO - NEW GOODS,,,ANTOINETTE,ANTOINETTE MS5017352 (WARM WHITE),"BNYNeuKaliss 60"" 315Y",BNY SUBSTRATES,PAPER,"60"" Roll",546 Linear Feet,546,0,0.23,5.4 inches,11,Glow,,,Print,Invoiced,Invoiced,1957712,1/31/2025,COCONNOR@FSCO.COM,,,,
F0004119-1,F0004119,1,Memos (F0004119),F. SCHUMACHER & CO - NEW GOODS,,,ANTOINETTE,ANTOINETTE MS5017351 (MIST),"BNYNeuKaliss 60"" 315Y",BNY SUBSTRATES,PAPER,"60"" Roll",546 Linear Feet,546,0,0.23,5.4 inches,11,Glow,,,Print,Invoiced,Invoiced,1957786,1/31/2025,COCONNOR@FSCO.COM,,,,
F0004120-1,F0004120,1,Memos (F0004120),F. SCHUMACHER & CO - NEW GOODS,,,ANTOINETTE,ANTOINETTE MS5017350 (ESPRESSO),"BNYNeuKaliss 60"" 315Y",BNY SUBSTRATES,PAPER,"60"" Roll",546 Linear Feet,546,0,0.23,5.4 inches,11,Glow,,,Print,Invoiced,Invoiced,1957790,1/31/2025,COCONNOR@FSCO.COM,,,,
F0004121-1,F0004121,1,Memos (F0004121),F. SCHUMACHER & CO - NEW GOODS,,,COLETTE,COLETTE MS5017373 (LIGHT YELLOW),"BNYNeuKaliss 60"" 315Y",BNY SUBSTRATES,PAPER,"60"" Roll",946666.6667 Linear Feet,946666.6667,0,404.04,51 inches,1,Glow,,,Print,Invoiced,Invoiced,1918123,1/10/2025,COCONNOR@FSCO.COM,,,,
F0004122-1,F0004122,1,Memos (F0004122),F. SCHUMACHER & CO - NEW GOODS,,,COLETTE,COLETTE MS5017372 (AIR),"BNYNeuKaliss 60"" 315Y",BNY SUBSTRATES,PAPER,"60"" Roll",946666.6667 Linear Feet,946666.6667,0,404.04,51 inches,1,Glow,,,Print,Invoiced,Invoiced,1918137,1/10/2025,COCONNOR@FSCO.COM,,,,
F0004123-1,F0004123,1,Memos (F0004123),F. SCHUMACHER & CO - NEW GOODS,,,COLETTE,COLETTE MS5017371 (LIGHT BEIGE),"BNYNeuKaliss 60"" 315Y",BNY SUBSTRATES,PAPER,"60"" Roll",946666.6667 Linear Feet,946666.6667,0,404.04,51 inches,1,Glow,,,Print,Invoiced,Invoiced,1931161,1/17/2025,COCONNOR@FSCO.COM,,,,
F0004124-1,F0004124,1,Memos (F0004124),F. SCHUMACHER & CO - NEW GOODS,,,COLETTE,COLETTE MS5017370 (RED),"BNYNeuKaliss 60"" 315Y",BNY SUBSTRATES,PAPER,"60"" Roll",946666.6667 Linear Feet,946666.6667,0,404.04,51 inches,1,Glow,,,Print,Invoiced,Invoiced,1931164,1/17/2025,COCONNOR@FSCO.COM,,,,
F0004134-1,F0004134,1,Memos (F0004134),F. SCHUMACHER & CO - NEW GOODS,,,Lady Lilith,Lady Lilith MS5017382 (Carbon),"BNYNeuKaliss 60"" 315Y",BNY SUBSTRATES,PAPER,"60"" Roll",546 Linear Feet,546,0,0.23,5.4 inches,11,Glow,,,Print,Invoiced,Invoiced,1957840,1/31/2025,COCONNOR@FSCO.COM,,,,
F0004135-1,F0004135,1,Memos (F0004135),F. SCHUMACHER & CO - NEW GOODS,,,Lady Lilith,Lady Lilith MS5017381 (Off White),"BNYNeuKaliss 60"" 315Y",BNY SUBSTRATES,PAPER,"60"" Roll",546 Linear Feet,546,0,0.23,5.4 inches,11,Glow,,,Print,Invoiced,Invoiced,1957874,1/31/2025,COCONNOR@FSCO.COM,,,,
F0004136-1,F0004136,1,Memos (F0004136),F. SCHUMACHER & CO - NEW GOODS,,,Lady Lilith,Lady Lilith MS5017380 (Olive),"BNYNeuKaliss 60"" 315Y",BNY SUBSTRATES,PAPER,"60"" Roll",546 Linear Feet,546,0,0.23,5.4 inches,11,Glow,,,Print,Invoiced,Invoiced,1957865,1/31/2025,COCONNOR@FSCO.COM,,,,
F0004143-1,F0004143,1,Memos (F0004143),F. SCHUMACHER & CO - NEW GOODS,,,Parvati Floral Stripe,PARVATI FLORAL STRIPE (MS5017332) DELFT,"BNYNeuKaliss 60"" 315Y",BNY SUBSTRATES,PAPER,"60"" Roll",850000 Linear Feet,850000,0,362.79,65.6 inches,0.9146,Glow,,,Print,Invoiced,Invoiced,1931260,1/17/2025,COCONNOR@FSCO.COM,,,,
F0004145-1,F0004145,1,Memos (F0004145),F. SCHUMACHER & CO - NEW GOODS,,,BEFORE MIDNIGHT,Before Midnight MS5017362 (Light Beige),"BNYNeuKaliss 60"" 315Y",BNY SUBSTRATES,PAPER,"60"" Roll",546 Linear Feet,546,0,0.23,5.4 inches,11,Glow,,,Print,Invoiced,Invoiced,1957796,1/31/2025,COCONNOR@FSCO.COM,,,,
F0004146-1,F0004146,1,Memos (F0004146),F. SCHUMACHER & CO - NEW GOODS,,,BEFORE MIDNIGHT,Before Midnight MS5017361 (Chocolate),"BNYNeuKaliss 60"" 315Y",BNY SUBSTRATES,PAPER,"60"" Roll",546 Linear Feet,546,0,0.23,5.4 inches,11,Glow,,,Print,Invoiced,Invoiced,1957801,1/31/2025,COCONNOR@FSCO.COM,,,,
F0004147-1,F0004147,1,Memos (F0004147),F. SCHUMACHER & CO - NEW GOODS,,,BEFORE MIDNIGHT,Before Midnight MS5017360 (Charcoal),"BNYNeuKaliss 60"" 315Y",BNY SUBSTRATES,PAPER,"60"" Roll",546 Linear Feet,546,0,0.23,5.4 inches,11,Glow,,,Print,Invoiced,Invoiced,1957721,1/31/2025,COCONNOR@FSCO.COM,,,,
F0004156-1,F0004156,1,Memos (F0004156),F. SCHUMACHER & CO - NEW GOODS,,,SPOTSWOOD CREWEL 2 PANEL SET,SPOTSWOOD CREWEL 2 PANEL SET MS5017322 (SKY),"BNYNeuKaliss 60"" 315Y",BNY SUBSTRATES,PAPER,"60"" Roll",946666.6667 Linear Feet,946666.6667,0,404.04,51 inches,1,Glow,,,Print,Invoiced,Invoiced,1918117,1/10/2025,COCONNOR@FSCO.COM,,,,
F0004157-1,F0004157,1,Memos (F0004157),F. SCHUMACHER & CO - NEW GOODS,,,SPOTSWOOD CREWEL 2 PANEL SET,SPOTSWOOD CREWEL 2 PANEL SET MS5017321 (SAGE),"BNYNeuKaliss 60"" 315Y",BNY SUBSTRATES,PAPER,"60"" Roll",946666.6667 Linear Feet,946666.6667,0,404.04,51 inches,1,Glow,,,Print,Invoiced,Invoiced,1918061,1/10/2025,COCONNOR@FSCO.COM,,,,
F0004158-1,F0004158,1,Memos (F0004158),F. SCHUMACHER & CO - NEW GOODS,,,SPOTSWOOD CREWEL 2 PANEL SET,SPOTSWOOD CREWEL 2 PANEL SET MS5017320 (MULTI),"BNYNeuKaliss 60"" 315Y",BNY SUBSTRATES,PAPER,"60"" Roll",946666.6667 Linear Feet,946666.6667,0,404.04,51 inches,1,Glow,,,Print,Invoiced,Invoiced,1918098,1/10/2025,COCONNOR@FSCO.COM,,,,
F0004186-1,F0004186,1,Memos (F0004186),F. SCHUMACHER & CO - NEW GOODS,,,VALIANT,VALIANT - MS5017153 (CHARCOAL),"BNYNeuKaliss 60"" 315Y",BNY SUBSTRATES,PAPER,"60"" Roll",252 Linear Feet,252,0,0.11,4.8 inches,12,Glow,4p,,Print,Invoiced,Invoiced,2036769,3/7/2025,COCONNOR@FSCO.COM,,,,
F0004187-1,F0004187,1,Memos (F0004187),F. SCHUMACHER & CO - NEW GOODS,,,VALIANT,VALIANT - MS5017152 (DOVE),"BNYNeuKaliss 60"" 315Y",BNY SUBSTRATES,PAPER,"60"" Roll",252 Linear Feet,252,0,0.11,4.8 inches,12,Glow,4p,,Print,Invoiced,Invoiced,2034772,3/7/2025,COCONNOR@FSCO.COM,,,,
F0004188-1,F0004188,1,Memos (F0004188),F. SCHUMACHER & CO - NEW GOODS,,,VALIANT,VALIANT - MS5017151 (MINERAL),"BNYNeuKaliss 60"" 315Y",BNY SUBSTRATES,PAPER,"60"" Roll",252 Linear Feet,252,0,0.11,4.8 inches,12,Glow,,,Print,Invoiced,Invoiced,2034781,3/7/2025,COCONNOR@FSCO.COM,,,,
F0004189-1,F0004189,1,Memos (F0004189),F. SCHUMACHER & CO - NEW GOODS,,,VALIANT,VALIANT - MS5017150 (NATURAL),"BNYNeuKaliss 60"" 315Y",BNY SUBSTRATES,PAPER,"60"" Roll",252 Linear Feet,252,0,0.11,4.8 inches,12,Glow,4p,,Print,Invoiced,Invoiced,2036774,3/7/2025,COCONNOR@FSCO.COM,,,,
F0004249-1,F0004249,1,Panel (F0004249),F. SCHUMACHER & CO - NEW GOODS,,,PSALM 3 PANEL SET,PSALM 3 PANEL SET - 5017141 (ALABASTER),"BNYNeuKaliss 60"" 315Y",BNY SUBSTRATES,PAPER,"60"" Roll",1920 Linear Feet,1920,0,0.82,36 inches,1,Trish,,,Print,Invoiced,Invoiced,2036317,3/7/2025,COCONNOR@FSCO.COM,,,,
F0004251-1,F0004251,1,Memos (F0004251),F. SCHUMACHER & CO - NEW GOODS,,,PSALM 3 PANEL SET MEMOS,PSALM 3 PANEL SET MEMOS - MS5017141 (ALABASTER),"BNYNeuKaliss 60"" 315Y",BNY SUBSTRATES,PAPER,"60"" Roll",252 Linear Feet,252,0,0.11,4.8 inches,12,Glow,4p,,Print,Invoiced,Invoiced,2036671,3/7/2025,COCONNOR@FSCO.COM,,,,
F0004252-1,F0004252,1,Memos (F0004252),F. SCHUMACHER & CO - NEW GOODS,,,PSALM 3 PANEL SET MEMOS,PSALM 3 PANEL SET MEMOS - MS5017140 (CYPRESS),"BNYNeuKaliss 60"" 315Y",BNY SUBSTRATES,PAPER,"60"" Roll",252 Linear Feet,252,0,0.11,4.8 inches,12,Glow,,,Print,Invoiced,Invoiced,2020415,2/28/2025,COCONNOR@FSCO.COM,,,,
F0004253-1,F0004253,1,Wings (F0004253),F. SCHUMACHER & CO - NEW GOODS,,,"PSALM 3 PANEL SET 72"" WINGS","PSALM 3 PANEL SET 72"" WINGS - 	ENG5017140W-72 (Cypress/Alabaster)","BNYNeuKaliss 60"" 315Y",BNY SUBSTRATES,PAPER,"60"" Roll",160 Linear Feet,160,0,0.07,36 inches,1,Trish,,,Print,Invoiced,Invoiced,,3/7/2025,COCONNOR@FSCO.COM,,,,
F0004687-1,F0004687,1,Panel (F0004687)/S04114,F. SCHUMACHER & CO - HUB,,,Brighton Pavilion,Brighton Pavilion  - 5007740 (Multi),"BNYNeuKaliss 60"" 315Y",BNY SUBSTRATES,PAPER,"60"" Roll",120004.1667 Linear Feet,120004.1667,0,51.22,54.25 inches,1,Sasha,,,Print,Invoiced,Invoiced,1918038,1/10/2025,COCONNOR@FSCO.COM,,,,
F0004751-1,F0004751,1,Engineered Wings (F0004751)/S03939,F. SCHUMACHER & CO - NEW GOODS,,,"PSALM 3 PANEL SET 60"" WINGS","PSALM 3 PANEL SET 60"" WINGS - 	ENG5017140W-60 (Cypress/Alabaster)","BNYNeuKaliss 60"" 315Y",BNY SUBSTRATES,PAPER,"60"" Roll",83.4999 Linear Feet,83.4999,0,0.04,36 inches,1,Trish,,,Print,Invoiced,Invoiced,2036410,3/7/2025,COCONNOR@FSCO.COM,,,,
F0004920-1,F0004920,1,Regular (F0004920)/S04179,F. SCHUMACHER & CO - HUB,,,Belvedere,Belvedere  - 5007993 (Sage),"BNYNeuKaliss 60"" 315Y",BNY SUBSTRATES,PAPER,"60"" Roll",120008.3333 Linear Feet,120008.3333,0,51.22,56 inches,1,Sasha,,,Print,Invoiced,Invoiced,1931249,1/17/2025,COCONNOR@FSCO.COM,,,,
F0005056-1,F0005056,1,Regular (F0005056)/S04223,F. SCHUMACHER & CO - HUB,,,Edwin Stripe Wide,Edwin Stripe Wide - 5011902 (Mineral),"BNYNeuKaliss 60"" 315Y",BNY SUBSTRATES,PAPER,"60"" Roll",135006.25 Linear Feet,135006.25,0,57.62,28.5 inches,2,Bianca,,,Print,Invoiced,Invoiced,1931237,1/17/2025,COCONNOR@FSCO.COM,,,,
F0005160-1,F0005160,1,Panel (F0005160)/S04276,F. SCHUMACHER & CO - HUB,,,Gambit Panel,Gambit Panel - 5014264 (Sand&SoftBlue),"BNYNeuKaliss 60"" 315Y",BNY SUBSTRATES,PAPER,"60"" Roll",1250.0001 Linear Feet,1250.0001,0,0.53,36 inches,1,Sasha,,,Print,Invoiced,Invoiced,1972996,2/7/2025,COCONNOR@FSCO.COM,,,,
F0005174-1,F0005174,1,Regular (F0005174)/S04286,F. SCHUMACHER & CO - HUB,,,Margaret Schloeman's Fox Chase,Margaret Schloeman's Fox Chase - 5016151 (NavyGreen),"BNYNeuKaliss 60"" 315Y",BNY SUBSTRATES,PAPER,"60"" Roll",67506.25 Linear Feet,67506.25,0,28.81,28.5 inches,2,Sasha,,,Print,Invoiced,Invoiced,1931272,1/17/2025,COCONNOR@FSCO.COM,,,,
F0005258-1,F0005258,1,Regular (F0005258)/S04314,F. SCHUMACHER & CO - HUB,,,Nancy Floral,Nancy Floral - 5010841 (Grisaille),"BNYNeuKaliss 60"" 315Y",BNY SUBSTRATES,PAPER,"60"" Roll",270012.5 Linear Feet,270012.5,0,115.24,54.5 inches,1,Sasha,,,Print,Invoiced,Invoiced,1931234,1/17/2025,COCONNOR@FSCO.COM,,,,
F0005259-1,F0005259,1,Panel (F0005259)/S04315,F. SCHUMACHER & CO - HUB,,,Kobai Panel Set,Kobai Panel - 5011461 (Neutral),"BNYNeuKaliss 60"" 315Y",BNY SUBSTRATES,PAPER,"60"" Roll",1200 Linear Feet,1200,0,0.51,36 inches,1,Sasha,4p,,Print,Invoiced,Invoiced,,2/13/2025,COCONNOR@FSCO.COM,,,,
F0005260-1,F0005260,1,Regular (F0005260)/S04316,F. SCHUMACHER & CO - HUB,,,Berrydown,Berrydown - 5008024 (OrpingtonBlue),"BNYNeuKaliss 60"" 315Y",BNY SUBSTRATES,PAPER,"60"" Roll",120008.3333 Linear Feet,120008.3333,0,51.22,55 inches,1,Sasha,,,Print,Invoiced,Invoiced,1931197,1/17/2025,COCONNOR@FSCO.COM,,,,
F0005261-1,F0005261,1,Regular (F0005261)/S04317,F. SCHUMACHER & CO - HUB,,,Nancy Floral,Nancy Floral - 5010840 (Rose),"BNYNeuKaliss 60"" 315Y",BNY SUBSTRATES,PAPER,"60"" Roll",120008.3333 Linear Feet,120008.3333,0,51.22,54.5 inches,1,Sasha,4p,,Print,Invoiced,Invoiced,,1/3/2025,COCONNOR@FSCO.COM,,,,
F0005347-1,F0005347,1,Regular (F0005347)/S04334,F. SCHUMACHER & CO - HUB,,,Edwin Stripe Wide,Edwin Stripe Wide - 5011914 (Blush),"BNYNeuKaliss 60"" 315Y",BNY SUBSTRATES,PAPER,"60"" Roll",135006.25 Linear Feet,135006.25,0,57.62,28.5 inches,2,Bianca,,,Print,Invoiced,Invoiced,1931245,1/17/2025,COCONNOR@FSCO.COM,,,,
F0005354-1,F0005354,1,Panel (F0005354)/S04340,F. SCHUMACHER & CO - HUB,,,Victoria Panel Set,Victoria Panel Set - 5015400 (Mineral),"BNYNeuKaliss 60"" 315Y",BNY SUBSTRATES,PAPER,"60"" Roll",480 Linear Feet,480,0,0.2,36 inches,1,Sasha,,,Print,Invoiced,Invoiced,1957809,1/31/2025,COCONNOR@FSCO.COM,,,,
F0005365-1,F0005365,1,Memos (F0005365)/S04343,F. SCHUMACHER & CO - MEMOS,,,Woodperry Memos,Woodperry Memos - MS5008793 (Celadon),"BNYNeuKaliss 60"" 315Y",BNY SUBSTRATES,PAPER,"60"" Roll",60 Linear Feet,60,0,0.03,1.2 inches,50,Glow,,,Print,Invoiced,Invoiced,1943972,1/24/2025,COCONNOR@FSCO.COM,,,,
F0005374-1,F0005374,1,Memos (F0005374)/S04343,F. SCHUMACHER & CO - MEMOS,,,Lafayette Botanical Memos,Lafayette Botanical Memos - MS5013751 (Moss),"BNYNeuKaliss 60"" 315Y",BNY SUBSTRATES,PAPER,"60"" Roll",85200 Linear Feet,85200,0,36.36,51 inches,1,Glow,,,Print,Invoiced,Invoiced,1931207,1/17/2025,COCONNOR@FSCO.COM,,,,
F0005375-1,F0005375,1,Memos (F0005375)/S04343,F. SCHUMACHER & CO - MEMOS,,,Feather Bloom Memos,Feather Bloom Memos - MS5013821 (SoftNeutral),"BNYNeuKaliss 60"" 315Y",BNY SUBSTRATES,PAPER,"60"" Roll",77714 Linear Feet,77714,0,33.17,57.4 inches,1,Glow,,,Print,Invoiced,Invoiced,1931214,1/17/2025,COCONNOR@FSCO.COM,,,,
F0005378-1,F0005378,1,Memos (F0005378)/S04343,F. SCHUMACHER & CO - MEMOS,,,Tasmanian Mimosa Memos,Tasmanian Mimosa Memos - MS5015362 (Ivory/Green),"BNYNeuKaliss 60"" 315Y",BNY SUBSTRATES,PAPER,"60"" Roll",85200 Linear Feet,85200,0,36.36,51 inches,1,Glow,,,Print,Invoiced,Invoiced,1918057,1/10/2025,COCONNOR@FSCO.COM,,,,
F0005391-1,F0005391,1,Regular (F0005391)/S04345,F. SCHUMACHER & CO - HUB,,,Edwin Stripe Narrow,Edwin Stripe Narrow - 5011879 (Mushroom),"BNYNeuKaliss 60"" 315Y",BNY SUBSTRATES,PAPER,"60"" Roll",2160025 Linear Feet,2160025,0,921.92,28.5 inches,2,Bianca,,,Print,Invoiced,Invoiced,1918036,1/10/2025,COCONNOR@FSCO.COM,,,,
F0005392-1,F0005392,1,Regular (F0005392)/S04346,F. SCHUMACHER & CO - HUB,,,White Lotus,White Lotus - 5013663 (Sand),"BNYNeuKaliss 60"" 315Y",BNY SUBSTRATES,PAPER,"60"" Roll",1080025 Linear Feet,1080025,0,460.96,28.5 inches,2,Sasha,,,Print,Invoiced,Invoiced,1931281,1/17/2025,COCONNOR@FSCO.COM,,,,
F0005403-1,F0005403,1,Regular (F0005403)/S04356,F. SCHUMACHER & CO - HUB,,,Luminaries,Luminaries - 5016012 (Dusk),"BNYNeuKaliss 60"" 315Y",BNY SUBSTRATES,PAPER,"60"" Roll",67506.25 Linear Feet,67506.25,0,28.81,27.5 inches,2,Sasha,,,Print,Invoiced,Invoiced,1931157,1/17/2025,COCONNOR@FSCO.COM,,,,
F0005638-1,F0005638,1,Regular (F0005638)/S04453,F. SCHUMACHER & CO - HUB,,,Tasmanian Mimosa,Tasmanian Mimosa - 5015362 (Ivory/Green),"BNYNeuKaliss 60"" 315Y",BNY SUBSTRATES,PAPER,"60"" Roll",4320050 Linear Feet,4320050,0,1843.83,55.5 inches,1,Sasha,,,Print,Invoiced,Invoiced,1918049,1/10/2025,COCONNOR@FSCO.COM,,,,
F0005649-1,F0005649,1,Regular (F0005649)/S04457,F. SCHUMACHER & CO - HUB,,,Circuit,Circuit  - 5012162 (Stone),"BNYNeuKaliss 60"" 315Y",BNY SUBSTRATES,PAPER,"60"" Roll",1080025 Linear Feet,1080025,0,460.96,55.5 inches,1,Sasha,,,Print,Invoiced,Invoiced,1907014,1/3/2025,COCONNOR@FSCO.COM,,,,
F0005651-1,F0005651,1,Regular (F0005651)/S04459,F. SCHUMACHER & CO - HUB,,,Santa Monica,Santa Monica - 5014370 (Indigo),"BNYNeuKaliss 60"" 315Y",BNY SUBSTRATES,PAPER,"60"" Roll",270012.5 Linear Feet,270012.5,0,115.24,28.5 inches,2,Sasha,,,Print,Invoiced,Invoiced,1907027,1/3/2025,COCONNOR@FSCO.COM,,,,
F0005654-1,F0005654,1,Regular (F0005654)/S04462,F. SCHUMACHER & CO - HUB,,,Kerala Paisley II,Kerala Paisley II - 5015211 (Blue),"BNYNeuKaliss 60"" 315Y",BNY SUBSTRATES,PAPER,"60"" Roll",67506.25 Linear Feet,67506.25,0,28.81,28.5 inches,2,Sasha,,,Print,Invoiced,Invoiced,1907020,1/3/2025,COCONNOR@FSCO.COM,,,,
F0005655-1,F0005655,1,Regular (F0005655)/S04463,F. SCHUMACHER & CO - HUB,,,Katsura Stripe II,Katsura Stripe II - 5015230 (Chambray),"BNYNeuKaliss 60"" 315Y",BNY SUBSTRATES,PAPER,"60"" Roll",67506.25 Linear Feet,67506.25,0,28.81,28.5 inches,2,Sasha,,,Print,Invoiced,Invoiced,1907022,1/3/2025,COCONNOR@FSCO.COM,,,,
F0005658-1,F0005658,1,MTO (F0005658)/S04466,F. SCHUMACHER & CO - MTO,,,Watercolor Stripe,Watercolor Stripe  - 5011570 (Leaf),"BNYNeuKaliss 60"" 315Y",BNY SUBSTRATES,PAPER,"60"" Roll",12151.875 Linear Feet,12151.875,0,5.19,28.5 inches,2,Bianca,,,Print,Invoiced,Invoiced,1918135,1/10/2025,COCONNOR@FSCO.COM,,,,
F0005669-1,F0005669,1,MTO (F0005669)/S04468,F. SCHUMACHER & CO - MTO,,,Watercolor Stripe,Watercolor Stripe  - 5011570 (Leaf),"BNYNeuKaliss 60"" 315Y",BNY SUBSTRATES,PAPER,"60"" Roll",7351.4583 Linear Feet,7351.4583,0,3.14,28.5 inches,2,Bianca,300dpi,,Print,Invoiced,Invoiced,,1/6/2025,COCONNOR@FSCO.COM,,,,
F0005679-1,F0005679,1,MTO (F0005679)/S04472,F. SCHUMACHER & CO - MTO,,,Edwin Stripe Narrow,Edwin Stripe Narrow - 5011867 (Navy),"BNYNeuKaliss 60"" 315Y",BNY SUBSTRATES,PAPER,"60"" Roll",21602.5 Linear Feet,21602.5,0,9.22,28.5 inches,2,Bianca,,,Print,Invoiced,Invoiced,1907029,1/3/2025,COCONNOR@FSCO.COM,,,,
F0005687-1,F0005687,1,MTO (F0005687)/S04474,F. SCHUMACHER & CO - MTO,,,Edwin Stripe Medium,Edwin Stripe Medium - 5011889 (Leaf),"BNYNeuKaliss 60"" 315Y",BNY SUBSTRATES,PAPER,"60"" Roll",2400.8333 Linear Feet,2400.8333,0,1.02,28.5 inches,2,Bianca,300dpi,,Print,Invoiced,Invoiced,,1/6/2025,COCONNOR@FSCO.COM,,,,
F0005691-1,F0005691,1,MTO (F0005691)/S04478,F. SCHUMACHER & CO - MTO,,,Edwin Stripe Narrow,Edwin Stripe Narrow - 5013602 (Eucalyptus),"BNYNeuKaliss 60"" 315Y",BNY SUBSTRATES,PAPER,"60"" Roll",2400.8333 Linear Feet,2400.8333,0,1.02,28.5 inches,2,Bianca,,,Print,Invoiced,Invoiced,1918087,1/10/2025,COCONNOR@FSCO.COM,,,,
F0005692-1,F0005692,1,MTO (F0005692)/S04479,F. SCHUMACHER & CO - MTO,,,Beluze,Beluze  - 5011982 (Magenta),"BNYNeuKaliss 60"" 315Y",BNY SUBSTRATES,PAPER,"60"" Roll",10802.5 Linear Feet,10802.5,0,4.61,56 inches,1,Sasha,,,Print,Invoiced,Invoiced,1918120,1/10/2025,COCONNOR@FSCO.COM,,,,
F0005693-1,F0005693,1,MTO (F0005693)/S04480,F. SCHUMACHER & CO - MTO,,,Edwin Stripe Medium,Edwin Stripe Medium - 5013611 (Straw),"BNYNeuKaliss 60"" 315Y",BNY SUBSTRATES,PAPER,"60"" Roll",1350.625 Linear Feet,1350.625,0,0.58,28.5 inches,2,Bianca,300dpi,,Print,Invoiced,Invoiced,,1/6/2025,COCONNOR@FSCO.COM,,,,
F0005724-1,F0005724,1,Regular (F0005724)/S04486,F. SCHUMACHER & CO - HUB,,,Loudon Rose,Loudon Rose  - 5012030 (Ivory),"BNYNeuKaliss 60"" 315Y",BNY SUBSTRATES,PAPER,"60"" Roll",270012.5 Linear Feet,270012.5,0,115.24,56 inches,1,Sasha,4p,,Print,Invoiced,Invoiced,,1/2/2025,COCONNOR@FSCO.COM,,,,
F0005770-1,F0005770,1,MTO (F0005770),F. SCHUMACHER & CO - MTO,,,Edwin Stripe Narrow,Edwin Stripe Narrow - 5013601 (Straw),"BNYNeuKaliss 60"" 315Y",BNY SUBSTRATES,PAPER,"60"" Roll",7351.4583 Linear Feet,7351.4583,0,3.14,28.5 inches,2,Bianca,300dpi,,Print,Invoiced,Invoiced,,1/7/2025,COCONNOR@FSCO.COM,,,,
F0005819-1,F0005819,1,MTO (F0005819),F. SCHUMACHER & CO - MTO,,,Star Anise,Star Anise - 5014940 (Mink),"BNYNeuKaliss 60"" 315Y",BNY SUBSTRATES,PAPER,"60"" Roll",300.4167 Linear Feet,300.4167,0,0.13,28.5 inches,2,Sasha,,,Print,Invoiced,Invoiced,1931184,1/17/2025,COCONNOR@FSCO.COM,,,,
F0005832-1,F0005832,1,Regular (F0005832),F. SCHUMACHER & CO - HUB,,,Polka Dot Jungle,Polka Dot Jungle - 5015460 (Black&Green),"BNYNeuKaliss 60"" 315Y",BNY SUBSTRATES,PAPER,"60"" Roll",1080025 Linear Feet,1080025,0,460.96,55.5 inches,1,Sasha,,,Print,Invoiced,Invoiced,1918898,1/10/2025,COCONNOR@FSCO.COM,,,,
F0005840-1,F0005840,1,Panel (F0005840),F. SCHUMACHER & CO - HUB,,,Les Oiseaux Panel Set,Les Oiseaux Panel Set - 5015152 (Jade),"BNYNeuKaliss 60"" 315Y",BNY SUBSTRATES,PAPER,"60"" Roll",1080012.5 Linear Feet,1080012.5,0,460.96,162.5 inches,0.3692,Sasha,,,Print,Invoiced,Invoiced,1931153,1/17/2025,COCONNOR@FSCO.COM,,,,
F0005888-1,F0005888,1,MTO (F0005888),F. SCHUMACHER & CO - MTO,,,Villa Palm Panel,Villa Palm Panel - 5013880 (Blue),"BNYNeuKaliss 60"" 315Y",BNY SUBSTRATES,PAPER,"60"" Roll",9410.3333 Linear Feet,9410.3333,0,4.02,240 inches,0.25,Sasha,,,Print,Invoiced,Invoiced,1931264,1/17/2025,COCONNOR@FSCO.COM,,,,
F0005903-1,F0005903,1,Custom MTO (F0005903),F. SCHUMACHER & CO. CUSTOM MTO,,,Custom Kireina Lotus Panel Set SKO,Custom Kireina Lotus Panel Set SKO - SKO850082 (Mineral Background with White Ivory Flowers),"BNYNeuKaliss 60"" 315Y",BNY SUBSTRATES,PAPER,"60"" Roll",3 Linear Feet,3,0,0,55.5 inches,1,Bianca,,,Print,Invoiced,Invoiced,1957896,1/31/2025,COCONNOR@FSCO.COM,,,,
F0006024-1,F0006024,1,Custom MTO (F0006024),F. SCHUMACHER & CO. CUSTOM MTO,,,Chatoyant Panel Set,Chatoyant Panel Set - 5010891 (Leaf),"BNYNeuKaliss 60"" 315Y",BNY SUBSTRATES,PAPER,"60"" Roll",720 Linear Feet,720,0,0.31,36 inches,1,Sasha,4p,,Print,Invoiced,Invoiced,,2/4/2025,COCONNOR@FSCO.COM,,,,
F0006025-1,F0006025,1,MTO (F0006025),F. SCHUMACHER & CO - MTO,,,Victoria Panel Set,Victoria Panel Set - 5015400 (Mineral),"BNYNeuKaliss 60"" 315Y",BNY SUBSTRATES,PAPER,"60"" Roll",80.0001 Linear Feet,80.0001,0,0.03,36 inches,1,Sasha,,,Print,Invoiced,Invoiced,1957816,1/31/2025,COCONNOR@FSCO.COM,,,,
F0006097-1,F0006097,1,MTO (F0006097),F. SCHUMACHER & CO - MTO,,,Shell Grotto Panel,Shell Grotto Panel - 5015164 (Seafoam),"BNYNeuKaliss 60"" 315Y",BNY SUBSTRATES,PAPER,"60"" Roll",159.9999 Linear Feet,159.9999,0,0.07,36 inches,1,Bianca,,,Print,Invoiced,Invoiced,1957826,1/31/2025,COCONNOR@FSCO.COM,,,,
F0006136-1,F0006136,1,MTO (F0006136),F. SCHUMACHER & CO - MTO,,,Victoria Panel Set,Victoria Panel Set - 5015400 (Mineral),"BNYNeuKaliss 60"" 315Y",BNY SUBSTRATES,PAPER,"60"" Roll",800.0001 Linear Feet,800.0001,0,0.34,36 inches,1,Sasha,,,Print,Invoiced,Invoiced,1957890,1/31/2025,COCONNOR@FSCO.COM,,,,
F0006334-1,F0006334,1,Memos (F0006334),F. SCHUMACHER & CO - NEW GOODS,,,Madame De Pompadour Memos,Madame De Pompadour Memos - MS5008546 (Natural),"BNYNeuKaliss 60"" 315Y",BNY SUBSTRATES,PAPER,"60"" Roll",210.4167 Linear Feet,210.4167,0,0.09,14.1 inches,4,Trish,4p,,Print,Invoiced,Invoiced,2631032,9/26/2025,COCONNOR@FSCO.COM,,,,
F0006336-1,F0006336,1,Memos (F0006336),F. SCHUMACHER & CO - NEW GOODS,,,Tasmanian Mimosa Memos,Tasmanian Mimosa Memos - MS5015363 (Sky),"BNYNeuKaliss 60"" 315Y",BNY SUBSTRATES,PAPER,"60"" Roll",55.7583 Linear Feet,55.7583,0,0.06,14.1 inches,4,Sasha,4p,,Print,Invoiced,Invoiced,2654507,10/3/2025,COCONNOR@FSCO.COM,,,,
F0006340-1,F0006340,1,Memos (F0006340),F. SCHUMACHER & CO - NEW GOODS,,,Tasmanian Mimosa Memos,Tasmanian Mimosa Memos - MS5015365 (Marigold),"BNYNeuKaliss 60"" 315Y",BNY SUBSTRATES,PAPER,"60"" Roll",210.4167 Linear Feet,210.4167,0,0.23,14.1 inches,4,Trish,4p,,Print,Invoiced,Invoiced,2653730,10/3/2025,COCONNOR@FSCO.COM,,,,
F0006342-1,F0006342,1,Memos (F0006342),F. SCHUMACHER & CO - NEW GOODS,,,Weeping Pine Memos,Weeping Pine Memos - MS5008334 (Taupe),"BNYNeuKaliss 60"" 315Y",BNY SUBSTRATES,PAPER,"60"" Roll",210.4167 Linear Feet,210.4167,0,0.23,14.1 inches,4,Trish,4p,,Print,Invoiced,Invoiced,2703002,10/17/2025,COCONNOR@FSCO.COM,,,,
F0006343-1,F0006343,1,Memos (F0006343),F. SCHUMACHER & CO - NEW GOODS,,,Tasmanian Mimosa Memos,Tasmanian Mimosa Memos - MS5015364 (Petal),"BNYNeuKaliss 60"" 315Y",BNY SUBSTRATES,PAPER,"60"" Roll",210.4167 Linear Feet,210.4167,0,0.23,14.1 inches,4,Sasha,4p,,Print,Invoiced,Invoiced,2654508,10/3/2025,COCONNOR@FSCO.COM,,,,
F0006462-1,F0006462,1,Memos (F0006462),F. SCHUMACHER & CO - NEW GOODS,,,Nocturnum Memos,Nocturnum Memos - MS5017570 (Ivory & Olive),"BNYNeuKaliss 60"" 315Y",BNY SUBSTRATES,PAPER,"60"" Roll",210.4167 Linear Feet,210.4167,0,0.09,14.1 inches,4,Trish,,,Print,Invoiced,Invoiced,2200817,5/9/2025,COCONNOR@FSCO.COM,,,,
F0006467-1,F0006467,1,Memos (F0006467),F. SCHUMACHER & CO - NEW GOODS,,,Nocturnum Memos,Nocturnum Memos - MS5017571 (Indigo & Ochre),"BNYNeuKaliss 60"" 315Y",BNY SUBSTRATES,PAPER,"60"" Roll",210.4167 Linear Feet,210.4167,0,0.09,14.1 inches,4,Trish,,,Print,Invoiced,Invoiced,2200820,5/9/2025,COCONNOR@FSCO.COM,,,,
F0006474-1,F0006474,1,Memos (F0006474),F. SCHUMACHER & CO - NEW GOODS,,,Broderie Memos,Broderie Memos - MS5017850 (Bordeaux),"BNYNeuKaliss 60"" 315Y",BNY SUBSTRATES,PAPER,"60"" Roll",281.1168 Linear Feet,281.1168,0,0.12,17.1 inches,3,Trish,,,Print,Invoiced,Invoiced,2200814,5/9/2025,COCONNOR@FSCO.COM,,,,
F0006475-1,F0006475,1,Memos (F0006475),F. SCHUMACHER & CO - NEW GOODS,,,Broderie Memos,Broderie Memos - MS5017851 (Cool Green),"BNYNeuKaliss 60"" 315Y",BNY SUBSTRATES,PAPER,"60"" Roll",281.1168 Linear Feet,281.1168,0,0.12,17.1 inches,3,Trish,,,Print,Invoiced,Invoiced,2200803,5/9/2025,COCONNOR@FSCO.COM,,,,
F0006733-1,F0006733,1,Memos (F0006733),F. SCHUMACHER & CO - NEW GOODS,,,Edwin Stripe Narrow Memos,Edwin Stripe Narrow Memos - MS5017630 (Sage),"BNYNeuKaliss 60"" 315Y",BNY SUBSTRATES,PAPER,"60"" Roll",56.9331 Linear Feet,56.9331,0,0.02,6.1 inches,9,Trish,4p,,Print,Invoiced,Invoiced,2557921,9/5/2025,COCONNOR@FSCO.COM,,,,
F0006778-1,F0006778,1,Memos (F0006778),F. SCHUMACHER & CO - NEW GOODS,,,Edwin Stripe Narrow Memos,Edwin Stripe Narrow Memos - MS5017634 (Chestnut Rose),"BNYNeuKaliss 60"" 315Y",BNY SUBSTRATES,PAPER,"60"" Roll",56.9331 Linear Feet,56.9331,0,0.02,6.1 inches,9,Trish,4p,,Print,Invoiced,Invoiced,2558072,9/5/2025,COCONNOR@FSCO.COM,,,,
F0006792-1,F0006792,1,Memos (F0006792),F. SCHUMACHER & CO - NEW GOODS,,,Edwin Stripe Medium Memos,Edwin Stripe Medium Memos - MS5017642 (Brown & Sky),"BNYNeuKaliss 60"" 315Y",BNY SUBSTRATES,PAPER,"60"" Roll",120.3582 Linear Feet,120.3582,0,0.05,8.1 inches,7,Trish,4p,,Print,Invoiced,Invoiced,2558075,9/5/2025,COCONNOR@FSCO.COM,,,,
F0007598-1,F0007598,1,Memos (F0007598),F. SCHUMACHER & CO - MEMOS,,,White Lotus Eng. Memos,White Lotus Eng. Memos - MS5013661 (Cobalt),"BNYNeuKaliss 60"" 315Y",BNY SUBSTRATES,PAPER,"60"" Roll",39.1359 Linear Feet,39.1359,0,0.02,17.1 inches,3,Bianca,300dpi,,Print,Invoiced,Invoiced,2512868,8/22/2025,COCONNOR@FSCO.COM,,,,
F0007599-1,F0007599,1,Memos (F0007599),F. SCHUMACHER & CO - MEMOS,,,Turini Memos,Turini Memos - MS5014891 (LightBeige),"BNYNeuKaliss 60"" 315Y",BNY SUBSTRATES,PAPER,"60"" Roll",140.5584 Linear Feet,140.5584,0,0.06,17.1 inches,3,Chyna,300dpi,,Print,Invoiced,Invoiced,2381706,7/11/2025,COCONNOR@FSCO.COM,,,,
F0007654-1,F0007654,1,Memos (F0007654),F. SCHUMACHER & CO - MEMOS,,,Chinois Palais Panel Memos,Chinois Palais Panel Memos - MS5007124 (Tangerine),"BNYNeuKaliss 60"" 315Y",BNY SUBSTRATES,PAPER,"60"" Roll",105.2082 Linear Feet,105.2082,0,0.04,14.1 inches,4,Bianca,300dpi,,Print,Invoiced,Invoiced,2582621,9/12/2025,COCONNOR@FSCO.COM,,,,
F0007655-1,F0007655,1,Memos (F0007655),F. SCHUMACHER & CO - MEMOS,,,Chinois Palais Panel Memos,Chinois Palais Panel Memos - MS5007125 (Grisaille),"BNYNeuKaliss 60"" 315Y",BNY SUBSTRATES,PAPER,"60"" Roll",105.2082 Linear Feet,105.2082,0,0.04,14.1 inches,4,Bianca,300dpi,,Print,Invoiced,Invoiced,2591402,9/16/2025,COCONNOR@FSCO.COM,,,,
F0007656-1,F0007656,1,Memos (F0007656),F. SCHUMACHER & CO - MEMOS,,,Brighton Pavilion Eng. Memos,Brighton Pavilion Eng. Memos - MS5007745 (Green),"BNYNeuKaliss 60"" 315Y",BNY SUBSTRATES,PAPER,"60"" Roll",43.9809 Linear Feet,43.9809,0,0.02,17.1 inches,3,Bianca,300dpi,,Print,Invoiced,Invoiced,2512862,8/22/2025,COCONNOR@FSCO.COM,,,,
F0007657-1,F0007657,1,Memos (F0007657),F. SCHUMACHER & CO - MEMOS,,,Weeping Pine Memos,Weeping Pine Memos - MS5008330 (Neutral),"BNYNeuKaliss 60"" 315Y",BNY SUBSTRATES,PAPER,"60"" Roll",105.2082 Linear Feet,105.2082,0,0.04,14.1 inches,4,Bianca,300dpi,,Print,Invoiced,Invoiced,2512872,8/22/2025,COCONNOR@FSCO.COM,,,,
F0007660-1,F0007660,1,Memos (F0007660),F. SCHUMACHER & CO - MEMOS,,,Weeping Pine Memos,Weeping Pine Memos - MS5008333 (Cloud),"BNYNeuKaliss 60"" 315Y",BNY SUBSTRATES,PAPER,"60"" Roll",105.2082 Linear Feet,105.2082,0,0.04,14.1 inches,4,Chyna,300dpi,,Print,Invoiced,Invoiced,2551865,9/4/2025,COCONNOR@FSCO.COM,,,,
F0007664-1,F0007664,1,Memos (F0007664),F. SCHUMACHER & CO - MEMOS,,,Ocean Toile Memos,Ocean Toile Memos - MS5008720 (Delft),"BNYNeuKaliss 60"" 315Y",BNY SUBSTRATES,PAPER,"60"" Roll",105.2082 Linear Feet,105.2082,0,0.05,14.1 inches,4,XIA,,,Print,Invoiced,Invoiced,2196132,5/8/2025,COCONNOR@FSCO.COM,,,,
F0007802-1,F0007802,1,Memos (F0007802),F. SCHUMACHER & CO - MEMOS,,,Circuit Memos,Circuit Memos - MS5012161 (Sky),"BNYNeuKaliss 60"" 315Y",BNY SUBSTRATES,PAPER,"60"" Roll",105.2082 Linear Feet,105.2082,0,0.04,14.1 inches,4,Bianca,300dpi,,Print,Invoiced,Invoiced,2473761,8/12/2025,COCONNOR@FSCO.COM,,,,
F0007803-1,F0007803,1,Memos (F0007803),F. SCHUMACHER & CO - MEMOS,,,Circuit Memos,Circuit Memos - MS5012162 (Stone),"BNYNeuKaliss 60"" 315Y",BNY SUBSTRATES,PAPER,"60"" Roll",105.2082 Linear Feet,105.2082,0,0.04,14.1 inches,4,Bianca,300dpi,,Print,Invoiced,Invoiced,2473768,8/12/2025,COCONNOR@FSCO.COM,,,,
F0007804-1,F0007804,1,Memos (F0007804),F. SCHUMACHER & CO - MEMOS,,,Saranda Flower  Memos,Saranda Flower  Memos - MS5012412 (Royal),"BNYNeuKaliss 60"" 315Y",BNY SUBSTRATES,PAPER,"60"" Roll",105.2082 Linear Feet,105.2082,0,0.05,14.1 inches,4,XIA,,,Print,Invoiced,Invoiced,2192181,5/7/2025,COCONNOR@FSCO.COM,,,,
F0007809-1,F0007809,1,Memos (F0007809),F. SCHUMACHER & CO - MEMOS,,,Bouquet Toss Memos,Bouquet Toss Memos - MS5013841 (AfternoonBlue),"BNYNeuKaliss 60"" 315Y",BNY SUBSTRATES,PAPER,"60"" Roll",105.2082 Linear Feet,105.2082,0,0.04,14.1 inches,4,Glow,4p,,Print,Invoiced,Invoiced,2468070,8/8/2025,COCONNOR@FSCO.COM,,,,
F0007813-1,F0007813,1,Memos (F0007813),F. SCHUMACHER & CO - MEMOS,,,Chinoiserie Vine Memos,Chinoiserie Vine Memos - MS5014350 (Cobalt),"BNYNeuKaliss 60"" 315Y",BNY SUBSTRATES,PAPER,"60"" Roll",105.2082 Linear Feet,105.2082,0,0.04,14.1 inches,4,Bianca,300dpi,,Print,Invoiced,Invoiced,2621414,9/24/2025,COCONNOR@FSCO.COM,,,,
F0008331-1,F0008331,1,Memos (F0008331),F. SCHUMACHER & CO - NEW GOODS,,,"Up, Up and Away! Memos","Up, Up and Away! Memos - MS5018130 (Grisaille)","BNYNeuKaliss 60"" 315Y",BNY SUBSTRATES,PAPER,"60"" Roll",210.4167 Linear Feet,210.4167,0,0.09,14.1 inches,4,Glow,4p,,Print,Invoiced,Invoiced,2499600,8/19/2025,COCONNOR@FSCO.COM,,,,
F0008333-1,F0008333,1,Memos (F0008333),F. SCHUMACHER & CO - NEW GOODS,,,Promenade 4 Panel Set Memos,Promenade 4 Panel Set Memos - MS5018121 (Grisaille),"BNYNeuKaliss 60"" 315Y",BNY SUBSTRATES,PAPER,"60"" Roll",21.0996 Linear Feet,21.0996,0,0.01,14.1 inches,4,Glow,4p,,Print,Invoiced,Invoiced,2499601,8/19/2025,COCONNOR@FSCO.COM,,,,
F0008349-1,F0008349,1,Memos (F0008349),F. SCHUMACHER & CO - NEW GOODS,,,"Up, Up and Away! Memos","Up, Up and Away! Memos - MS5018131 (Document)","BNYNeuKaliss 60"" 315Y",BNY SUBSTRATES,PAPER,"60"" Roll",210.4167 Linear Feet,210.4167,0,0.09,14.1 inches,4,Glow,4p,,Print,Invoiced,Invoiced,2512871,8/22/2025,COCONNOR@FSCO.COM,,,,
F0008603-1,F0008603,1,Memos (F0008603),F. SCHUMACHER & CO - NEW GOODS,,,Westerly Stripe Memos,Westerly Stripe Memos - MS5018164 (Marigold),"BNYNeuKaliss 60"" 315Y",BNY SUBSTRATES,PAPER,"60"" Roll",56.9331 Linear Feet,56.9331,0,0.03,6.1 inches,9,Trish,4p,,Print,Invoiced,Invoiced,2373727,7/9/2025,COCONNOR@FSCO.COM,,,,
F0008604-1,F0008604,1,Memos (F0008604),F. SCHUMACHER & CO - NEW GOODS,,,Westerly Stripe Memos,Westerly Stripe Memos - MS5018166 (Charcoal),"BNYNeuKaliss 60"" 315Y",BNY SUBSTRATES,PAPER,"60"" Roll",56.9333 Linear Feet,56.9333,0,0.03,6.1 inches,9,Nikki,Other,,Print,Invoiced,Invoiced,,7/11/2025,COCONNOR@FSCO.COM,,,,
F0008605-1,F0008605,1,Memos (F0008605),F. SCHUMACHER & CO - NEW GOODS,,,Westerly Stripe Memos,Westerly Stripe Memos - MS5018163 (Navy),"BNYNeuKaliss 60"" 315Y",BNY SUBSTRATES,PAPER,"60"" Roll",56.9333 Linear Feet,56.9333,0,0.03,6.1 inches,9,Nikki,Other,,Print,Invoiced,Invoiced,,7/11/2025,COCONNOR@FSCO.COM,,,,
F0008615-1,F0008615,1,Memos (F0008615),F. SCHUMACHER & CO - NEW GOODS,,,Westerly Stripe Memos,Westerly Stripe Memos - MS5018165 (Moss),"BNYNeuKaliss 60"" 315Y",BNY SUBSTRATES,PAPER,"60"" Roll",60 Linear Feet,60,0,0.03,6.1 inches,9,Trish,4p,,Print,Invoiced,Invoiced,2378996,7/11/2025,COCONNOR@FSCO.COM,,,,
F0008729-1,F0008729,1,Memos (F0008729),F. SCHUMACHER & CO - MEMOS,,,Edwin Stripe Wide Memos,Edwin Stripe Wide Memos - MS5011916 (Birch),"BNYNeuKaliss 60"" 315Y",BNY SUBSTRATES,PAPER,"60"" Roll",60.6 Linear Feet,60.6,0,0.03,8.1 inches,7,Dakota Kai,300dpi,,Print,Invoiced,Invoiced,2468019,8/8/2025,COCONNOR@FSCO.COM,,,,
F0008735-1,F0008735,1,Memos (F0008735),F. SCHUMACHER & CO - MEMOS,,,Aditi Memos,Aditi Memos - MS5011934 (Sage),"BNYNeuKaliss 60"" 315Y",BNY SUBSTRATES,PAPER,"60"" Roll",28.4667 Linear Feet,28.4667,0,0.01,6.1 inches,9,Dakota Kai,300dpi,,Print,Invoiced,Invoiced,2468060,8/8/2025,COCONNOR@FSCO.COM,,,,
F0008736-1,F0008736,1,Memos (F0008736),F. SCHUMACHER & CO - MEMOS,,,Beatriz Memos,Beatriz Memos - MS5011942 (Natural),"BNYNeuKaliss 60"" 315Y",BNY SUBSTRATES,PAPER,"60"" Roll",28.4667 Linear Feet,28.4667,0,0.01,6.1 inches,9,Chyna,300dpi,,Print,Invoiced,Invoiced,2381419,7/11/2025,COCONNOR@FSCO.COM,,,,
F0008738-1,F0008738,1,Memos (F0008738),F. SCHUMACHER & CO - MEMOS,,,White Lotus Memos,White Lotus Memos - MS5013664 (Soft Blue),"BNYNeuKaliss 60"" 315Y",BNY SUBSTRATES,PAPER,"60"" Roll",140.5584 Linear Feet,140.5584,0,0.06,17.1 inches,3,LASH,300dpi,,Print,Invoiced,Invoiced,2582613,9/12/2025,COCONNOR@FSCO.COM,,,,
F0008830-1,F0008830,1,Memos (F0008830),F. SCHUMACHER & CO - MEMOS,,,Weeping Pine Memos,Weeping Pine Memos - MS5008331 (Slate),"BNYNeuKaliss 60"" 315Y",BNY SUBSTRATES,PAPER,"60"" Roll",105.2082 Linear Feet,105.2082,0,0.04,14.1 inches,4,Glow,4p,,Print,Invoiced,Invoiced,2468064,8/8/2025,COCONNOR@FSCO.COM,,,,
F0008832-1,F0008832,1,Memos (F0008832),F. SCHUMACHER & CO - MEMOS,,,Indian Arbre Memos,Indian Arbre Memos - MS5010491 (Spring),"BNYNeuKaliss 60"" 315Y",BNY SUBSTRATES,PAPER,"60"" Roll",105.2082 Linear Feet,105.2082,0,0.11,14.1 inches,4,XIA,300dpi,,Print,Invoiced,Invoiced,2558079,9/5/2025,COCONNOR@FSCO.COM,,,,
F0008838-1,F0008838,1,Memos (F0008838),F. SCHUMACHER & CO - MEMOS,,,Willa Check Large Memos,Willa Check Large Memos - MS5012351 (Navy),"BNYNeuKaliss 60"" 315Y",BNY SUBSTRATES,PAPER,"60"" Roll",140.5584 Linear Feet,140.5584,0,0.06,17.1 inches,3,Glow,4p,,Print,Invoiced,Invoiced,2468067,8/8/2025,COCONNOR@FSCO.COM,,,,
F0008841-1,F0008841,1,Memos (F0008841),F. SCHUMACHER & CO - MEMOS,,,Sea Garden Memos,Sea Garden Memos - MS5013280 (Porcelain),"BNYNeuKaliss 60"" 315Y",BNY SUBSTRATES,PAPER,"60"" Roll",140.5584 Linear Feet,140.5584,0,0.15,17.1 inches,3,XIA,300dpi,,Print,Invoiced,Invoiced,2558082,9/5/2025,COCONNOR@FSCO.COM,,,,
F0008842-1,F0008842,1,Memos (F0008842),F. SCHUMACHER & CO - MEMOS,,,Lafayette Botanical Memos,Lafayette Botanical Memos - MS5013752 (RossoAntico),"BNYNeuKaliss 60"" 315Y",BNY SUBSTRATES,PAPER,"60"" Roll",105.2082 Linear Feet,105.2082,0,0.05,14.1 inches,4,Trish,4p,,Print,Invoiced,Invoiced,2394052,7/16/2025,COCONNOR@FSCO.COM,,,,
F0008848-1,F0008848,1,Memos (F0008848),F. SCHUMACHER & CO - MEMOS,,,Canopy Memos,Canopy Memos - MS5014831 (MultiBirds),"BNYNeuKaliss 60"" 315Y",BNY SUBSTRATES,PAPER,"60"" Roll",105.2082 Linear Feet,105.2082,0,0.05,14.1 inches,4,XIA,300dpi,,Print,Invoiced,Invoiced,2420012,7/24/2025,COCONNOR@FSCO.COM,,,,
F0008849-1,F0008849,1,Memos (F0008849),F. SCHUMACHER & CO - MEMOS,,,Tasmanian Mimosa Memos,Tasmanian Mimosa Memos - MS5015361 (Brown/Ivory),"BNYNeuKaliss 60"" 315Y",BNY SUBSTRATES,PAPER,"60"" Roll",105.2082 Linear Feet,105.2082,0,0.11,14.1 inches,4,Dakota Kai,300dpi,,Print,Invoiced,Invoiced,2558080,9/5/2025,COCONNOR@FSCO.COM,,,,
F0008850-1,F0008850,1,Memos (F0008850),F. SCHUMACHER & CO - MEMOS,,,Tasmanian Mimosa Memos,Tasmanian Mimosa Memos - MS5015362 (Ivory/Green),"BNYNeuKaliss 60"" 315Y",BNY SUBSTRATES,PAPER,"60"" Roll",105.2082 Linear Feet,105.2082,0,0.11,14.1 inches,4,Dakota Kai,300dpi,,Print,Invoiced,Invoiced,2558081,9/5/2025,COCONNOR@FSCO.COM,,,,
F0009204-1,F0009204,1,Memos (F0009204),F. SCHUMACHER & CO - MEMOS,,,Edwin Stripe Narrow Memos,Edwin Stripe Narrow Memos - MS5013602 (Eucalyptus),"BNYNeuKaliss 60"" 315Y",BNY SUBSTRATES,PAPER,"60"" Roll",28.4667 Linear Feet,28.4667,0,0.01,6.1 inches,9,Nikki,Other,,Print,Invoiced,Invoiced,,7/11/2025,COCONNOR@FSCO.COM,,,,
F0009209-1,F0009209,1,Memos (F0009209),F. SCHUMACHER & CO - MEMOS,,,Edwin Stripe Medium Memos,Edwin Stripe Medium Memos - MS5011894 (Blush),"BNYNeuKaliss 60"" 315Y",BNY SUBSTRATES,PAPER,"60"" Roll",15.2418 Linear Feet,15.2418,0,0.01,8.1 inches,7,Dakota Kai,300dpi,,Print,Invoiced,Invoiced,2468065,8/8/2025,COCONNOR@FSCO.COM,,,,
F0009210-1,F0009210,1,Memos (F0009210),F. SCHUMACHER & CO - MEMOS,,,Edwin Stripe Medium Memos,Edwin Stripe Medium Memos - MS5011880 (Sky),"BNYNeuKaliss 60"" 315Y",BNY SUBSTRATES,PAPER,"60"" Roll",60.6 Linear Feet,60.6,0,0.03,8.1 inches,7,Dakota Kai,300dpi,,Print,Invoiced,Invoiced,2468071,8/8/2025,COCONNOR@FSCO.COM,,,,
F0009211-1,F0009211,1,Memos (F0009211),F. SCHUMACHER & CO - MEMOS,,,Edwin Stripe Medium Memos,Edwin Stripe Medium Memos - MS5011898 (Linen),"BNYNeuKaliss 60"" 315Y",BNY SUBSTRATES,PAPER,"60"" Roll",60.6 Linear Feet,60.6,0,0.03,8.1 inches,7,Dakota Kai,300dpi,,Print,Invoiced,Invoiced,2468072,8/8/2025,COCONNOR@FSCO.COM,,,,
F0009213-1,F0009213,1,Memos (F0009213),F. SCHUMACHER & CO - MEMOS,,,Sina Stripe Eng. Memos,Sina Stripe Eng. Memos - MS5012120 (Green),"BNYNeuKaliss 60"" 315Y",BNY SUBSTRATES,PAPER,"60"" Roll",60.6 Linear Feet,60.6,0,0.03,8.1 inches,7,Trish,4p,,Print,Invoiced,Invoiced,2373730,7/9/2025,COCONNOR@FSCO.COM,,,,
F0009391-1,F0009391,1,Memos (F0009391),F. SCHUMACHER & CO. PARAMOUNT HANDPRINTS,,,Palazzo 4 Panel Set Memos,Palazzo 4 Panel Set Memos - MS5018110-BNY (Antique Blue),"BNYNeuKaliss 60"" 315Y",BNY SUBSTRATES,PAPER,"60"" Roll",65.6253 Linear Feet,65.6253,0,0.03,5.4 inches,11,Trish,4p,,Print,Invoiced,Invoiced,2387193,7/15/2025,COCONNOR@FSCO.COM,,,,
F0009541-1,F0009541,1,Memos (F0006467) (F0009541),F. SCHUMACHER & CO - NEW GOODS,,,Nocturnum Memos,Nocturnum Memos - MS5017571 (Indigo & Ochre),"BNYNeuKaliss 60"" 315Y",BNY SUBSTRATES,PAPER,"60"" Roll",15 Linear Feet,15,0,0.01,14.1 inches,4,Dakota Kai,300dpi,,Print,Invoiced,Invoiced,2402640,7/18/2025,COCONNOR@FSCO.COM,,,,
F0010215-1,F0010215,1,Memos (F0010215),F. SCHUMACHER & CO - MEMOS,,,Edwin Stripe Narrow Memos,Edwin Stripe Narrow Memos - MS5013601 (Straw),"BNYNeuKaliss 60"" 315Y",BNY SUBSTRATES,PAPER,"60"" Roll",28.4667 Linear Feet,28.4667,0,0.01,6.1 inches,9,Trish,4p,,Print,Invoiced,Invoiced,2489795,8/15/2025,COCONNOR@FSCO.COM,,,,
F0011336-1,F0011336,1,Memos (F0011336),F. SCHUMACHER & CO - NEW GOODS,,,White Lotus Memos,White Lotus Memos - MS5013666 (Cool Green),"BNYNeuKaliss 60"" 315Y",BNY SUBSTRATES,PAPER,"60"" Roll",281.1165 Linear Feet,281.1165,0,0.3,17.1 inches,3,Trish,4p,,Print,Invoiced,Invoiced,2722883,10/23/2025,COCONNOR@FSCO.COM,,,,
F0008301-1,F0008301,1,Engineered Wings (F0008301),F. SCHUMACHER & CO - NEW GOODS,,,"Promenade 4 Panel Set Eng. Wings 60""","Promenade 4 Panel Set Eng. Wings 60"" - ENG5018120W-60 (Multi Vert (Document/Grisaille))","BNYNeuKaliss 60"" 315Y",BNY SUBSTRATES,PAPER,"60"" Roll",30 Linear Feet,30,0,0.01,48 inches,1,Glow,4p,,Print,Invoiced,Invoiced,2512199,8/22/2025,XIACHEN,,,1.5,
F0010875-1,F0010875,1,Custom MTO (F0010875),F. SCHUMACHER & CO. CUSTOM MTO,,,Custom The Aviary SKO,Custom The Aviary SKO - SKO850231 (Red),"BNYNeuKaliss 60"" 315Y",BNY SUBSTRATES,PAPER,"60"" Roll",2.5 Linear Feet,2.5,0,0,36 inches,1,Nikki,Other,,Print,Invoiced,Invoiced,,10/1/2025,PKEEFER@FSCO.COM,,,1,
F0011347-1,F0011347,1,Custom MTO (F0011347),F. SCHUMACHER & CO. CUSTOM MTO,,,Custom Joshua Tree SKO,Custom Joshua Tree SKO - SKO850244 (Mineral),"BNYNeuKaliss 60"" 315Y",BNY SUBSTRATES,PAPER,"60"" Roll",2.4999 Linear Feet,2.4999,0,0,36 inches,1,LASH,300dpi,,Print,Invoiced,Invoiced,2710295,10/21/2025,SARAH,,,1,
F0011348-1,F0011348,1,Custom MTO (F0011348),F. SCHUMACHER & CO. CUSTOM MTO,,,Custom Burnett SKO,Custom Burnett SKO - SKO850245 (Pantone 4241C),"BNYNeuKaliss 60"" 315Y",BNY SUBSTRATES,PAPER,"60"" Roll",2.4999 Linear Feet,2.4999,0,0,36 inches,1,Bianca,300dpi,,Print,Invoiced,Invoiced,2723134,10/23/2025,PKEEFER@FSCO.COM,,,1,
F0011389-1,F0011389,1,MTO (F0011389),F. SCHUMACHER & CO. CUSTOM MTO,,,Custom Alex's Floral SKO,Custom Alex's Floral SKO - SKO850247 (Mist Blue),"BNYNeuKaliss 60"" 315Y",BNY SUBSTRATES,PAPER,"60"" Roll",2.4999 Linear Feet,2.4999,0,0,36 inches,1,Bianca,300dpi,,Print,Invoiced,Invoiced,2713845,10/21/2025,PKEEFER@FSCO.COM,,,1,
F0005751-1,F0005751,1,TEST (F0005751),F. Schumacher Test Company,,,1975,1975 - 5013670 (Graphite),"BNYNeuKaliss 60"" 315Y",BNY SUBSTRATES,PAPER,"60"" Roll",300.4167 Linear Feet,300.4167,0,0.13,28.5 inches,2,Sasha,4p,,Print,,Canceled,,1/3/2025,COCONNOR@FSCO.COM,,,,
F0005822-1,F0005822,1,PD doing an inventory test,F. Schumacher Test Company,,,Montego,Montego - SLW-001 (FrenchBlue),"BNYNeuKaliss 60"" 315Y",BNY SUBSTRATES,PAPER,"60"" Roll",15 Linear Feet,15,0,0.01,27 inches,2,Bianca,300dpi,,Print,,Canceled,1916707,1/9/2025,LIFTADMIN,,,,
F0005872-1,F0005872,1,MTO (F0005872),F. SCHUMACHER & CO - MTO,,,Edwin Stripe Narrow,Edwin Stripe Narrow - 5013603 (DarkGreen),"BNYNeuKaliss 60"" 315Y",BNY SUBSTRATES,PAPER,"60"" Roll",1350.625 Linear Feet,1350.625,0,0.58,30 inches,2,Bianca,,,Print,,Canceled,1931227,1/17/2025,COCONNOR@FSCO.COM,,,,
F0005927-1,F0005927,1,TEST (F0005927),F. Schumacher Test Company,,,1975,1975 - 5013670 (Graphite),"BNYNeuKaliss 60"" 315Y",BNY SUBSTRATES,PAPER,"60"" Roll",300.4167 Linear Feet,300.4167,0,0.13,30 inches,2,Sasha,4p,,Print,,Canceled,1929871,1/16/2025,COCONNOR@FSCO.COM,,,,
F0005928-1,F0005928,1,TEST (F0005927) (F0005928),F. Schumacher Test Company,,,1975,1975 - 5013670 (Graphite),"BNYNeuKaliss 60"" 315Y",BNY SUBSTRATES,PAPER,"60"" Roll",33 Linear Feet,33,0,0.01,30 inches,2,Sasha,4p,,Print,,Canceled,,1/16/2025,COCONNOR@FSCO.COM,,,,
F0006154-1,F0006154,1,Custom MTO (F0006154),F. SCHUMACHER & CO. CUSTOM MTO,,,Citrus Blossom 2 Panel Set,Citrus Blossom 2 Panel Set - 5017162 (Sky),"BNYNeuKaliss 60"" 315Y",BNY SUBSTRATES,PAPER,"60"" Roll",746.4 Linear Feet,746.4,0,0.32,36 inches,1,Sasha,4p,,Print,,Canceled,,1/30/2025,COCONNOR@FSCO.COM,,,,
F0007568-1,F0007568,1,Regular (F0007568),F. SCHUMACHER & CO - HUB,,,Marigold,Marigold  - 5012070 (Pink),"BNYNeuKaliss 60"" 315Y",BNY SUBSTRATES,PAPER,"60"" Roll",16.743 Linear Feet,16.743,0,0.02,30 inches,2,Glow,4p,,Print,In Progress,In Progress,2729320,10/25/2025,BLAWLOR@FSCO.COM,,,10,
F0007866-1,F0007866,1,Regular (F0007866),F. SCHUMACHER & CO - HUB,,,Woodperry,Woodperry - 5008793 (Celadon),"BNYNeuKaliss 60"" 315Y",BNY SUBSTRATES,PAPER,"60"" Roll",870 Linear Feet,870,0,0.94,60 inches,1,Sasha,4p,,Print,In Progress,In Progress,2728209,10/24/2025,COCONNOR@FSCO.COM,,,10,
F0007875-1,F0007875,1,Regular (F0007875),F. SCHUMACHER & CO - HUB,,,Bouquet Toss,Bouquet Toss - 5013842 (Toast),"BNYNeuKaliss 60"" 315Y",BNY SUBSTRATES,PAPER,"60"" Roll",26.976 Linear Feet,26.976,0,0.03,60 inches,1,Sasha,4p,,Print,In Progress,In Progress,2728212,10/24/2025,COCONNOR@FSCO.COM,,,10,
F0007889-1,F0007889,1,Regular (F0007889),F. SCHUMACHER & CO - HUB,,,Minerva Plaid,Minerva Plaid - 5012372 (Pink),"BNYNeuKaliss 60"" 315Y",BNY SUBSTRATES,PAPER,"60"" Roll",150 Linear Feet,150,0,0.16,30 inches,2,Trish,4p,,Print,In Progress,In Progress,2728370,10/24/2025,COCONNOR@FSCO.COM,,,10,
F0008006-1,F0008006,1,Regular (F0008006),F. SCHUMACHER & CO - HUB,,,Sina Stripe,Sina Stripe  - 5012122 (Blue),"BNYNeuKaliss 60"" 315Y",BNY SUBSTRATES,PAPER,"60"" Roll",300 Linear Feet,300,0,0.32,30 inches,2,Trish,4p,,Print,In Progress,In Progress,2728372,10/24/2025,COCONNOR@FSCO.COM,,,10,
F0008194-1,F0008194,1,Regular (F0008194),F. SCHUMACHER & CO - HUB,,,Ashford,Ashford  - 5013181 (Cornflower&Lilac),"BNYNeuKaliss 60"" 315Y",BNY SUBSTRATES,PAPER,"60"" Roll",61.743 Linear Feet,61.743,0,0.07,60 inches,1,Trish,4p,,Print,In Progress,In Progress,2729318,10/25/2025,BLAWLOR@FSCO.COM,,,10,
F0008201-1,F0008201,1,Regular (F0008201),F. SCHUMACHER & CO - HUB,,,Sina Stripe,Sina Stripe  - 5012121 (Sand),"BNYNeuKaliss 60"" 315Y",BNY SUBSTRATES,PAPER,"60"" Roll",300 Linear Feet,300,0,0.32,30 inches,2,Trish,4p,,Print,In Progress,In Progress,2728373,10/24/2025,COCONNOR@FSCO.COM,,,10,
F0008300-1,F0008300,1,TEST JM,F. Schumacher Test Company,,,1975,1975 - 5013670 (Graphite),"BNYNeuKaliss 60"" 315Y",BNY SUBSTRATES,PAPER,"60"" Roll",18 Linear Feet,18,0,-0.01,30 inches,2,Glow,,,Print,,Canceled,2224183,5/16/2025,JMCDONOUGH2011@GMAIL.COM,,,,
F0008684-1,F0008684,1,Regular (F0008684),F. SCHUMACHER & CO - HUB,,,Azulejos,Azulejos - 5015122 (Pink),"BNYNeuKaliss 60"" 315Y",BNY SUBSTRATES,PAPER,"60"" Roll",83.976 Linear Feet,83.976,0,0.09,30 inches,2,Trish,4p,,Print,In Progress,In Progress,2728375,10/24/2025,COCONNOR@FSCO.COM,,,10,
F0008708-1,F0008708,1,Regular (F0008708),F. SCHUMACHER & CO - HUB,,,Filigree,Filigree - 5009702 (Stone),"BNYNeuKaliss 60"" 315Y",BNY SUBSTRATES,PAPER,"60"" Roll",16.743 Linear Feet,16.743,0,0.02,60 inches,1,Trish,4p,,Print,In Progress,In Progress,2729317,10/25/2025,BLAWLOR@FSCO.COM,,,10,
F0009589-1,F0009589,1,Panel (F0009589),F. SCHUMACHER & CO - HUB,,,Chinois Palais Panel,Chinois Palais Panel - 5007123 (Aquamarine),"BNYNeuKaliss 60"" 315Y",BNY SUBSTRATES,PAPER,"60"" Roll",140.976 Linear Feet,140.976,0,0.15,60 inches,1,Glow,4p,,Print,In Progress,In Progress,2726794,10/24/2025,COCONNOR@FSCO.COM,,,4,
F0010065-1,F0010065,1,MTO (F0010065),F. SCHUMACHER & CO - MTO,,,Edwin Stripe Narrow,Edwin Stripe Narrow - 5011876 (Birch),"BNYNeuKaliss 60"" 315Y",BNY SUBSTRATES,PAPER,"60"" Roll",333 Linear Feet,333,0,0.14,30 inches,2,Glow,4p,,Print,Ready to Ship,Ready to Ship,2454120,8/5/2025,COCONNOR@FSCO.COM,,,10,
F0010332-1,F0010332,1,test (F0010332),F. Schumacher Test Company,,,1975,1975 - 5013670 (Graphite),"BNYNeuKaliss 60"" 315Y",BNY SUBSTRATES,PAPER,"60"" Roll",30 Linear Feet,30,0,0.01,30 inches,2,Nikki,Other,,Print,,Canceled,,8/7/2025,JMCDONOUGH2011@GMAIL.COM,,,10,
F0010546-1,F0010546,1,Panel (F0010546),F. SCHUMACHER & CO - HUB,,,Chinois Palais Panel,Chinois Palais Panel - 5007125 (Grisaille),"BNYNeuKaliss 60"" 315Y",BNY SUBSTRATES,PAPER,"60"" Roll",51.3414 Linear Feet,51.3414,0,0.06,60 inches,1,Glow,4p,,Print,In Packing,In Packing,2720580,10/23/2025,XIACHEN,,,4,
F0010846-1,F0010846,1,Panel (F0010846),F. SCHUMACHER & CO - HUB,,,Bisou Panel Set,Bisou Panel Set - 5010933 (Blush),"BNYNeuKaliss 60"" 315Y",BNY SUBSTRATES,PAPER,"60"" Roll",120.3174 Linear Feet,120.3174,0,0.13,60 inches,1,Sasha,4p,,Print,In Progress,In Progress,2725311,10/24/2025,XIACHEN,,,12,
F0010922-1,F0010922,1,TEST (F0010922),F. Schumacher Test Company,,,1975,1975 - 5013670 (Graphite),"BNYNeuKaliss 60"" 315Y",BNY SUBSTRATES,PAPER,"60"" Roll",2.4999 Linear Feet,2.4999,0,0,36 inches,1,Brie,Other,,Print,,Canceled,,9/11/2025,JMCDONOUGH2011@GMAIL.COM,,,10,
F0011337-1,F0011337,1,Memos (F0011337),F. SCHUMACHER & CO - NEW GOODS,,,White Lotus Memos,White Lotus Memos - MS5013668 (Light Yellow),"BNYNeuKaliss 60"" 315Y",BNY SUBSTRATES,PAPER,"60"" Roll",281.1165 Linear Feet,281.1165,0,0.3,17.1 inches,3,Trish,4p,,Print,In Progress,In Progress,2728376,10/24/2025,COCONNOR@FSCO.COM,,,,
F0011339-1,F0011339,1,Memos (F0011339),F. SCHUMACHER & CO - NEW GOODS,,,White Lotus Memos,White Lotus Memos - MS5013667 (Cool Gray),"BNYNeuKaliss 60"" 315Y",BNY SUBSTRATES,PAPER,"60"" Roll",281.1165 Linear Feet,281.1165,0,0.3,17.1 inches,3,Trish,4p,,Print,In Progress,In Progress,2728377,10/24/2025,COCONNOR@FSCO.COM,,,,
F0011363-1,F0011363,1,Regular (F0011363),F. SCHUMACHER & CO - NEW GOODS,,,White Lotus,White Lotus - 5013667 (Cool Gray),"BNYNeuKaliss 60"" 315Y",BNY SUBSTRATES,PAPER,"60"" Roll",450 Linear Feet,450,0,0.48,30 inches,2,Trish,4p,,Print,In Packing,In Packing,2726784,10/24/2025,COCONNOR@FSCO.COM,,,10,
F0011397-1,F0011397,1,Regular (F0011397),F. SCHUMACHER & CO - NEW GOODS,,,White Lotus,White Lotus - 5013668 (Light Yellow),"BNYNeuKaliss 60"" 315Y",BNY SUBSTRATES,PAPER,"60"" Roll",102.3174 Linear Feet,102.3174,0,0.11,30 inches,2,Trish,4p,,Print,In Packing,In Packing,2725391,10/24/2025,SARAH,,,10,
F0011419-1,F0011419,1,Regular (F0011419),F. SCHUMACHER & CO - NEW GOODS,,,White Lotus,White Lotus - 5013666 (Cool Green),"BNYNeuKaliss 60"" 315Y",BNY SUBSTRATES,PAPER,"60"" Roll",75.3174 Linear Feet,75.3174,0,0.08,30 inches,2,Trish,4p,,Print,In Packing,In Packing,2723383,10/23/2025,SHELBY,,,10,
F0011420-1,F0011420,1,Regular (F0011420),F. SCHUMACHER & CO - NEW GOODS,,,White Lotus,White Lotus - 5013667 (Cool Gray),"BNYNeuKaliss 60"" 315Y",BNY SUBSTRATES,PAPER,"60"" Roll",6.3414 Linear Feet,6.3414,0,0.01,30 inches,2,Trish,4p,,Print,In Packing,In Packing,2726786,10/24/2025,COCONNOR@FSCO.COM,,,10,
F0011422-1,F0011422,1,Regular (F0011422),F. SCHUMACHER & CO - NEW GOODS,,,White Lotus,White Lotus - 5013668 (Light Yellow),"BNYNeuKaliss 60"" 315Y",BNY SUBSTRATES,PAPER,"60"" Roll",450 Linear Feet,450,0,0.48,30 inches,2,Trish,4p,,Print,In Packing,In Packing,2725392,10/24/2025,SARAH,,,10,
F0011429-1,F0011429,1,Regular (F0011429),F. SCHUMACHER & CO - NEW GOODS,,,White Lotus,White Lotus - 5013666 (Cool Green),"BNYNeuKaliss 60"" 315Y",BNY SUBSTRATES,PAPER,"60"" Roll",450 Linear Feet,450,0,0.48,30 inches,2,Trish,4p,,Print,In Packing,In Packing,2723384,10/23/2025,SHELBY,,,10,
F0011463-1,F0011463,1,MTO (F0011463),F. SCHUMACHER & CO - MTO,,,Edwin Stripe Medium,Edwin Stripe Medium - 5013612 (Mocha),"BNYNeuKaliss 60"" 315Y",BNY SUBSTRATES,PAPER,"60"" Roll",33 Linear Feet,33,0,0.01,30 inches,2,Dakota Kai,300dpi,,Print,,Canceled,2673602,10/9/2025,JOE,,,10,
F0011541-1,F0011541,1,Panel (F0011541),F. SCHUMACHER & CO - HUB,,,Chinois Palais Panel,Chinois Palais Panel - 5007122 (Neutral),"BNYNeuKaliss 60"" 315Y",BNY SUBSTRATES,PAPER,"60"" Roll",485.976 Linear Feet,485.976,0,0.52,60 inches,1,Glow,4p,,Print,In Progress,In Progress,2726798,10/24/2025,COCONNOR@FSCO.COM,,,4,
F0011665-1,F0011665,1,TEST (F0011665),F. Schumacher Test Company,,,1975,1975 - 5013670 (Graphite),"BNYNeuKaliss 60"" 315Y",BNY SUBSTRATES,PAPER,"60"" Roll",15 Linear Feet,15,0,0.02,30 inches,2,Glow,4p,,Print,In Progress,In Progress,2683507,10/13/2025,JMCDONOUGH2011@GMAIL.COM,,,10,
F0011722-1,F0011722,1,MTO (F0011722),F. SCHUMACHER & CO - MTO,,,Loudon Rose,Loudon Rose  - 5012031 (Blush),"BNYNeuKaliss 60"" 315Y",BNY SUBSTRATES,PAPER,"60"" Roll",48.024 Linear Feet,48.024,0,0.05,60 inches,1,Bianca,300dpi,,Print,In Progress,In Progress,2728208,10/24/2025,COCONNOR@FSCO.COM,,,10,
F0011916-1,F0011916,1,MTO (F0011916),F. SCHUMACHER & CO - MTO,,,Woodperry,Woodperry - 5008793 (Celadon),"BNYNeuKaliss 60"" 315Y",BNY SUBSTRATES,PAPER,"60"" Roll",51.024 Linear Feet,51.024,0,0.05,60 inches,1,Sasha,4p,,Print,In Progress,In Progress,2728213,10/24/2025,COCONNOR@FSCO.COM,,,10,
F0005147-2,F0005147,2,Custom MTO (F0005147)/S04274,F. SCHUMACHER & CO. CUSTOM MTO,,,Custom Brighton Pavilion Panel SKO,Custom Brighton Pavilion Panel SKO - 850001BRIGHTON (Green),"BNYNeuKaliss 60"" 315Y",BNY SUBSTRATES,PAPER,"60"" Roll",3 Linear Feet,3,0,0,60 inches,1,Bianca,,,Print,Invoiced,Invoiced,,1/21/2025,COCONNOR@FSCO.COM,,,,
F0005822-2,F0005822,2,PD doing an inventory test,F. Schumacher Test Company,,,Montego,Montego - SLW-002 (Grass),"BNYNeuKaliss 60"" 315Y",BNY SUBSTRATES,PAPER,"60"" Roll",15 Linear Feet,15,0,0.01,54.5 inches,1,Bianca,300dpi,,Print,,Canceled,1916708,1/9/2025,LIFTADMIN,,,,
F0005822-3,F0005822,3,PD doing an inventory test,F. Schumacher Test Company,,,Montego,Montego - SLW-003 (Natural),"BNYNeuKaliss 60"" 315Y",BNY SUBSTRATES,PAPER,"60"" Roll",15 Linear Feet,15,0,0.01,60 inches,1,Bianca,300dpi,,Print,,Canceled,1916717,1/9/2025,LIFTADMIN,,,,
F0006097-2,F0006097,2,MTO (F0006097),F. SCHUMACHER & CO - MTO,,,Shell Grotto Panel,Shell Grotto Panel - 5015165 (Seafoam),"BNYNeuKaliss 60"" 315Y",BNY SUBSTRATES,PAPER,"60"" Roll",159.9999 Linear Feet,159.9999,0,0.07,36 inches,1,Bianca,,,Print,Invoiced,Invoiced,1957826,1/31/2025,COCONNOR@FSCO.COM,,,,
F0006417-3,F0006417,3,CONTRACT WALLPAPER (F0006417),Serena & Lily,,,Windermere Wallpaper (Coastal),Windermere Wallpaper SLW-WIN-COA (Coastal),"BNYNeuKaliss 60"" 315Y",BNY SUBSTRATES,PAPER,"60"" Roll",264.7749 Linear Feet,264.7749,0,0.11,30 inches,2,Glow,4p,,Print,Invoiced,Invoiced,2421363,7/25/2025,BLAWLOR@FSCO.COM,,,,
F0006759-2,F0006759,2,Regular (F0006759),F. SCHUMACHER & CO - NEW GOODS,,,Edwin Stripe Medium,Edwin Stripe Medium - 5017640 (Sage),"BNYNeuKaliss 60"" 315Y",BNY SUBSTRATES,PAPER,"60"" Roll",90 Linear Feet,90,0,0.04,30 inches,2,Sasha,4p,,Print,Invoiced,Invoiced,2594465,9/17/2025,XIACHEN,,,10,
F0006779-2,F0006779,2,Memos (F0006779),F. SCHUMACHER & CO - NEW GOODS,,,Edwin Stripe Medium Memos,Edwin Stripe Medium Memos - MS5017640 (Sage),"BNYNeuKaliss 60"" 315Y",BNY SUBSTRATES,PAPER,"60"" Roll",120.3582 Linear Feet,120.3582,0,0.05,8.1 inches,7,Sasha,4p,,Print,Invoiced,Invoiced,2594469,9/17/2025,XIACHEN,,,,
F0007071-2,F0007071,2,Custom MTO (F0007071),F. SCHUMACHER & CO. CUSTOM MTO,,,Custom Shell Grotto Panel B,Custom Shell Grotto Panel B - 850098 (Coral),"BNYNeuKaliss 60"" 315Y",BNY SUBSTRATES,PAPER,"60"" Roll",108 Linear Feet,108,0,0.05,60 inches,1,Bianca,,,Print,Invoiced,Invoiced,2104867,4/6/2025,COCONNOR@FSCO.COM,,,,
F0007457-2,F0007457,2,Regular (F0007457),F. SCHUMACHER & CO - HUB,,,Villandry Damask,Villandry Damask  - 5011750 (Blue),"BNYNeuKaliss 60"" 315Y",BNY SUBSTRATES,PAPER,"60"" Roll",77.01 Linear Feet,77.01,0,0.03,30 inches,2,Trish,4p,,Print,Invoiced,Invoiced,2576686,9/11/2025,BLAWLOR@FSCO.COM,,,10,
F0007819-2,F0007819,2,Memos (F0007819),F. SCHUMACHER & CO - MEMOS,,,Wabi-Sabi Memos,Wabi-Sabi Memos - MS5014591 (Moss),"BNYNeuKaliss 60"" 315Y",BNY SUBSTRATES,PAPER,"60"" Roll",60.6 Linear Feet,60.6,0,0.03,8.1 inches,7,Chyna,300dpi,,Print,Invoiced,Invoiced,2530355,8/28/2025,SREMSON@PARAMOUNTPRINTS.COM,,,,
F0007822-2,F0007822,2,Memos (F0007822),F. SCHUMACHER & CO - MEMOS,,,Marwari Horse Memos,Marwari Horse Memos - MS5011130 (Navy),"BNYNeuKaliss 60"" 315Y",BNY SUBSTRATES,PAPER,"60"" Roll",128.1687 Linear Feet,128.1687,0,0.05,17.1 inches,3,Chyna,300dpi,,Print,Invoiced,Invoiced,2552196,9/4/2025,COCONNOR@FSCO.COM,,,,
F0008732-2,F0008732,2,Memos (F0008732),F. SCHUMACHER & CO - MEMOS,,,Belvedere Memos,Belvedere Memos - MS5007997 (Sky),"BNYNeuKaliss 60"" 315Y",BNY SUBSTRATES,PAPER,"60"" Roll",28.4667 Linear Feet,28.4667,0,0.01,6.1 inches,9,Nikki,Other,,Print,Invoiced,Invoiced,,7/11/2025,COCONNOR@FSCO.COM,,,,
F0008854-2,F0008854,2,Memos (F0008854),F. SCHUMACHER & CO - MEMOS,,,Brighton Pavilion Memos,Brighton Pavilion Memos - MS5007744 (Blue),"BNYNeuKaliss 60"" 315Y",BNY SUBSTRATES,PAPER,"60"" Roll",105.2082 Linear Feet,105.2082,0,0.05,14.1 inches,4,XIA,300dpi,,Print,Invoiced,Invoiced,2422116,7/25/2025,XIACHEN,,,,
F0009203-2,F0009203,2,Memos (F0009203),F. SCHUMACHER & CO - MEMOS,,,Folly Memos,Folly Memos - MS5008002 (Straw),"BNYNeuKaliss 60"" 315Y",BNY SUBSTRATES,PAPER,"60"" Roll",9.6354 Linear Feet,9.6354,0,0,6.1 inches,9,Trish,4p,,Print,Invoiced,Invoiced,2550044,9/4/2025,SREMSON@PARAMOUNTPRINTS.COM,,,,
F0009304-2,F0009304,2,MTO (F0009304),F. SCHUMACHER & CO - MTO,,,Shell Grotto Panel,Shell Grotto Panel - 5015163 (Sand),"BNYNeuKaliss 60"" 315Y",BNY SUBSTRATES,PAPER,"60"" Roll",72 Linear Feet,72,0,0.03,60 inches,1,XIA,300dpi,,Print,Invoiced,Invoiced,2460404,8/7/2025,SHELBY,,,4,
F0009386-2,F0009386,2,Custom MTO (F0009386),F. SCHUMACHER & CO. CUSTOM MTO,,,Custom Dahlia Hand Blocked Print SKO,Custom Dahlia Hand Blocked Print SKO - SKO850193 (White),"BNYNeuKaliss 60"" 315Y",BNY SUBSTRATES,PAPER,"60"" Roll",2.5 Linear Feet,2.5,0,0,36 inches,1,Nikki,Other,,Print,Invoiced,Invoiced,,7/28/2025,PKEEFER@FSCO.COM,,,,
F0009417-2,F0009417,2,Custom MTO (F0009417),F. SCHUMACHER & CO. CUSTOM MTO,,,Custom Olive SKO,Custom Olive SKO - SKO850195 (Option B),"BNYNeuKaliss 60"" 315Y",BNY SUBSTRATES,PAPER,"60"" Roll",2.4999 Linear Feet,2.4999,0,0,36 inches,1,EMBER,300dpi,,Print,Invoiced,Invoiced,2412568,7/23/2025,SARAH,,,,
F0009427-2,F0009427,2,MTO (F0009427),F. SCHUMACHER & CO - MTO,,,Edwin Stripe Narrow,Edwin Stripe Narrow - 5013603 (DarkGreen),"BNYNeuKaliss 60"" 315Y",BNY SUBSTRATES,PAPER,"60"" Roll",30 Linear Feet,30,0,0.01,30 inches,2,Nikki,Other,,Print,Invoiced,Invoiced,,7/31/2025,PKEEFER@FSCO.COM,,,10,
F0009841-2,F0009841,2,MTO (F0009841),F. SCHUMACHER & CO - MTO,,,Edwin Stripe Wide,Edwin Stripe Wide - 5011917 (Naturelle),"BNYNeuKaliss 60"" 315Y",BNY SUBSTRATES,PAPER,"60"" Roll",33 Linear Feet,33,0,0.01,30 inches,2,Bianca,300dpi,,Print,Invoiced,Invoiced,2434427,7/30/2025,COCONNOR@FSCO.COM,,,10,
F0009896-2,F0009896,2,MTO (F0009896),F. SCHUMACHER & CO - MTO,,,Edwin Stripe Narrow,Edwin Stripe Narrow - 5011868 (Citron),"BNYNeuKaliss 60"" 315Y",BNY SUBSTRATES,PAPER,"60"" Roll",93 Linear Feet,93,0,0.04,30 inches,2,XIA,300dpi,,Print,Invoiced,Invoiced,2532878,8/28/2025,JEANNE,,,10,
F0010016-2,F0010016,2,Custom MTO (F0010016),F. SCHUMACHER & CO. CUSTOM MTO,,,Custom Forest Hills Panel Set Inverted Design,Custom Forest Hills Panel Set Inverted Design - 850067 (Sky),"BNYNeuKaliss 60"" 315Y",BNY SUBSTRATES,PAPER,"60"" Roll",105.9999 Linear Feet,105.9999,0,0.05,60 inches,1,Bianca,300dpi,,Print,Invoiced,Invoiced,2485212,8/14/2025,BLAWLOR@FSCO.COM,,,11.78,
F0010073-2,F0010073,2,MTO (F0010073),F. SCHUMACHER & CO - MTO,,,Les Oiseaux Art Panel,Les Oiseaux Art Panel - ART50151512 (Ivory),"BNYNeuKaliss 60"" 315Y",BNY SUBSTRATES,PAPER,"60"" Roll",78.54 Linear Feet,78.54,0,0.03,60 inches,1,Dakota Kai,300dpi,,Print,Invoiced,Invoiced,2463199,8/7/2025,BLAWLOR@FSCO.COM,,,2.38,
F0010509-2,F0010509,2,Custom MTO (F0010509),F. SCHUMACHER & CO. CUSTOM MTO,,,"Custom Les Oiseaux Panel Set 72"" H","Custom Les Oiseaux Panel Set 72"" H - 850201 (Apple Green)","BNYNeuKaliss 60"" 315Y",BNY SUBSTRATES,PAPER,"60"" Roll",90 Linear Feet,90,0,0.04,60 inches,1,Bianca,300dpi,,Print,Invoiced,Invoiced,2589295,9/16/2025,SARAH,,,6,
F0010696-2,F0010696,2,MTO (F0010696),F. SCHUMACHER & CO - MTO,,,Shell Grotto Panel,Shell Grotto Panel - 5015164 (Seafoam),"BNYNeuKaliss 60"" 315Y",BNY SUBSTRATES,PAPER,"60"" Roll",24 Linear Feet,24,0,0.03,60 inches,1,Dakota Kai,300dpi,,Print,Invoiced,Invoiced,2590052,9/16/2025,JOE,,,4,
F0010719-2,F0010719,2,MTO (F0010719),F. SCHUMACHER & CO - MTO,,,Swedish Manor Panel,Swedish Manor Panel - 5015170 (White),"BNYNeuKaliss 60"" 315Y",BNY SUBSTRATES,PAPER,"60"" Roll",108 Linear Feet,108,0,0.12,60 inches,1,XIA,300dpi,,Print,Invoiced,Invoiced,2591420,9/16/2025,JEANNE,,,4,
F0010757-2,F0010757,2,Custom MTO (F0010757),F. SCHUMACHER & CO. CUSTOM MTO,,,Custom Dahlia Hand Blocked Print,Custom Dahlia Hand Blocked Print - 850193 (White),"BNYNeuKaliss 60"" 315Y",BNY SUBSTRATES,PAPER,"60"" Roll",63 Linear Feet,63,0,0.07,30 inches,2,Bianca,300dpi,,Print,Invoiced,Invoiced,2642306,10/1/2025,SREMSON@PARAMOUNTPRINTS.COM,,,,
F0010837-2,F0010837,2,MTO (F0010837),F. SCHUMACHER & CO - MTO,,,Edwin Stripe Medium,Edwin Stripe Medium - 5011897 (Naturelle),"BNYNeuKaliss 60"" 315Y",BNY SUBSTRATES,PAPER,"60"" Roll",93 Linear Feet,93,0,0.1,30 inches,2,XIA,300dpi,,Print,Invoiced,Invoiced,2599475,9/18/2025,JOE,,,10,
F0010894-2,F0010894,2,MTO (F0010894),F. SCHUMACHER & CO - MTO,,,Edwin Stripe Narrow,Edwin Stripe Narrow - 5011875 (Pink),"BNYNeuKaliss 60"" 315Y",BNY SUBSTRATES,PAPER,"60"" Roll",33 Linear Feet,33,0,0.01,30 inches,2,Dakota Kai,300dpi,,Print,Invoiced,Invoiced,2671462,10/9/2025,JOE,,,10,
F0010938-2,F0010938,2,Regular (F0006756) (F0010938),F. SCHUMACHER & CO - NEW GOODS,,,Edwin Stripe Narrow,Edwin Stripe Narrow - 5017633 (Terracotta),"BNYNeuKaliss 60"" 315Y",BNY SUBSTRATES,PAPER,"60"" Roll",90 Linear Feet,90,0,0.04,30 inches,2,Sasha,4p,,Print,Invoiced,Invoiced,2606914,9/19/2025,COCONNOR@FSCO.COM,,,10,
F0010939-2,F0010939,2,Regular (F0006746) (F0010939),F. SCHUMACHER & CO - NEW GOODS,,,Edwin Stripe Medium,Edwin Stripe Medium - 5017641 (Terracotta),"BNYNeuKaliss 60"" 315Y",BNY SUBSTRATES,PAPER,"60"" Roll",90 Linear Feet,90,0,0.04,30 inches,2,Sasha,4p,,Print,Invoiced,Invoiced,2606915,9/19/2025,COCONNOR@FSCO.COM,,,10,
F0010947-2,F0010947,2,Memos (F0006795) (F0010947),F. SCHUMACHER & CO - NEW GOODS,,,Edwin Stripe Narrow Memos,Edwin Stripe Narrow Memos - MS5017633 (Terracotta),"BNYNeuKaliss 60"" 315Y",BNY SUBSTRATES,PAPER,"60"" Roll",56.9334 Linear Feet,56.9334,0,0.02,6.1 inches,9,Sasha,4p,,Print,Invoiced,Invoiced,2606916,9/19/2025,COCONNOR@FSCO.COM,,,,
F0011101-2,F0011101,2,Memos (F0011101),BACKDROP,,,Turini Memos,Turini Memos - MS5014890 (BrightMulti),"BNYNeuKaliss 60"" 315Y",BNY SUBSTRATES,PAPER,"60"" Roll",140.5584 Linear Feet,140.5584,0,0.15,17.1 inches,3,Bianca,300dpi,,Print,Invoiced,Invoiced,2646957,10/2/2025,SREMSON@PARAMOUNTPRINTS.COM,,,,
F0011146-2,F0011146,2,Custom MTO (F0011146),F. SCHUMACHER & CO. CUSTOM MTO,,,Custom Steps Panel Set Section B,Custom Steps Panel Set Section B - 850167 (Rose & Camel),"BNYNeuKaliss 60"" 315Y",BNY SUBSTRATES,PAPER,"60"" Roll",48 Linear Feet,48,0,0.05,60 inches,1,Bianca,300dpi,,Print,Invoiced,Invoiced,2665908,10/8/2025,SHELBY,,,8,
F0011174-2,F0011174,2,Custom MTO (F0011174),F. SCHUMACHER & CO. CUSTOM MTO,,,"Custom Les Oiseaux Panel Set 72"" H","Custom Les Oiseaux Panel Set 72"" H - 850240 (Apple Green)","BNYNeuKaliss 60"" 315Y",BNY SUBSTRATES,PAPER,"60"" Roll",129.9999 Linear Feet,129.9999,0,0.06,60 inches,1,Chyna,300dpi,,Print,Invoiced,Invoiced,2628133,9/26/2025,SHELBY,,,4.33,
F0004022-1,F0004022,1,PAPER (F0004022),Carleton V Ltd.,,,DAINTREE,DAINTREE (3245W-4) GREEN,"PARCPG7100 30"" 500Y",PARAMOUNT SUBSTRATES,PAPER,"30"" Roll",1050 Linear Feet,1050,0,1.83,30 inches,1,Bianca,,,Print,Invoiced,Invoiced,,1/27/2025,BARI,,,,
F0004022-2,F0004022,2,PAPER (F0004022),Carleton V Ltd.,,,WHITE COATED PAPER,"Diamond - 404349 (White 30"")","PARCPG7100 30"" 500Y",PARAMOUNT SUBSTRATES,PAPER,"30"" Roll",1050 Linear Feet,1050,0,1.83,30 inches,1,Bianca,,,Print,Invoiced,Invoiced,,1/27/2025,BARI,,,,
F0004607-1,F0004607,1,Paper (F0004607),F. SCHUMACHER & CO - HUB,,,,EXOTIC BUTTERFLY 5008424 (COLOR),"PARCPG7100 30"" 500Y",PARAMOUNT SUBSTRATES,PAPER,"30"" Roll",675 Linear Feet,675,0,1.17,30 inches,1,Bianca,,,Print,Invoiced,Invoiced,,3/24/2025,BLAWLOR@FSCO.COM,,,,
F0004607-1.01,F0004607,1.01,Paper (F0004607),F. SCHUMACHER & CO - HUB,,,WHITE COATED PAPER,WHITE COATED PAPER,"PARCPG7100 30"" 500Y",PARAMOUNT SUBSTRATES,PAPER,"30"" Roll",675 Linear Feet,675,0,1.17,30 inches,1,Bianca,,,Print,Invoiced,Invoiced,,3/24/2025,BLAWLOR@FSCO.COM,,,,
F0004717-1,F0004717,1,Paper (F0004717),Carleton V Ltd.,,,DAINTREE,DAINTREE (3245W-5) CORAL,"PARCPG7100 30"" 500Y",PARAMOUNT SUBSTRATES,PAPER,"30"" Roll",450 Linear Feet,450,0,0.78,30 inches,1,Bianca,,,Print,Invoiced,Invoiced,,1/27/2025,BARI,,,,
F0004718-1,F0004718,1,Paper (F0004718),Carleton V Ltd.,,,DAINTREE,DAINTREE (3245W-12) RED/BLUE,"PARCPG7100 30"" 500Y",PARAMOUNT SUBSTRATES,PAPER,"30"" Roll",450 Linear Feet,450,0,0.78,30 inches,1,Bianca,,,Print,Invoiced,Invoiced,,1/27/2025,BARI,,,,
F0004719-1,F0004719,1,Paper (F0004719),Carleton V Ltd.,,,DAINTREE,DAINTREE (3245W-22) NAVY,"PARCPG7100 30"" 500Y",PARAMOUNT SUBSTRATES,PAPER,"30"" Roll",450 Linear Feet,450,0,0.78,30 inches,1,Bianca,,,Print,Invoiced,Invoiced,,1/27/2025,BARI,,,,
F0004897-1,F0004897,1,Paper (F0004897),F. SCHUMACHER & CO - HUB,,,LOTUS GARDEN,LOTUS GARDEN,"PARCPG7100 30"" 500Y",PARAMOUNT SUBSTRATES,PAPER,"30"" Roll",1350 Linear Feet,1350,0,2.35,30 inches,1,Bianca,,,Print,Invoiced,Invoiced,,1/27/2025,BLAWLOR@FSCO.COM,,,,
F0004897-1.01,F0004897,1.01,Paper (F0004897),F. SCHUMACHER & CO - HUB,,,WHITE COATED PAPER,WHITE COATED PAPER,"PARCPG7100 30"" 500Y",PARAMOUNT SUBSTRATES,PAPER,"30"" Roll",1350 Linear Feet,1350,0,2.35,30 inches,1,Bianca,,,Print,Invoiced,Invoiced,,1/27/2025,BLAWLOR@FSCO.COM,,,,
F0005228-1,F0005228,1,Paper (F0005228),F. SCHUMACHER & CO - HUB,,,,LOTUS GARDEN 5008432 (LILAC),"PARCPG7100 30"" 500Y",PARAMOUNT SUBSTRATES,PAPER,"30"" Roll",1350 Linear Feet,1350,0,2.35,30 inches,1,Bianca,,,Print,Invoiced,Invoiced,,3/17/2025,BLAWLOR@FSCO.COM,,,,
F0005228-1.01,F0005228,1.01,Paper (F0005228),F. SCHUMACHER & CO - HUB,,,WHITE COATED PAPER,WHITE COATED PAPER,"PARCPG7100 30"" 500Y",PARAMOUNT SUBSTRATES,PAPER,"30"" Roll",1350 Linear Feet,1350,0,2.35,30 inches,1,Bianca,,,Print,Invoiced,Invoiced,,3/17/2025,BLAWLOR@FSCO.COM,,,,
F0005234-1,F0005234,1,Paper (F0005234),F. SCHUMACHER & CO - HUB,,,TWIGGY,TWIGGY,"PARCPG7100 30"" 500Y",PARAMOUNT SUBSTRATES,PAPER,"30"" Roll",3750 Linear Feet,3750,0,6.53,30 inches,1,Bianca,,,Print,Invoiced,Invoiced,,3/3/2025,BLAWLOR@FSCO.COM,,,,
F0005234-1.01,F0005234,1.01,Paper (F0005234),F. SCHUMACHER & CO - HUB,,,WHITE COATED PAPER,WHITE COATED PAPER,"PARCPG7100 30"" 500Y",PARAMOUNT SUBSTRATES,PAPER,"30"" Roll",3750 Linear Feet,3750,0,6.53,30 inches,1,Bianca,,,Print,Invoiced,Invoiced,,3/3/2025,BLAWLOR@FSCO.COM,,,,
F0005560-1,F0005560,1,Paper (F0005560),Meg Braff Designs,,,Up A Tree,Up A Tree UAT-03-W (Coral Aqua on Ivory),"PARCPG7101 30"" 500Y",PARAMOUNT SUBSTRATES,PAPER,"30"" Roll",90 Linear Feet,90,0,0.18,30 inches,1,Bianca,,,Print,Invoiced,Invoiced,,2/2/2025,BLAWLOR@FSCO.COM,,,,
F0005560-2,F0005560,2,Paper (F0005560),Meg Braff Designs,,,Up A Tree,Up A Tree UAT-03-W (Coral Aqua on Ivory),"PARCPG7101 30"" 500Y",PARAMOUNT SUBSTRATES,PAPER,"30"" Roll",255 Linear Feet,255,0,0.5,30 inches,1,Bianca,,,Print,Invoiced,Invoiced,,2/2/2025,BLAWLOR@FSCO.COM,,,,
F0005978-3,F0005978,3,Paper (F0005978),Meg Braff Designs,,,WHITE COATED PAPER,"Diamond - 404349 (White 30"")","PARCPG7100 30"" 500Y",PARAMOUNT SUBSTRATES,PAPER,"30"" Roll",225 Linear Feet,225,0,0.39,30 inches,1,Bianca,,,Print,Invoiced,Invoiced,,3/3/2025,BLAWLOR@FSCO.COM,,,,
F0005990-1,F0005990,1,Paper (F0005990),Quadrille Inc.,,,NITIK II WP,NITIK II WP 149-51WWM (GRAY/BROWN ON MATTE),"PARCPG7100 30"" 500Y",PARAMOUNT SUBSTRATES,PAPER,"30"" Roll",270 Linear Feet,270,0,0.47,30 inches,1,Bianca,,,Print,Invoiced,Invoiced,,1/30/2025,KMUI@PARAMOUNTPRINTS.COM,,,,
F0006073-1,F0006073,1,PAPER (F0006073),Carleton V Ltd.,,,DAINTREE,DAINTREE (3245W-2) BLUE ON IVORY,"PARCPG7100 30"" 500Y",PARAMOUNT SUBSTRATES,PAPER,"30"" Roll",750 Linear Feet,750,0,1.31,30 inches,1,Bianca,,,Print,Invoiced,Invoiced,,1/27/2025,BARI,,,,
F0006106-3,F0006106,3,Paper (F0006106),Meg Braff Designs,,,WHITE COATED PAPER,"Diamond - 404349 (White 30"")","PARCPG7100 30"" 500Y",PARAMOUNT SUBSTRATES,PAPER,"30"" Roll",300 Linear Feet,300,0,0.52,30 inches,1,Bianca,,,Print,Invoiced,Invoiced,,3/3/2025,BLAWLOR@FSCO.COM,,,,
F0006147-2,F0006147,2,Paper (F0006147),Meg Braff Designs,,,WHITE COATED PAPER,"Diamond - 404349 (White 30"")","PARCPG7100 30"" 500Y",PARAMOUNT SUBSTRATES,PAPER,"30"" Roll",300 Linear Feet,300,0,0.52,30 inches,1,Bianca,,,Print,Invoiced,Invoiced,,3/14/2025,KMUI@PARAMOUNTPRINTS.COM,,,,
F0006250-2,F0006250,2,Paper (F0006250),Cowtan and Tout,,,WHITE COATED PAPER,"Diamond - 404349 (White 30"")","PARCPG7100 30"" 500Y",PARAMOUNT SUBSTRATES,PAPER,"30"" Roll",720 Linear Feet,720,0,1.25,30 inches,1,Bianca,,,Print,Invoiced,Invoiced,,3/3/2025,BLAWLOR@FSCO.COM,,,,
F0006269-2,F0006269,2,Paper (F0006269),Cowtan and Tout,,,WHITE COATED PAPER,"Diamond - 404349 (White 30"")","PARCPG7100 30"" 500Y",PARAMOUNT SUBSTRATES,PAPER,"30"" Roll",720 Linear Feet,720,0,1.25,30 inches,1,Bianca,,,Print,Invoiced,Invoiced,,3/7/2025,BLAWLOR@FSCO.COM,,,,
F0006591-1,F0006591,1,Regular (F0006591),F. SCHUMACHER & CO - NEW GOODS,,,Edinburgh Vine,Edinburgh Vine - 5017731 (Forest),"BNYCPG7100 60"" 210Y",BNY SUBSTRATES,PAPER,"60"" Roll",150 Linear Feet,150,0,0.15,60 inches,1,Trish,4p,,Print,Invoiced,Invoiced,2416920,7/24/2025,XIACHEN,,,10,
F0006593-1,F0006593,1,Regular (F0006593),F. SCHUMACHER & CO - NEW GOODS,,,Edinburgh Vine,Edinburgh Vine - 5017731 (Forest),"BNYCPG7100 60"" 210Y",BNY SUBSTRATES,PAPER,"60"" Roll",180 Linear Feet,180,0,0.18,60 inches,1,Trish,4p,,Print,Invoiced,Invoiced,2402630,7/18/2025,COCONNOR@FSCO.COM,,,10,
F0006595-1,F0006595,1,Memos (F0006595),F. SCHUMACHER & CO - NEW GOODS,,,Edinburgh Vine Memos,Edinburgh Vine Memos - MS5017730 (Moss),"BNYCPG7100 60"" 210Y",BNY SUBSTRATES,PAPER,"60"" Roll",120.3582 Linear Feet,120.3582,0,0.12,8.1 inches,7,Trish,4p,,Print,Invoiced,Invoiced,2417147,7/24/2025,SARAH,,,,
F0006596-1,F0006596,1,Regular (F0006596),F. SCHUMACHER & CO - NEW GOODS,,,Edinburgh Vine,Edinburgh Vine - 5017730 (Moss),"BNYCPG7100 60"" 210Y",BNY SUBSTRATES,PAPER,"60"" Roll",25.4661 Linear Feet,25.4661,0,0.02,60 inches,1,Trish,4p,,Print,Invoiced,Invoiced,2402593,7/18/2025,COCONNOR@FSCO.COM,,,10,
F0006597-1,F0006597,1,Memos (F0006597),F. SCHUMACHER & CO - NEW GOODS,,,Edinburgh Vine Memos,Edinburgh Vine Memos - MS5017731 (Forest),"BNYCPG7100 60"" 210Y",BNY SUBSTRATES,PAPER,"60"" Roll",120.3582 Linear Feet,120.3582,0,0.12,8.1 inches,7,Trish,4p,,Print,Invoiced,Invoiced,2412557,7/23/2025,SARAH,,,,
F0006598-1,F0006598,1,Regular (F0006598),F. SCHUMACHER & CO - NEW GOODS,,,Edinburgh Vine,Edinburgh Vine - 5017730 (Moss),"BNYCPG7100 60"" 210Y",BNY SUBSTRATES,PAPER,"60"" Roll",189.4257 Linear Feet,189.4257,0,0.18,60 inches,1,Trish,4p,,Print,Invoiced,Invoiced,2417148,7/24/2025,SARAH,,,10,
F0006613-1,F0006613,1,Regular (F0006613),F. SCHUMACHER & CO - HUB,,,Chinoiserie Moderne,Chinoiserie Moderne - 5011652 (SoftGrey),"BNYCPG7100 60"" 210Y",BNY SUBSTRATES,PAPER,"60"" Roll",183 Linear Feet,183,0,0.18,30 inches,2,Trish,,,Print,Invoiced,Invoiced,2223280,5/16/2025,COCONNOR@FSCO.COM,,,,
F0006971-1,F0006971,1,Regular (F0006971),F. SCHUMACHER & CO - HUB,,,Giove,Giove - 5009462 (Agate&Onyx),"BNYCPG7100 60"" 210Y",BNY SUBSTRATES,PAPER,"60"" Roll",93 Linear Feet,93,0,0.09,60 inches,1,Trish,,,Print,Invoiced,Invoiced,2223248,5/16/2025,COCONNOR@FSCO.COM,,,,
F0007026-1,F0007026,1,Regular (F0007026),F. SCHUMACHER & CO - NEW GOODS,,,Inverness Garden,Inverness Garden - 5017972 (Ivory),"BNYCPG7100 60"" 210Y",BNY SUBSTRATES,PAPER,"60"" Roll",180 Linear Feet,180,0,0.18,60 inches,1,Trish,4p,,Print,Invoiced,Invoiced,2402597,7/18/2025,COCONNOR@FSCO.COM,,,10,
F0007033-1,F0007033,1,Memos (F0007033),F. SCHUMACHER & CO - NEW GOODS,,,Inverness Garden Memos,Inverness Garden Memos - MS5017971 (Buttercup),"BNYCPG7100 60"" 210Y",BNY SUBSTRATES,PAPER,"60"" Roll",210.4167 Linear Feet,210.4167,0,0.2,14.1 inches,4,Trish,4p,,Print,Invoiced,Invoiced,2417149,7/24/2025,SARAH,,,,
F0007047-1,F0007047,1,Memos (F0007047),F. SCHUMACHER & CO - NEW GOODS,,,Inverness Garden Memos,Inverness Garden Memos - MS5017970 (Document),"BNYCPG7100 60"" 210Y",BNY SUBSTRATES,PAPER,"60"" Roll",77.2161 Linear Feet,77.2161,0,0.08,14.1 inches,4,Trish,4p,,Print,Invoiced,Invoiced,2412558,7/23/2025,SARAH,,,,
F0007049-1,F0007049,1,Regular (F0007049),F. SCHUMACHER & CO - NEW GOODS,,,Inverness Garden,Inverness Garden - 5017970 (Document),"BNYCPG7100 60"" 210Y",BNY SUBSTRATES,PAPER,"60"" Roll",180 Linear Feet,180,0,0.18,60 inches,1,Trish,4p,,Print,Invoiced,Invoiced,2402601,7/18/2025,COCONNOR@FSCO.COM,,,10,
F0007050-1,F0007050,1,Regular (F0007050),F. SCHUMACHER & CO - NEW GOODS,,,Inverness Garden,Inverness Garden - 5017972 (Ivory),"BNYCPG7100 60"" 210Y",BNY SUBSTRATES,PAPER,"60"" Roll",226.0245 Linear Feet,226.0245,0,0.22,60 inches,1,Trish,4p,,Print,Invoiced,Invoiced,2410972,7/22/2025,SARAH,,,10,
F0007055-1,F0007055,1,Regular (F0007055),F. SCHUMACHER & CO - NEW GOODS,,,Inverness Garden,Inverness Garden - 5017971 (Buttercup),"BNYCPG7100 60"" 210Y",BNY SUBSTRATES,PAPER,"60"" Roll",180 Linear Feet,180,0,0.18,60 inches,1,Trish,4p,,Print,Invoiced,Invoiced,2402603,7/18/2025,COCONNOR@FSCO.COM,,,10,
F0007058-1,F0007058,1,Memos (F0007058),F. SCHUMACHER & CO - NEW GOODS,,,Inverness Garden Memos,Inverness Garden Memos - MS5017972 (Ivory),"BNYCPG7100 60"" 210Y",BNY SUBSTRATES,PAPER,"60"" Roll",210.4167 Linear Feet,210.4167,0,0.2,14.1 inches,4,Trish,4p,,Print,Invoiced,Invoiced,2412552,7/23/2025,SARAH,,,,
F0007065-1,F0007065,1,Regular (F0007065),F. SCHUMACHER & CO - NEW GOODS,,,Inverness Garden,Inverness Garden - 5017971 (Buttercup),"BNYCPG7100 60"" 210Y",BNY SUBSTRATES,PAPER,"60"" Roll",196.0245 Linear Feet,196.0245,0,0.19,60 inches,1,Trish,4p,,Print,Invoiced,Invoiced,2410975,7/22/2025,SARAH,,,10,
F0007066-1,F0007066,1,Regular (F0007066),F. SCHUMACHER & CO - NEW GOODS,,,Inverness Garden,Inverness Garden - 5017970 (Document),"BNYCPG7100 60"" 210Y",BNY SUBSTRATES,PAPER,"60"" Roll",166.0245 Linear Feet,166.0245,0,0.16,60 inches,1,Trish,4p,,Print,Invoiced,Invoiced,2412551,7/23/2025,SARAH,,,10,
F0007362-1,F0007362,1,Regular (F0007362),F. SCHUMACHER & CO - HUB,,,Le Citron,Le Citron - 5014281 (Sky),"BNYCPG7100 60"" 210Y",BNY SUBSTRATES,PAPER,"60"" Roll",172.9662 Linear Feet,172.9662,0,0.17,30 inches,2,Trish,4p,,Print,Invoiced,Invoiced,2401050,7/18/2025,SARAH,,,10,
F0007618-1,F0007618,1,MTO (F0007618),F. SCHUMACHER & CO - MTO,,,Las Colinas,Las Colinas - 5013980 (Green),"BNYCPG7100 60"" 210Y",BNY SUBSTRATES,PAPER,"60"" Roll",63 Linear Feet,63,0,0.06,60 inches,1,XIA,,,Print,Invoiced,Invoiced,2192179,5/7/2025,COCONNOR@FSCO.COM,,,,
F0007665-1,F0007665,1,Memos (F0007665),F. SCHUMACHER & CO - MEMOS,,,Giove Memos,Giove Memos - MS5009460 (Emerald&Sapphire),"BNYCPG7100 60"" 210Y",BNY SUBSTRATES,PAPER,"60"" Roll",64.5339 Linear Feet,64.5339,0,0.06,17.1 inches,3,XIA,300dpi,,Print,Invoiced,Invoiced,2402621,7/18/2025,COCONNOR@FSCO.COM,,,,
F0007788-1,F0007788,1,MTO (F0007788),F. SCHUMACHER & CO - MTO,,,Las Colinas,Las Colinas - 5013981 (Blue),"BNYCPG7100 60"" 210Y",BNY SUBSTRATES,PAPER,"60"" Roll",93 Linear Feet,93,0,0.09,60 inches,1,XIA,,,Print,Invoiced,Invoiced,2192180,5/7/2025,COCONNOR@FSCO.COM,,,,
F0007793-1,F0007793,1,Memos (F0007793),F. SCHUMACHER & CO - MEMOS,,,Roca Redonda Memos,Roca Redonda Memos - MS5011620 (Blue&Ivory),"BNYCPG7100 60"" 210Y",BNY SUBSTRATES,PAPER,"60"" Roll",140.5584 Linear Feet,140.5584,0,0.14,17.1 inches,3,XIA,,,Print,Invoiced,Invoiced,2245221,5/23/2025,COCONNOR@FSCO.COM,,,,
F0007869-1,F0007869,1,Regular (F0007869),F. SCHUMACHER & CO - HUB,,,Amazonas Mystique,Amazonas Mystique - 5016940 (Echoes Of The Rainforest),"BNYCPG7100 60"" 210Y",BNY SUBSTRATES,PAPER,"60"" Roll",300.183 Linear Feet,300.183,0,0.29,30 inches,2,Glow,4p,,Print,Invoiced,Invoiced,2381711,7/11/2025,COCONNOR@FSCO.COM,,,10,
F0008005-1,F0008005,1,MTO (F0008005),F. SCHUMACHER & CO - MTO,,,Emma Stripe Narrow,Emma Stripe Narrow - 5017190 (Sky),"BNYCPG7100 60"" 210Y",BNY SUBSTRATES,PAPER,"60"" Roll",63 Linear Feet,63,0,0.06,30 inches,2,XIA,,,Print,Invoiced,Invoiced,2196135,5/8/2025,COCONNOR@FSCO.COM,,,,
F0008195-2,F0008195,2,MTO (F0008195),F. SCHUMACHER & CO - MTO,,,Matsudana,Matsudana  - 5011991 (Blue),"BNYCPG7100 60"" 210Y",BNY SUBSTRATES,PAPER,"60"" Roll",153 Linear Feet,153,0,0.15,60 inches,1,Glow,,,Print,Invoiced,Invoiced,2234000,5/21/2025,COCONNOR@FSCO.COM,,,,
F0008284-1,F0008284,1,PAPER (F0008284),China Seas,,,SIGOURNEY SMALL SCALE,SIGOURNEY SMALL SCALE,"PARCPG7100 30"" 500Y",PARAMOUNT SUBSTRATES,PAPER,"30"" Roll",270 Linear Feet,270,0,0.05,30 inches,1,Bianca,,,Print,Invoiced,Invoiced,,5/30/2025,BLAWLOR@FSCO.COM,,,,
F0008285-1,F0008285,1,PAPER (F0008285),China Seas,,,Nairobi,Nairobi,"PARCPG7113 30"" 500Y",PARAMOUNT SUBSTRATES,PAPER,"30"" Roll",315 Linear Feet,315,0,0.07,30 inches,1,Bianca,,,Print,Invoiced,Invoiced,,6/1/2025,BLAWLOR@FSCO.COM,,,,
F0008292-1,F0008292,1,Regular (F0008072) (F0008292),F. SCHUMACHER & CO - HUB,,,A-twitter,A-twitter - 5005031 (Summer),"BNYCPG7100 60"" 210Y",BNY SUBSTRATES,PAPER,"60"" Roll",273 Linear Feet,273,0,0.27,30 inches,2,Rhonda,300dpi,,Print,Invoiced,Invoiced,,5/16/2025,COCONNOR@FSCO.COM,,,,
F0008293-1,F0008293,1,PAPER (F0008293),China Seas,,,HAWTHORNE,HAWTHORNE,"PARCPG7113 30"" 500Y",PARAMOUNT SUBSTRATES,PAPER,"30"" Roll",180 Linear Feet,180,0,0.04,30 inches,1,Bianca,,,Print,Invoiced,Invoiced,,6/13/2025,BLAWLOR@FSCO.COM,,,,
F0008298-1,F0008298,1,PAPER (F0008298),Meg Braff Designs,,,Up A Tree,Up A Tree,"PARCPG7100 30"" 500Y",PARAMOUNT SUBSTRATES,PAPER,"30"" Roll",330 Linear Feet,330,0,0.06,30 inches,1,Bianca,,,Print,Invoiced,Invoiced,,6/13/2025,BLAWLOR@FSCO.COM,,,,
F0008863-1,F0008863,1,MTO (F0008863),F. SCHUMACHER & CO - MTO,,,Amazonas Mystique,Amazonas Mystique - 5016940 (Echoes Of The Rainforest),"BNYCPG7100 60"" 210Y",BNY SUBSTRATES,PAPER,"60"" Roll",60 Linear Feet,60,0,0.06,30 inches,2,Nikki,Other,,Print,Invoiced,Invoiced,,7/14/2025,PKEEFER@FSCO.COM,,,10,
F0008979-1,F0008979,1,MTO (F0008979),F. SCHUMACHER & CO - MTO,,,Amazonas Mystique,Amazonas Mystique - 5016940 (Echoes Of The Rainforest),"BNYCPG7100 60"" 210Y",BNY SUBSTRATES,PAPER,"60"" Roll",30 Linear Feet,30,0,0.03,30 inches,2,Nikki,Other,,Print,Invoiced,Invoiced,,7/14/2025,PKEEFER@FSCO.COM,,,10,
F0009113-1,F0009113,1,MTO (F0009113),F. SCHUMACHER & CO - MTO,,,Plates & Platters,Plates & Platters - 5010411 (Neutral),"BNYCPG7100 60"" 210Y",BNY SUBSTRATES,PAPER,"60"" Roll",93 Linear Feet,93,0,0.09,60 inches,1,Dakota Kai,300dpi,,Print,Invoiced,Invoiced,2417082,7/24/2025,SHELBY,,,10,
F0009133-1,F0009133,1,MTO (F0009133),F. SCHUMACHER & CO - MTO,,,Aviary,Aviary - 2705511 (MultiOnWhite),"BNYCPG7100 60"" 210Y",BNY SUBSTRATES,PAPER,"60"" Roll",63 Linear Feet,63,0,0.06,30 inches,2,Dakota Kai,300dpi,,Print,Invoiced,Invoiced,2424290,7/25/2025,SHELBY,,,10,
F0009294-1,F0009294,1,Regular (F0009294),F. SCHUMACHER & CO - HUB,,,Strawberry Hill,Strawberry Hill - 5014320 (White),"BNYCPG7100 60"" 210Y",BNY SUBSTRATES,PAPER,"60"" Roll",59.817 Linear Feet,59.817,0,0.06,60 inches,1,Trish,4p,,Print,Invoiced,Invoiced,2398083,7/17/2025,SARAH,,,10,
F0009341-1,F0009341,1,MTO (F0009341),F. SCHUMACHER & CO - MTO,,,Aviary,Aviary - 2705511 (MultiOnWhite),"BNYCPG7100 60"" 210Y",BNY SUBSTRATES,PAPER,"60"" Roll",63 Linear Feet,63,0,0.06,30 inches,2,Dakota Kai,300dpi,,Print,Invoiced,Invoiced,2424097,7/25/2025,PKEEFER@FSCO.COM,,,10,
F0009343-1,F0009343,1,MTO (F0009343),F. SCHUMACHER & CO - MTO,,,Matsudana,Matsudana  - 5011992 (Spice),"BNYCPG7100 60"" 210Y",BNY SUBSTRATES,PAPER,"60"" Roll",30 Linear Feet,30,0,0.03,60 inches,1,Nikki,Other,,Print,Invoiced,Invoiced,,7/25/2025,PKEEFER@FSCO.COM,,,10,
F0009347-1,F0009347,1,MTO (F0009347),F. SCHUMACHER & CO - MTO,,,Amazonas Mystique,Amazonas Mystique - 5016940 (Echoes Of The Rainforest),"BNYCPG7100 60"" 210Y",BNY SUBSTRATES,PAPER,"60"" Roll",135 Linear Feet,135,0,0.13,30 inches,2,Nikki,Other,,Print,Invoiced,Invoiced,,7/14/2025,PKEEFER@FSCO.COM,,,10,
F0009435-1,F0009435,1,Peel & Stick (F0009435),F. SCHUMACHER & CO - HUB,,,Joana Avillez's Street Scenes,Joana Avillez's Street Scenes - 5016170 (MulticolorOnWhite),"BNYDG2061 60"" 250Y",BNY SUBSTRATES,PAPER,"60"" Roll",270 Linear Feet,270,0,0.6,30 inches,2,Nikki,Other,,Print,Invoiced,Invoiced,,7/11/2025,COCONNOR@FSCO.COM,,,10,
F0009549-1,F0009549,1,Regular (F0009549),F. SCHUMACHER & CO - HUB,,,Western Toile,Western Toile - 5016441 (Olive),"BNYCPG7100 60"" 210Y",BNY SUBSTRATES,PAPER,"60"" Roll",513 Linear Feet,513,0,0.5,60 inches,1,Glow,4p,,Print,Invoiced,Invoiced,2424284,7/25/2025,SHELBY,,,10,
F0009648-1,F0009648,1,MTO (F0009648),F. SCHUMACHER & CO - MTO,,,Emma Stripe Narrow,Emma Stripe Narrow - 5017190 (Sky),"BNYCPG7100 60"" 210Y",BNY SUBSTRATES,PAPER,"60"" Roll",15 Linear Feet,15,0,0.01,30 inches,2,Nikki,Other,,Print,Invoiced,Invoiced,,7/15/2025,PKEEFER@FSCO.COM,,,10,
F0009712-2,F0009712,2,MTO (F0009712),F. SCHUMACHER & CO - MTO,,,Aviary,Aviary - 2705511 (MultiOnWhite),"BNYCPG7100 60"" 210Y",BNY SUBSTRATES,PAPER,"60"" Roll",45 Linear Feet,45,0,0.04,30 inches,2,Nikki,Other,,Print,Invoiced,Invoiced,,7/25/2025,PKEEFER@FSCO.COM,,,10,
F0009869-1,F0009869,1,PAPER (F0009869),Quadrille Inc.,,,SQUIRES WALL PANELS 307330W-PNLA (BLUES),SQUIRES WALL PANELS 307330W-PNLA (BLUES),"PARCPG7113 30"" 500Y",PARAMOUNT SUBSTRATES,PAPER,"30"" Roll",540 Linear Feet,540,0,0.12,30 inches,1,Bianca,300dpi,,Print,Invoiced,Invoiced,2630343,9/26/2025,RODNEY,,,"2,5",
F0009870-1,F0009870,1,PAPER (F0009870),Quadrille Inc.,,,SQUIRES WALL PANELS 307330W-PNLB (BLUES),SQUIRES WALL PANELS 307330W-PNLB (BLUES),"PARCPG7113 30"" 500Y",PARAMOUNT SUBSTRATES,PAPER,"30"" Roll",540 Linear Feet,540,0,0.12,30 inches,1,Bianca,300dpi,,Print,Invoiced,Invoiced,2630341,9/26/2025,RODNEY,,,"2,5",
F0010506-1,F0010506,1,MTO (F0010506),F. SCHUMACHER & CO - MTO,,,Agave Stripe,Agave Stripe - 5012682 (Grapefruit),"BNYCPG7100 60"" 210Y",BNY SUBSTRATES,PAPER,"60"" Roll",48 Linear Feet,48,0,0.05,30 inches,2,XIA,300dpi,,Print,Invoiced,Invoiced,2554708,9/5/2025,JEANNE,,,10,
F0010568-1,F0010568,1,MTO (F0010568),F. SCHUMACHER & CO - MTO,,,Emma Stripe Narrow,Emma Stripe Narrow - 5017198 (Stone),"BNYCPG7100 60"" 210Y",BNY SUBSTRATES,PAPER,"60"" Roll",78 Linear Feet,78,0,0.08,30 inches,2,XIA,300dpi,,Print,Invoiced,Invoiced,2554716,9/5/2025,JEANNE,,,10,
F0010591-1,F0010591,1,MTO (F0010591),F. SCHUMACHER & CO - MTO,,,Emma Stripe Narrow,Emma Stripe Narrow - 5017191 (Chambray),"BNYCPG7100 60"" 210Y",BNY SUBSTRATES,PAPER,"60"" Roll",48 Linear Feet,48,0,0.05,30 inches,2,XIA,300dpi,,Print,Invoiced,Invoiced,2554717,9/5/2025,JEANNE,,,10,
F0010968-1,F0010968,1,MTO (F0010968),F. SCHUMACHER & CO - MTO,,,Emma Stripe,Emma Stripe - 5017218 (Petal),"BNYCPG7100 60"" 210Y",BNY SUBSTRATES,PAPER,"60"" Roll",123 Linear Feet,123,0,0.12,30 inches,2,XIA,300dpi,,Print,Invoiced,Invoiced,2621421,9/24/2025,COCONNOR@FSCO.COM,,,10,
F0010974-1,F0010974,1,MTO (F0010974),F. SCHUMACHER & CO - MTO,,,Emma Stripe Narrow,Emma Stripe Narrow - 5017199 (Blush),"BNYCPG7100 60"" 210Y",BNY SUBSTRATES,PAPER,"60"" Roll",63 Linear Feet,63,0,0.06,30 inches,2,XIA,300dpi,,Print,Invoiced,Invoiced,2621422,9/24/2025,COCONNOR@FSCO.COM,,,10,
F0011015-1,F0011015,1,MTO (F0011015),F. SCHUMACHER & CO - MTO,,,Emma Stripe,Emma Stripe - 5017213 (Teal),"BNYCPG7100 60"" 210Y",BNY SUBSTRATES,PAPER,"60"" Roll",33 Linear Feet,33,0,0.03,30 inches,2,XIA,300dpi,,Print,Invoiced,Invoiced,2621423,9/24/2025,COCONNOR@FSCO.COM,,,10,
F0011050-1,F0011050,1,MTO (F0011050),F. SCHUMACHER & CO - MTO,,,Emma Stripe Narrow,Emma Stripe Narrow - 5017193 (Leaf),"BNYCPG7100 60"" 210Y",BNY SUBSTRATES,PAPER,"60"" Roll",27 Linear Feet,27,0,0.03,30 inches,2,XIA,300dpi,,Print,Invoiced,Invoiced,2624963,9/25/2025,JOE,,,10,
F0011068-1,F0011068,1,MTO (F0011068),F. SCHUMACHER & CO - MTO,,,Emma Stripe Narrow,Emma Stripe Narrow - 5017198 (Stone),"BNYCPG7100 60"" 210Y",BNY SUBSTRATES,PAPER,"60"" Roll",93 Linear Feet,93,0,0.09,30 inches,2,Dakota Kai,300dpi,,Print,Invoiced,Invoiced,2624960,9/25/2025,JOE,,,10,
F0011075-1,F0011075,1,MTO (F0011075),F. SCHUMACHER & CO - MTO,,,Emma Stripe Narrow,Emma Stripe Narrow - 5017196 (Yellow),"BNYCPG7100 60"" 210Y",BNY SUBSTRATES,PAPER,"60"" Roll",108 Linear Feet,108,0,0.11,30 inches,2,Dakota Kai,300dpi,,Print,Invoiced,Invoiced,2624337,9/25/2025,JOE,,,10,
F0006094-1,F0006094,1,Regular (F0006094),F. SCHUMACHER & CO - HUB,,,Emma Stripe,Emma Stripe - 5017217 (Yellow),"BNYCPG7100 60"" 210Y",BNY SUBSTRATES,PAPER,"60"" Roll",600 Linear Feet,600,0.01,4.97,30 inches,2,Sasha,4p,,Print,,Canceled,2051868,3/14/2025,COCONNOR@FSCO.COM,,,,
F0008009-1,F0008009,1,Regular (F0008009),F. SCHUMACHER & CO - HUB,,,Edward Steed's Towers of Flowers,Edward Steed's Towers of Flowers - 5016140 (MuticolorBurst),"BNYNeuKaliss 60"" 315Y",BNY SUBSTRATES,PAPER,"60"" Roll",27 Linear Feet,27,1.21,32.67,30 inches,2,Dakota Kai,300dpi,,Print,In Progress,In Progress,2728175,10/24/2025,COCONNOR@FSCO.COM,,,10,
F0008126-1,F0008126,1,Regular (F0008126),F. SCHUMACHER & CO - HUB,,,Enzo Sisal,Enzo Sisal - 5013050 (Blue),PNW5004716 Ivory,PARAMOUNT SUBSTRATES,SISAL,"36"" Roll",288 Linear Feet,288,0.01,1.59,36 inches,1,EMBER,300dpi,,Print,In Progress,In Progress,2726456,10/24/2025,JOE,,,8,
F0008672-1,F0008672,1,Regular (F0008672),F. SCHUMACHER & CO - HUB,,,Baudin Butterfly Linen,Baudin Butterfly Linen - 5011832 (Natural),"BNYGreenland 54"" 50Y",BNY SUBSTRATES,PAPER,"54"" Roll",3 Linear Feet,3,0.02,0.06,54 inches,1,Bianca,300dpi,,Print,Approved to Print,Approved to Print,2671119,10/9/2025,SREMSON@PARAMOUNTPRINTS.COM,,,10,
F0008682-1,F0008682,1,Regular (F0008682),F. SCHUMACHER & CO - HUB,,,Del Coco Sisal,Del Coco Sisal - 5011641 (Sand),PNW5004716 Ivory,PARAMOUNT SUBSTRATES,SISAL,"36"" Roll",195 Linear Feet,195,0.01,1.08,36 inches,1,XIA,300dpi,,Print,In Progress,In Progress,2726032,10/24/2025,JEANNE,,,8,
F0009594-1,F0009594,1,MTO (F0009594),F. SCHUMACHER & CO - MTO,,,Marwari Horse,Marwari Horse - 5011132 (Pink),"BNYNeuKaliss 60"" 315Y",BNY SUBSTRATES,PAPER,"60"" Roll",63 Linear Feet,63,1.19,74.97,30 inches,2,Glow,4p,,Print,,Canceled,2402566,7/18/2025,COCONNOR@FSCO.COM,,,10,
F0009770-1,F0009770,1,Regular (F0009770),F. SCHUMACHER & CO - HUB,,,JAMIE'S TROPHIES,JAMIE'S TROPHIES - 5017002 (SKY),PNW5004716 Ivory,PARAMOUNT SUBSTRATES,SISAL,"36"" Roll",45 Linear Feet,45,4.78,215.1,36 inches,1,Ruby,600dpi,,Print,In Progress,In Progress,2725646,10/24/2025,JOE,,,10,
F0010570-1,F0010570,1,MTO (F0010570),F. SCHUMACHER & CO - MTO,,,Emma Stripe Narrow,Emma Stripe Narrow - 5017194 (Aqua),"BNYCPG7100 60"" 210Y",BNY SUBSTRATES,PAPER,"60"" Roll",33 Linear Feet,33,1.84,60.72,30 inches,2,XIA,300dpi,,Print,,Canceled,2538594,8/29/2025,JEANNE,,,10,
F0011673-1,F0011673,1,MTO (F0011673),F. SCHUMACHER & CO - MTO,,,Berrydown,Berrydown - 5008023 (Sage),"BNYNeuKaliss 60"" 315Y",BNY SUBSTRATES,PAPER,"60"" Roll",153 Linear Feet,153,1.21,185.13,60 inches,1,Zoey,Other,,Print,In Progress,In Progress,2720511,10/23/2025,JEANNE,,,10,
F0011792-1,F0011792,1,MTO (F0011792),F. SCHUMACHER & CO - MTO,,,Emma Stripe,Emma Stripe - 5017218 (Petal),"BNYCPG7100 60"" 210Y",BNY SUBSTRATES,PAPER,"60"" Roll",24 Linear Feet,24,1.84,44.16,30 inches,2,Ivy Nile,Other,,Print,In Progress,In Progress,2727906,10/24/2025,JEANNE,,,10,
F0011796-1,F0011796,1,MTO (F0011796),F. SCHUMACHER & CO - MTO,,,Edwin Stripe Narrow,Edwin Stripe Narrow - 5011864 (Ocean),"BNYNeuKaliss 60"" 315Y",BNY SUBSTRATES,PAPER,"60"" Roll",108 Linear Feet,108,1.21,130.68,30 inches,2,Dakota Kai,300dpi,,Print,In Progress,In Progress,2726209,10/24/2025,JOE,,,10,
F0011817-1,F0011817,1,MTO (F0011817),F. SCHUMACHER & CO - MTO,,,Good Dogs Everywhere,Good Dogs Everywhere - 5016132 (SkyNavyBlue),"BNYCPG7100 60"" 210Y",BNY SUBSTRATES,PAPER,"60"" Roll",138 Linear Feet,138,1.84,253.92,30 inches,2,Dakota Kai,300dpi,,Print,In Progress,In Progress,2727825,10/24/2025,JEANNE,,,10,
F0011908-1,F0011908,1,MTO (F0011908),F. SCHUMACHER & CO - MTO,,,Emma Stripe,Emma Stripe - 5017218 (Petal),"BNYCPG7100 60"" 210Y",BNY SUBSTRATES,PAPER,"60"" Roll",33 Linear Feet,33,1.84,60.72,30 inches,2,Ivy Nile,Other,,Print,In Progress,In Progress,2727907,10/24/2025,JEANNE,,,10,
F0011992-1,F0011992,1,MTO (F0011992),F. SCHUMACHER & CO - MTO,,,Del Coco Sisal,Del Coco Sisal - 5011641 (Sand),PNW5004716 Ivory,PARAMOUNT SUBSTRATES,SISAL,"36"" Roll",51 Linear Feet,51,0.01,0.28,36 inches,1,EMBER,300dpi,,Print,In Progress,In Progress,2726034,10/24/2025,JEANNE,,,8,
F0011995-1,F0011995,1,MTO (F0011995),F. SCHUMACHER & CO - MTO,,,Good Dogs Everywhere,Good Dogs Everywhere - 5016132 (SkyNavyBlue),"BNYCPG7100 60"" 210Y",BNY SUBSTRATES,PAPER,"60"" Roll",93 Linear Feet,93,1.84,171.12,30 inches,2,EMBER,300dpi,,Print,In Progress,In Progress,2727828,10/24/2025,JEANNE,,,10,
F0012026-1,F0012026,1,MTO (F0012026),F. SCHUMACHER & CO - MTO,,,Good Dogs Everywhere,Good Dogs Everywhere - 5016132 (SkyNavyBlue),"BNYCPG7100 60"" 210Y",BNY SUBSTRATES,PAPER,"60"" Roll",18 Linear Feet,18,1.84,33.12,30 inches,2,EMBER,300dpi,,Print,In Progress,In Progress,2727829,10/24/2025,JEANNE,,,10,
F0005510-2,F0005510,2,CONTRACT WALLPAPER,Serena & Lily,,,Wisley Peel & Stick SLW-WPE-MUL (Multi),Wisley Peel & Stick SLW-WPE-MUL (Multi),"BNYDG2061 60"" 250Y",BNY SUBSTRATES,PAPER,"60"" Roll",390 Linear Feet,390,4.41,1719.9,30 inches,2,Bianca,,,Print,Invoiced,Invoiced,1943991,1/24/2025,COCONNOR@FSCO.COM,,,,
F0007808-3,F0007808,3,Memos (F0007808),F. SCHUMACHER & CO - MEMOS,,,Wisteria Sisal Eng. Memos,Wisteria Sisal Eng. Memos - MS5013700 (Teal&SoftPink),PNW5004716 Ivory,PARAMOUNT SUBSTRATES,SISAL,"36"" Roll",196.2249 Linear Feet,196.2249,4.78,937.96,10.1 inches,3,Ruby,600dpi,,Print,Invoiced,Invoiced,2601859,9/18/2025,JEANNE,,,,
F0009201-2,F0009201,2,Memos (F0009201),F. SCHUMACHER & CO - MEMOS,,,JAMIE'S TROPHIES,JAMIE'S TROPHIES - MS5017003 (CHARCOAL),PNW5004716 Ivory,PARAMOUNT SUBSTRATES,SISAL,"36"" Roll",21.6837 Linear Feet,21.6837,4.78,103.65,10.1 inches,3,EMBER,300dpi,,Print,Invoiced,Invoiced,2623303,9/25/2025,JEANNE,,,,
F0009421-2,F0009421,2,Custom MTO (F0009421),F. SCHUMACHER & CO. CUSTOM MTO,,,Custom Sunlit Palm Sisal SKO,Custom Sunlit Palm Sisal SKO - SKO850197 (Chambray),E019 Vinal Sisal,BNY SUBSTRATES,VINYL,"54"" Roll",3 Linear Feet,3,5.1,15.3,54 inches,1,LASH,300dpi,,Print,Invoiced,Invoiced,2439645,7/31/2025,PKEEFER@FSCO.COM,,,,
F0010265-2,F0010265,2,Custom MTO (F0010265),F. SCHUMACHER & CO. CUSTOM MTO,,,Custom Sunlit Palm Sisal,Custom Sunlit Palm Sisal - 850197 (Chambray),E019 Vinal Sisal,BNY SUBSTRATES,VINYL,"54"" Roll",78 Linear Feet,78,5.1,397.8,54 inches,1,Bianca,300dpi,,Print,Invoiced,Invoiced,2549909,9/4/2025,SARAH,,,,
F0010559-3,F0010559,3,Custom MTO (F0010559),F. SCHUMACHER & CO. CUSTOM MTO,,,Custom Gambit Panel,Custom Gambit Panel - 850221 (Cocoa & Charcoal),"BNYDGC57-V2NW-BW 57"" 100Y",BNY SUBSTRATES,VINYL,"57"" Roll",330 Linear Feet,330,0.01,2.13,57 inches,1,Glow,4p,,Print,Invoiced,Invoiced,2603954,9/19/2025,SREMSON@PARAMOUNTPRINTS.COM,,,5,
F0010559-4,F0010559,4,Custom MTO (F0010559),F. SCHUMACHER & CO. CUSTOM MTO,,,Custom Gambit Panel,Custom Gambit Panel - 850222 (Sage & Deep Green),"BNYDGC57-V2NW-BW 57"" 100Y",BNY SUBSTRATES,VINYL,"57"" Roll",99 Linear Feet,99,0.01,0.64,57 inches,1,Glow,4p,,Print,Invoiced,Invoiced,2594265,9/17/2025,SARAH,,,5,
F0010593-2,F0010593,2,MTO (F0010593),F. SCHUMACHER & CO - MTO,,,Emma Stripe Narrow,Emma Stripe Narrow - 5017195 (Teal),"BNYCPG7100 60"" 210Y",BNY SUBSTRATES,PAPER,"60"" Roll",63 Linear Feet,63,1.84,115.92,30 inches,2,EMBER,300dpi,,Print,Invoiced,Invoiced,2564499,9/9/2025,JEANNE,,,10,
F0010639-2,F0010639,2,Custom MTO (F0010639),F. SCHUMACHER & CO. CUSTOM MTO,,,Custom Gambit Panel SKO,Custom Gambit Panel SKO - SKO850222 (Sage & Deep Green),"BNYDGC57-V2NW-BW 57"" 100Y",BNY SUBSTRATES,VINYL,"57"" Roll",3 Linear Feet,3,0.01,0.02,57 inches,1,Rhonda,300dpi,,Print,Invoiced,Invoiced,2562933,9/8/2025,SARAH,,,1,
F0010829-2,F0010829,2,MTO (F0010829),F. SCHUMACHER & CO - MTO,,,Emma Stripe Narrow,Emma Stripe Narrow - 5017197 (Neutral),"BNYCPG7100 60"" 210Y",BNY SUBSTRATES,PAPER,"60"" Roll",93 Linear Feet,93,1.84,171.12,30 inches,2,XIA,300dpi,,Print,Invoiced,Invoiced,2649416,10/2/2025,JOE,,,10,
F0010972-2,F0010972,2,Custom MTO (F0010972),F. SCHUMACHER & CO. CUSTOM MTO,,,Custom Hydrangea Drape,Custom Hydrangea Drape - 850233 (Delft),"BNYCPG7100 60"" 210Y",BNY SUBSTRATES,PAPER,"60"" Roll",12 Linear Feet,12,1.84,22.08,60 inches,1,Bianca,300dpi,,Print,Invoiced,Invoiced,2712225,10/21/2025,COCONNOR@FSCO.COM,,,,
F0010972-3,F0010972,3,Custom MTO (F0010972),F. SCHUMACHER & CO. CUSTOM MTO,,,"Custom Hydrangea Drape 54""","Custom Hydrangea Drape 54"" - 850073 (Delft)","BNYDGC57-V2NW-BW 57"" 100Y",BNY SUBSTRATES,VINYL,"57"" Roll",12 Linear Feet,12,0.01,0.08,57 inches,1,LASH,300dpi,,Print,Invoiced,Invoiced,2631008,9/26/2025,COCONNOR@FSCO.COM,,,10,
F0010972-4,F0010972,4,Custom MTO (F0010972),F. SCHUMACHER & CO. CUSTOM MTO,,,Custom Hydrangea Drape,Custom Hydrangea Drape - 850234 (Delft),E019 Vinal Sisal,BNY SUBSTRATES,VINYL,"54"" Roll",12 Linear Feet,12,5.1,61.2,54 inches,1,Bianca,300dpi,,Print,Invoiced,Invoiced,2695079,10/16/2025,SHELBY,,,,
F0010972-5,F0010972,5,Custom MTO (F0010972),F. SCHUMACHER & CO. CUSTOM MTO,,,Custom Hydrangea Drape,Custom Hydrangea Drape - 850235 (Delft),"BNYDG2058 56"" 50Y",BNY SUBSTRATES,PAPER,"56"" Roll",12 Linear Feet,12,0.07,0.84,56 inches,1,LASH,300dpi,,Print,Invoiced,Invoiced,2703171,10/17/2025,COCONNOR@FSCO.COM,,,,
F0011087-2,F0011087,2,Strike-off (F0011087),Carleton V Ltd.,,,Grand Manor SKO,Grand Manor SKO - SKO3253WV-4 (Green),E019 Vinal Sisal,BNY SUBSTRATES,VINYL,"54"" Roll",3 Linear Feet,3,5.1,15.3,54 inches,1,LASH,300dpi,,Print,Invoiced,Invoiced,2626561,9/25/2025,PKEEFER@FSCO.COM,,,1,
F0011614-2,F0011614,2,MTO (F0011614),F. SCHUMACHER & CO - MTO,,,Baudin Butterfly,Baudin Butterfly  - 5010691 (Turquoise),"BNYNeuKaliss 60"" 315Y",BNY SUBSTRATES,PAPER,"60"" Roll",63 Linear Feet,63,1.21,76.23,30 inches,2,XIA,300dpi,,Print,Invoiced,Invoiced,2720240,10/23/2025,COCONNOR@FSCO.COM,,,10,
F0011647-2,F0011647,2,MTO (F0011647),F. SCHUMACHER & CO - MTO,,,Rolling Hills,Rolling Hills - 5012630 (MochaNeutral)),"BNYCPG7100 60"" 210Y",BNY SUBSTRATES,PAPER,"60"" Roll",303 Linear Feet,303,1.84,557.52,60 inches,1,EMBER,300dpi,,Print,Invoiced,Invoiced,2700038,10/17/2025,COCONNOR@FSCO.COM,,,10,
F0004069-1,F0004069,1,Paper (F0004069),F. SCHUMACHER & CO - NEW GOODS,,,Fly Fishing,Fly Fishing 5016992 (Russet),"BNYCPG7100 60"" 210Y",BNY SUBSTRATES,PAPER,"60"" Roll",465 Linear Feet,465,0.01,3.85,30 inches,2,Sasha,,,Print,Invoiced,Invoiced,1982366,2/12/2025,JMCDONOUGH2011@GMAIL.COM,,,,
F0004071-1,F0004071,1,Paper (F0004071),F. SCHUMACHER & CO - NEW GOODS,,,Fly Fishing,Fly Fishing 5016990 (Ivory),"BNYCPG7100 60"" 210Y",BNY SUBSTRATES,PAPER,"60"" Roll",420 Linear Feet,420,0.01,3.48,30 inches,2,Sasha,,,Print,Invoiced,Invoiced,1989320,2/14/2025,COCONNOR@FSCO.COM,,,,
F0004074-1,F0004074,1,Memos (F0004074),F. SCHUMACHER & CO - NEW GOODS,,,Fly Fishing Memos,Fly Fishing Memos MS5016990 (Ivory),Omni 7100,BNY SUBSTRATES,PAPER,"60"" Roll",252 Linear Feet,252,0.02,4.64,2.4 inches,25,Glow,,,Print,Invoiced,Invoiced,1989334,2/14/2025,COCONNOR@FSCO.COM,,,,
F0004076-1,F0004076,1,Paper (F0004076),F. SCHUMACHER & CO - NEW GOODS,,,Fly Fishing,Fly Fishing 5016991 (Forest Green),"BNYCPG7100 60"" 210Y",BNY SUBSTRATES,PAPER,"60"" Roll",75 Linear Feet,75,0.01,0.62,30 inches,2,Sasha,,,Print,Invoiced,Invoiced,1973065,2/7/2025,COCONNOR@FSCO.COM,,,,
F0004166-1,F0004166,1,Memos (F0004166),F. SCHUMACHER & CO - NEW GOODS,,,JAMIE'S TROPHIES,JAMIE'S TROPHIES - MS5017003 (CHARCOAL),PNW5004716 Ivory,PARAMOUNT SUBSTRATES,SISAL,"36"" Roll",1893333.3333 Linear Feet,1893333.333,0.01,10211.73,51 inches,0.7059,Glow,,,Print,Invoiced,Invoiced,1918053,1/10/2025,COCONNOR@FSCO.COM,,,,
F0005368-1,F0005368,1,Memos (F0005368)/S04343,F. SCHUMACHER & CO - MEMOS,,,Chinoiserie Moderne Memos,Chinoiserie Moderne Memos - MS5011650 (Blue),"BNYCPG7100 60"" 210Y",BNY SUBSTRATES,PAPER,"60"" Roll",150 Linear Feet,150,0.01,1.24,4.8 inches,12,Glow,,,Print,Invoiced,Invoiced,1957851,1/31/2025,COCONNOR@FSCO.COM,,,,
F0005380-1,F0005380,1,Memos (F0005380)/S04343,F. SCHUMACHER & CO - MEMOS,,,Agua De Coco Memos,Agua De Coco Memos - MS5017241 (Sunbleached Ochre),"BNYCPG7100 60"" 210Y",BNY SUBSTRATES,PAPER,"60"" Roll",150 Linear Feet,150,0.01,1.24,4.8 inches,12,Glow,,,Print,Invoiced,Invoiced,1957853,1/31/2025,COCONNOR@FSCO.COM,,,,
F0005510-1,F0005510,1,CONTRACT WALLPAPER,Serena & Lily,,,Wisley Peel & Stick SL-WPE-VIN (Vintage Indigo),Wisley Peel & Stick SL-WPE-VIN (Vintage Indigo),"BNYDG2061 60"" 250Y",BNY SUBSTRATES,PAPER,"60"" Roll",100 Linear Feet,100,1.67,167,30 inches,2,Bianca,,,Print,Invoiced,Invoiced,1943991,1/24/2025,COCONNOR@FSCO.COM,,,,
F0005791-1,F0005791,1,Custom MTO (F0005791),F. SCHUMACHER & CO. CUSTOM MTO,,,Erisimo,Erisimo - 5012112 (Blue),"BNYCPG7100 60"" 210Y",BNY SUBSTRATES,PAPER,"60"" Roll",30004.1667 Linear Feet,30004.1667,0.01,248.61,28.5 inches,2,Sasha,,,Print,Invoiced,Invoiced,1931186,1/17/2025,COCONNOR@FSCO.COM,,,,
F0005846-1,F0005846,1,Custom MTO (F0005846),F. SCHUMACHER & CO. CUSTOM MTO,,,Erisimo,Erisimo - 5012112 (Blue),"BNYCPG7100 60"" 210Y",BNY SUBSTRATES,PAPER,"60"" Roll",4801.6667 Linear Feet,4801.6667,0.01,39.79,30 inches,2,Sasha,,,Print,Invoiced,Invoiced,1931192,1/17/2025,COCONNOR@FSCO.COM,,,,
F0006882-1,F0006882,1,Regular (F0006882),F. SCHUMACHER & CO - HUB,,,Abelino,Abelino  - 5012080 (Camel&Black),"BNYAhlstrom 60"" 200Y",BNY SUBSTRATES,PAPER,"60"" Roll",300 Linear Feet,300,0.01,3.15,30 inches,2,Sasha,,,Print,Invoiced,Invoiced,2204287,5/12/2025,COCONNOR@FSCO.COM,,,,
F0006976-1,F0006976,1,Regular (F0006976),F. SCHUMACHER & CO - HUB,,,Beatriz,Beatriz  - 5011943 (Sky),"BNYAhlstrom 60"" 200Y",BNY SUBSTRATES,PAPER,"60"" Roll",300 Linear Feet,300,0.01,3.15,30 inches,2,Glow,,,Print,Invoiced,Invoiced,2238376,5/22/2025,COCONNOR@FSCO.COM,,,,
F0007605-1,F0007605,1,Memos (F0007605),F. SCHUMACHER & CO - MEMOS,,,Les Oiseaux Panel Set Memos,Les Oiseaux Panel Set Memos - MS5015152 (Jade),"BNYNeuKaliss 60"" 315Y",BNY SUBSTRATES,PAPER,"60"" Roll",279.7251 Linear Feet,279.7251,1.19,332.87,17.1 inches,3,Bianca,300dpi,,Print,Invoiced,Invoiced,2402639,7/18/2025,COCONNOR@FSCO.COM,,,,
F0007663-1,F0007663,1,Memos (F0007663),F. SCHUMACHER & CO - MEMOS,,,Madame De Pompadour Memos,Madame De Pompadour Memos - MS5008545 (Grey),"BNYNeuKaliss 60"" 315Y",BNY SUBSTRATES,PAPER,"60"" Roll",105.2082 Linear Feet,105.2082,0.4,42.44,14.1 inches,4,Dakota Kai,,,Print,Invoiced,Invoiced,2212872,5/14/2025,COCONNOR@FSCO.COM,,,,
F0007801-1,F0007801,1,Memos (F0007801),F. SCHUMACHER & CO - MEMOS,,,Sunlit Palm Sisal Memos,Sunlit Palm Sisal Memos - MS5012041 (Wheat),PNW5004716 Ivory,PARAMOUNT SUBSTRATES,SISAL,"36"" Roll",196.2249 Linear Feet,196.2249,0.01,1.09,10.1 inches,3,Ruby,600dpi,,Print,Invoiced,Invoiced,2424091,7/25/2025,SARAH,,,,
F0007805-1,F0007805,1,Memos (F0007805),F. SCHUMACHER & CO - MEMOS,,,Enzo Sisal Eng. Memos,Enzo Sisal Eng. Memos - MS5013051 (DarkNeutral),PNW5004716 Ivory,PARAMOUNT SUBSTRATES,SISAL,"36"" Roll",40.7751 Linear Feet,40.7751,0.01,0.23,10.1 inches,3,Ruby,600dpi,,Print,Invoiced,Invoiced,2489809,8/15/2025,COCONNOR@FSCO.COM,,,,
F0007812-1,F0007812,1,Memos (F0007812),F. SCHUMACHER & CO - MEMOS,,,Le Grand Tour Memos,Le Grand Tour Memos - MS5014292 (EnglishGreen),"BNYCPG7100 60"" 210Y",BNY SUBSTRATES,PAPER,"60"" Roll",279.7251 Linear Feet,279.7251,1.84,514.69,17.1 inches,3,Trish,4p,,Print,Invoiced,Invoiced,2679353,10/10/2025,SHELBY,,,,
F0008295-1,F0008295,1,MTO (F0008295),F. SCHUMACHER & CO - MTO,,,Watercolor Stripe,Watercolor Stripe  - 5011573 (Blush),"BNYAhlstrom 60"" 200Y",BNY SUBSTRATES,PAPER,"60"" Roll",33 Linear Feet,33,0.01,0.35,30 inches,2,Glow,,,Print,Invoiced,Invoiced,2245231,5/23/2025,COCONNOR@FSCO.COM,,,,
F0008715-1,F0008715,1,Memos (F0008715),F. SCHUMACHER & CO - MEMOS,,,Arita Floral Memos,Arita Floral Memos - MS5009142 (Rose),"BNYCPG7100 60"" 210Y",BNY SUBSTRATES,PAPER,"60"" Roll",60.6 Linear Feet,60.6,1.84,111.5,8.1 inches,7,XIA,300dpi,,Print,Invoiced,Invoiced,2485360,8/14/2025,COCONNOR@FSCO.COM,,,,
F0008726-1,F0008726,1,Memos (F0008726),F. SCHUMACHER & CO - MEMOS,,,Leonidis Stripe Memos,Leonidis Stripe Memos - MS5016461 (Green),"BNYCPG7100 60"" 210Y",BNY SUBSTRATES,PAPER,"60"" Roll",60.6 Linear Feet,60.6,1.84,111.5,8.1 inches,7,Glow,4p,,Print,Invoiced,Invoiced,2574554,9/11/2025,SREMSON@PARAMOUNTPRINTS.COM,,,,
F0008728-1,F0008728,1,Memos (F0008728),F. SCHUMACHER & CO - MEMOS,,,Turini Memos,Turini Memos - MS5014890 (BrightMulti),"BNYNeuKaliss 60"" 315Y",BNY SUBSTRATES,PAPER,"60"" Roll",140.5584 Linear Feet,140.5584,1.19,167.26,17.1 inches,3,Bianca,300dpi,,Print,Invoiced,Invoiced,2402553,7/18/2025,COCONNOR@FSCO.COM,,,,
F0008835-1,F0008835,1,Memos (F0008835),F. SCHUMACHER & CO - MEMOS,,,Thistle Memos,Thistle Memos - MS5011430 (Ivory),"BNYNeuKaliss 60"" 315Y",BNY SUBSTRATES,PAPER,"60"" Roll",105.2082 Linear Feet,105.2082,1.19,125.2,14.1 inches,4,Bianca,300dpi,,Print,Invoiced,Invoiced,2402554,7/18/2025,COCONNOR@FSCO.COM,,,,
F0008844-1,F0008844,1,Memos (F0008844),F. SCHUMACHER & CO - MEMOS,,,Le Citron Memos,Le Citron Memos - MS5014281 (Sky),"BNYCPG7100 60"" 210Y",BNY SUBSTRATES,PAPER,"60"" Roll",105.2082 Linear Feet,105.2082,1.84,193.58,14.1 inches,4,XIA,300dpi,,Print,Invoiced,Invoiced,2485365,8/14/2025,COCONNOR@FSCO.COM,,,,
F0008845-1,F0008845,1,Memos (F0008845),F. SCHUMACHER & CO - MEMOS,,,Prousts Lilacs Memos,Prousts Lilacs Memos - MS5014310 (Purple),"BNYCPG7100 60"" 210Y",BNY SUBSTRATES,PAPER,"60"" Roll",6 Linear Feet,6,1.84,11.04,17.1 inches,3,Glow,4p,,Print,Invoiced,Invoiced,2538597,8/29/2025,SHELBY,,,,
F0008846-1,F0008846,1,Memos (F0008846),F. SCHUMACHER & CO - MEMOS,,,Prousts Lilacs Memos,Prousts Lilacs Memos - MS5014311 (Blue),"BNYCPG7100 60"" 210Y",BNY SUBSTRATES,PAPER,"60"" Roll",140.5584 Linear Feet,140.5584,1.84,258.63,17.1 inches,3,Glow,4p,,Print,Invoiced,Invoiced,2538599,8/29/2025,SHELBY,,,,
F0008847-1,F0008847,1,Memos (F0008847),F. SCHUMACHER & CO - MEMOS,,,Canopy Memos,Canopy Memos - MS5014830 (BlueBirds),"BNYNeuKaliss 60"" 315Y",BNY SUBSTRATES,PAPER,"60"" Roll",105.2082 Linear Feet,105.2082,1.19,125.2,14.1 inches,4,Bianca,300dpi,,Print,Invoiced,Invoiced,2402555,7/18/2025,COCONNOR@FSCO.COM,,,,
F0008851-1,F0008851,1,Memos (F0008851),F. SCHUMACHER & CO - MEMOS,,,Hyperion Sisal Memos,Hyperion Sisal Memos - MS5016911 (Peach),PNW5004716 Ivory,PARAMOUNT SUBSTRATES,SISAL,"36"" Roll",35.8665 Linear Feet,35.8665,4.78,171.44,17.1 inches,2,Ruby,600dpi,,Print,Invoiced,Invoiced,2606403,9/19/2025,JEANNE,,,,
F0008852-1,F0008852,1,Memos (F0008852),F. SCHUMACHER & CO - MEMOS,,,A Palm Is A Palm Sisal Memos,A Palm Is A Palm Sisal Memos - MS5016961 (Daylight Evergreen),PNW5004716 Ivory,PARAMOUNT SUBSTRATES,SISAL,"36"" Roll",7.2249 Linear Feet,7.2249,4.78,34.54,10.1 inches,3,Ruby,600dpi,,Print,Invoiced,Invoiced,2535862,8/29/2025,JEANNE,,,,
F0008853-1,F0008853,1,Memos (F0008853),F. SCHUMACHER & CO - MEMOS,,,JAMIE'S TROPHIES,JAMIE'S TROPHIES - MS5017002 (SKY),PNW5004716 Ivory,PARAMOUNT SUBSTRATES,SISAL,"36"" Roll",196.2249 Linear Feet,196.2249,0.01,1.09,10.1 inches,3,EMBER,300dpi,,Print,Invoiced,Invoiced,2628122,9/26/2025,JEANNE,,,,
F0008856-1,F0008856,1,Memos (F0008856),F. SCHUMACHER & CO - MEMOS,,,Wisteria Sisal Memos,Wisteria Sisal Memos - MS5013701 (Amber & Rose),PNW5004716 Ivory,PARAMOUNT SUBSTRATES,SISAL,"36"" Roll",196.2249 Linear Feet,196.2249,0.01,1.09,10.1 inches,3,Ruby,600dpi,,Print,Invoiced,Invoiced,2589519,9/16/2025,COCONNOR@FSCO.COM,,,,
F0009199-1,F0009199,1,Memos (F0009199),F. SCHUMACHER & CO - MEMOS,,,JAMIE'S TROPHIES,JAMIE'S TROPHIES - MS5017000 (FOREST GREEN),PNW5004716 Ivory,PARAMOUNT SUBSTRATES,SISAL,"36"" Roll",196.2249 Linear Feet,196.2249,4.78,937.96,10.1 inches,3,EMBER,300dpi,,Print,Invoiced,Invoiced,2612926,9/23/2025,JEANNE,,,,
F0009200-1,F0009200,1,Memos (F0009200),F. SCHUMACHER & CO - MEMOS,,,JAMIE'S TROPHIES,JAMIE'S TROPHIES - MS5017001 (NATURAL),PNW5004716 Ivory,PARAMOUNT SUBSTRATES,SISAL,"36"" Roll",4.9086 Linear Feet,4.9086,4.78,23.46,10.1 inches,3,EMBER,300dpi,,Print,Invoiced,Invoiced,2618534,9/24/2025,JEANNE,,,,
F0009202-1,F0009202,1,Memos (F0009202),F. SCHUMACHER & CO - MEMOS,,,Emma Stripe Memos,Emma Stripe Memos - MS5017212 (Seaglass),"BNYCPG7100 60"" 210Y",BNY SUBSTRATES,PAPER,"60"" Roll",11.6334 Linear Feet,11.6334,1.84,21.41,6.1 inches,9,XIA,300dpi,,Print,Invoiced,Invoiced,2485370,8/14/2025,COCONNOR@FSCO.COM,,,,
F0009208-1,F0009208,1,Memos (F0009208),F. SCHUMACHER & CO - MEMOS,,,Arita Floral Memos,Arita Floral Memos - MS5009140 (Porcelain),"BNYCPG7100 60"" 210Y",BNY SUBSTRATES,PAPER,"60"" Roll",60.6 Linear Feet,60.6,1.84,111.5,8.1 inches,7,Glow,4p,,Print,Invoiced,Invoiced,2574555,9/11/2025,SREMSON@PARAMOUNTPRINTS.COM,,,,
F0009528-1,F0009528,1,Memos (F0007664) (F0009528),F. SCHUMACHER & CO - MEMOS,,,Ocean Toile Memos,Ocean Toile Memos - MS5008720 (Delft),"BNYNeuKaliss 60"" 315Y",BNY SUBSTRATES,PAPER,"60"" Roll",105.2082 Linear Feet,105.2082,1.19,125.2,14.1 inches,4,Dakota Kai,300dpi,,Print,Invoiced,Invoiced,2402638,7/18/2025,COCONNOR@FSCO.COM,,,,
F0009807-1,F0009807,1,Custom MTO (F0009807),F. SCHUMACHER & CO. CUSTOM MTO,,,Custom Bone Frame,Custom Bone Frame - 850132 (Custom Yellows),"BNYCPG7100 60"" 210Y",BNY SUBSTRATES,PAPER,"60"" Roll",273 Linear Feet,273,1.84,502.32,30 inches,2,XIA,300dpi,,Print,Invoiced,Invoiced,2489775,8/15/2025,COCONNOR@FSCO.COM,,,,
F0010855-1,F0010855,1,Regular (F0010855),F. SCHUMACHER & CO - HUB,,,Lupita,Lupita - 5013760 (Multi On Navy),"BNYCPG7100 60"" 210Y",BNY SUBSTRATES,PAPER,"60"" Roll",165 Linear Feet,165,1.84,303.6,30 inches,2,Trish,4p,,Print,Invoiced,Invoiced,2654479,10/3/2025,COCONNOR@FSCO.COM,,,,
F0010870-1,F0010870,1,Memos (F0010870),F. SCHUMACHER & CO - MEMOS,,,Marella Memos,Marella Memos - MS5008800 (Rose),"BNYCPG7100 60"" 210Y",BNY SUBSTRATES,PAPER,"60"" Roll",43.8 Linear Feet,43.8,1.84,80.59,14.1 inches,4,Glow,4p,,Print,Invoiced,Invoiced,2574557,9/11/2025,SREMSON@PARAMOUNTPRINTS.COM,,,,
F0011274-1,F0011274,1,Custom (F0011274),Tillett Textiles,,,"Custom 2"" WC","Custom 2"" WC - TT9825-WC (Custom)","BNYCPG7100 60"" 210Y",BNY SUBSTRATES,PAPER,"60"" Roll",15.7251 Linear Feet,15.7251,1.84,28.93,30 inches,2,Bianca,300dpi,,Print,Invoiced,Invoiced,2692480,10/15/2025,BLAWLOR@FSCO.COM,,,1,
F0006087-1,F0006087,1,Peel & Stick (F0006087),F. SCHUMACHER & CO - HUB,,,Joana Avillez's Street Scenes,Joana Avillez's Street Scenes - 5016170 (MulticolorOnWhite),"BNYDG2061 60"" 250Y",BNY SUBSTRATES,PAPER,"60"" Roll",750 Linear Feet,750,5.01,3757.5,30 inches,2,Bianca,,,Print,Invoiced,Invoiced,2318743,6/18/2025,SARAH,,,10,
F0007619-1,F0007619,1,Regular (F0007619),F. SCHUMACHER & CO - HUB,,,Balloons,Balloons - 5012790 (Blue),"BNYCPG7100 60"" 210Y",BNY SUBSTRATES,PAPER,"60"" Roll",210 Linear Feet,210,1.84,386.4,30 inches,2,Trish,4p,,Print,Invoiced,Invoiced,2679344,10/10/2025,SHELBY,,,10,
F0007880-1,F0007880,1,Regular (F0007880),F. SCHUMACHER & CO - HUB,,,Sea Grapes,Sea Grapes  - 5011730 (Palm),"BNYCPG7100 60"" 210Y",BNY SUBSTRATES,PAPER,"60"" Roll",510 Linear Feet,510,1.84,938.4,30 inches,2,Glow,4p,,Print,Invoiced,Invoiced,2446678,8/1/2025,SHELBY,,,10,
F0007883-1,F0007883,1,Regular (F0007883),F. SCHUMACHER & CO - HUB,,,Erisimo,Erisimo - 5012112 (Blue),"BNYCPG7100 60"" 210Y",BNY SUBSTRATES,PAPER,"60"" Roll",251.2749 Linear Feet,251.2749,1.84,462.35,30 inches,2,Sasha,4p,,Print,Invoiced,Invoiced,2710356,10/21/2025,COCONNOR@FSCO.COM,,,10,
F0008880-1,F0008880,1,MTO (F0008880),F. SCHUMACHER & CO - MTO,,,Luminaries,Luminaries - 5016010 (ClearBlue),"BNYNeuKaliss 60"" 315Y",BNY SUBSTRATES,PAPER,"60"" Roll",63 Linear Feet,63,1.19,74.97,30 inches,2,LASH,300dpi,,Print,Invoiced,Invoiced,2402622,7/18/2025,COCONNOR@FSCO.COM,,,10,
F0008892-1,F0008892,1,MTO (F0008892),F. SCHUMACHER & CO - MTO,,,Colline,Colline - 5014222 (Delft&Sepia),"BNYNeuKaliss 60"" 315Y",BNY SUBSTRATES,PAPER,"60"" Roll",18.8934 Linear Feet,18.8934,1.19,22.48,30 inches,2,LASH,300dpi,,Print,Invoiced,Invoiced,2402624,7/18/2025,COCONNOR@FSCO.COM,,,10,
F0008985-1,F0008985,1,Regular (F0008985),F. SCHUMACHER & CO - HUB,,,Fly Fishing,Fly Fishing 5016990 (Ivory),"BNYCPG7100 60"" 210Y",BNY SUBSTRATES,PAPER,"60"" Roll",1065 Linear Feet,1065,1.84,1959.6,30 inches,2,Trish,4p,,Print,Invoiced,Invoiced,2442080,7/31/2025,COCONNOR@FSCO.COM,,,10,
F0009114-1,F0009114,1,Regular (F0009114),F. SCHUMACHER & CO - HUB,,,Good Dogs Everywhere,Good Dogs Everywhere - 5016132 (SkyNavyBlue),"BNYCPG7100 60"" 210Y",BNY SUBSTRATES,PAPER,"60"" Roll",271.1667 Linear Feet,271.1667,1.84,498.95,30 inches,2,Glow,4p,,Print,Invoiced,Invoiced,2442089,7/31/2025,COCONNOR@FSCO.COM,,,10,
F0009115-1,F0009115,1,Regular (F0009115),F. SCHUMACHER & CO - HUB,,,Marwari Horse,Marwari Horse - 5011132 (Pink),"BNYNeuKaliss 60"" 315Y",BNY SUBSTRATES,PAPER,"60"" Roll",450 Linear Feet,450,1.19,535.5,30 inches,2,Glow,4p,,Print,Invoiced,Invoiced,2402562,7/18/2025,COCONNOR@FSCO.COM,,,10,
F0009339-1,F0009339,1,MTO (F0009339),F. SCHUMACHER & CO - MTO,,,Emma Stripe,Emma Stripe - 5017218 (Petal),"BNYCPG7100 60"" 210Y",BNY SUBSTRATES,PAPER,"60"" Roll",33 Linear Feet,33,1.84,60.72,30 inches,2,XIA,300dpi,,Print,Invoiced,Invoiced,2456280,8/6/2025,COCONNOR@FSCO.COM,,,10,
F0009359-1,F0009359,1,MTO (F0009359),F. SCHUMACHER & CO - MTO,,,Luminaries,Luminaries - 5016010 (ClearBlue),"BNYNeuKaliss 60"" 315Y",BNY SUBSTRATES,PAPER,"60"" Roll",153 Linear Feet,153,1.19,182.07,30 inches,2,LASH,300dpi,,Print,Invoiced,Invoiced,2402627,7/18/2025,COCONNOR@FSCO.COM,,,10,
F0009378-1,F0009378,1,MTO (F0009378),F. SCHUMACHER & CO - MTO,,,Good Dogs Everywhere,Good Dogs Everywhere - 5016132 (SkyNavyBlue),"BNYCPG7100 60"" 210Y",BNY SUBSTRATES,PAPER,"60"" Roll",63 Linear Feet,63,1.84,115.92,30 inches,2,Glow,4p,,Print,Invoiced,Invoiced,2442090,7/31/2025,COCONNOR@FSCO.COM,,,10,
F0009437-1,F0009437,1,MTO (F0009437),F. SCHUMACHER & CO - MTO,,,Marwari Horse,Marwari Horse - 5011132 (Pink),"BNYNeuKaliss 60"" 315Y",BNY SUBSTRATES,PAPER,"60"" Roll",33 Linear Feet,33,1.19,39.27,30 inches,2,Glow,4p,,Print,Invoiced,Invoiced,2402565,7/18/2025,COCONNOR@FSCO.COM,,,10,
F0009547-1,F0009547,1,Regular (F0009547),F. SCHUMACHER & CO - HUB,,,A-twitter,A-twitter - 5005031 (Summer),"BNYCPG7100 60"" 210Y",BNY SUBSTRATES,PAPER,"60"" Roll",198.7251 Linear Feet,198.7251,1.84,365.65,30 inches,2,Bianca,300dpi,,Print,Invoiced,Invoiced,2711671,10/21/2025,BLAWLOR@FSCO.COM,,,10,
F0009555-1,F0009555,1,Regular (F0009555),F. SCHUMACHER & CO - HUB,,,Fly Fishing,Fly Fishing 5016991 (Forest Green),"BNYCPG7100 60"" 210Y",BNY SUBSTRATES,PAPER,"60"" Roll",480 Linear Feet,480,1.84,883.2,30 inches,2,Glow,4p,,Print,Invoiced,Invoiced,2538590,8/29/2025,SHELBY,,,10,
F0009628-1,F0009628,1,Regular (F0009628),F. SCHUMACHER & CO - HUB,,,A-twitter,A-twitter - 5005033 (Soft Multi),"BNYCPG7100 60"" 210Y",BNY SUBSTRATES,PAPER,"60"" Roll",675 Linear Feet,675,1.84,1242,30 inches,2,Trish,4p,,Print,Invoiced,Invoiced,2606905,9/19/2025,COCONNOR@FSCO.COM,,,10,
F0009632-1,F0009632,1,Regular (F0009632),F. SCHUMACHER & CO - HUB,,,Aviary,Aviary - 5012780 (SoftMulti),"BNYCPG7100 60"" 210Y",BNY SUBSTRATES,PAPER,"60"" Roll",33 Linear Feet,33,1.84,60.72,30 inches,2,Trish,4p,,Print,Invoiced,Invoiced,2510990,8/22/2025,COCONNOR@FSCO.COM,,,10,
F0009658-1,F0009658,1,MTO (F0009658),F. SCHUMACHER & CO - MTO,,,Emma Stripe Narrow,Emma Stripe Narrow - 5017197 (Neutral),"BNYCPG7100 60"" 210Y",BNY SUBSTRATES,PAPER,"60"" Roll",63 Linear Feet,63,1.84,115.92,30 inches,2,XIA,300dpi,,Print,Invoiced,Invoiced,2485372,8/14/2025,COCONNOR@FSCO.COM,,,10,
F0009727-1,F0009727,1,MTO (F0009727),F. SCHUMACHER & CO - MTO,,,Fly Fishing,Fly Fishing 5016990 (Ivory),"BNYCPG7100 60"" 210Y",BNY SUBSTRATES,PAPER,"60"" Roll",33 Linear Feet,33,1.84,60.72,30 inches,2,Trish,4p,,Print,Invoiced,Invoiced,2442081,7/31/2025,COCONNOR@FSCO.COM,,,10,
F0009735-1,F0009735,1,MTO (F0009735),F. SCHUMACHER & CO - MTO,,,Fly Fishing,Fly Fishing 5016990 (Ivory),"BNYCPG7100 60"" 210Y",BNY SUBSTRATES,PAPER,"60"" Roll",93 Linear Feet,93,1.84,171.12,30 inches,2,Trish,4p,,Print,Invoiced,Invoiced,2442083,7/31/2025,COCONNOR@FSCO.COM,,,10,
F0009738-1,F0009738,1,MTO (F0009738),F. SCHUMACHER & CO - MTO,,,Sea Grapes,Sea Grapes  - 5011730 (Palm),"BNYCPG7100 60"" 210Y",BNY SUBSTRATES,PAPER,"60"" Roll",93 Linear Feet,93,1.84,171.12,30 inches,2,Glow,4p,,Print,Invoiced,Invoiced,2446685,8/1/2025,SHELBY,,,10,
F0009768-1,F0009768,1,Regular (F0009768),F. SCHUMACHER & CO - HUB,,,Good Dogs Everywhere,Good Dogs Everywhere - 5016130 (BlackWhite),"BNYCPG7100 60"" 210Y",BNY SUBSTRATES,PAPER,"60"" Roll",237 Linear Feet,237,1.84,436.08,30 inches,2,Glow,4p,,Print,Invoiced,Invoiced,2707274,10/20/2025,BLAWLOR@FSCO.COM,,,10,
F0009865-1,F0009865,1,MTO (F0009865),F. SCHUMACHER & CO - MTO,,,Good Dogs Everywhere,Good Dogs Everywhere - 5016132 (SkyNavyBlue),"BNYCPG7100 60"" 210Y",BNY SUBSTRATES,PAPER,"60"" Roll",33 Linear Feet,33,1.84,60.72,30 inches,2,Glow,4p,,Print,Invoiced,Invoiced,2442091,7/31/2025,COCONNOR@FSCO.COM,,,10,
F0009884-1,F0009884,1,MTO (F0009884),F. SCHUMACHER & CO - MTO,,,Fly Fishing,Fly Fishing 5016990 (Ivory),"BNYCPG7100 60"" 210Y",BNY SUBSTRATES,PAPER,"60"" Roll",33 Linear Feet,33,1.84,60.72,30 inches,2,Trish,4p,,Print,Invoiced,Invoiced,2442084,7/31/2025,COCONNOR@FSCO.COM,,,10,
F0009899-1,F0009899,1,MTO (F0009899),F. SCHUMACHER & CO - MTO,,,Emma Stripe Narrow,Emma Stripe Narrow - 5017197 (Neutral),"BNYCPG7100 60"" 210Y",BNY SUBSTRATES,PAPER,"60"" Roll",123 Linear Feet,123,1.84,226.32,30 inches,2,XIA,300dpi,,Print,Invoiced,Invoiced,2485375,8/14/2025,COCONNOR@FSCO.COM,,,10,
F0009937-1,F0009937,1,MTO (F0009937),F. SCHUMACHER & CO - MTO,,,Emma Stripe,Emma Stripe - 5017218 (Petal),"BNYCPG7100 60"" 210Y",BNY SUBSTRATES,PAPER,"60"" Roll",63 Linear Feet,63,1.84,115.92,30 inches,2,XIA,300dpi,,Print,Invoiced,Invoiced,2456290,8/6/2025,COCONNOR@FSCO.COM,,,10,
F0009977-1,F0009977,1,MTO (F0009977),F. SCHUMACHER & CO - MTO,,,Emma Stripe Narrow,Emma Stripe Narrow - 5017196 (Yellow),"BNYCPG7100 60"" 210Y",BNY SUBSTRATES,PAPER,"60"" Roll",93 Linear Feet,93,1.84,171.12,30 inches,2,XIA,300dpi,,Print,Invoiced,Invoiced,2485376,8/14/2025,COCONNOR@FSCO.COM,,,10,
F0010059-1,F0010059,1,MTO (F0010059),F. SCHUMACHER & CO - MTO,,,Emma Stripe Narrow,Emma Stripe Narrow - 5017196 (Yellow),"BNYCPG7100 60"" 210Y",BNY SUBSTRATES,PAPER,"60"" Roll",63 Linear Feet,63,1.84,115.92,30 inches,2,XIA,300dpi,,Print,Invoiced,Invoiced,2485377,8/14/2025,COCONNOR@FSCO.COM,,,10,
F0010209-1,F0010209,1,MTO (F0010209),F. SCHUMACHER & CO - MTO,,,Emma Stripe,Emma Stripe - 5017210 (Sky),"BNYCPG7100 60"" 210Y",BNY SUBSTRATES,PAPER,"60"" Roll",33 Linear Feet,33,1.84,60.72,30 inches,2,XIA,300dpi,,Print,Invoiced,Invoiced,2538589,8/29/2025,JEANNE,,,10,
F0010241-1,F0010241,1,Regular (F0010241),F. SCHUMACHER & CO - HUB,,,Chinoiserie Moderne,Chinoiserie Moderne - 5011651 (Pink),"BNYCPG7100 60"" 210Y",BNY SUBSTRATES,PAPER,"60"" Roll",80.475 Linear Feet,80.475,1.84,148.07,30 inches,2,Trish,4p,,Print,Invoiced,Invoiced,2589723,9/16/2025,COCONNOR@FSCO.COM,,,10,
F0010379-1,F0010379,1,MTO (F0010379),F. SCHUMACHER & CO - MTO,,,Emma Stripe Narrow,Emma Stripe Narrow - 5017190 (Sky),"BNYCPG7100 60"" 210Y",BNY SUBSTRATES,PAPER,"60"" Roll",123 Linear Feet,123,1.84,226.32,30 inches,2,XIA,300dpi,,Print,Invoiced,Invoiced,2538591,8/29/2025,JEANNE,,,10,
F0010401-1,F0010401,1,Regular (F0010401),F. SCHUMACHER & CO - HUB,,,Erisimo,Erisimo - 5012111 (Neutral),"BNYCPG7100 60"" 210Y",BNY SUBSTRATES,PAPER,"60"" Roll",243 Linear Feet,243,1.84,447.12,30 inches,2,Sasha,4p,,Print,Invoiced,Invoiced,2638183,9/30/2025,XIACHEN,,,10,
F0010406-1,F0010406,1,Regular (F0010406),F. SCHUMACHER & CO - HUB,,,Covey Hedge,Covey Hedge - 5016070 (Midnight),"BNYCPG7100 60"" 210Y",BNY SUBSTRATES,PAPER,"60"" Roll",159 Linear Feet,159,1.84,292.56,30 inches,2,Sasha,4p,,Print,Invoiced,Invoiced,2651408,10/3/2025,SUSAN,,,10,
F0010593-1,F0010593,1,MTO (F0010593),F. SCHUMACHER & CO - MTO,,,Emma Stripe,Emma Stripe - 5017218 (Petal),"BNYCPG7100 60"" 210Y",BNY SUBSTRATES,PAPER,"60"" Roll",93 Linear Feet,93,1.84,171.12,30 inches,2,XIA,300dpi,,Print,Invoiced,Invoiced,2566856,9/9/2025,JOE,,,10,
F0010594-1,F0010594,1,MTO (F0010594),F. SCHUMACHER & CO - MTO,,,Emma Stripe,Emma Stripe - 5017213 (Teal),"BNYCPG7100 60"" 210Y",BNY SUBSTRATES,PAPER,"60"" Roll",33 Linear Feet,33,1.84,60.72,30 inches,2,EMBER,300dpi,,Print,Invoiced,Invoiced,2564500,9/9/2025,JEANNE,,,10,
F0010595-1,F0010595,1,MTO (F0010595),F. SCHUMACHER & CO - MTO,,,Emma Stripe Narrow,Emma Stripe Narrow - 5017195 (Teal),"BNYCPG7100 60"" 210Y",BNY SUBSTRATES,PAPER,"60"" Roll",258 Linear Feet,258,1.84,474.72,30 inches,2,XIA,300dpi,,Print,Invoiced,Invoiced,2569567,9/10/2025,JOE,,,10,
F0010597-1,F0010597,1,MTO (F0010597),F. SCHUMACHER & CO - MTO,,,Emma Stripe,Emma Stripe - 5017218 (Petal),"BNYCPG7100 60"" 210Y",BNY SUBSTRATES,PAPER,"60"" Roll",48 Linear Feet,48,1.84,88.32,30 inches,2,XIA,300dpi,,Print,Invoiced,Invoiced,2565253,9/9/2025,JOE,,,10,
F0010598-1,F0010598,1,MTO (F0010598),F. SCHUMACHER & CO - MTO,,,Emma Stripe Narrow,Emma Stripe Narrow - 5017195 (Teal),"BNYCPG7100 60"" 210Y",BNY SUBSTRATES,PAPER,"60"" Roll",18 Linear Feet,18,1.84,33.12,30 inches,2,EMBER,300dpi,,Print,Invoiced,Invoiced,2564497,9/9/2025,JEANNE,,,10,
F0010695-1,F0010695,1,MTO (F0010695),F. SCHUMACHER & CO - MTO,,,Emma Stripe Narrow,Emma Stripe Narrow - 5017191 (Chambray),"BNYCPG7100 60"" 210Y",BNY SUBSTRATES,PAPER,"60"" Roll",48 Linear Feet,48,1.84,88.32,30 inches,2,XIA,300dpi,,Print,Invoiced,Invoiced,2569256,9/10/2025,JOE,,,10,
F0010711-1,F0010711,1,MTO (F0010711),F. SCHUMACHER & CO - MTO,,,Emma Stripe Narrow,Emma Stripe Narrow - 5017197 (Neutral),"BNYCPG7100 60"" 210Y",BNY SUBSTRATES,PAPER,"60"" Roll",6 Linear Feet,6,1.84,11.04,30 inches,2,XIA,300dpi,,Print,Invoiced,Invoiced,2576998,9/11/2025,JOE,,,10,
F0010717-1,F0010717,1,MTO (F0010717),F. SCHUMACHER & CO - MTO,,,Emma Stripe Narrow,Emma Stripe Narrow - 5017197 (Neutral),"BNYCPG7100 60"" 210Y",BNY SUBSTRATES,PAPER,"60"" Roll",63 Linear Feet,63,1.84,115.92,30 inches,2,XIA,300dpi,,Print,Invoiced,Invoiced,2575179,9/11/2025,JOE,,,10,
F0010820-1,F0010820,1,Regular (F0010820),F. SCHUMACHER & CO - HUB,,,Covey Hedge,Covey Hedge - 5016071 (Forest),"BNYCPG7100 60"" 210Y",BNY SUBSTRATES,PAPER,"60"" Roll",39 Linear Feet,39,1.84,71.76,30 inches,2,Sasha,4p,,Print,Invoiced,Invoiced,2651410,10/3/2025,SUSAN,,,10,
F0010835-1,F0010835,1,MTO (F0010835),F. SCHUMACHER & CO - MTO,,,Emma Stripe Narrow,Emma Stripe Narrow - 5017190 (Sky),"BNYCPG7100 60"" 210Y",BNY SUBSTRATES,PAPER,"60"" Roll",93 Linear Feet,93,1.84,171.12,30 inches,2,Dakota Kai,300dpi,,Print,Invoiced,Invoiced,2627986,9/26/2025,JOE,,,10,
F0010943-1,F0010943,1,MTO (F0010943),F. SCHUMACHER & CO - MTO,,,Erisimo,Erisimo - 5012111 (Neutral),"BNYCPG7100 60"" 210Y",BNY SUBSTRATES,PAPER,"60"" Roll",186 Linear Feet,186,1.84,342.24,30 inches,2,Sasha,4p,,Print,Invoiced,Invoiced,2638184,9/30/2025,XIACHEN,,,10,
F0011041-1,F0011041,1,MTO (F0011041),F. SCHUMACHER & CO - MTO,,,Emma Stripe Narrow,Emma Stripe Narrow - 5017190 (Sky),"BNYCPG7100 60"" 210Y",BNY SUBSTRATES,PAPER,"60"" Roll",45 Linear Feet,45,1.84,82.8,30 inches,2,Dakota Kai,300dpi,,Print,Invoiced,Invoiced,2627990,9/26/2025,JOE,,,10,
F0011132-1,F0011132,1,MTO (F0011132),F. SCHUMACHER & CO - MTO,,,Covey Hedge,Covey Hedge - 5016070 (Midnight),"BNYCPG7100 60"" 210Y",BNY SUBSTRATES,PAPER,"60"" Roll",123 Linear Feet,123,1.84,226.32,30 inches,2,Sasha,4p,,Print,Invoiced,Invoiced,2651411,10/3/2025,SUSAN,,,10,
F0011134-1,F0011134,1,MTO (F0011134),F. SCHUMACHER & CO - MTO,,,Emma Stripe,Emma Stripe - 5017217 (Yellow),"BNYCPG7100 60"" 210Y",BNY SUBSTRATES,PAPER,"60"" Roll",63 Linear Feet,63,1.84,115.92,30 inches,2,XIA,300dpi,,Print,Invoiced,Invoiced,2651757,10/3/2025,JOE,,,10,
F0011141-1,F0011141,1,MTO (F0011141),F. SCHUMACHER & CO - MTO,,,Covey Hedge,Covey Hedge - 5016071 (Forest),"BNYCPG7100 60"" 210Y",BNY SUBSTRATES,PAPER,"60"" Roll",123 Linear Feet,123,1.84,226.32,30 inches,2,Sasha,4p,,Print,Invoiced,Invoiced,2651412,10/3/2025,SUSAN,,,10,
F0011193-1,F0011193,1,Regular (F0011193),F. SCHUMACHER & CO - HUB,,,A-twitter,A-twitter - 5005032 (Blush),"BNYCPG7100 60"" 210Y",BNY SUBSTRATES,PAPER,"60"" Roll",540 Linear Feet,540,1.84,993.6,30 inches,2,Trish,4p,,Print,Invoiced,Invoiced,2654480,10/3/2025,COCONNOR@FSCO.COM,,,10,
F0011279-1,F0011279,1,MTO (F0011279),F. SCHUMACHER & CO - MTO,,,Emma Stripe,Emma Stripe - 5017222 (Neutral),"BNYCPG7100 60"" 210Y",BNY SUBSTRATES,PAPER,"60"" Roll",123 Linear Feet,123,1.84,226.32,30 inches,2,Dakota Kai,300dpi,,Print,Invoiced,Invoiced,2679386,10/10/2025,JOE,,,10,
F0011342-1,F0011342,1,MTO (F0011342),F. SCHUMACHER & CO - MTO,,,Emma Stripe Narrow,Emma Stripe Narrow - 5017190 (Sky),"BNYCPG7100 60"" 210Y",BNY SUBSTRATES,PAPER,"60"" Roll",48 Linear Feet,48,1.84,88.32,30 inches,2,Dakota Kai,300dpi,,Print,Invoiced,Invoiced,2681193,10/13/2025,JOE,,,10,
F0011385-1,F0011385,1,MTO (F0011015) (F0011385),F. SCHUMACHER & CO - MTO,,,Emma Stripe,Emma Stripe - 5017213 (Teal),"BNYCPG7100 60"" 210Y",BNY SUBSTRATES,PAPER,"60"" Roll",33 Linear Feet,33,1.84,60.72,30 inches,2,Dakota Kai,300dpi,,Print,Invoiced,Invoiced,2654482,10/3/2025,COCONNOR@FSCO.COM,,,10,
F0011386-1,F0011386,1,MTO (F0010974) (F0011386),F. SCHUMACHER & CO - MTO,,,Emma Stripe Narrow,Emma Stripe Narrow - 5017199 (Blush),"BNYCPG7100 60"" 210Y",BNY SUBSTRATES,PAPER,"60"" Roll",12 Linear Feet,12,1.84,22.08,30 inches,2,Dakota Kai,300dpi,,Print,Invoiced,Invoiced,2653994,10/3/2025,JOE,,,10,
F0011387-1,F0011387,1,MTO (F0010968) (F0011387),F. SCHUMACHER & CO - MTO,,,Emma Stripe,Emma Stripe - 5017218 (Petal),"BNYCPG7100 60"" 210Y",BNY SUBSTRATES,PAPER,"60"" Roll",123 Linear Feet,123,1.84,226.32,30 inches,2,Dakota Kai,300dpi,,Print,Invoiced,Invoiced,2654484,10/3/2025,COCONNOR@FSCO.COM,,,10,
F0011390-1,F0011390,1,MTO (F0011390),F. SCHUMACHER & CO - MTO,,,Good Dogs Everywhere,Good Dogs Everywhere - 5016130 (BlackWhite),"BNYCPG7100 60"" 210Y",BNY SUBSTRATES,PAPER,"60"" Roll",93 Linear Feet,93,1.84,171.12,30 inches,2,EMBER,300dpi,,Print,Invoiced,Invoiced,2685573,10/14/2025,JEANNE,,,10,
F0011392-1,F0011392,1,MTO (F0011392),F. SCHUMACHER & CO - MTO,,,Emma Stripe,Emma Stripe - 5017211 (Chambray),"BNYCPG7100 60"" 210Y",BNY SUBSTRATES,PAPER,"60"" Roll",33 Linear Feet,33,1.84,60.72,30 inches,2,EMBER,300dpi,,Print,Invoiced,Invoiced,2685575,10/14/2025,JEANNE,,,10,
F0011465-1,F0011465,1,MTO (F0011465),F. SCHUMACHER & CO - MTO,,,Emma Stripe,Emma Stripe - 5017210 (Sky),"BNYCPG7100 60"" 210Y",BNY SUBSTRATES,PAPER,"60"" Roll",33 Linear Feet,33,1.84,60.72,30 inches,2,EMBER,300dpi,,Print,Invoiced,Invoiced,2685578,10/14/2025,JEANNE,,,10,
F0011510-1,F0011510,1,MTO (F0011510),F. SCHUMACHER & CO - MTO,,,Emma Stripe Narrow,Emma Stripe Narrow - 5017190 (Sky),"BNYCPG7100 60"" 210Y",BNY SUBSTRATES,PAPER,"60"" Roll",48 Linear Feet,48,1.84,88.32,30 inches,2,Dakota Kai,300dpi,,Print,Invoiced,Invoiced,2681197,10/13/2025,JOE,,,10,
F0011518-1,F0011518,1,MTO (F0011518),F. SCHUMACHER & CO - MTO,,,Emma Stripe,Emma Stripe - 5017219 (Blush),"BNYCPG7100 60"" 210Y",BNY SUBSTRATES,PAPER,"60"" Roll",33 Linear Feet,33,1.84,60.72,30 inches,2,Dakota Kai,300dpi,,Print,Invoiced,Invoiced,2703360,10/17/2025,JOE,,,10,
F0011534-1,F0011534,1,MTO (F0011534),F. SCHUMACHER & CO - MTO,,,Emma Stripe Narrow,Emma Stripe Narrow - 5017191 (Chambray),"BNYCPG7100 60"" 210Y",BNY SUBSTRATES,PAPER,"60"" Roll",33 Linear Feet,33,1.84,60.72,30 inches,2,Dakota Kai,300dpi,,Print,Invoiced,Invoiced,2703364,10/17/2025,JOE,,,10,
F0011608-1,F0011608,1,MTO (F0011608),F. SCHUMACHER & CO - MTO,,,Emma Stripe Narrow,Emma Stripe Narrow - 5017190 (Sky),"BNYCPG7100 60"" 210Y",BNY SUBSTRATES,PAPER,"60"" Roll",48 Linear Feet,48,1.84,88.32,30 inches,2,Dakota Kai,300dpi,,Print,Invoiced,Invoiced,2681194,10/13/2025,JOE,,,10,
F0011615-1,F0011615,1,MTO (F0011615),F. SCHUMACHER & CO - MTO,,,Edwin Stripe Wide,Edwin Stripe Wide - 5011907 (Navy),"BNYNeuKaliss 60"" 315Y",BNY SUBSTRATES,PAPER,"60"" Roll",168 Linear Feet,168,1.21,203.28,30 inches,2,EMBER,300dpi,,Print,Invoiced,Invoiced,2713878,10/21/2025,JOE,,,10,
F0011624-1,F0011624,1,MTO (F0011624),F. SCHUMACHER & CO - MTO,,,Amazonas Mystique,Amazonas Mystique - 5016941 (Tropical Shades Of Blue),"BNYCPG7100 60"" 210Y",BNY SUBSTRATES,PAPER,"60"" Roll",27 Linear Feet,27,1.84,49.68,30 inches,2,Dakota Kai,300dpi,,Print,Invoiced,Invoiced,2711628,10/21/2025,JOE,,,10,
F0011671-1,F0011671,1,MTO (F0011671),F. SCHUMACHER & CO - MTO,,,Edwin Stripe Narrow,Edwin Stripe Narrow - 5011863 (Seaglass),"BNYNeuKaliss 60"" 315Y",BNY SUBSTRATES,PAPER,"60"" Roll",93 Linear Feet,93,1.21,112.53,30 inches,2,Dakota Kai,300dpi,,Print,Invoiced,Invoiced,2720507,10/23/2025,JEANNE,,,10,
F0011674-1,F0011674,1,MTO (F0011674),F. SCHUMACHER & CO - MTO,,,Emma Stripe Narrow,Emma Stripe Narrow - 5017190 (Sky),"BNYCPG7100 60"" 210Y",BNY SUBSTRATES,PAPER,"60"" Roll",93 Linear Feet,93,1.84,171.12,30 inches,2,XIA,300dpi,,Print,Invoiced,Invoiced,2718768,10/22/2025,JOE,,,10,
F0011678-1,F0011678,1,MTO (F0011678),F. SCHUMACHER & CO - MTO,,,Edwin Stripe Medium,Edwin Stripe Medium - 5011880 (Sky),"BNYNeuKaliss 60"" 315Y",BNY SUBSTRATES,PAPER,"60"" Roll",78 Linear Feet,78,1.21,94.38,30 inches,2,Dakota Kai,300dpi,,Print,Invoiced,Invoiced,2726202,10/24/2025,JOE,,,10,
F0011679-1,F0011679,1,MTO (F0011679),F. SCHUMACHER & CO - MTO,,,Edwin Stripe Wide,Edwin Stripe Wide - 5011918 (Linen),"BNYNeuKaliss 60"" 315Y",BNY SUBSTRATES,PAPER,"60"" Roll",93 Linear Feet,93,1.21,112.53,30 inches,2,Dakota Kai,300dpi,,Print,Invoiced,Invoiced,2720508,10/23/2025,JEANNE,,,10,
F0011680-1,F0011680,1,MTO (F0011680),F. SCHUMACHER & CO - MTO,,,Emma Stripe Narrow,Emma Stripe Narrow - 5017197 (Neutral),"BNYCPG7100 60"" 210Y",BNY SUBSTRATES,PAPER,"60"" Roll",183 Linear Feet,183,1.84,336.72,30 inches,2,XIA,300dpi,,Print,Invoiced,Invoiced,2721865,10/23/2025,JOE,,,10,
F0011837-1,F0011837,1,MTO (F0011837),F. SCHUMACHER & CO - MTO,,,Emma Stripe,Emma Stripe - 5017217 (Yellow),"BNYCPG7100 60"" 210Y",BNY SUBSTRATES,PAPER,"60"" Roll",15 Linear Feet,15,1.84,27.6,30 inches,2,Glow,4p,,Print,Invoiced,Invoiced,2701778,10/17/2025,COCONNOR@FSCO.COM,,,10,
F0011838-1,F0011838,1,MTO (F0011838),F. SCHUMACHER & CO - MTO,,,Good Dogs Everywhere,Good Dogs Everywhere - 5016130 (BlackWhite),"BNYCPG7100 60"" 210Y",BNY SUBSTRATES,PAPER,"60"" Roll",33 Linear Feet,33,1.84,60.72,30 inches,2,Glow,4p,,Print,Invoiced,Invoiced,2707273,10/20/2025,BLAWLOR@FSCO.COM,,,10,
F0005905-1,F0005905,1,Regular (F0005905),F. SCHUMACHER & CO - HUB,,,Monte Carlo,Monte Carlo - 5015592 (SoftBlue),"BNYNeuKaliss 60"" 315Y",BNY SUBSTRATES,PAPER,"60"" Roll",56.0157 Linear Feet,56.0157,1.19,66.66,60 inches,1,Glow,4p,,Print,Invoiced,Invoiced,2399968,7/18/2025,XIACHEN,,,10,
F0006953-1,F0006953,1,Regular (F0006953),F. SCHUMACHER & CO - HUB,,,Saranda Flower Sisal,Saranda Flower Sisal - 5016671 (Sky),PNW5004716 Ivory,PARAMOUNT SUBSTRATES,SISAL,"36"" Roll",224.3253 Linear Feet,224.3253,0.01,1.24,36 inches,1,Ruby,600dpi,,Print,Invoiced,Invoiced,2473765,8/12/2025,COCONNOR@FSCO.COM,,,8,
F0006969-1,F0006969,1,Regular (F0006969),F. SCHUMACHER & CO - HUB,,,Sunlit Palm Sisal,Sunlit Palm Sisal  - 5012041 (Wheat),PNW5004716 Ivory,PARAMOUNT SUBSTRATES,SISAL,"36"" Roll",954 Linear Feet,954,0.01,5.28,36 inches,1,Ruby,600dpi,,Print,Invoiced,Invoiced,2421360,7/25/2025,BLAWLOR@FSCO.COM,,,8,
F0007005-1,F0007005,1,Regular (F0007005),F. SCHUMACHER & CO - HUB,,,Giove,Giove - 5009460 (Emerald&Sapphire),"BNYCPG7100 60"" 210Y",BNY SUBSTRATES,PAPER,"60"" Roll",3 Linear Feet,3,1.84,5.52,60 inches,1,Trish,4p,,Print,Invoiced,Invoiced,2485362,8/14/2025,COCONNOR@FSCO.COM,,,10,
F0007461-1,F0007461,1,Regular (F0007461),F. SCHUMACHER & CO - HUB,,,Chamba Crown Sisal,Chamba Crown Sisal - 5012280 (Green),PNW5004716 Ivory,PARAMOUNT SUBSTRATES,SISAL,"36"" Roll",27 Linear Feet,27,4.78,129.06,36 inches,1,EMBER,300dpi,,Print,Invoiced,Invoiced,2657824,10/6/2025,JEANNE,,,8,
F0007462-1,F0007462,1,Regular (F0007462),F. SCHUMACHER & CO - HUB,,,Chamba Crown Sisal,Chamba Crown Sisal - 5012282 (Blue),PNW5004716 Ivory,PARAMOUNT SUBSTRATES,SISAL,"36"" Roll",87 Linear Feet,87,0.01,0.48,36 inches,1,EMBER,300dpi,,Print,Invoiced,Invoiced,2646838,10/2/2025,JEANNE,,,8,
F0007494-1,F0007494,1,Panel (F0007494),F. SCHUMACHER & CO - HUB,,,The Golden Age Panel Set,The Golden Age Panel Set - 5011090 (CyanMulti),"BNYNeuKaliss 60"" 315Y",BNY SUBSTRATES,PAPER,"60"" Roll",217.608 Linear Feet,217.608,1.19,258.95,60 inches,1,Glow,4p,,Print,Invoiced,Invoiced,2402558,7/18/2025,COCONNOR@FSCO.COM,,,12,
F0007864-1,F0007864,1,Regular (F0007864),F. SCHUMACHER & CO - HUB,,,Josephine Sisal,Josephine Sisal - 5016680 (Peacock),PNW5004716 Ivory,PARAMOUNT SUBSTRATES,SISAL,"36"" Roll",6 Linear Feet,6,4.78,28.68,36 inches,1,XIA,300dpi,,Print,Invoiced,Invoiced,2661119,10/7/2025,JEANNE,,,8,
F0007882-1,F0007882,1,Regular (F0007882),F. SCHUMACHER & CO - HUB,,,Sunlit Palm Sisal,Sunlit Palm Sisal  - 5012040 (Chambray),PNW5004716 Ivory,PARAMOUNT SUBSTRATES,SISAL,"36"" Roll",936 Linear Feet,936,0.01,5.18,36 inches,1,Ruby,600dpi,,Print,Invoiced,Invoiced,2441355,7/31/2025,BLAWLOR@FSCO.COM,,,8,
F0008013-1,F0008013,1,Regular (F0008013),F. SCHUMACHER & CO - HUB,,,A Palm Is A Palm Sisal,A Palm Is A Palm Sisal - 5016961 (Daylight Evergreen),PNW5004716 Ivory,PARAMOUNT SUBSTRATES,SISAL,"36"" Roll",48 Linear Feet,48,4.78,229.44,36 inches,1,Ruby,600dpi,,Print,Invoiced,Invoiced,2532891,8/28/2025,JOE,,,8,
F0008014-1,F0008014,1,Regular (F0008014),F. SCHUMACHER & CO - HUB,,,Frances Scallop Floral,Frances Scallop Floral - 5015961 (Document),"BNYCPG7100 60"" 210Y",BNY SUBSTRATES,PAPER,"60"" Roll",137.2749 Linear Feet,137.2749,1.84,252.59,60 inches,1,Sasha,4p,,Print,Invoiced,Invoiced,2690646,10/15/2025,BLAWLOR@FSCO.COM,,,10,
F0008371-1,F0008371,1,Regular (F0008371),F. SCHUMACHER & CO - HUB,,,Pomegranate Botanical,Pomegranate Botanical  - 5010442 (Citron),"BNYCPG7100 60"" 210Y",BNY SUBSTRATES,PAPER,"60"" Roll",201 Linear Feet,201,1.84,369.84,60 inches,1,Trish,4p,,Print,Invoiced,Invoiced,2496578,8/19/2025,SARAH,,,10,
F0008675-1,F0008675,1,Regular (F0008675),F. SCHUMACHER & CO - HUB,,,Solandra Vine Sisal,Solandra Vine Sisal - 5013040 (Grey),PNW5004716 Ivory,PARAMOUNT SUBSTRATES,SISAL,"36"" Roll",165 Linear Feet,165,0.01,0.91,36 inches,1,Ruby,600dpi,,Print,Invoiced,Invoiced,2381500,7/11/2025,ADAM,,,8,
F0008679-1,F0008679,1,Regular (F0008679),F. SCHUMACHER & CO - HUB,,,Rolling Hills,Rolling Hills - 5012631 (Green),"BNYCPG7100 60"" 210Y",BNY SUBSTRATES,PAPER,"60"" Roll",219 Linear Feet,219,1.84,402.96,60 inches,1,Glow,4p,,Print,Invoiced,Invoiced,2446682,8/1/2025,SHELBY,,,10,
F0008773-1,F0008773,1,MTO (F0008773),F. SCHUMACHER & CO - MTO,,,Solandra Vine Sisal,Solandra Vine Sisal - 5013040 (Grey),PNW5004716 Ivory,PARAMOUNT SUBSTRATES,SISAL,"36"" Roll",4.4331 Linear Feet,4.4331,0.01,0.02,36 inches,1,Ruby,600dpi,,Print,Invoiced,Invoiced,2381420,7/11/2025,COCONNOR@FSCO.COM,,,8,
F0008857-1,F0008857,1,MTO (F0008857),F. SCHUMACHER & CO - MTO,,,Villa Panel,Villa Panel - 5009910 (Dove),"BNYNeuKaliss 60"" 315Y",BNY SUBSTRATES,PAPER,"60"" Roll",132 Linear Feet,132,1.19,157.08,60 inches,1,Glow,4p,,Print,Invoiced,Invoiced,2399965,7/18/2025,XIACHEN,,,4,
F0008929-1,F0008929,1,MTO (F0008929),F. SCHUMACHER & CO - MTO,,,Villa Panel,Villa Panel - 5009910 (Dove),"BNYNeuKaliss 60"" 315Y",BNY SUBSTRATES,PAPER,"60"" Roll",228 Linear Feet,228,1.19,271.32,60 inches,1,Glow,4p,,Print,Invoiced,Invoiced,2399967,7/18/2025,XIACHEN,,,4,
F0008990-1,F0008990,1,Regular (F0008990),F. SCHUMACHER & CO - HUB,,,Western Toile,Western Toile - 5016442 (Stone),"BNYCPG7100 60"" 210Y",BNY SUBSTRATES,PAPER,"60"" Roll",210 Linear Feet,210,1.84,386.4,60 inches,1,Glow,4p,,Print,Invoiced,Invoiced,2439413,7/31/2025,SARAH,,,10,
F0008992-1,F0008992,1,Regular (F0008992),F. SCHUMACHER & CO - HUB,,,A Palm Is A Palm Sisal,A Palm Is A Palm Sisal - 5016962 (Indigo Palm Grove),PNW5004716 Ivory,PARAMOUNT SUBSTRATES,SISAL,"36"" Roll",51 Linear Feet,51,0.01,0.28,36 inches,1,Ruby,600dpi,,Print,Invoiced,Invoiced,2515393,8/25/2025,COCONNOR@FSCO.COM,,,8,
F0008994-1,F0008994,1,Regular (F0008994),F. SCHUMACHER & CO - HUB,,,A Palm Is A Palm Sisal,A Palm Is A Palm Sisal - 5016960 (Chocolate Meets Tobacco),PNW5004716 Ivory,PARAMOUNT SUBSTRATES,SISAL,"36"" Roll",82.7751 Linear Feet,82.7751,0.01,0.46,36 inches,1,Ruby,600dpi,,Print,Invoiced,Invoiced,2599477,9/18/2025,JEANNE,,,8,
F0008996-1,F0008996,1,Regular (F0008996),F. SCHUMACHER & CO - HUB,,,Quill,Quill - 5015340 (Porcupine),PNW5004716 Ivory,PARAMOUNT SUBSTRATES,SISAL,"36"" Roll",3 Linear Feet,3,0.01,0.02,36 inches,1,XIA,300dpi,,Print,Invoiced,Invoiced,2677212,10/10/2025,COCONNOR@FSCO.COM,,,8,
F0009082-1,F0009082,1,MTO (F0009082),F. SCHUMACHER & CO - MTO,,,The Golden Age Panel Set,The Golden Age Panel Set - 5011090 (CyanMulti),"BNYNeuKaliss 60"" 315Y",BNY SUBSTRATES,PAPER,"60"" Roll",66.8934 Linear Feet,66.8934,1.19,79.6,60 inches,1,Glow,4p,,Print,Invoiced,Invoiced,2402560,7/18/2025,COCONNOR@FSCO.COM,,,12,
F0009116-1,F0009116,1,Regular (F0009116),F. SCHUMACHER & CO - HUB,,,Sunlit Palm Sisal,Sunlit Palm Sisal  - 5012040 (Chambray),PNW5004716 Ivory,PARAMOUNT SUBSTRATES,SISAL,"36"" Roll",72 Linear Feet,72,0.01,0.4,36 inches,1,Ruby,600dpi,,Print,Invoiced,Invoiced,2456283,8/6/2025,COCONNOR@FSCO.COM,,,8,
F0009120-1,F0009120,1,MTO (F0009120),F. SCHUMACHER & CO - MTO,,,Las Colinas,Las Colinas - 5013981 (Blue),"BNYNeuKaliss 60"" 315Y",BNY SUBSTRATES,PAPER,"60"" Roll",93 Linear Feet,93,1.19,110.67,60 inches,1,XIA,300dpi,,Print,Invoiced,Invoiced,2398096,7/17/2025,COCONNOR@FSCO.COM,,,10,
F0009216-1,F0009216,1,MTO (F0009216),F. SCHUMACHER & CO - MTO,,,Agua De Coco,Agua De Coco - 5017240 (Palm Tree Green),"BNYCPG7100 60"" 210Y",BNY SUBSTRATES,PAPER,"60"" Roll",12 Linear Feet,12,1.84,22.08,60 inches,1,Dakota Kai,300dpi,,Print,Invoiced,Invoiced,2446064,8/1/2025,SHELBY,,,10,
F0009282-1,F0009282,1,MTO (F0009282),F. SCHUMACHER & CO - MTO,,,A Palm Is A Palm Sisal,A Palm Is A Palm Sisal - 5016961 (Daylight Evergreen),PNW5004716 Ivory,PARAMOUNT SUBSTRATES,SISAL,"36"" Roll",168 Linear Feet,168,0.01,0.93,36 inches,1,Ruby,600dpi,,Print,Invoiced,Invoiced,2370910,7/9/2025,JEANNE,,,8,
F0009293-1,F0009293,1,Regular (F0009293),F. SCHUMACHER & CO - HUB,,,JAMIE'S TROPHIES,JAMIE'S TROPHIES - 5017003 (CHARCOAL),PNW5004716 Ivory,PARAMOUNT SUBSTRATES,SISAL,"36"" Roll",3 Linear Feet,3,0.01,0.02,36 inches,1,Ruby,600dpi,,Print,Invoiced,Invoiced,2489504,8/15/2025,COCONNOR@FSCO.COM,,,10,
F0009358-1,F0009358,1,MTO (F0009358),F. SCHUMACHER & CO - MTO,,,A Palm Is A Palm Sisal,A Palm Is A Palm Sisal - 5016961 (Daylight Evergreen),PNW5004716 Ivory,PARAMOUNT SUBSTRATES,SISAL,"36"" Roll",25.4331 Linear Feet,25.4331,0.01,0.14,36 inches,1,Ruby,600dpi,,Print,Invoiced,Invoiced,2370912,7/9/2025,JEANNE,,,8,
F0009366-1,F0009366,1,MTO (F0009366),F. SCHUMACHER & CO - MTO,,,Solandra Vine Sisal,Solandra Vine Sisal - 5013040 (Grey),PNW5004716 Ivory,PARAMOUNT SUBSTRATES,SISAL,"36"" Roll",144 Linear Feet,144,0.01,0.8,36 inches,1,Ruby,600dpi,,Print,Invoiced,Invoiced,2379892,7/11/2025,ADAM,,,8,
F0009367-1,F0009367,1,MTO (F0009367),F. SCHUMACHER & CO - MTO,,,Darsy Tree of Life Sisal,Darsy Tree of Life Sisal - 5015640 (Sepia),PNW5004716 Ivory,PARAMOUNT SUBSTRATES,SISAL,"36"" Roll",48 Linear Feet,48,0.01,0.27,36 inches,1,EMBER,300dpi,,Print,Invoiced,Invoiced,2482405,8/14/2025,SARAH,,,8,
F0009434-1,F0009434,1,MTO (F0009434),F. SCHUMACHER & CO - MTO,,,Pomegranate Botanical,Pomegranate Botanical  - 5010442 (Citron),"BNYCPG7100 60"" 210Y",BNY SUBSTRATES,PAPER,"60"" Roll",123 Linear Feet,123,1.84,226.32,60 inches,1,Trish,4p,,Print,Invoiced,Invoiced,2496580,8/19/2025,SARAH,,,10,
F0009496-1,F0009496,1,MTO (F0009496),F. SCHUMACHER & CO - MTO,,,Rolling Hills,Rolling Hills - 5012631 (Green),"BNYCPG7100 60"" 210Y",BNY SUBSTRATES,PAPER,"60"" Roll",63 Linear Feet,63,1.84,115.92,60 inches,1,Glow,4p,,Print,Invoiced,Invoiced,2446684,8/1/2025,SHELBY,,,10,
F0009543-1,F0009543,1,Regular (F0009543),F. SCHUMACHER & CO - HUB,,,Burnett Sisal,Burnett Sisal - 5011670 (Sky),PNW5004716 Ivory,PARAMOUNT SUBSTRATES,SISAL,"36"" Roll",21 Linear Feet,21,4.78,100.38,36 inches,1,XIA,300dpi,,Print,Invoiced,Invoiced,2712860,10/21/2025,JEANNE,,,8,
F0009766-1,F0009766,1,Regular (F0009766),F. SCHUMACHER & CO - HUB,,,Chuska Warp Print,Chuska Warp Print  - 5010871 (Pink&Orange),"BNYCPG7100 60"" 210Y",BNY SUBSTRATES,PAPER,"60"" Roll",47.475 Linear Feet,47.475,1.84,87.35,60 inches,1,Glow,4p,,Print,Invoiced,Invoiced,2599622,9/18/2025,XIACHEN,,,10,
F0009789-1,F0009789,1,MTO (F0009070) (F0009789),F. SCHUMACHER & CO - MTO,,,Campagne,Campagne  - 5010510 (Cadet&Citron),"BNYCPG7100 60"" 210Y",BNY SUBSTRATES,PAPER,"60"" Roll",63 Linear Feet,63,1.84,115.92,60 inches,1,XIA,300dpi,,Print,Invoiced,Invoiced,2456285,8/6/2025,COCONNOR@FSCO.COM,,,10,
F0009827-1,F0009827,1,MTO (F0009827),F. SCHUMACHER & CO - MTO,,,Sunlit Palm Sisal,Sunlit Palm Sisal  - 5012040 (Chambray),PNW5004716 Ivory,PARAMOUNT SUBSTRATES,SISAL,"36"" Roll",72 Linear Feet,72,0.01,0.4,36 inches,1,Ruby,600dpi,,Print,Invoiced,Invoiced,2429987,7/29/2025,COCONNOR@FSCO.COM,,,8,
F0009898-1,F0009898,1,MTO (F0009898),F. SCHUMACHER & CO - MTO,,,Saranda Flower Sisal,Saranda Flower Sisal - 5016671 (Sky),PNW5004716 Ivory,PARAMOUNT SUBSTRATES,SISAL,"36"" Roll",72 Linear Feet,72,0.01,0.4,36 inches,1,Ruby,600dpi,,Print,Invoiced,Invoiced,2460400,8/7/2025,SHELBY,,,8,
F0009938-1,F0009938,1,MTO (F0009938),F. SCHUMACHER & CO - MTO,,,A Palm Is A Palm Sisal,A Palm Is A Palm Sisal - 5016962 (Indigo Palm Grove),PNW5004716 Ivory,PARAMOUNT SUBSTRATES,SISAL,"36"" Roll",3 Linear Feet,3,4.78,14.34,36 inches,1,Ruby,600dpi,,Print,Invoiced,Invoiced,2519402,8/26/2025,JEANNE,,,8,
F0009960-1,F0009960,1,MTO (F0009960),F. SCHUMACHER & CO - MTO,,,Burnett Sisal,Burnett Sisal - 5011670 (Sky),PNW5004716 Ivory,PARAMOUNT SUBSTRATES,SISAL,"36"" Roll",51 Linear Feet,51,0.01,0.28,36 inches,1,Ruby,600dpi,,Print,Invoiced,Invoiced,2508875,8/21/2025,COCONNOR@FSCO.COM,,,8,
F0009972-1,F0009972,1,MTO (F0009972),F. SCHUMACHER & CO - MTO,,,Campagne,Campagne  - 5010510 (Cadet&Citron),"BNYCPG7100 60"" 210Y",BNY SUBSTRATES,PAPER,"60"" Roll",63 Linear Feet,63,1.84,115.92,60 inches,1,XIA,300dpi,,Print,Invoiced,Invoiced,2456293,8/6/2025,COCONNOR@FSCO.COM,,,10,
F0009988-1,F0009988,1,MTO (F0009988),F. SCHUMACHER & CO - MTO,,,A Palm Is A Palm Sisal,A Palm Is A Palm Sisal - 5016961 (Daylight Evergreen),PNW5004716 Ivory,PARAMOUNT SUBSTRATES,SISAL,"36"" Roll",51 Linear Feet,51,4.78,243.78,36 inches,1,Ruby,600dpi,,Print,Invoiced,Invoiced,2532889,8/28/2025,JOE,,,8,
F0010033-1,F0010033,1,Regular (F0010033),F. SCHUMACHER & CO - HUB,,,Leonidis Stripe,Leonidis Stripe - 5016462 (Saffron),"BNYCPG7100 60"" 210Y",BNY SUBSTRATES,PAPER,"60"" Roll",1110 Linear Feet,1110,1.84,2042.4,60 inches,1,Trish,4p,,Print,Invoiced,Invoiced,2594332,9/17/2025,SREMSON@PARAMOUNTPRINTS.COM,,,10,
F0010034-1,F0010034,1,Regular (F0010034),F. SCHUMACHER & CO - HUB,,,Tendril Stripe Sisal,Tendril Stripe Sisal - 5015561 (Natural),PNW5004716 Ivory,PARAMOUNT SUBSTRATES,SISAL,"36"" Roll",18 Linear Feet,18,4.78,86.04,36 inches,1,Ruby,600dpi,,Print,Invoiced,Invoiced,2666127,10/8/2025,JEANNE,,,8,
F0010057-1,F0010057,1,Custom MTO (F0010057),F. SCHUMACHER & CO. CUSTOM MTO,,,Custom Madame De Pompadour Panel Set,Custom Madame De Pompadour Panel Set - 850071 (Blue),"BNYBaliHai 54"" 100Y",BNY SUBSTRATES,VINYL,"54"" Roll",48 Linear Feet,48,0.02,0.96,54 inches,1,Rhonda,300dpi,,Print,Invoiced,Invoiced,2538610,8/29/2025,SHELBY,,,8,
F0010094-1,F0010094,1,MTO (F0010094),F. SCHUMACHER & CO - MTO,,,Western Toile,Western Toile - 5016442 (Stone),"BNYCPG7100 60"" 210Y",BNY SUBSTRATES,PAPER,"60"" Roll",63 Linear Feet,63,1.84,115.92,60 inches,1,Glow,4p,,Print,Invoiced,Invoiced,2442093,7/31/2025,COCONNOR@FSCO.COM,,,10,
F0010095-1,F0010095,1,MTO (F0010095),F. SCHUMACHER & CO - MTO,,,Saranda Flower Sisal,Saranda Flower Sisal - 5016671 (Sky),PNW5004716 Ivory,PARAMOUNT SUBSTRATES,SISAL,"36"" Roll",72 Linear Feet,72,0.01,0.4,36 inches,1,Ruby,600dpi,,Print,Invoiced,Invoiced,2468011,8/8/2025,COCONNOR@FSCO.COM,,,8,
F0010196-1,F0010196,1,MTO (F0010196),F. SCHUMACHER & CO - MTO,,,Matsudana,Matsudana  - 5011992 (Spice),"BNYCPG7100 60"" 210Y",BNY SUBSTRATES,PAPER,"60"" Roll",33 Linear Feet,33,1.84,60.72,60 inches,1,Chyna,300dpi,,Print,Invoiced,Invoiced,2489719,8/15/2025,PKEEFER@FSCO.COM,,,10,
F0010283-1,F0010283,1,MTO (F0010283),F. SCHUMACHER & CO - MTO,,,Sequoia Stripe Sisal,Sequoia Stripe Sisal  - 5011810 (Russet),PNW5004716 Ivory,PARAMOUNT SUBSTRATES,SISAL,"36"" Roll",51 Linear Feet,51,0.01,0.28,36 inches,1,Ruby,600dpi,,Print,Invoiced,Invoiced,2552346,9/4/2025,JOE,,,8,
F0010307-1,F0010307,1,MTO (F0010307),F. SCHUMACHER & CO - MTO,,,Agua De Coco,Agua De Coco - 5017241 (Sunbleached Ochre),"BNYCPG7100 60"" 210Y",BNY SUBSTRATES,PAPER,"60"" Roll",63 Linear Feet,63,1.84,115.92,60 inches,1,Dakota Kai,300dpi,,Print,Invoiced,Invoiced,2625132,9/25/2025,COCONNOR@FSCO.COM,,,10,
F0010363-1,F0010363,1,GRASS (F0010363),Universal Converters & Importers,,,OKEAN,OKEAN,PARNAT4108RSP Angora,PARAMOUNT SUBSTRATES,SISAL,"36"" Roll",9 Linear Feet,9,7.7,69.3,36 inches,1,Flr-2 Table-4,Other,,Print,Invoiced,Invoiced,2538098,8/29/2025,RODNEY,,,"1,8",
F0010389-1,F0010389,1,Regular (F0010389),F. SCHUMACHER & CO - HUB,,,Sunlit Palm Sisal,Sunlit Palm Sisal  - 5012040 (Chambray),PNW5004716 Ivory,PARAMOUNT SUBSTRATES,SISAL,"36"" Roll",9 Linear Feet,9,0.01,0.05,36 inches,1,Ruby,600dpi,,Print,Invoiced,Invoiced,2575173,9/11/2025,JOE,,,8,
F0010413-1,F0010413,1,Regular (F0010413),F. SCHUMACHER & CO - HUB,,,Saranda Flower Sisal,Saranda Flower Sisal - 5016671 (Sky),PNW5004716 Ivory,PARAMOUNT SUBSTRATES,SISAL,"36"" Roll",12.5412 Linear Feet,12.5412,0.01,0.07,36 inches,1,Ruby,600dpi,,Print,Invoiced,Invoiced,2628119,9/26/2025,JEANNE,,,8,
F0010486-1,F0010486,1,Regular (F0007882) (F0010208) (F0010486),F. SCHUMACHER & CO - HUB,,,Sunlit Palm Sisal,Sunlit Palm Sisal  - 5012040 (Chambray),PNW5004716 Ivory,PARAMOUNT SUBSTRATES,SISAL,"36"" Roll",48 Linear Feet,48,0.01,0.27,36 inches,1,Rhonda,300dpi,,Print,Invoiced,Invoiced,2489489,8/15/2025,COCONNOR@FSCO.COM,,,8,
F0010528-1,F0010528,1,Regular (F0010528),F. SCHUMACHER & CO - HUB,,,Saranda Flower Sisal,Saranda Flower Sisal - 5016670 (Marigold),PNW5004716 Ivory,PARAMOUNT SUBSTRATES,SISAL,"36"" Roll",96 Linear Feet,96,0.01,0.53,36 inches,1,XIA,300dpi,,Print,Invoiced,Invoiced,2650039,10/2/2025,COCONNOR@FSCO.COM,,,8,
F0010540-1,F0010540,1,Regular (F0010540),F. SCHUMACHER & CO - HUB,,,Leonidis Stripe,Leonidis Stripe - 5016460 (Blue),"BNYCPG7100 60"" 210Y",BNY SUBSTRATES,PAPER,"60"" Roll",1110 Linear Feet,1110,1.84,2042.4,60 inches,1,Trish,4p,,Print,Invoiced,Invoiced,2604045,9/19/2025,SARAH,,,10,
F0010605-1,F0010605,1,Regular (F0010605),Carleton V Ltd.,,,Puff,Puff - 3132W-2 (LapisBerry),"BNYCPG7100 60"" 210Y",BNY SUBSTRATES,PAPER,"60"" Roll",80.475 Linear Feet,80.475,1.84,148.07,60 inches,1,Glow,4p,,Print,Invoiced,Invoiced,2599620,9/18/2025,XIACHEN,,,10,
F0010639-1,F0010639,1,Custom MTO (F0010639),F. SCHUMACHER & CO. CUSTOM MTO,,,Custom Gambit Panel SKO,Custom Gambit Panel SKO - SKO850221 (Cocoa & Charcoal),"BNYDGC57-V2NW-BW 57"" 100Y",BNY SUBSTRATES,VINYL,"57"" Roll",3 Linear Feet,3,0.01,0.02,57 inches,1,Rhonda,300dpi,,Print,Invoiced,Invoiced,2562931,9/8/2025,SARAH,,,1,
F0010784-1,F0010784,1,Regular (F0007005) (F0010784),F. SCHUMACHER & CO - HUB,,,Giove,Giove - 5009460 (Emerald&Sapphire),"BNYCPG7100 60"" 210Y",BNY SUBSTRATES,PAPER,"60"" Roll",285 Linear Feet,285,1.84,524.4,60 inches,1,Trish,4p,,Print,Invoiced,Invoiced,2661073,10/7/2025,SARAH,,,10,
F0010799-1,F0010799,1,Custom MTO (F0010799),F. SCHUMACHER & CO. CUSTOM MTO,,,Custom Willa Check Small SKO,Custom Willa Check Small SKO - SKO850229 (Chambray),"BNYDGC57-V2NW-BW 57"" 100Y",BNY SUBSTRATES,VINYL,"57"" Roll",3 Linear Feet,3,0.01,0.02,57 inches,1,LASH,300dpi,,Print,Invoiced,Invoiced,2640233,9/30/2025,PKEEFER@FSCO.COM,,,1,
F0010838-1,F0010838,1,Regular (F0010838),F. SCHUMACHER & CO - HUB,,,A Palm Is A Palm Sisal,A Palm Is A Palm Sisal - 5016960 (Chocolate Meets Tobacco),PNW5004716 Ivory,PARAMOUNT SUBSTRATES,SISAL,"36"" Roll",3 Linear Feet,3,4.78,14.34,36 inches,1,Ruby,600dpi,,Print,Invoiced,Invoiced,2710604,10/21/2025,JEANNE,,,8,
F0010882-1,F0010882,1,MTO (F0010882),F. SCHUMACHER & CO - MTO,,,Saranda Flower Sisal,Saranda Flower Sisal - 5016670 (Marigold),PNW5004716 Ivory,PARAMOUNT SUBSTRATES,SISAL,"36"" Roll",51 Linear Feet,51,0.01,0.28,36 inches,1,XIA,300dpi,,Print,Invoiced,Invoiced,2629878,9/26/2025,JOE,,,8,
F0010895-1,F0010895,1,Custom MTO (F0010895),F. SCHUMACHER & CO. CUSTOM MTO,,,Custom The Cloisters Panel Set,Custom The Cloisters Panel Set - 850228 (Soft Blue),"BNYDGC57-V2NW-BW 57"" 100Y",BNY SUBSTRATES,VINYL,"57"" Roll",90 Linear Feet,90,0.01,0.58,57 inches,1,LASH,300dpi,,Print,Invoiced,Invoiced,2643329,10/1/2025,XIACHEN,,,10,
F0010909-1,F0010909,1,MTO (F0010909),F. SCHUMACHER & CO - MTO,,,A Palm Is A Palm Sisal,A Palm Is A Palm Sisal - 5016960 (Chocolate Meets Tobacco),PNW5004716 Ivory,PARAMOUNT SUBSTRATES,SISAL,"36"" Roll",91.7751 Linear Feet,91.7751,4.78,438.69,36 inches,1,Ruby,600dpi,,Print,Invoiced,Invoiced,2603988,9/19/2025,JEANNE,,,8,
F0010970-1,F0010970,1,MTO (F0010970),F. SCHUMACHER & CO - MTO,,,Saranda Flower Sisal,Saranda Flower Sisal - 5016671 (Sky),PNW5004716 Ivory,PARAMOUNT SUBSTRATES,SISAL,"36"" Roll",75 Linear Feet,75,4.78,358.5,36 inches,1,Ruby,600dpi,,Print,Invoiced,Invoiced,2618535,9/24/2025,JEANNE,,,8,
F0010993-1,F0010993,1,MTO (F0010993),F. SCHUMACHER & CO - MTO,,,Saranda Flower Sisal,Saranda Flower Sisal - 5016671 (Sky),PNW5004716 Ivory,PARAMOUNT SUBSTRATES,SISAL,"36"" Roll",12.5412 Linear Feet,12.5412,0.01,0.07,36 inches,1,Ruby,600dpi,,Print,Invoiced,Invoiced,2625263,9/25/2025,JEANNE,,,8,
F0011007-1,F0011007,1,MTO (F0011007),F. SCHUMACHER & CO - MTO,,,A Palm Is A Palm Sisal,A Palm Is A Palm Sisal - 5016960 (Chocolate Meets Tobacco),PNW5004716 Ivory,PARAMOUNT SUBSTRATES,SISAL,"36"" Roll",55.9086 Linear Feet,55.9086,4.78,267.24,36 inches,1,Ruby,600dpi,,Print,Invoiced,Invoiced,2617971,9/24/2025,COCONNOR@FSCO.COM,,,8,
F0011010-1,F0011010,1,Custom MTO (F0011010),F. SCHUMACHER & CO. CUSTOM MTO,,,Custom Sunlit Palm Sisal SKO,Custom Sunlit Palm Sisal SKO - SKO850237 (Wheat),E019 Vinal Sisal,BNY SUBSTRATES,VINYL,"54"" Roll",3 Linear Feet,3,5.1,15.3,54 inches,1,Bianca,300dpi,,Print,Invoiced,Invoiced,2695080,10/16/2025,SHELBY,,,1,
F0011011-1,F0011011,1,MTO (F0011011),F. SCHUMACHER & CO - MTO,,,Saranda Flower Sisal,Saranda Flower Sisal - 5016671 (Sky),PNW5004716 Ivory,PARAMOUNT SUBSTRATES,SISAL,"36"" Roll",99 Linear Feet,99,4.78,473.22,36 inches,1,Ruby,600dpi,,Print,Invoiced,Invoiced,2623313,9/25/2025,JEANNE,,,8,
F0011053-1,F0011053,1,MTO (F0011053),F. SCHUMACHER & CO - MTO,,,Plates & Platters,Plates & Platters - 5010411 (Neutral),"BNYCPG7100 60"" 210Y",BNY SUBSTRATES,PAPER,"60"" Roll",93 Linear Feet,93,1.84,171.12,60 inches,1,Sasha,4p,,Print,Invoiced,Invoiced,2638180,9/30/2025,XIACHEN,,,10,
F0011055-1,F0011055,1,MTO (F0011055),F. SCHUMACHER & CO - MTO,,,Tendril Stripe Sisal,Tendril Stripe Sisal - 5015561 (Natural),PNW5004716 Ivory,PARAMOUNT SUBSTRATES,SISAL,"36"" Roll",3 Linear Feet,3,4.78,14.34,36 inches,1,Ruby,600dpi,,Print,Invoiced,Invoiced,2652005,10/3/2025,JEANNE,,,8,
F0011079-1,F0011079,1,Hospitality (F0011079),F. SCHUMACHER & CO - HOSPITALITY,,,Burnett Sisal,Burnett Sisal - 5011670 (Sky),PNW5004716 Ivory,PARAMOUNT SUBSTRATES,SISAL,"36"" Roll",82.7751 Linear Feet,82.7751,0.01,0.46,36 inches,1,Ruby,600dpi,,Print,Invoiced,Invoiced,2648195,10/2/2025,JEANNE,,,8,
F0011133-1,F0011133,1,MTO (F0011133),F. SCHUMACHER & CO - MTO,,,Matsudana,Matsudana  - 5011991 (Blue),"BNYCPG7100 60"" 210Y",BNY SUBSTRATES,PAPER,"60"" Roll",63 Linear Feet,63,1.84,115.92,60 inches,1,XIA,300dpi,,Print,Invoiced,Invoiced,2653744,10/3/2025,JOE,,,10,
F0011143-1,F0011143,1,MTO (F0011143),F. SCHUMACHER & CO - MTO,,,Chamba Crown Sisal,Chamba Crown Sisal - 5012282 (Blue),PNW5004716 Ivory,PARAMOUNT SUBSTRATES,SISAL,"36"" Roll",18 Linear Feet,18,0.01,0.1,36 inches,1,EMBER,300dpi,,Print,Invoiced,Invoiced,2642743,10/1/2025,JEANNE,,,8,
F0011144-1,F0011144,1,MTO (F0011144),F. SCHUMACHER & CO - MTO,,,Chamba Crown Sisal,Chamba Crown Sisal - 5012282 (Blue),PNW5004716 Ivory,PARAMOUNT SUBSTRATES,SISAL,"36"" Roll",243 Linear Feet,243,4.78,1161.54,36 inches,1,EMBER,300dpi,,Print,Invoiced,Invoiced,2637352,9/30/2025,JEANNE,,,8,
F0011176-1,F0011176,1,Regular (F0011176),F. SCHUMACHER & CO - MTO,,,Josephine Sisal,Josephine Sisal - 5016680 (Peacock),PNW5004716 Ivory,PARAMOUNT SUBSTRATES,SISAL,"36"" Roll",51 Linear Feet,51,4.78,243.78,36 inches,1,XIA,300dpi,,Print,Invoiced,Invoiced,2661118,10/7/2025,JEANNE,,,8,
F0011208-1,F0011208,1,MTO (F0011208),F. SCHUMACHER & CO - MTO,,,Saranda Flower Sisal,Saranda Flower Sisal - 5016671 (Sky),PNW5004716 Ivory,PARAMOUNT SUBSTRATES,SISAL,"36"" Roll",99 Linear Feet,99,0.01,0.55,36 inches,1,Ruby,600dpi,,Print,Invoiced,Invoiced,2630998,9/26/2025,COCONNOR@FSCO.COM,,,8,
F0011209-1,F0011209,1,MTO (F0011209),F. SCHUMACHER & CO - MTO,,,Baudin Butterfly Linen,Baudin Butterfly Linen - 5011832 (Natural),"BNYGreenland 54"" 50Y",BNY SUBSTRATES,PAPER,"54"" Roll",93 Linear Feet,93,0.02,1.91,54 inches,1,Bianca,300dpi,,Print,Invoiced,Invoiced,2671118,10/9/2025,SREMSON@PARAMOUNTPRINTS.COM,,,10,
F0011218-1,F0011218,1,MTO (F0011218),F. SCHUMACHER & CO - MTO,,,A Palm Is A Palm Sisal,A Palm Is A Palm Sisal - 5016962 (Indigo Palm Grove),PNW5004716 Ivory,PARAMOUNT SUBSTRATES,SISAL,"36"" Roll",69 Linear Feet,69,0.01,0.38,36 inches,1,Ruby,600dpi,,Print,Invoiced,Invoiced,2642731,10/1/2025,JEANNE,,,8,
F0011220-1,F0011220,1,MTO (F0011220),F. SCHUMACHER & CO - MTO,,,A Palm Is A Palm Sisal,A Palm Is A Palm Sisal - 5016962 (Indigo Palm Grove),PNW5004716 Ivory,PARAMOUNT SUBSTRATES,SISAL,"36"" Roll",27 Linear Feet,27,0.01,0.15,36 inches,1,Ruby,600dpi,,Print,Invoiced,Invoiced,2642744,10/1/2025,JEANNE,,,8,
F0011228-1,F0011228,1,MTO (F0011228),F. SCHUMACHER & CO - MTO,,,Saranda Flower Sisal,Saranda Flower Sisal - 5016671 (Sky),PNW5004716 Ivory,PARAMOUNT SUBSTRATES,SISAL,"36"" Roll",84.4005 Linear Feet,84.4005,0.01,0.47,36 inches,1,Ruby,600dpi,,Print,Invoiced,Invoiced,2630999,9/26/2025,COCONNOR@FSCO.COM,,,8,
F0011251-1,F0011251,1,MTO (F0011251),F. SCHUMACHER & CO - MTO,,,A Palm Is A Palm Sisal,A Palm Is A Palm Sisal - 5016962 (Indigo Palm Grove),PNW5004716 Ivory,PARAMOUNT SUBSTRATES,SISAL,"36"" Roll",27 Linear Feet,27,0.01,0.15,36 inches,1,Ruby,600dpi,,Print,Invoiced,Invoiced,2642745,10/1/2025,JEANNE,,,8,
F0011309-1,F0011309,1,MTO (F0011309),F. SCHUMACHER & CO - MTO,,,JAMIE'S TROPHIES,JAMIE'S TROPHIES - 5017002 (SKY),PNW5004716 Ivory,PARAMOUNT SUBSTRATES,SISAL,"36"" Roll",48 Linear Feet,48,0.01,0.27,36 inches,1,EMBER,300dpi,,Print,Invoiced,Invoiced,2679173,10/10/2025,JOE,,,10,
F0011311-1,F0011311,1,MTO (F0011053) (F0011311),F. SCHUMACHER & CO - MTO,,,Plates & Platters,Plates & Platters - 5010411 (Neutral),"BNYCPG7100 60"" 210Y",BNY SUBSTRATES,PAPER,"60"" Roll",93 Linear Feet,93,1.84,171.12,60 inches,1,Sasha,4p,,Print,Invoiced,Invoiced,2647069,10/2/2025,XIACHEN,,,10,
F0011435-1,F0011435,1,Custom MTO (F0011435),F. SCHUMACHER & CO. CUSTOM MTO,,,Custom Gambit Panel SKO,Custom Gambit Panel SKO - SKO850248 (Sky & Deep Navy),"BNYDGC57-V2NW-BW 57"" 100Y",BNY SUBSTRATES,VINYL,"57"" Roll",3 Linear Feet,3,5.8,17.4,57 inches,1,LASH,300dpi,,Print,Invoiced,Invoiced,2728346,10/24/2025,COCONNOR@FSCO.COM,,,1,
F0011504-1,F0011504,1,MTO (F0011504),F. SCHUMACHER & CO - MTO,,,Matsudana,Matsudana  - 5011991 (Blue),"BNYCPG7100 60"" 210Y",BNY SUBSTRATES,PAPER,"60"" Roll",12 Linear Feet,12,1.84,22.08,60 inches,1,EMBER,300dpi,,Print,Invoiced,Invoiced,2690303,10/15/2025,JEANNE,,,10,
F0011557-1,F0011557,1,MTO (F0011557),F. SCHUMACHER & CO - MTO,,,Periscope,Periscope - 5015770 (Neutral),PNW5004716 Ivory,PARAMOUNT SUBSTRATES,SISAL,"36"" Roll",48 Linear Feet,48,4.78,229.44,36 inches,1,EMBER,300dpi,,Print,Invoiced,Invoiced,2702915,10/17/2025,JEANNE,,,8,
F0011575-1,F0011575,1,MTO (F0011575),F. SCHUMACHER & CO - MTO,,,JAMIE'S TROPHIES,JAMIE'S TROPHIES - 5017002 (SKY),PNW5004716 Ivory,PARAMOUNT SUBSTRATES,SISAL,"36"" Roll",267 Linear Feet,267,0.01,1.48,36 inches,1,EMBER,300dpi,,Print,Invoiced,Invoiced,2679393,10/10/2025,JOE,,,10,
F0011610-1,F0011610,1,MTO (F0011610),F. SCHUMACHER & CO - MTO,,,Frances Scallop Floral,Frances Scallop Floral - 5015961 (Document),"BNYCPG7100 60"" 210Y",BNY SUBSTRATES,PAPER,"60"" Roll",93 Linear Feet,93,1.84,171.12,60 inches,1,Sasha,4p,,Print,Invoiced,Invoiced,2690645,10/15/2025,BLAWLOR@FSCO.COM,,,10,
F0011631-1,F0011631,1,Regular (F0007005) (F0010784) (F0011631),F. SCHUMACHER & CO - HUB,,,Giove,Giove - 5009460 (Emerald&Sapphire),"BNYCPG7100 60"" 210Y",BNY SUBSTRATES,PAPER,"60"" Roll",140.2749 Linear Feet,140.2749,1.84,258.11,60 inches,1,Trish,4p,,Print,Invoiced,Invoiced,2679356,10/10/2025,SHELBY,,,10,
F0011676-1,F0011676,1,MTO (F0011676),F. SCHUMACHER & CO - MTO,,,Rolling Hills,Rolling Hills - 5012630 (MochaNeutral)),"BNYCPG7100 60"" 210Y",BNY SUBSTRATES,PAPER,"60"" Roll",123 Linear Feet,123,1.84,226.32,60 inches,1,EMBER,300dpi,,Print,Invoiced,Invoiced,2700039,10/17/2025,COCONNOR@FSCO.COM,,,10,
F0011682-1,F0011682,1,MTO (F0011682),F. SCHUMACHER & CO - MTO,,,Quill,Quill - 5015340 (Porcupine),PNW5004716 Ivory,PARAMOUNT SUBSTRATES,SISAL,"36"" Roll",96 Linear Feet,96,0.01,0.53,36 inches,1,XIA,300dpi,,Print,Invoiced,Invoiced,2692871,10/15/2025,JEANNE,,,8,
F0011724-1,F0011724,1,MTO (F0011724),F. SCHUMACHER & CO - MTO,,,Woodperry,Woodperry - 5008790 (Taupe),"BNYNeuKaliss 60"" 315Y",BNY SUBSTRATES,PAPER,"60"" Roll",63 Linear Feet,63,1.21,76.23,60 inches,1,Zoey,Other,,Print,Invoiced,Invoiced,2720512,10/23/2025,JEANNE,,,10,
F0004162-1,F0004162,1,Grass (F0004162),F. SCHUMACHER & CO - NEW GOODS,,,JAMIE'S TROPHIES,JAMIE'S TROPHIES - 5017003 (CHARCOAL),PNW5004716 Ivory,PARAMOUNT SUBSTRATES,SISAL,"36"" Roll",270012.5 Linear Feet,270012.5,0.01,1456.32,34 inches,1,Sasha,,,Print,Invoiced,Invoiced,1907024,1/3/2025,COCONNOR@FSCO.COM,,,,
F0004163-1,F0004163,1,Grass (F0004163),F. SCHUMACHER & CO - NEW GOODS,,,JAMIE'S TROPHIES,JAMIE'S TROPHIES - 5017002 (SKY),PNW5004716 Ivory,PARAMOUNT SUBSTRATES,SISAL,"36"" Roll",270012.5 Linear Feet,270012.5,0.01,1456.32,34 inches,1,Sasha,,,Print,Invoiced,Invoiced,1918101,1/10/2025,COCONNOR@FSCO.COM,,,,
F0004641-1,F0004641,1,Regular (F0004641)/S04085,F. SCHUMACHER & CO - HUB,,,Darya Ikat Sidewall,Darya Ikat Sidewall - 5006650 (Stone),"BNYAhlstrom 60"" 200Y",BNY SUBSTRATES,PAPER,"60"" Roll",300 Linear Feet,300,0.01,3.15,60 inches,1,Sasha,,,Print,Invoiced,Invoiced,1972993,2/7/2025,COCONNOR@FSCO.COM,,,,
F0004919-1,F0004919,1,Regular (F0004919)/S04178,F. SCHUMACHER & CO - HUB,,,Andromeda,Andromeda - 5010570 (Blue),"BNYCPG7100 60"" 210Y",BNY SUBSTRATES,PAPER,"60"" Roll",900 Linear Feet,900,0.01,7.46,60 inches,1,Sasha,,,Print,Invoiced,Invoiced,1944017,1/24/2025,COCONNOR@FSCO.COM,,,,
F0005090-1,F0005090,1,Regular (F0005090)/S04234,F. SCHUMACHER & CO - NEW GOODS,,,Sunlit Palm Sisal,Sunlit Palm Sisal  - 5012042 (Pistachio),PNW5004716 Ivory,PARAMOUNT SUBSTRATES,SISAL,"36"" Roll",144 Linear Feet,144,0.01,0.78,36 inches,1,Sasha,4p,,Print,Invoiced,Invoiced,2036422,3/7/2025,COCONNOR@FSCO.COM,,,,
F0005091-1,F0005091,1,Memos (F0005091)/S04235,F. SCHUMACHER & CO - NEW GOODS,,,Sunlit Palm Sisal Memos,Sunlit Palm Sisal Memos - MS5012042 (Pistachio),PNW5004716 Ivory,PARAMOUNT SUBSTRATES,SISAL,"36"" Roll",72 Linear Feet,72,0.01,0.39,36 inches,1,Glow,,,Print,Invoiced,Invoiced,2036788,3/7/2025,COCONNOR@FSCO.COM,,,,
F0005093-1,F0005093,1,Regular (F0005093)/S04237,F. SCHUMACHER & CO - NEW GOODS,,,Abstract Ikat Sisal,Abstract Ikat Sisal - 5017590 (Cadet),PNW5004716 Ivory,PARAMOUNT SUBSTRATES,SISAL,"36"" Roll",150 Linear Feet,150,0.01,0.81,36 inches,1,Sasha,,,Print,Invoiced,Invoiced,2013450,2/26/2025,COCONNOR@FSCO.COM,,,,
F0005095-1,F0005095,1,Regular (F0005095)/S04239,F. SCHUMACHER & CO - NEW GOODS,,,Abstract Ikat Sisal,Abstract Ikat Sisal - 5017592 (Taupe),PNW5004716 Ivory,PARAMOUNT SUBSTRATES,SISAL,"36"" Roll",144 Linear Feet,144,0.01,0.78,36 inches,1,Sasha,4p,,Print,Invoiced,Invoiced,2036385,3/7/2025,COCONNOR@FSCO.COM,,,,
F0005096-1,F0005096,1,Memos (F0005096)/S04240,F. SCHUMACHER & CO - NEW GOODS,,,Abstract Ikat Sisal Memos,Abstract Ikat Sisal Memos - MS5017591 (Beige),PNW5004716 Ivory,PARAMOUNT SUBSTRATES,SISAL,"36"" Roll",60 Linear Feet,60,0.01,0.32,36 inches,1,Glow,,,Print,Invoiced,Invoiced,1999979,2/20/2025,COCONNOR@FSCO.COM,,,,
F0005097-1,F0005097,1,Memos (F0005097)/S04241,F. SCHUMACHER & CO - NEW GOODS,,,Abstract Ikat Sisal Memos,Abstract Ikat Sisal Memos - MS5017590 (Cadet),PNW5004716 Ivory,PARAMOUNT SUBSTRATES,SISAL,"36"" Roll",60 Linear Feet,60,0.01,0.32,36 inches,1,Glow,,,Print,Invoiced,Invoiced,2016636,2/27/2025,COCONNOR@FSCO.COM,,,,
F0005099-1,F0005099,1,Regular (F0005099)/S04243,F. SCHUMACHER & CO - NEW GOODS,,,Abstract Ikat Sisal,Abstract Ikat Sisal - 5017590 (Cadet),PNW5004716 Ivory,PARAMOUNT SUBSTRATES,SISAL,"36"" Roll",300 Linear Feet,300,0.01,1.62,36 inches,1,Sasha,,,Print,Invoiced,Invoiced,2003296,2/21/2025,COCONNOR@FSCO.COM,,,,
F0005102-1,F0005102,1,Regular (F0005102)/S04246,F. SCHUMACHER & CO - NEW GOODS,,,Enzo Sisal,Enzo Sisal - 5013052 (Straw),PNW5004716 Ivory,PARAMOUNT SUBSTRATES,SISAL,"36"" Roll",144 Linear Feet,144,0.01,0.78,36 inches,1,Sasha,,,Print,Invoiced,Invoiced,2022986,3/3/2025,COCONNOR@FSCO.COM,,,,
F0005252-1,F0005252,1,Regular (F0005252)/S04308,F. SCHUMACHER & CO - HUB,,,Quill,Quill - 5015340 (Porcupine),BNY5004716 48y Ivory,BNY SUBSTRATES,SISAL,"36"" Roll",480016.6667 Linear Feet,480016.6667,0.16,77002.67,35.5 inches,1,Sasha,,,Print,Invoiced,Invoiced,1931229,1/17/2025,COCONNOR@FSCO.COM,,,,
F0005379-1,F0005379,1,Memos (F0005379)/S04343,F. SCHUMACHER & CO - MEMOS,,,Deconstructed Stripe Sisal Memos,Deconstructed Stripe Sisal Memos - MS5016580 (Black),BNY5004716 48y Ivory,BNY SUBSTRATES,SISAL,"36"" Roll",168 Linear Feet,168,0.16,26.95,36 inches,1,Glow,,,Print,Invoiced,Invoiced,1973099,2/7/2025,COCONNOR@FSCO.COM,,,,
F0005436-1,F0005436,1,Regular (F0005436)/S04369,F. SCHUMACHER & CO - HUB,,,Saranda Flower Sisal,Saranda Flower Sisal - 5016671 (Sky),BNY5004716 48y Ivory,BNY SUBSTRATES,SISAL,"36"" Roll",1500 Linear Feet,1500,0.16,240.63,36 inches,1,Sasha,,,Print,Invoiced,Invoiced,1973002,2/7/2025,COCONNOR@FSCO.COM,,,,
F0005442-1,F0005442,1,Regular (F0005442)/S04375,F. SCHUMACHER & CO - HUB,,,Ming Vase,Ming Vase - 5013582 (Jade),BNYDesardi,BNY SUBSTRATES,PAPER,"60"" Roll",1200 Linear Feet,1200,0.01,16.5,60 inches,1,Sasha,,,Print,Invoiced,Invoiced,2003255,2/21/2025,COCONNOR@FSCO.COM,,,,
F0005553-1,F0005553,1,Regular (F0005553)/S04416,F. SCHUMACHER & CO - HUB,,,Sandoway Vine,Sandoway Vine  - 5011610 (Linen),"BNYAhlstrom 60"" 200Y",BNY SUBSTRATES,PAPER,"60"" Roll",600 Linear Feet,600,0.01,6.3,60 inches,1,Sasha,,,Print,Invoiced,Invoiced,2020114,2/28/2025,COCONNOR@FSCO.COM,,,,
F0005652-1,F0005652,1,Regular (F0005652)/S04460,F. SCHUMACHER & CO - HUB,,,Baudin Butterfly Linen,Baudin Butterfly Linen - 5011832 (Natural),"BNYGreenland 54"" 50Y",BNY SUBSTRATES,PAPER,"54"" Roll",150 Linear Feet,150,0.02,3.08,54 inches,1,Sasha,,,Print,Invoiced,Invoiced,2137059,4/17/2025,ADAM,,,,
F0005836-1,F0005836,1,Regular (F0005836),F. SCHUMACHER & CO - HUB,,,Le Grand Tour,Le Grand Tour - 5014290 (Floral),"BNYCPG7100 60"" 210Y",BNY SUBSTRATES,PAPER,"60"" Roll",180 Linear Feet,180,0.01,1.49,60 inches,1,Sasha,,,Print,Invoiced,Invoiced,2007604,2/24/2025,COCONNOR@FSCO.COM,,,,
F0005853-1,F0005853,1,Regular (F0002108)/S03164 (F0005853),F. SCHUMACHER & CO - HUB,,,Hyperion Sisal,Hyperion Sisal - 5016910 (Off Black),PW Sisal 96,BNY SUBSTRATES,SISAL,"36"" Roll",606 Linear Feet,606,0.01,3.27,36 inches,1,Sasha,,,Print,Invoiced,Invoiced,1968498,2/5/2025,COCONNOR@FSCO.COM,,,,
F0005854-1,F0005854,1,Regular (F0002107)/S03163 (F0005854),F. SCHUMACHER & CO - HUB,,,Hyperion Sisal,Hyperion Sisal - 5016911 (Peach),PW Sisal 96,BNY SUBSTRATES,SISAL,"36"" Roll",150 Linear Feet,150,0.01,0.81,36 inches,1,Sasha,,,Print,Invoiced,Invoiced,1973141,2/7/2025,COCONNOR@FSCO.COM,,,,
F0005855-1,F0005855,1,Regular (F0002106)/S03162 (F0005855),F. SCHUMACHER & CO - HUB,,,Hyperion Sisal,Hyperion Sisal - 5016912 (Soft Green),PW Sisal 96,BNY SUBSTRATES,SISAL,"36"" Roll",600 Linear Feet,600,0.01,3.24,36 inches,1,Sasha,,,Print,Invoiced,Invoiced,1973043,2/7/2025,COCONNOR@FSCO.COM,,,,
F0005861-1,F0005861,1,Custom MTO (F0005861),F. SCHUMACHER & CO. CUSTOM MTO,,,Custom Gambit Panel SKO,Custom Gambit Panel SKO - SKO850079 (Sage & Deep Green),"BNYBaliHai 54"" 100Y",BNY SUBSTRATES,VINYL,"54"" Roll",4.625 Linear Feet,4.625,0.02,0.09,36 inches,1,Bianca,,,Print,Invoiced,Invoiced,1944077,1/24/2025,COCONNOR@FSCO.COM,,,,
F0005863-1,F0005863,1,Custom MTO (F0005863),F. SCHUMACHER & CO. CUSTOM MTO,,,Custom Haruki Sisal,Custom Haruki Sisal - 850081 (Celery),PNW5004716 Ivory,PARAMOUNT SUBSTRATES,SISAL,"36"" Roll",72 Linear Feet,72,0.01,0.39,36 inches,1,Bianca,,,Print,Invoiced,Invoiced,1944008,1/24/2025,COCONNOR@FSCO.COM,,,,
F0005870-1,F0005870,1,Custom MTO (F0005870),F. SCHUMACHER & CO. CUSTOM MTO,,,Custom Gambit Panel SKO,Custom Gambit Panel SKO - SKO850080 (Cocoa & Charcoal),"BNYBaliHai 54"" 100Y",BNY SUBSTRATES,VINYL,"54"" Roll",4.625 Linear Feet,4.625,0.02,0.09,36 inches,1,Bianca,,,Print,Invoiced,Invoiced,1944084,1/24/2025,COCONNOR@FSCO.COM,,,,
F0005922-1,F0005922,1,Regular (F0005922),F. SCHUMACHER & CO - HUB,,,Coleridge Sisal,Coleridge Sisal  - 5012250 (Chambray),PNW5004716 Ivory,PARAMOUNT SUBSTRATES,SISAL,"36"" Roll",288 Linear Feet,288,4.3,1238.4,36 inches,1,Ruby,,,Print,Invoiced,Invoiced,2212874,5/14/2025,COCONNOR@FSCO.COM,,,,
F0005951-1,F0005951,1,MTO (F0005951),F. SCHUMACHER & CO - MTO,,,Rolling Hills,Rolling Hills - 5012630 (MochaNeutral)),"BNYCPG7100 60"" 210Y",BNY SUBSTRATES,PAPER,"60"" Roll",120 Linear Feet,120,0.01,0.99,60 inches,1,Sasha,,,Print,Invoiced,Invoiced,1957765,1/31/2025,COCONNOR@FSCO.COM,,,,
F0006012-1,F0006012,1,Regular (F0006012),F. SCHUMACHER & CO - HUB,,,Tendril Stripe Sisal,Tendril Stripe Sisal - 5015562 (Black&Cream),BNY5004716 48y Ivory,BNY SUBSTRATES,SISAL,"36"" Roll",120 Linear Feet,120,6.45,774,36 inches,1,Sasha,4p,,Print,Invoiced,Invoiced,2051299,3/14/2025,COCONNOR@FSCO.COM,,,,
F0006074-1,F0006074,1,Regular (F0006074),F. SCHUMACHER & CO - HUB,,,Painted Sky,Painted Sky - 5016022 (Air),"BNYNeuKaliss 60"" 315Y",BNY SUBSTRATES,PAPER,"60"" Roll",288.9999 Linear Feet,288.9999,1.07,309.52,60 inches,1,Sasha,,,Print,Invoiced,Invoiced,2078135,3/26/2025,COCONNOR@FSCO.COM,,,,
F0006093-1,F0006093,1,Fabric (F0006093),Lee Industries,,,Lily of the Valley,Lily of the Valley- SLF-LIL-PIS (Pistachio),BNYLondon H73,BNY SUBSTRATES,FABRIC,Fabric,606 Linear Feet,606,3.51,2124.37,60 inches,1,Sasha,,,Print,Invoiced,Invoiced,2173793,4/30/2025,COCONNOR@FSCO.COM,,,,
F0006099-1,F0006099,1,Panel (F0006099),F. SCHUMACHER & CO - HUB,,,Orissa Panel,Orissa Panel - 5011454 (Mineral),"BNYNeuKaliss 60"" 315Y",BNY SUBSTRATES,PAPER,"60"" Roll",157.35 Linear Feet,157.35,1.19,187.25,60 inches,1,Sasha,,,Print,Invoiced,Invoiced,2286408,6/6/2025,COCONNOR@FSCO.COM,,,,
F0006100-1,F0006100,1,Regular (F0006100),F. SCHUMACHER & CO - HUB,,,Woodperry,Woodperry - 5008794 (Moss),"BNYAhlstrom 60"" 200Y",BNY SUBSTRATES,PAPER,"60"" Roll",1200 Linear Feet,1200,0.01,12.6,60 inches,1,Sasha,,,Print,Invoiced,Invoiced,2022954,3/3/2025,COCONNOR@FSCO.COM,,,,
F0006101-1,F0006101,1,Panel (F0006101),F. SCHUMACHER & CO - HUB,,,Villa Palm Panel,Villa Palm Panel - 5013880 (Blue),"BNYNeuKaliss 60"" 315Y",BNY SUBSTRATES,PAPER,"60"" Roll",19.1418 Linear Feet,19.1418,1.19,22.78,60 inches,1,Sasha,,,Print,Invoiced,Invoiced,2286416,6/6/2025,COCONNOR@FSCO.COM,,,,
F0006201-1,F0006201,1,Regular (F0006201),F. SCHUMACHER & CO - HUB,,,A Palm Is A Palm Sisal,A Palm Is A Palm Sisal - 5016962 (Indigo Palm Grove),PNW5004716 Ivory,PARAMOUNT SUBSTRATES,SISAL,"36"" Roll",288 Linear Feet,288,4.3,1238.4,36 inches,1,Ruby,,,Print,Invoiced,Invoiced,2238374,5/22/2025,COCONNOR@FSCO.COM,,,,
F0006887-1,F0006887,1,Regular (F0006887),F. SCHUMACHER & CO - HUB,,,Betty,Betty - 5009871 (Charcoal),"BNYAhlstrom 60"" 200Y",BNY SUBSTRATES,PAPER,"60"" Roll",600 Linear Feet,600,0.01,6.3,60 inches,1,Sasha,,,Print,Invoiced,Invoiced,2204290,5/12/2025,COCONNOR@FSCO.COM,,,,
F0006915-1,F0006915,1,Regular (F0006915),F. SCHUMACHER & CO - HUB,,,Temple,Temple  - 5008053 (Sage),"BNYAhlstrom 60"" 200Y",BNY SUBSTRATES,PAPER,"60"" Roll",273 Linear Feet,273,0.01,2.87,60 inches,1,Glow,,,Print,Invoiced,Invoiced,2242749,5/23/2025,COCONNOR@FSCO.COM,,,,
F0007597-1,F0007597,1,Memos (F0007597),F. SCHUMACHER & CO - MEMOS,,,Orissa Sisal Memos,Orissa Sisal Memos - MS5011440 (Sky),PNW5004716 Ivory,PARAMOUNT SUBSTRATES,SISAL,"36"" Roll",28.2339 Linear Feet,28.2339,0.01,0.16,34.1 inches,1,EMBER,300dpi,,Print,Invoiced,Invoiced,2630994,9/26/2025,COCONNOR@FSCO.COM,,,,
F0007987-1,F0007987,1,Custom MTO (F0007987),F. SCHUMACHER & CO. CUSTOM MTO,,,Custom Chinois Palais Panel,Custom Chinois Palais Panel - 850142 (Aquamarine),"BNYNeuKaliss 60"" 315Y",BNY SUBSTRATES,PAPER,"60"" Roll",21 Linear Feet,21,0.4,8.47,60 inches,1,Dakota Kai,,,Print,Invoiced,Invoiced,2212869,5/14/2025,COCONNOR@FSCO.COM,,,,
F0008279-1,F0008279,1,MTO (F0008279),F. SCHUMACHER & CO - MTO,,,Acanthus Forest Panel Set,Acanthus Forest Panel Set - 5016410 (CoolMulti),"BNYNeuKaliss 60"" 315Y",BNY SUBSTRATES,PAPER,"60"" Roll",240 Linear Feet,240,1.19,285.6,60 inches,1,Glow,,,Print,Invoiced,Invoiced,2261150,5/30/2025,COCONNOR@FSCO.COM,,,,
F0008360-1,F0008360,1,Custom MTO (F0008360),F. SCHUMACHER & CO. CUSTOM MTO,,,Custom Le Grand Tour,Custom Le Grand Tour - 850153 (Stripe),"BNYNeuKaliss 60"" 315Y",BNY SUBSTRATES,PAPER,"60"" Roll",15 Linear Feet,15,1.19,17.85,60 inches,1,Glow,,,Print,Invoiced,Invoiced,2252168,5/28/2025,SHELBY,,,,
F0008362-1,F0008362,1,Custom MTO (F0008362),F. SCHUMACHER & CO. CUSTOM MTO,,,Custom Waves,Custom Waves - 850134 (White on Sky),"BNYBaliHai 54"" 100Y",BNY SUBSTRATES,VINYL,"54"" Roll",147.2499 Linear Feet,147.2499,0.02,2.95,36 inches,1,Glow,,,Print,Invoiced,Invoiced,2279476,6/5/2025,XIACHEN,,,,
F0008974-1,F0008974,1,Custom MTO (F0008974),F. SCHUMACHER & CO. CUSTOM MTO,,,Custom Tiger Palm,Custom Tiger Palm - 850154 (Delft),"BNYDGC57-V2NW-BW 57"" 100Y",BNY SUBSTRATES,VINYL,"57"" Roll",93 Linear Feet,93,0.01,0.6,57 inches,1,LASH,300dpi,,Print,Invoiced,Invoiced,2400278,7/18/2025,JEANNE,,,,
F0009259-1,F0009259,1,Custom MTO (F0009259),F. SCHUMACHER & CO. CUSTOM MTO,,,Custom Labyrinth Grand,Custom Labyrinth Grand - 850108 (Soft Silver),"BNYDGC57-V2NW-BW 57"" 100Y",BNY SUBSTRATES,VINYL,"57"" Roll",207 Linear Feet,207,0.01,1.33,57 inches,1,EMBER,300dpi,,Print,Invoiced,Invoiced,2424254,7/25/2025,SHELBY,,,,
F0009269-1,F0009269,1,Custom MTO (F0009269),F. SCHUMACHER & CO. CUSTOM MTO,,,Custom Labyrinth Grand,Custom Labyrinth Grand - 850118 (Sky),"BNYDGC57-V2NW-BW 57"" 100Y",BNY SUBSTRATES,VINYL,"57"" Roll",63 Linear Feet,63,0.01,0.41,57 inches,1,EMBER,300dpi,,Print,Invoiced,Invoiced,2429979,7/29/2025,COCONNOR@FSCO.COM,,,,
F0009319-1,F0009319,1,Custom MTO (F0009319),F. SCHUMACHER & CO. CUSTOM MTO,,,Custom Toile de Femmes,Custom Toile de Femmes - 850187 (Parchment),"BNYDGC57-V2NW-BW 57"" 100Y",BNY SUBSTRATES,VINYL,"57"" Roll",93 Linear Feet,93,0.01,0.6,57 inches,1,Dakota Kai,300dpi,,Print,Invoiced,Invoiced,2370909,7/9/2025,JEANNE,,,,
F0009361-1,F0009361,1,Custom MTO (F0009361),F. SCHUMACHER & CO. CUSTOM MTO,,,Custom Seychelles,Custom Seychelles  - 850160 (Sea),"BNYDGC57-V2NW-BW 57"" 100Y",BNY SUBSTRATES,VINYL,"57"" Roll",177 Linear Feet,177,0.01,1.14,57 inches,1,LASH,300dpi,,Print,Invoiced,Invoiced,2446637,8/1/2025,SHELBY,,,,
F0009421-1,F0009421,1,Custom MTO (F0009421),F. SCHUMACHER & CO. CUSTOM MTO,,,Custom Ocean Toile SKO,Custom Ocean Toile SKO - SKO850196 (Eucalyptus on Linen),"BNYDGC57-V2NW-BW 57"" 100Y",BNY SUBSTRATES,VINYL,"57"" Roll",3 Linear Feet,3,0.01,0.02,57 inches,1,Dakota Kai,300dpi,,Print,Invoiced,Invoiced,2434244,7/30/2025,SARAH,,,,
F0009423-1,F0009423,1,Custom MTO (F0009351) (F0009423),F. SCHUMACHER & CO. CUSTOM MTO,,,Custom Woodland Leopard Sisal,Custom Woodland Leopard Sisal - 850141 (Coastal Cottage),E019 Vinal Sisal,BNY SUBSTRATES,VINYL,"54"" Roll",180 Linear Feet,180,0.01,1.02,54 inches,1,LASH,300dpi,,Print,Invoiced,Invoiced,2432490,7/29/2025,BLAWLOR@FSCO.COM,,,,
F0009635-1,F0009635,1,Custom MTO (F0009635),F. SCHUMACHER & CO. CUSTOM MTO,,,Custom Edwin Stripe Wide SKO,Custom Edwin Stripe Wide SKO - SKO850202 (Petal),"BNYDGC57-V2NW-BW 57"" 100Y",BNY SUBSTRATES,VINYL,"57"" Roll",3 Linear Feet,3,0.01,0.02,57 inches,1,LASH,300dpi,,Print,Invoiced,Invoiced,2454934,8/5/2025,PKEEFER@FSCO.COM,,,,
F0009733-1,F0009733,1,Custom MTO (F0009733),F. SCHUMACHER & CO. CUSTOM MTO,,,Custom Brentwood Stripe,Custom Brentwood Stripe - 850165 (Cobalt),"BNYDGC57-V2NW-BW 57"" 100Y",BNY SUBSTRATES,VINYL,"57"" Roll",51 Linear Feet,51,0.01,0.33,57 inches,1,LASH,300dpi,,Print,Invoiced,Invoiced,2466180,8/8/2025,PKEEFER@FSCO.COM,,,,
F0009791-1,F0009791,1,Custom MTO (F0009791),F. SCHUMACHER & CO. CUSTOM MTO,,,Custom Shortcake SKO,Custom Shortcake SKO - SKO850204 (Pink),"BNYDGC57-V2NW-BW 57"" 100Y",BNY SUBSTRATES,VINYL,"57"" Roll",3 Linear Feet,3,0.01,0.02,57 inches,1,LASH,300dpi,,Print,Invoiced,Invoiced,2463522,8/7/2025,PKEEFER@FSCO.COM,,,,
F0009843-1,F0009843,1,Custom MTO (F0009843),F. SCHUMACHER & CO. CUSTOM MTO,,,Custom Hidden Ivy,Custom Hidden Ivy - 850158 (Parchment),BNYDigiscape,BNY SUBSTRATES,PAPER,"54"" Roll",123 Linear Feet,123,0.07,8,54 inches,1,LASH,300dpi,,Print,Invoiced,Invoiced,2489807,8/15/2025,COCONNOR@FSCO.COM,,,,
F0009863-1,F0009863,1,Custom MTO (F0009863),F. SCHUMACHER & CO. CUSTOM MTO,,,Custom Joshua Tree SKO,Custom Joshua Tree SKO - SKO850207 (Multi on Ivory),E019 Vinal Sisal,BNY SUBSTRATES,VINYL,"54"" Roll",3 Linear Feet,3,5.1,15.3,54 inches,1,LASH,300dpi,,Print,Invoiced,Invoiced,2489751,8/15/2025,COCONNOR@FSCO.COM,,,,
F0009989-1,F0009989,1,Custom MTO (F0009989),F. SCHUMACHER & CO. CUSTOM MTO,,,Custom Tendril Stripe,Custom Tendril Stripe - 850155 (Black & Cream),"BNYDGC57-V2NW-BW 57"" 100Y",BNY SUBSTRATES,VINYL,"57"" Roll",75 Linear Feet,75,0.01,0.48,57 inches,1,Bianca,300dpi,,Print,Invoiced,Invoiced,2501116,8/20/2025,SARAH,,,,
F0010070-1,F0010070,1,Custom MTO (F0010070),F. SCHUMACHER & CO. CUSTOM MTO,,,Custom Tiger Palm SKO,Custom Tiger Palm SKO - SKO850210 (Delft),"BNYDGC57-V2NW-BW 57"" 100Y",BNY SUBSTRATES,VINYL,"57"" Roll",3 Linear Feet,3,0.01,0.02,57 inches,1,LASH,300dpi,,Print,Invoiced,Invoiced,2510056,8/22/2025,PKEEFER@FSCO.COM,,,,
F0010145-1,F0010145,1,Custom MTO (F0010145),F. SCHUMACHER & CO. CUSTOM MTO,,,Custom Drifting Grid,Custom Drifting Grid - 850188 (Black),"BNYDGC57-V2NW-BW 57"" 100Y",BNY SUBSTRATES,VINYL,"57"" Roll",63 Linear Feet,63,0.01,0.41,57 inches,1,Bianca,300dpi,,Print,Invoiced,Invoiced,2530042,8/28/2025,XIACHEN,,,,
F0010178-1,F0010178,1,Custom MTO (F0010178),F. SCHUMACHER & CO. CUSTOM MTO,,,Custom Tangent SKO,Custom Tangent SKO - SKO850211 (Ivory),"BNYDGC57-V2NW-BW 57"" 100Y",BNY SUBSTRATES,VINYL,"57"" Roll",3 Linear Feet,3,0.01,0.02,57 inches,1,Bianca,300dpi,,Print,Invoiced,Invoiced,2517894,8/25/2025,PKEEFER@FSCO.COM,,,,
F0010265-1,F0010265,1,Custom MTO (F0010265),F. SCHUMACHER & CO. CUSTOM MTO,,,Custom Ocean Toile,Custom Ocean Toile - 850196 (Eucalyptus on Linen),"BNYDGC57-V2NW-BW 57"" 100Y",BNY SUBSTRATES,VINYL,"57"" Roll",78 Linear Feet,78,0.01,0.5,57 inches,1,Rhonda,300dpi,,Print,Invoiced,Invoiced,2558067,9/5/2025,COCONNOR@FSCO.COM,,,,
F0010315-1,F0010315,1,Custom MTO (F0010315),F. SCHUMACHER & CO. CUSTOM MTO,,,Custom Coffee Bean,Custom Coffee Bean - 850179 (Sky),"BNYDGC57-V2NW-BW 57"" 100Y",BNY SUBSTRATES,VINYL,"57"" Roll",21 Linear Feet,21,0.01,0.14,57 inches,1,LASH,300dpi,,Print,Invoiced,Invoiced,2558065,9/5/2025,COCONNOR@FSCO.COM,,,,
F0010361-1,F0010361,1,Custom MTO (F0010361),F. SCHUMACHER & CO. CUSTOM MTO,,,Custom Jamie's Trophies Sisal,Custom Jamie's Trophies Sisal - 850184 (Sky),E019 Vinal Sisal,BNY SUBSTRATES,VINYL,"54"" Roll",63 Linear Feet,63,5.1,321.3,54 inches,1,Bianca,300dpi,,Print,Invoiced,Invoiced,2549912,9/4/2025,SARAH,,,,
F0010514-1,F0010514,1,Regular (F0010514),F. SCHUMACHER & CO - HUB,,,Pineapples,Pineapples - 5010452 (Yellow),"BNYCPG7100 60"" 210Y",BNY SUBSTRATES,PAPER,"60"" Roll",165 Linear Feet,165,1.84,303.6,60 inches,1,Trish,4p,,Print,Invoiced,Invoiced,2606906,9/19/2025,COCONNOR@FSCO.COM,,,,
F0010560-1,F0010560,1,Custom MTO (F0010560),F. SCHUMACHER & CO. CUSTOM MTO,,,Custom Cloud Toile,Custom Cloud Toile - 850147 (Mineral),"BNYDGC57-V2NW-BW 57"" 100Y",BNY SUBSTRATES,VINYL,"57"" Roll",153 Linear Feet,153,0.01,0.99,57 inches,1,Glow,4p,,Print,Invoiced,Invoiced,2594266,9/17/2025,SARAH,,,,
F0010684-1,F0010684,1,Custom MTO (F0009361) (F0010684),F. SCHUMACHER & CO. CUSTOM MTO,,,Custom Seychelles,Custom Seychelles  - 850160 (Sea),"BNYDGC57-V2NW-BW 57"" 100Y",BNY SUBSTRATES,VINYL,"57"" Roll",51 Linear Feet,51,0.01,0.33,57 inches,1,LASH,300dpi,,Print,Invoiced,Invoiced,2623000,9/25/2025,SREMSON@PARAMOUNTPRINTS.COM,,,,
F0010707-1,F0010707,1,Custom MTO (F0010707),F. SCHUMACHER & CO. CUSTOM MTO,,,Custom Joshua Tree,Custom Joshua Tree - 850207 (Multi on Ivory),E019 Vinal Sisal,BNY SUBSTRATES,VINYL,"54"" Roll",138 Linear Feet,138,5.1,703.8,54 inches,1,LASH,300dpi,,Print,Invoiced,Invoiced,2628130,9/26/2025,SHELBY,,,,
F0010713-1,F0010713,1,Custom MTO (F0010713),F. SCHUMACHER & CO. CUSTOM MTO,,,Custom Tiger Palm,Custom Tiger Palm - 850210 (Delft),"BNYDGC57-V2NW-BW 57"" 100Y",BNY SUBSTRATES,VINYL,"57"" Roll",93 Linear Feet,93,0.01,0.6,57 inches,1,LASH,300dpi,,Print,Invoiced,Invoiced,2631006,9/26/2025,COCONNOR@FSCO.COM,,,,
F0010759-1,F0010759,1,Custom MTO (F0010759),F. SCHUMACHER & CO. CUSTOM MTO,,,Custom Chinoiserie Moderne SKO,Custom Chinoiserie Moderne SKO - SKO850225 (Blue),"BNYDGC57-V2NW-BW 57"" 100Y",BNY SUBSTRATES,VINYL,"57"" Roll",3 Linear Feet,3,0.01,0.02,57 inches,1,LASH,300dpi,,Print,Invoiced,Invoiced,2621469,9/24/2025,PKEEFER@FSCO.COM,,,,
F0010836-1,F0010836,1,MTO (F0010836),F. SCHUMACHER & CO - MTO,,,Custom Campagne Scaled Down,Custom Campagne Scaled Down - 850230 (Cadet & Citron),"BNYCPG7100 60"" 210Y",BNY SUBSTRATES,PAPER,"60"" Roll",63 Linear Feet,63,1.84,115.92,60 inches,1,LASH,300dpi,,Print,Invoiced,Invoiced,2579636,9/12/2025,BLAWLOR@FSCO.COM,,,,
F0010966-1,F0010966,1,Hospitality (F0010966),F. SCHUMACHER & CO - HOSPITALITY,,,Hospitality Lynton Velvet Stripe,Hospitality Lynton Velvet Stripe - 953898 (Black Plum),PNW5004716 Ivory,PARAMOUNT SUBSTRATES,SISAL,"36"" Roll",180 Linear Feet,180,0.01,1,36 inches,1,Ruby,600dpi,,Print,Invoiced,Invoiced,2692456,10/15/2025,JOE,,,,
F0011048-1,F0011048,1,Custom MTO (F0010178) (F0011048),F. SCHUMACHER & CO. CUSTOM MTO,,,Custom Tangent SKO,Custom Tangent SKO - SKO850211 (Ivory),"BNYDGC57-V2NW-BW 57"" 100Y",BNY SUBSTRATES,VINYL,"57"" Roll",3 Linear Feet,3,0.01,0.02,57 inches,1,LASH,300dpi,,Print,Invoiced,Invoiced,2630678,9/26/2025,COCONNOR@FSCO.COM,,,,
F0011227-1,F0011227,1,Custom MTO (F0011227),F. SCHUMACHER & CO. CUSTOM MTO,,,Custom Joshua Tree SKO,Custom Joshua Tree SKO - SKO850241 (Natural),"BNYDGC57-V2NW-BW 57"" 100Y",BNY SUBSTRATES,VINYL,"57"" Roll",3 Linear Feet,3,5.8,17.4,57 inches,1,LASH,300dpi,,Print,Invoiced,Invoiced,2688388,10/14/2025,PKEEFER@FSCO.COM,,,,
F0011267-1,F0011267,1,Custom MTO (F0011267),F. SCHUMACHER & CO. CUSTOM MTO,,,Custom Drift Hand Print SKO,Custom Drift Hand Print SKO - SKO850243 (Ginger),"BNYDGC57-V2NW-BW 57"" 100Y",BNY SUBSTRATES,VINYL,"57"" Roll",3 Linear Feet,3,5.8,17.4,57 inches,1,LASH,300dpi,,Print,Invoiced,Invoiced,2664249,10/7/2025,PKEEFER@FSCO.COM,,,,
F0011436-1,F0011436,1,Custom MTO (F0011436),F. SCHUMACHER & CO. CUSTOM MTO,,,Custom Tangent,Custom Tangent - 850211 (Ivory),"BNYDGC57-V2NW-BW 57"" 100Y",BNY SUBSTRATES,VINYL,"57"" Roll",93 Linear Feet,93,5.8,539.4,57 inches,1,LASH,300dpi,,Print,Invoiced,Invoiced,2725897,10/24/2025,PKEEFER@FSCO.COM,,,,
F0006893-1,F0006893,1,Regular (F0006893),F. SCHUMACHER & CO - HUB,,,Wisteria Sisal,Wisteria Sisal - 5013700 (Teal&SoftPink),PNW5004716 Ivory,PARAMOUNT SUBSTRATES,SISAL,"36"" Roll",528 Linear Feet,528,0.01,2.92,36 inches,1,Nikki,Other,,Print,Invoiced,Invoiced,,7/18/2025,COCONNOR@FSCO.COM,,,8,
F0008924-1,F0008924,1,MTO (F0008924),F. SCHUMACHER & CO - MTO,,,Edwin Stripe Medium,Edwin Stripe Medium - 5011885 (Slate),"BNYNeuKaliss 60"" 315Y",BNY SUBSTRATES,PAPER,"60"" Roll",75 Linear Feet,75,1.19,89.25,30 inches,2,Nikki,Other,,Print,Invoiced,Invoiced,,7/9/2025,PKEEFER@FSCO.COM,,,10,
F0009257-1,F0009257,1,Custom MTO (F0009257),F. SCHUMACHER & CO. CUSTOM MTO,,,Custom Madame De Pompadour Panel Set,Custom Madame De Pompadour Panel Set - 850150 (Blush),"BNYNeuKaliss 60"" 315Y",BNY SUBSTRATES,PAPER,"60"" Roll",70.6667 Linear Feet,70.6667,1.19,84.09,60 inches,1,Nikki,Other,,Print,Invoiced,Invoiced,,7/10/2025,PKEEFER@FSCO.COM,,,5.89,
F0009314-1,F0009314,1,Regular (F0001339)/S02828 (F0009314),F. SCHUMACHER & CO - HUB,,,Xanadu Metallic,Xanadu Metallic  - 5012800 (VintageGold),"BNYOM61Gold 30"" 50Y",BNY SUBSTRATES,PAPER,"30"" Roll",75 Linear Feet,75,0.08,5.88,15 inches,2,Rhonda,300dpi,,Print,Invoiced,Invoiced,,6/27/2025,COCONNOR@FSCO.COM,,,10,
F0009355-1,F0009355,1,MTO (F0009355),F. SCHUMACHER & CO - MTO,,,Les Oiseaux Panel Set,Les Oiseaux Panel Set - 5015150 (Sky),"BNYNeuKaliss 60"" 315Y",BNY SUBSTRATES,PAPER,"60"" Roll",144 Linear Feet,144,1.19,171.36,60 inches,1,Nikki,Other,,Print,Invoiced,Invoiced,,7/9/2025,PKEEFER@FSCO.COM,,,12,
F0009380-1,F0009380,1,MTO (F0009380),F. SCHUMACHER & CO - MTO,,,Edwin Stripe Narrow,Edwin Stripe Narrow - 5011875 (Pink),"BNYNeuKaliss 60"" 315Y",BNY SUBSTRATES,PAPER,"60"" Roll",30 Linear Feet,30,1.19,35.7,30 inches,2,Nikki,Other,,Print,Invoiced,Invoiced,,7/18/2025,PKEEFER@FSCO.COM,,,10,
F0009381-1,F0009381,1,MTO (F0009381),F. SCHUMACHER & CO - MTO,,,Les Oiseaux Panel Set,Les Oiseaux Panel Set - 5015150 (Sky),"BNYNeuKaliss 60"" 315Y",BNY SUBSTRATES,PAPER,"60"" Roll",180 Linear Feet,180,1.19,214.2,60 inches,1,Nikki,Other,,Print,Invoiced,Invoiced,,7/8/2025,PKEEFER@FSCO.COM,,,12,
F0009422-1,F0009422,1,MTO (F0009422),F. SCHUMACHER & CO - MTO,,,Edwin Stripe Narrow,Edwin Stripe Narrow - 5011875 (Pink),"BNYNeuKaliss 60"" 315Y",BNY SUBSTRATES,PAPER,"60"" Roll",15.9762 Linear Feet,15.9762,1.19,19.01,30 inches,2,Nikki,Other,,Print,Invoiced,Invoiced,,7/18/2025,PKEEFER@FSCO.COM,,,10,
F0009590-1,F0009590,1,MTO (F0009590),F. SCHUMACHER & CO - MTO,,,Edwin Stripe Narrow,Edwin Stripe Narrow - 5011875 (Pink),"BNYNeuKaliss 60"" 315Y",BNY SUBSTRATES,PAPER,"60"" Roll",120 Linear Feet,120,1.19,142.8,30 inches,2,Nikki,Other,,Print,Invoiced,Invoiced,,7/18/2025,PKEEFER@FSCO.COM,,,10,
F0009732-1,F0009732,1,MTO (F0009732),F. SCHUMACHER & CO - MTO,,,HANA SISAL,HANA SISAL - 5009040 (YELLOW),PNW5004716 Ivory,PARAMOUNT SUBSTRATES,SISAL,"36"" Roll",123 Linear Feet,123,0.01,0.68,36 inches,1,Nikki,Other,,Print,Invoiced,Invoiced,,8/22/2025,RODNEY,,,8,
F0010833-1,F0010833,1,Strike-off (F0010833),Tillett Textiles,,,"Custom 2"" WC SKO","Custom 2"" WC SKO - SKOTT9825-WC (Custom)","BNYCPG7100 60"" 210Y",BNY SUBSTRATES,PAPER,"60"" Roll",2.5 Linear Feet,2.5,1.84,4.6,36 inches,1,Nikki,Other,,Print,Invoiced,Invoiced,,9/9/2025,PKEEFER@FSCO.COM,,,1,
F0010973-1,F0010973,1,MTO (F0010973),F. SCHUMACHER & CO - MTO,,,Leonidis Stripe,Leonidis Stripe - 5016462 (Saffron),"BNYCPG7100 60"" 210Y",BNY SUBSTRATES,PAPER,"60"" Roll",60 Linear Feet,60,1.84,110.4,60 inches,1,Nikki,Other,,Print,Invoiced,Invoiced,,9/17/2025,PKEEFER@FSCO.COM,,,10,
F0011574-1,F0011574,1,MTO (F0011574),F. SCHUMACHER & CO - MTO,,,Kayon Sisal Panel Set,Kayon Sisal Panel Set - 5013720 (SoftBlue),PNW5004716 Ivory,PARAMOUNT SUBSTRATES,SISAL,"36"" Roll",72 Linear Feet,72,4.78,344.16,36 inches,1,Nikki,Other,,Print,Shipped,Shipped,,10/24/2025,RODNEY,,,4,
F0011951-1,F0011951,1,GRASS (F0011951),F. SCHUMACHER & CO - MTO,,,Tayrona Palm Mosaic Sisal,Tayrona Palm Mosaic Sisal,PNW5004721 Plum,PARAMOUNT SUBSTRATES,SISAL,"36"" Roll",12 Linear Feet,12,4.78,57.36,36 inches,1,Brie,Other,,Print,Invoiced,Invoiced,,10/23/2025,WENDYREGER@GMAIL.COM,,,"1,8",
F0004073-1,F0004073,1,Memos (F0004073),F. SCHUMACHER & CO - NEW GOODS,,,Fly Fishing Memos,Fly Fishing Memos MS5016992 (Russet),Omni 7100,BNY SUBSTRATES,PAPER,"60"" Roll",240 Linear Feet,240,0.02,4.42,2.4 inches,25,Glow,4p,,Print,Invoiced,Invoiced,,2/14/2025,COCONNOR@FSCO.COM,,,,
F0004075-1,F0004075,1,Paper (F0004075),F. SCHUMACHER & CO - NEW GOODS,,,Fly Fishing,Fly Fishing 5016992 (Russet),"BNYCPG7100 60"" 210Y",BNY SUBSTRATES,PAPER,"60"" Roll",75 Linear Feet,75,0.01,0.62,30 inches,2,Sasha,4p,,Print,Invoiced,Invoiced,,2/14/2025,COCONNOR@FSCO.COM,,,,
F0004077-1,F0004077,1,Paper (F0004077),F. SCHUMACHER & CO - NEW GOODS,,,Fly Fishing,Fly Fishing 5016990 (Ivory),"BNYCPG7100 60"" 210Y",BNY SUBSTRATES,PAPER,"60"" Roll",75 Linear Feet,75,0.01,0.62,30 inches,2,Sasha,4p,,Print,Invoiced,Invoiced,,2/14/2025,COCONNOR@FSCO.COM,,,,
F0004167-1,F0004167,1,Memos (F0004167),F. SCHUMACHER & CO - NEW GOODS,,,JAMIE'S TROPHIES,JAMIE'S TROPHIES - MS5017002 (SKY),PNW5004716 Ivory,PARAMOUNT SUBSTRATES,SISAL,"36"" Roll",480 Linear Feet,480,0.01,2.59,36 inches,1,Glow,4p,,Print,Invoiced,Invoiced,,1/31/2025,COCONNOR@FSCO.COM,,,,
F0004170-1,F0004170,1,Grass (F0004170),F. SCHUMACHER & CO - NEW GOODS,,,JAMIE'S TROPHIES,JAMIE'S TROPHIES - 5017003 (CHARCOAL),PNW5004716 Ivory,PARAMOUNT SUBSTRATES,SISAL,"36"" Roll",150 Linear Feet,150,0.01,0.81,36 inches,1,Sasha,4p,,Print,Invoiced,Invoiced,,1/24/2025,COCONNOR@FSCO.COM,,,,
F0004171-1,F0004171,1,Grass (F0004171),F. SCHUMACHER & CO - NEW GOODS,,,JAMIE'S TROPHIES,JAMIE'S TROPHIES - 5017002 (SKY),PNW5004716 Ivory,PARAMOUNT SUBSTRATES,SISAL,"36"" Roll",150 Linear Feet,150,0.01,0.81,36 inches,1,Sasha,4p,,Print,Invoiced,Invoiced,,1/24/2025,COCONNOR@FSCO.COM,,,,
F0004630-1,F0004630,1,Regular (F0004630)/S04074,F. SCHUMACHER & CO - HUB,,,Tendril Stripe Sisal,Tendril Stripe Sisal - 5015561 (Natural),PNW5004716 Ivory,PARAMOUNT SUBSTRATES,SISAL,"36"" Roll",4320050 Linear Feet,4320050,0.01,23300.27,35.5 inches,1,Sasha,4p,,Print,Invoiced,Invoiced,,1/10/2025,COCONNOR@FSCO.COM,,,,
F0005721-1,F0005721,1,Regular (F0005721)/S04483,F. SCHUMACHER & CO - HUB,,,Amazonas Mystique,Amazonas Mystique - 5016940 (Echoes Of The Rainforest),"BNYCPG7100 60"" 210Y",BNY SUBSTRATES,PAPER,"60"" Roll",450 Linear Feet,450,0.01,3.73,30 inches,2,Sasha,4p,,Print,Invoiced,Invoiced,,2/24/2025,COCONNOR@FSCO.COM,,,,
F0005747-1,F0005747,1,Regular (F0005394)/S04347 (F0005747),F. SCHUMACHER & CO - HUB,,,Balloons,Balloons - 2704320 (Multi),"BNYCPG7100 60"" 210Y",BNY SUBSTRATES,PAPER,"60"" Roll",30004.1667 Linear Feet,30004.1667,0.01,248.61,28.5 inches,2,Sasha,4p,,Print,Invoiced,Invoiced,,1/3/2025,COCONNOR@FSCO.COM,,,,
F0005769-1,F0005769,1,MTO (F0005769),F. SCHUMACHER & CO - MTO,,,Agua De Coco,Agua De Coco - 5017240 (Palm Tree Green),"BNYCPG7100 60"" 210Y",BNY SUBSTRATES,PAPER,"60"" Roll",4801.6667 Linear Feet,4801.6667,0.01,39.79,54.5 inches,1,Sasha,4p,,Print,Invoiced,Invoiced,,1/15/2025,PKEEFER@FSCO.COM,,,,
F0005793-1,F0005793,1,Custom MTO (F0005793),F. SCHUMACHER & CO. CUSTOM MTO,,,Custom Birds & Butterflies,Custom Birds & Butterflies - 850003 (Multi),"BNYDGC57-V2NW-BW 57"" 100Y",BNY SUBSTRATES,VINYL,"54"" Roll",3249.4066 Linear Feet,3249.4066,5.8,18846.56,51.5 inches,1,Sasha,4p,,Print,Invoiced,Invoiced,,1/14/2025,PKEEFER@FSCO.COM,,,,
F0005904-1,F0005904,1,MTO (F0005904),F. SCHUMACHER & CO - MTO,,,Agua De Coco,Agua De Coco - 5017240 (Palm Tree Green),"BNYCPG7100 60"" 210Y",BNY SUBSTRATES,PAPER,"60"" Roll",1200.8333 Linear Feet,1200.8333,0.01,9.95,60 inches,1,Sasha,4p,,Print,Invoiced,Invoiced,,1/16/2025,PKEEFER@FSCO.COM,,,,
F0006029-1,F0006029,1,Regular (F0006029),F. SCHUMACHER & CO - HUB,,,Emma Stripe Narrow,Emma Stripe Narrow - 5017192 (Aegean),"BNYCPG7100 60"" 210Y",BNY SUBSTRATES,PAPER,"60"" Roll",450 Linear Feet,450,0.01,3.73,30 inches,2,Sasha,4p,,Print,Invoiced,Invoiced,,2/26/2025,COCONNOR@FSCO.COM,,,,
F0006032-1,F0006032,1,Regular (F0006032),F. SCHUMACHER & CO - HUB,,,Emma Stripe,Emma Stripe - 5017218 (Petal),"BNYCPG7100 60"" 210Y",BNY SUBSTRATES,PAPER,"60"" Roll",300 Linear Feet,300,0.01,2.49,30 inches,2,Sasha,4p,,Print,Invoiced,Invoiced,,3/13/2025,COCONNOR@FSCO.COM,,,,
F0006033-1,F0006033,1,Regular (F0006033),F. SCHUMACHER & CO - HUB,,,Feathers-RCL,Feathers-RCL - 5008612 (Brown),"BNYCPG7100 60"" 210Y",BNY SUBSTRATES,PAPER,"60"" Roll",300 Linear Feet,300,0.01,2.49,30 inches,2,Sasha,4p,,Print,Invoiced,Invoiced,,3/14/2025,COCONNOR@FSCO.COM,,,,
F0006561-1,F0006561,1,Custom MTO (F0006561),F. SCHUMACHER & CO. CUSTOM MTO,,,Ovington,Ovington - 5008133 (Blues Blue),"BNYCPG7100 60"" 210Y",BNY SUBSTRATES,PAPER,"60"" Roll",135 Linear Feet,135,0.01,1.12,30 inches,2,LASH,,,Print,Invoiced,Invoiced,,3/7/2025,PKEEFER@FSCO.COM,,,,
F0007101-1,F0007101,1,Custom MTO (F0007101),F. SCHUMACHER & CO. CUSTOM MTO,,,Custom Labyrinth Grand SKO,Custom Labyrinth Grand SKO - SKO850108 (Soft Silver),"BNYDGC57-V2NW-BW 57"" 100Y",BNY SUBSTRATES,VINYL,"57"" Roll",3 Linear Feet,3,0.64,1.93,57 inches,1,LASH,,,Print,Invoiced,Invoiced,,4/4/2025,PKEEFER@FSCO.COM,,,,
F0007101-2,F0007101,2,Custom MTO (F0007101),F. SCHUMACHER & CO. CUSTOM MTO,,,Custom Whirlpool SKO,Custom Whirlpool SKO - SKO850109 (Mercury),"BNYDGC57-V2NW-BW 57"" 100Y",BNY SUBSTRATES,VINYL,"57"" Roll",3 Linear Feet,3,0.64,1.93,57 inches,1,LASH,,,Print,Invoiced,Invoiced,,4/4/2025,PKEEFER@FSCO.COM,,,,
F0007101-3,F0007101,3,Custom MTO (F0007101),F. SCHUMACHER & CO. CUSTOM MTO,,,Custom Queen Of Spain SKO,Custom Queen Of Spain SKO - SKO850110 (Dove),"BNYDGC57-V2NW-BW 57"" 100Y",BNY SUBSTRATES,VINYL,"57"" Roll",3 Linear Feet,3,0.64,1.93,57 inches,1,LASH,,,Print,Invoiced,Invoiced,,4/4/2025,PKEEFER@FSCO.COM,,,,
F0007327-1,F0007327,1,STRIKE-OFF (F0007327),Tillett Textiles,,,AYO,AYO SKOTT4825-AYOCUSTOM,PARBM-6724 Silver,PARAMOUNT SUBSTRATES,PAPER,"30"" Roll",3 Linear Feet,3,7.7,23.1,30 inches,1,Rhonda,300dpi,,Print,Invoiced,Invoiced,,4/8/2025,ACOLEY@PARAMOUNTPRINTS.COM,,,,
F0007851-1,F0007851,1,MTO (F0007851),F. SCHUMACHER & CO - MTO,,,Periscope,Periscope - 5015770 (Neutral),PNW5004716 Ivory,PARAMOUNT SUBSTRATES,SISAL,"36"" Roll",288 Linear Feet,288,4.3,1238.4,36 inches,1,Rhonda,300dpi,,Print,Invoiced,Invoiced,,5/6/2025,PKEEFER@FSCO.COM,,,,
F0007941-1,F0007941,1,Regular (F0006959) (F0007941),F. SCHUMACHER & CO - HUB,,,A Palm Is A Palm Sisal,A Palm Is A Palm Sisal - 5016961 (Daylight Evergreen),PNW5004716 Ivory,PARAMOUNT SUBSTRATES,SISAL,"36"" Roll",480 Linear Feet,480,0.01,2.59,36 inches,1,Rhonda,300dpi,,Print,Invoiced,Invoiced,,4/25/2025,COCONNOR@FSCO.COM,,,,
F0008178-1,F0008178,1,WISLEY REMOVABLE/OLIVE PRODUCTION (F0008178),Serena & Lily,,,Wisley Peel & Stick SLw-WPE-OLI (Olive),Wisley Peel & Stick SLW-WPE-OLI (Olive),"BNYDG2061 60"" 250Y",BNY SUBSTRATES,PAPER,"60"" Roll",750 Linear Feet,750,5.01,3757.5,30 inches,2,Rhonda,300dpi,,Print,Invoiced,Invoiced,,5/9/2025,COCONNOR@FSCO.COM,,,,
F0008286-1,F0008286,1,Regular (F0007304) (F0008286),F. SCHUMACHER & CO - NEW GOODS,,,Dianthus Print,Dianthus Print - 5017990 (Indigo & Iron),"BNYNeuKaliss 60"" 315Y",BNY SUBSTRATES,PAPER,"60"" Roll",146.1167 Linear Feet,146.1167,0.4,58.94,60 inches,1,Rhonda,300dpi,,Print,Invoiced,Invoiced,,5/16/2025,COCONNOR@FSCO.COM,,,,
F0008287-1,F0008287,1,Regular (F0007296) (F0008287),F. SCHUMACHER & CO - NEW GOODS,,,Dianthus Print,Dianthus Print - 5017990 (Indigo & Iron),"BNYNeuKaliss 60"" 315Y",BNY SUBSTRATES,PAPER,"60"" Roll",150 Linear Feet,150,0.4,60.5,60 inches,1,Rhonda,300dpi,,Print,Invoiced,Invoiced,,5/16/2025,COCONNOR@FSCO.COM,,,,
F0008288-1,F0008288,1,Regular (F0007300) (F0008288),F. SCHUMACHER & CO - NEW GOODS,,,Poppy Print,Poppy Print - 5017981 (Mustard & Sky),"BNYNeuKaliss 60"" 315Y",BNY SUBSTRATES,PAPER,"60"" Roll",150 Linear Feet,150,0.4,60.5,60 inches,1,Rhonda,300dpi,,Print,Invoiced,Invoiced,,5/16/2025,COCONNOR@FSCO.COM,,,,
F0008289-1,F0008289,1,Regular (F0007297) (F0008289),F. SCHUMACHER & CO - NEW GOODS,,,Poppy Print,Poppy Print - 5017980 (Rose & Grass),"BNYNeuKaliss 60"" 315Y",BNY SUBSTRATES,PAPER,"60"" Roll",164.1167 Linear Feet,164.1167,0.4,66.2,60 inches,1,Rhonda,300dpi,,Print,Invoiced,Invoiced,,5/16/2025,COCONNOR@FSCO.COM,,,,
F0008290-1,F0008290,1,Regular (F0007299) (F0008290),F. SCHUMACHER & CO - NEW GOODS,,,Poppy Print,Poppy Print - 5017980 (Rose & Grass),"BNYNeuKaliss 60"" 315Y",BNY SUBSTRATES,PAPER,"60"" Roll",150 Linear Feet,150,0.4,60.5,60 inches,1,Rhonda,300dpi,,Print,Invoiced,Invoiced,,5/16/2025,COCONNOR@FSCO.COM,,,,
F0008291-1,F0008291,1,Regular (F0007298) (F0008291),F. SCHUMACHER & CO - NEW GOODS,,,Poppy Print,Poppy Print - 5017981 (Mustard & Sky),"BNYNeuKaliss 60"" 315Y",BNY SUBSTRATES,PAPER,"60"" Roll",62.1167 Linear Feet,62.1167,0.4,25.05,60 inches,1,Rhonda,300dpi,,Print,Invoiced,Invoiced,,5/16/2025,COCONNOR@FSCO.COM,,,,
F0008296-1,F0008296,1,MTO (F0008296),F. SCHUMACHER & CO - MTO,,,Edwin Stripe Medium,Edwin Stripe Medium - 5013612 (Mocha),"BNYAhlstrom 60"" 200Y",BNY SUBSTRATES,PAPER,"60"" Roll",240 Linear Feet,240,0.01,2.52,30 inches,2,Glow,,,Print,Invoiced,Invoiced,,5/22/2025,PKEEFER@FSCO.COM,,,,
F0008358-1,F0008358,1,Custom MTO (F0008358),F. SCHUMACHER & CO. CUSTOM MTO,,,Custom Acanthus Stripe SKO,Custom Acanthus Stripe Vinyl SKO - SKO850159 (Taupe),BNY Vinyl Sisal,BNY SUBSTRATES,VINYL,"54"" Roll",3 Linear Feet,3,8,24,54 inches,1,Glow,,,Print,Invoiced,Invoiced,,6/9/2025,PKEEFER@FSCO.COM,,,,
F0008395-1,F0008395,1,Custom MTO (F0008395),F. SCHUMACHER & CO. CUSTOM MTO,,,Custom Hidden Ivy SKO,Custom Hidden Ivy SKO - SKO850158 (Parchment),BNYDigiscape,BNY SUBSTRATES,PAPER,"54"" Roll",3 Linear Feet,3,0.07,0.2,54 inches,1,Nikki,Other,,Print,Invoiced,Invoiced,,7/16/2025,PKEEFER@FSCO.COM,,,,
F0008552-1,F0008552,1,Custom MTO (F0008552),F. SCHUMACHER & CO. CUSTOM MTO,,,Custom Franks Garden,Custom Franks Garden - 850120 (Primary),"BNYDGC57-V2NW-BW 57"" 100Y",BNY SUBSTRATES,VINYL,"57"" Roll",21 Linear Feet,21,0.01,0.14,57 inches,1,Nikki,Other,,Print,Invoiced,Invoiced,,7/18/2025,PKEEFER@FSCO.COM,,,,
F0008623-1,F0008623,1,Custom MTO (F0008623),F. SCHUMACHER & CO. CUSTOM MTO,,,Custom Montana Wool Plaid SKO,Custom Montana Wool Plaid SKO - SKO850168 (Oxford Grey),"BNYDGC57-V2NW-BW 57"" 100Y",BNY SUBSTRATES,VINYL,"57"" Roll",6 Linear Feet,6,0.01,0.04,57 inches,1,Nikki,Other,,Print,Invoiced,Invoiced,,7/9/2025,PKEEFER@FSCO.COM,,,,
F0008623-2,F0008623,2,Custom MTO (F0008623),F. SCHUMACHER & CO. CUSTOM MTO,,,Custom Aldridge Wool Houndstooth SKO,Custom Aldridge Wool Houndstooth SKO - SKO850169 (Burgundy),"BNYDGC57-V2NW-BW 57"" 100Y",BNY SUBSTRATES,VINYL,"57"" Roll",6 Linear Feet,6,0.01,0.04,57 inches,1,Nikki,Other,,Print,Invoiced,Invoiced,,7/9/2025,PKEEFER@FSCO.COM,,,,
F0008623-3,F0008623,3,Custom MTO (F0008623),F. SCHUMACHER & CO. CUSTOM MTO,,,Custom Nils Plaid Linen SKO,Custom Nils Plaid Linen SKO - SKO850170 (Denim),"BNYDGC57-V2NW-BW 57"" 100Y",BNY SUBSTRATES,VINYL,"57"" Roll",6 Linear Feet,6,0.01,0.04,57 inches,1,Nikki,Other,,Print,Invoiced,Invoiced,,7/9/2025,PKEEFER@FSCO.COM,,,,
F0008623-4,F0008623,4,Custom MTO (F0008623),F. SCHUMACHER & CO. CUSTOM MTO,,,Custom Nils Plaid Linen SKO,Custom Nils Plaid Linen SKO - SKO850171 (Charcoal),"BNYDGC57-V2NW-BW 57"" 100Y",BNY SUBSTRATES,VINYL,"57"" Roll",6 Linear Feet,6,0.01,0.04,57 inches,1,Nikki,Other,,Print,Invoiced,Invoiced,,7/9/2025,PKEEFER@FSCO.COM,,,,
F0008771-1,F0008771,1,Custom MTO (F0008771),F. SCHUMACHER & CO. CUSTOM MTO,,,Custom Cozumel Plaid SKO,Custom Cozumel Plaid SKO - SKO850172 (Cornflower),"BNYNeuKaliss 60"" 315Y",BNY SUBSTRATES,PAPER,"60"" Roll",3 Linear Feet,3,1.19,3.57,60 inches,1,Nikki,Other,,Print,Invoiced,Invoiced,,7/9/2025,PKEEFER@FSCO.COM,,,,
F0008932-1,F0008932,1,Custom MTO (F0008932),F. SCHUMACHER & CO. CUSTOM MTO,,,Custom Bespotted SKO,Custom Bespotted SKO - SKO850175 (Brown),"BNYDGC57-V2NW-BW 57"" 100Y",BNY SUBSTRATES,VINYL,"57"" Roll",3 Linear Feet,3,0.01,0.02,57 inches,1,Nikki,Other,,Print,Invoiced,Invoiced,,7/14/2025,PKEEFER@FSCO.COM,,,,
F0008938-1,F0008938,1,Custom MTO (F0008938),F. SCHUMACHER & CO. CUSTOM MTO,,,Custom Leonidis Stripe,Custom Leonidis Stripe - 850145 (Green),"BNYDGC57-V2NW-BW 57"" 100Y",BNY SUBSTRATES,VINYL,"57"" Roll",90 Linear Feet,90,0.01,0.58,57 inches,1,Nikki,Other,,Print,Invoiced,Invoiced,,7/8/2025,PKEEFER@FSCO.COM,,,,
F0008975-1,F0008975,1,Custom MTO (F0008975),F. SCHUMACHER & CO. CUSTOM MTO,,,Custom Indian Arbre,Custom Indian Arbre  - 850146 (Spring),"BNYBaliHai 54"" 100Y",BNY SUBSTRATES,VINYL,"54"" Roll",90 Linear Feet,90,0.02,1.8,54 inches,1,Nikki,Other,,Print,Invoiced,Invoiced,,7/17/2025,PKEEFER@FSCO.COM,,,,
F0009039-1,F0009039,1,Custom MTO (F0009039),F. SCHUMACHER & CO. CUSTOM MTO,,,Custom Coffee Bean SKO,Custom Coffee Bean SKO - SKO850179 (Sky),"BNYDGC57-V2NW-BW 57"" 100Y",BNY SUBSTRATES,VINYL,"57"" Roll",3 Linear Feet,3,0.01,0.02,57 inches,1,Nikki,Other,,Print,Invoiced,Invoiced,,7/14/2025,PKEEFER@FSCO.COM,,,,
F0009150-1,F0009150,1,Regular (F0008132) (F0009150),F. SCHUMACHER & CO - HUB,,,Burnett,Burnett  - 5012002 (Stone),"BNYNeuKaliss 60"" 315Y",BNY SUBSTRATES,PAPER,"60"" Roll",167.0157 Linear Feet,167.0157,1.19,198.75,30 inches,2,Rhonda,300dpi,,Print,Invoiced,Invoiced,,6/18/2025,COCONNOR@FSCO.COM,,,,
F0009280-1,F0009280,1,Custom MTO (F0009280),F. SCHUMACHER & CO. CUSTOM MTO,,,Custom Les Oiseaux Panel Set SKO,Custom Les Oiseaux Panel Set SKO - SKO850182 (Jade),"BNYNeuKaliss 60"" 315Y",BNY SUBSTRATES,PAPER,"60"" Roll",3 Linear Feet,3,1.19,3.57,60 inches,1,Nikki,Other,,Print,Invoiced,Invoiced,,7/9/2025,PKEEFER@FSCO.COM,,,,
F0009354-1,F0009354,1,Custom MTO (F0009354),F. SCHUMACHER & CO. CUSTOM MTO,,,Custom Drifting Grid SKO,Custom Drifting Grid SKO - SKO850188 (Black),"BNYDGC57-V2NW-BW 57"" 100Y",BNY SUBSTRATES,VINYL,"57"" Roll",3 Linear Feet,3,0.01,0.02,57 inches,1,Nikki,Other,,Print,Invoiced,Invoiced,,7/22/2025,PKEEFER@FSCO.COM,,,,
F0009439-1,F0009439,1,Custom MTO (F0009439),F. SCHUMACHER & CO. CUSTOM MTO,,,Custom Fuzz SKO,Custom Fuzz SKO - SKO850199 (Red - Match to Samples),"BNYDGC57-V2NW-BW 57"" 100Y",BNY SUBSTRATES,VINYL,"57"" Roll",3 Linear Feet,3,0.01,0.02,57 inches,1,Nikki,Other,,Print,Invoiced,Invoiced,,7/21/2025,PKEEFER@FSCO.COM,,,,
F0009805-1,F0009805,1,Custom MTO (F0009805),F. SCHUMACHER & CO. CUSTOM MTO,,,Custom Coffee Bean SKO,Custom Coffee Bean SKO - SKO850205 (Sky),"BNYDGC57-V2NW-BW 57"" 100Y",BNY SUBSTRATES,VINYL,"57"" Roll",3 Linear Feet,3,0.01,0.02,57 inches,1,Nikki,Other,,Print,Invoiced,Invoiced,,7/22/2025,PKEEFER@FSCO.COM,,,,
F0011754-1,F0011754,1,Custom MTO (F0011227) (F0011754),F. SCHUMACHER & CO. CUSTOM MTO,,,Custom Joshua Tree SKO,Custom Joshua Tree SKO - SKO850241 (Natural),E019 Vinal Sisal,BNY SUBSTRATES,VINYL,"54"" Roll",3 Linear Feet,3,5.1,15.3,54 inches,1,Nikki,Other,,Print,Invoiced,Invoiced,,10/15/2025,PKEEFER@FSCO.COM,,,,
F0005868-1,F0005868,1,Paper (F0005868),Meg Braff Designs,,,Venise,Venise VNS-100-W (Latte),"PARCPG7100 30"" 500Y",PARAMOUNT SUBSTRATES,PAPER,"30"" Roll",300 Linear Feet,300,0.87,261,60 inches,0.5,Bianca,,,Print,Invoiced,Invoiced,,2/21/2025,BLAWLOR@FSCO.COM,,,,
F0007070-1,F0007070,1,MTO (F0007070),F. SCHUMACHER & CO - MTO,,,Emma Stripe Narrow,Emma Stripe Narrow - 5017190 (Sky),"BNYCPG7100 60"" 210Y",BNY SUBSTRATES,PAPER,"60"" Roll",120 Linear Feet,120,1.74,208.8,30 inches,2,Bianca,,,Print,Invoiced,Invoiced,,4/1/2025,PKEEFER@FSCO.COM,,,,
F0008776-1,F0008776,1,PNW PO (F0008776),F. SCHUMACHER & CO - P&W,,,Harshaw Pinstripe Sisal,5006166 Harshaw Pinstripe Sisal (Slate),5006166 Harshaw Pinstripe Sisal (Slate),SCHUMACHER,GRASS,"36"" Roll",1392 Linear Feet,1392,0.12,173.23, inches,,Bianca,300dpi,,Print,Invoiced,Invoiced,,8/28/2025,JMCDONOUGH2011@GMAIL.COM,,,,
F0005945-1,F0005945,1,SCREEN (F0005945),BACKDROP,,,Palazzo Panel,Palazzo Panel - PP11925,Acetate,PARAMOUNT SUBSTRATES,,"60"" Roll",3 Linear Feet,3,24.18,72.54,60 inches,1,Bianca,,,Print,,Canceled,,1/19/2025,BLAWLOR@FSCO.COM,,,,
F0006160-1,F0006160,1,Grass (F0006160),Universal Converters & Importers,,,TOULA KEY,TOULA KEY PST262 (MAUVE-GARDENIA),UCIWL410 Rust,CUSTOMER SUBSTRATES,SISAL,"36"" Roll",72 Linear Feet,72,0.16,11.55,36 inches,1,Bianca,,,Print,,Canceled,,2/21/2025,BLAWLOR@FSCO.COM,,,,
F0005233-1,F0005233,1,Grass (F0005233),F. SCHUMACHER & CO - HUB,,,HARUKI SISAL,KABE SISAL 5004722 (INDIGO),PNW5004722 Indigo,PARAMOUNT SUBSTRATES,SISAL,"36"" Roll",6000 Linear Feet,6000,0.05,291.25,36 inches,1,Bianca,300dpi,,Print,Invoiced,Invoiced,,3/25/2025,BLAWLOR@FSCO.COM,,,,
F0005891-1,F0005891,1,Custom MTO (F0005891),F. SCHUMACHER & CO. CUSTOM MTO,,,Custom Caterpillar Leaf SKO,Custom Caterpillar Leaf SKO - SKO850083 (Black & Cream),"BNYCPG7100 60"" 210Y",BNY SUBSTRATES,PAPER,"60"" Roll",3 Linear Feet,3,0.01,0.02,55.5 inches,1,Bianca,300dpi,,Print,Invoiced,Invoiced,,1/29/2025,COCONNOR@FSCO.COM,,,,
F0005892-1,F0005892,1,Custom MTO (F0005892),F. SCHUMACHER & CO. CUSTOM MTO,,,Custom Caterpillar Leaf SKO,Custom Caterpillar Leaf SKO - SKO850083 (Black & Cream),"BNYCPG7100 60"" 210Y",BNY SUBSTRATES,PAPER,"60"" Roll",3 Linear Feet,3,0.01,0.02,55.5 inches,1,Bianca,300dpi,,Print,Invoiced,Invoiced,,1/29/2025,COCONNOR@FSCO.COM,,,,
F0005950-1,F0005950,1,MTO (F0005950),F. SCHUMACHER & CO - MTO,,,Periscope,Periscope - 5015770 (Neutral),PNW5004716 Ivory,PARAMOUNT SUBSTRATES,SISAL,"36"" Roll",240 Linear Feet,240,0.01,1.29,36 inches,1,Bianca,300dpi,,Print,Invoiced,Invoiced,,1/29/2025,PKEEFER@FSCO.COM,,,,
F0006027-1,F0006027,1,MTO (F0006027),F. SCHUMACHER & CO - MTO,,,Periscope,Periscope - 5015770 (Neutral),PNW5004716 Ivory,PARAMOUNT SUBSTRATES,SISAL,"36"" Roll",48 Linear Feet,48,0.01,0.26,36 inches,1,Bianca,300dpi,,Print,Invoiced,Invoiced,,1/29/2025,PKEEFER@FSCO.COM,,,,
F0006229-2,F0006229,2,Fabric (F0006229),Tillett Textiles,,,GERANIUM,GERANIUM TL300031 (SKY),PARComo Bleached,PARAMOUNT SUBSTRATES,FABRIC,Fabric,6.39 Linear Feet,6.39,0.06,0.38,60 inches,1,Bianca,,,Print,,Invoiced,,2/16/2025,BLAWLOR@FSCO.COM,,,,
F0006294-2,F0006294,2,Fabric (F0006294),Carleton V Ltd.,,,Para Hampton,Para Hampton H58-734M,PARHampton,PARAMOUNT SUBSTRATES,FABRIC,Fabric,225 Linear Feet,225,0.31,69.53,60 inches,1,Bianca,,,Print,,Invoiced,,2/28/2025,BLAWLOR@FSCO.COM,,,,
F0006295-2,F0006295,2,Fabric (F0006295),Carleton V Ltd.,,,Para Hampton,Para Hampton H58-734M,PARHampton,PARAMOUNT SUBSTRATES,FABRIC,Fabric,225 Linear Feet,225,0.31,69.53,60 inches,1,Bianca,,,Print,,Invoiced,,2/28/2025,BLAWLOR@FSCO.COM,,,,
F0006296-2,F0006296,2,Fabric (F0006296),Carleton V Ltd.,,,Para Hampton,Para Hampton H58-734M,PARHampton,PARAMOUNT SUBSTRATES,FABRIC,Fabric,225 Linear Feet,225,0.31,69.53,60 inches,1,Bianca,,,Print,,Invoiced,,2/28/2025,BLAWLOR@FSCO.COM,,,,
F0006297-2,F0006297,2,Fabric (F0006297),Carleton V Ltd.,,,Para Hampton,Para Hampton H58-734M,PARHampton,PARAMOUNT SUBSTRATES,FABRIC,Fabric,300 Linear Feet,300,0.31,92.7,60 inches,1,Bianca,,,Print,,Invoiced,,2/28/2025,BLAWLOR@FSCO.COM,,,,
F0005496-1,F0005496,1,Grass (F0005496),Universal Converters & Importers,,,TOULA KEY,TOULA KEY PST263 (MINERAL-GARDENIA),UCIWL410 Rust,CUSTOMER SUBSTRATES,SISAL,"36"" Roll",120 Linear Feet,120,0.16,19.25,36 inches,1,Bianca,,,Print,Invoiced,Invoiced,,1/31/2025,KMUI@PARAMOUNTPRINTS.COM,,,,
F0005571-1,F0005571,1,Grass (F0005571),Universal Converters & Importers,,,TOULA KEY,TOULA KEY PST263 (MINERAL-GARDENIA),UCIWL410 Rust,CUSTOMER SUBSTRATES,SISAL,"36"" Roll",72 Linear Feet,72,0.16,11.55,36 inches,1,Bianca,,,Print,Invoiced,Invoiced,,1/31/2025,KMUI@PARAMOUNTPRINTS.COM,,,,
F0004213-1,F0004213,1,Grass (F0004213),F. SCHUMACHER & CO - HUB,,,OVINGTON SISAL,OVINGTON SISAL,PNW5004710 Sage,PARAMOUNT SUBSTRATES,SISAL,"36"" Roll",300 Linear Feet,300,0.01,1.62,36 inches,1,Bianca,,,Print,Invoiced,Invoiced,,4/21/2025,BLAWLOR@FSCO.COM,,,,
F0004213-1.01,F0004213,1.01,Grass (F0004213),F. SCHUMACHER & CO - HUB,,,HARUKI SISAL,HARUKI SISAL,PNW5004710 Sage,PARAMOUNT SUBSTRATES,SISAL,"36"" Roll",300 Linear Feet,300,0.01,1.62,36 inches,1,Bianca,,,Print,Invoiced,Invoiced,,4/21/2025,BLAWLOR@FSCO.COM,,,,
F0004216-2,F0004216,2,Grass (F0004216),F. SCHUMACHER & CO - HUB,,,HARUKI SISAL,KABE SISAL 5004712 (PEACOCK),PNW5004712 Peacock,PARAMOUNT SUBSTRATES,SISAL,"36"" Roll",1200 Linear Feet,1200,0.05,58.25,36 inches,1,Bianca,,,Print,Invoiced,Invoiced,,2/11/2025,KMUI@PARAMOUNTPRINTS.COM,,,,
F0004480-1,F0004480,1,Grass (F0004480),F. SCHUMACHER & CO - HUB,,,OCTAVIA SISAL,OCTAVIA SISAL,PNW5004712 Peacock,PARAMOUNT SUBSTRATES,SISAL,"36"" Roll",1500 Linear Feet,1500,0.05,72.81,36 inches,1,Bianca,,,Print,Invoiced,Invoiced,,2/16/2025,BLAWLOR@FSCO.COM,,,,
F0004480-1.01,F0004480,1.01,Grass (F0004480),F. SCHUMACHER & CO - HUB,,,HARUKI SISAL,HARUKI SISAL,PNW5004712 Peacock,PARAMOUNT SUBSTRATES,SISAL,"36"" Roll",1500 Linear Feet,1500,0.05,72.81,36 inches,1,Bianca,,,Print,Invoiced,Invoiced,,2/16/2025,BLAWLOR@FSCO.COM,,,,
F0004580-1,F0004580,1,Fabric (F0004580),Tillett Textiles,,,GANNON STRIPE,GANNON STRIPE,PARTwill Linen (HN-011),PARAMOUNT SUBSTRATES,FABRIC,Fabric,24 Linear Feet,24,1099.5,26388,60 inches,1,Bianca,,,Print,Invoiced,Invoiced,,1/31/2025,KMUI@PARAMOUNTPRINTS.COM,,,,
F0004580-1.01,F0004580,1.01,Fabric (F0004580),Tillett Textiles,,,Twill Linen,Twill Linen,PARTwill Linen (HN-011),PARAMOUNT SUBSTRATES,FABRIC,Fabric,3 Linear Feet,3,1099.5,3298.5,60 inches,1,Bianca,,,Print,Invoiced,Invoiced,,1/31/2025,KMUI@PARAMOUNTPRINTS.COM,,,,
F0004612-1,F0004612,1,Grass (F0004612),F. SCHUMACHER & CO - HUB,,,,Acanthus Stripe 5006050 (Shadow),PNW5004720 Charcoal,PARAMOUNT SUBSTRATES,SISAL,"36"" Roll",120 Linear Feet,120,148.8,17856,36 inches,1,Bianca,,,Print,Invoiced,Invoiced,,1/27/2025,BLAWLOR@FSCO.COM,,,,
F0004612-1.01,F0004612,1.01,Grass (F0004612),F. SCHUMACHER & CO - HUB,,,HARUKI SISAL,HARUKI SISAL,PNW5004720 Charcoal,PARAMOUNT SUBSTRATES,SISAL,"36"" Roll",168 Linear Feet,168,148.8,24998.4,36 inches,1,Bianca,,,Print,Invoiced,Invoiced,,1/27/2025,BLAWLOR@FSCO.COM,,,,
F0004899-1,F0004899,1,Grass (F0004899),F. SCHUMACHER & CO - HUB,,,HARUKI SISAL,KABE SISAL 5004728 (PARCHMENT),PNW5004728 Parchment,PARAMOUNT SUBSTRATES,SISAL,"36"" Roll",1872 Linear Feet,1872,0.05,90.87,36 inches,1,Bianca,,,Print,Invoiced,Invoiced,,3/25/2025,BLAWLOR@FSCO.COM,,,,
F0004901-1,F0004901,1,Grass (F0004901),F. SCHUMACHER & CO - HUB,,,TWIGGY SISAL,TWIGGY SISAL,PNW5010857 Mineral,PARAMOUNT SUBSTRATES,SISAL,"36"" Roll",3000 Linear Feet,3000,0.05,145.63,36 inches,1,Bianca,,,Print,Invoiced,Invoiced,,2/16/2025,BLAWLOR@FSCO.COM,,,,
F0004901-1.01,F0004901,1.01,Grass (F0004901),F. SCHUMACHER & CO - HUB,,,HARUKI SISAL,HARUKI SISAL,PNW5010857 Mineral,PARAMOUNT SUBSTRATES,SISAL,"36"" Roll",3000 Linear Feet,3000,0.05,145.63,36 inches,1,Bianca,,,Print,Invoiced,Invoiced,,2/16/2025,BLAWLOR@FSCO.COM,,,,
F0004905-1,F0004905,1,Paper (F0004905),F. SCHUMACHER & CO - HUB,,,,BIRDS & BUTTERFLIES 2704421P (Porcelain),"PAROM01 30"" 250Y",PARAMOUNT SUBSTRATES,VINYL,"30"" Roll",900 Linear Feet,900,0.01,5.83,30 inches,1,Bianca,,,Print,Invoiced,Invoiced,,4/11/2025,BLAWLOR@FSCO.COM,,,,
F0004905-1.01,F0004905,1.01,Paper (F0004905),F. SCHUMACHER & CO - HUB,,,WHITE MATTE VINYL,WHITE MATTE VINYL,"PAROM01 30"" 250Y",PARAMOUNT SUBSTRATES,VINYL,"30"" Roll",900 Linear Feet,900,0.01,5.83,30 inches,1,Bianca,,,Print,Invoiced,Invoiced,,4/11/2025,BLAWLOR@FSCO.COM,,,,
F0005131-1,F0005131,1,Grass (F0005131),F. SCHUMACHER & CO - HUB,,,Acanthus Stripe Sisal,Acanthus Stripe Sisal,PNW5004716 Ivory,PARAMOUNT SUBSTRATES,SISAL,"36"" Roll",450 Linear Feet,450,0.01,2.43,36 inches,1,Bianca,,,Print,Invoiced,Invoiced,,2/16/2025,BLAWLOR@FSCO.COM,,,,
F0005131-1.01,F0005131,1.01,Grass (F0005131),F. SCHUMACHER & CO - HUB,,,HARUKI SISAL,HARUKI SISAL,PNW5004716 Ivory,PARAMOUNT SUBSTRATES,SISAL,"36"" Roll",450 Linear Feet,450,0.01,2.43,36 inches,1,Bianca,,,Print,Invoiced,Invoiced,,2/16/2025,BLAWLOR@FSCO.COM,,,,
F0005235-1,F0005235,1,Grass (F0005235),F. SCHUMACHER & CO - HUB,,,CHRYSANTHEMUM SISAL COLOR,CHRYSANTHEMUM SISAL COLOR,PNW5004716 Ivory,PARAMOUNT SUBSTRATES,SISAL,"36"" Roll",24 Linear Feet,24,0.01,0.13,36 inches,1,Bianca,,,Print,Invoiced,Invoiced,,4/11/2025,BLAWLOR@FSCO.COM,,,,
F0005235-1.01,F0005235,1.01,Grass (F0005235),F. SCHUMACHER & CO - HUB,,,HARUKI SISAL,HARUKI SISAL,PNW5004716 Ivory,PARAMOUNT SUBSTRATES,SISAL,"36"" Roll",24 Linear Feet,24,0.01,0.13,36 inches,1,Bianca,,,Print,Invoiced,Invoiced,,4/11/2025,BLAWLOR@FSCO.COM,,,,
F0005236-1,F0005236,1,Grass (F0005236),F. SCHUMACHER & CO - HUB,,,TWIGGY SISAL,TWIGGY SISAL,PNW5004722 Indigo,PARAMOUNT SUBSTRATES,SISAL,"36"" Roll",552 Linear Feet,552,0.05,26.8,36 inches,1,Bianca,,,Print,Invoiced,Invoiced,,2/26/2025,BLAWLOR@FSCO.COM,,,,
F0005236-1.01,F0005236,1.01,Grass (F0005236),F. SCHUMACHER & CO - HUB,,,HARUKI SISAL,HARUKI SISAL,PNW5004722 Indigo,PARAMOUNT SUBSTRATES,SISAL,"36"" Roll",552 Linear Feet,552,0.05,26.8,36 inches,1,Bianca,,,Print,Invoiced,Invoiced,,2/26/2025,BLAWLOR@FSCO.COM,,,,
F0005248-1,F0005248,1,Paper (F0005248),Kravet,,,WOOD,WOOD P8013142.11.0 (BIRCH),"PARCPG7100 30"" 500Y",PARAMOUNT SUBSTRATES,PAPER,"30"" Roll",192 Linear Feet,192,0.87,167.04,30 inches,1,Bianca,,,Print,Invoiced,Invoiced,,2/21/2025,BLAWLOR@FSCO.COM,,,,
F0005407-1,F0005407,1,Paper (F0005407),Quadrille Inc.,,,PUCCINI WP,PUCCINI WP 306330W-07 (SLATE ON ALMOST WHITE),"PARCPG7113 30"" 500Y",PARAMOUNT SUBSTRATES,PAPER,"30"" Roll",540 Linear Feet,540,450,243000,30 inches,1,Bianca,,,Print,Invoiced,Invoiced,,2/21/2025,BLAWLOR@FSCO.COM,,,,
F0005423-1,F0005423,1,Strike-off (F0005423),Tillett Textiles,,,CHERRY BLOSSOM TOILE,CHERRY BLOSSOM TOILE SKOTT12224-CHY (ODESSA),PARA308 Oyster,PARAMOUNT SUBSTRATES,FABRIC,Fabric,3 Linear Feet,3,15.73,47.19,60 inches,1,Bianca,,,Print,Invoiced,Invoiced,,3/24/2025,BLAWLOR@FSCO.COM,,,,
F0005430-1,F0005430,1,Fabric (F0005430),Tillett Textiles,,,KNIT,KNIT,PARSailcloth (White),PARAMOUNT SUBSTRATES,FABRIC,Fabric,15 Linear Feet,15,0.15,2.25,60 inches,1,Bianca,,,Print,Invoiced,Invoiced,,2/2/2025,BLAWLOR@FSCO.COM,,,,
F0005430-1.01,F0005430,1.01,Fabric (F0005430),Tillett Textiles,,,Sailcloth (White),Sailcloth (White),PARSailcloth (White),PARAMOUNT SUBSTRATES,FABRIC,Fabric,15 Linear Feet,15,0.15,2.25,60 inches,1,Bianca,,,Print,Invoiced,Invoiced,,2/2/2025,BLAWLOR@FSCO.COM,,,,
F0005506-1,F0005506,1,Paper (F0005506),Quadrille Inc.,,,CLEMENTINE WALLPAPER NARROW,CLEMENTINE WALLPAPER NARROW HP1990-07OWP (CHARCOAL GRAY/BLUE OWP),"PARCPG7101 30"" 500Y",PARAMOUNT SUBSTRATES,PAPER,"30"" Roll",540 Linear Feet,540,495,267300,30 inches,1,Bianca,,,Print,Invoiced,Invoiced,,1/30/2025,KMUI@PARAMOUNTPRINTS.COM,,,,
F0005518-1,F0005518,1,Grass (F0005518),F. SCHUMACHER & CO - HUB,,,Acanthus Stripe Sisal,Acanthus Stripe Sisal,PNW5004716 Ivory,PARAMOUNT SUBSTRATES,SISAL,"36"" Roll",450 Linear Feet,450,0.01,2.43,36 inches,1,Bianca,,,Print,Invoiced,Invoiced,,1/27/2025,BLAWLOR@FSCO.COM,,,,
F0005518-1.01,F0005518,1.01,Grass (F0005518),F. SCHUMACHER & CO - HUB,,,HARUKI SISAL,HARUKI SISAL,PNW5004716 Ivory,PARAMOUNT SUBSTRATES,SISAL,"36"" Roll",450 Linear Feet,450,0.01,2.43,36 inches,1,Bianca,,,Print,Invoiced,Invoiced,,1/27/2025,BLAWLOR@FSCO.COM,,,,
F0005534-1,F0005534,1,Fabric (F0005534),Tillett Textiles,,,MINI STRIPE,MINI STRIPE,PARSailcloth (Natural),PARAMOUNT SUBSTRATES,FABRIC,Fabric,21 Linear Feet,21,0.05,1.05,60 inches,1,Bianca,,,Print,Invoiced,Invoiced,,1/28/2025,KMUI@PARAMOUNTPRINTS.COM,,,,
F0005534-1.01,F0005534,1.01,Fabric (F0005534),Tillett Textiles,,,Sailcloth (Natural),Sailcloth (Natural),PARSailcloth (Natural),PARAMOUNT SUBSTRATES,FABRIC,Fabric,21 Linear Feet,21,0.05,1.05,60 inches,1,Bianca,,,Print,Invoiced,Invoiced,,1/28/2025,KMUI@PARAMOUNTPRINTS.COM,,,,
F0005535-1,F0005535,1,Fabric (F0005535),Tillett Textiles,,,CHRYSANTHEMUM,CHRYSANTHEMUM,PARComo Bleached,PARAMOUNT SUBSTRATES,FABRIC,Fabric,18 Linear Feet,18,0.06,1.07,60 inches,1,Bianca,,,Print,Invoiced,Invoiced,,2/16/2025,BLAWLOR@FSCO.COM,,,,
F0005535-1.01,F0005535,1.01,Fabric (F0005535),Tillett Textiles,,,COMO BLEACHED,COMO BLEACHED,PARComo Bleached,PARAMOUNT SUBSTRATES,FABRIC,Fabric,18 Linear Feet,18,0.06,1.07,60 inches,1,Bianca,,,Print,Invoiced,Invoiced,,2/16/2025,BLAWLOR@FSCO.COM,,,,
F0005621-1,F0005621,1,Paper (F0005621),Quadrille Inc.,,,,LYFORD TRELLIS WP 6020W-08 (CREAM PURPLE LAVENDER),"PARCPG7100 30"" 500Y",PARAMOUNT SUBSTRATES,PAPER,"30"" Roll",750 Linear Feet,750,0.87,652.5,30 inches,1,Bianca,,,Print,Invoiced,Invoiced,,2/7/2025,KMUI@PARAMOUNTPRINTS.COM,,,,
F0005625-1,F0005625,1,Fabric (F0005625),Tillett Textiles,,,BABY BOLD,BABY BOLD,PARComo Bleached,PARAMOUNT SUBSTRATES,FABRIC,Fabric,39 Linear Feet,39,0.06,2.32,60 inches,1,Bianca,,,Print,Invoiced,Invoiced,,2/21/2025,KMUI@PARAMOUNTPRINTS.COM,,,,
F0005625-1.01,F0005625,1.01,Fabric (F0005625),Tillett Textiles,,,COMO BLEACHED,COMO BLEACHED,PARComo Bleached,PARAMOUNT SUBSTRATES,FABRIC,Fabric,39 Linear Feet,39,0.06,2.32,60 inches,1,Bianca,,,Print,Invoiced,Invoiced,,2/21/2025,KMUI@PARAMOUNTPRINTS.COM,,,,
F0005631-1,F0005631,1,Grass (F0005631),F. SCHUMACHER & CO - HUB,,,Acanthus Stripe,Acanthus Stripe,PNW5004700 Silver,PARAMOUNT SUBSTRATES,SISAL,"36"" Roll",48 Linear Feet,48,148.8,7142.4,36 inches,1,Bianca,,,Print,Invoiced,Invoiced,,2/6/2025,KMUI@PARAMOUNTPRINTS.COM,,,,
F0005631-1.01,F0005631,1.01,Grass (F0005631),F. SCHUMACHER & CO - HUB,,,HARUKI SISAL,HARUKI SISAL,PNW5004700 Silver,PARAMOUNT SUBSTRATES,SISAL,"36"" Roll",192 Linear Feet,192,148.8,28569.6,36 inches,1,Bianca,,,Print,Invoiced,Invoiced,,2/6/2025,KMUI@PARAMOUNTPRINTS.COM,,,,
F0005711-1,F0005711,1,Grass (F0005711),F. SCHUMACHER & CO - HUB,,,HARUKI SISAL,KABE SISAL 5004703 (MOCHA),PNW5004703 Mocha,PARAMOUNT SUBSTRATES,SISAL,"36"" Roll",4800 Linear Feet,4800,0.05,233,36 inches,1,Bianca,,,Print,Invoiced,Invoiced,,3/25/2025,BLAWLOR@FSCO.COM,,,,
F0005713-1,F0005713,1,Grass (F0005713),F. SCHUMACHER & CO - HUB,,,HARUKI SISAL,KABE SISAL 5010856 (MIST),PNW5010856 Mist,PARAMOUNT SUBSTRATES,SISAL,"36"" Roll",468 Linear Feet,468,0.05,22.43,36 inches,1,Bianca,,,Print,Invoiced,Invoiced,,2/21/2025,BLAWLOR@FSCO.COM,,,,
F0005717-1,F0005717,1,Paper (F0005717),Meg Braff Designs,,,Rainforest,Rainforest RFTA-01-W (Moss A),"PARCPG7113 30"" 500Y",PARAMOUNT SUBSTRATES,PAPER,"30"" Roll",120 Linear Feet,120,450,54000,30 inches,1,Bianca,,,Print,Invoiced,Invoiced,,2/2/2025,BLAWLOR@FSCO.COM,,,,
F0005717-2,F0005717,2,Paper (F0005717),Meg Braff Designs,,,Rainforest,Rainforest RFTB-01-W (MOSS B),"PARCPG7113 30"" 500Y",PARAMOUNT SUBSTRATES,PAPER,"30"" Roll",120 Linear Feet,120,450,54000,30 inches,1,Bianca,,,Print,Invoiced,Invoiced,,2/2/2025,BLAWLOR@FSCO.COM,,,,
F0005734-1,F0005734,1,Grass (F0005734),F. SCHUMACHER & CO - HUB,,,TWIGGY SISAL COLOR,TWIGGY SISAL COLOR,PNW5004716 Ivory,PARAMOUNT SUBSTRATES,SISAL,"36"" Roll",3000 Linear Feet,3000,0.01,16.18,36 inches,1,Bianca,,,Print,Invoiced,Invoiced,,1/27/2025,BLAWLOR@FSCO.COM,,,,
F0005734-1.01,F0005734,1.01,Grass (F0005734),F. SCHUMACHER & CO - HUB,,,HARUKI SISAL,HARUKI SISAL,PNW5004716 Ivory,PARAMOUNT SUBSTRATES,SISAL,"36"" Roll",3000 Linear Feet,3000,0.01,16.18,36 inches,1,Bianca,,,Print,Invoiced,Invoiced,,1/27/2025,BLAWLOR@FSCO.COM,,,,
F0005744-1,F0005744,1,Paper (F0005744),Quadrille Inc.,,,SAN MARCO,SAN MARCO 2330-29WP (PISTACHIO),"PARCPG7101 30"" 500Y",PARAMOUNT SUBSTRATES,PAPER,"30"" Roll",270 Linear Feet,270,0.98,264.6,30 inches,1,Bianca,,,Print,Invoiced,Invoiced,,2/6/2025,KMUI@PARAMOUNTPRINTS.COM,,,,
F0005746-1,F0005746,1,Paper (F0005746),Quadrille Inc.,,,DES GARDE REV WP,DES GARDE REV WP 306593W (GOLD METALLIC ON OFF WHITE PAPER),"PARCPG7101 30"" 500Y",PARAMOUNT SUBSTRATES,PAPER,"30"" Roll",15 Linear Feet,15,0.98,14.7,30 inches,1,Bianca,,,Print,Invoiced,Invoiced,,2/13/2025,KMUI@PARAMOUNTPRINTS.COM,,,,
F0005746-2,F0005746,2,Paper (F0005746),Quadrille Inc.,,,DES GARDE REV WP,DES GARDE REV WP 306593W (GOLD METALLIC ON OFF WHITE PAPER),"PARCPG7101 30"" 500Y",PARAMOUNT SUBSTRATES,PAPER,"30"" Roll",375 Linear Feet,375,0.98,367.5,30 inches,1,Bianca,,,Print,Invoiced,Invoiced,,2/13/2025,KMUI@PARAMOUNTPRINTS.COM,,,,
F0005778-1,F0005778,1,Paper (F0005778),Cowtan and Tout,,,Welwyn,Welwyn 20499-03 (Blue),"PARCPG7100 30"" 500Y",PARAMOUNT SUBSTRATES,PAPER,"30"" Roll",360 Linear Feet,360,0.87,313.2,30 inches,1,Bianca,,,Print,Invoiced,Invoiced,,2/16/2025,BLAWLOR@FSCO.COM,,,,
F0005779-1,F0005779,1,Paper (F0005779),Cowtan and Tout,,,Welwyn,Welwyn 20499-04 (Pewter),"PARCPG7100 30"" 500Y",PARAMOUNT SUBSTRATES,PAPER,"30"" Roll",720 Linear Feet,720,0.87,626.4,30 inches,1,Bianca,,,Print,Invoiced,Invoiced,,2/16/2025,BLAWLOR@FSCO.COM,,,,
F0005779-2,F0005779,2,Paper (F0005779),Cowtan and Tout,,,WHITE COATED PAPER,"Diamond - 404349 (White 30"")","PARCPG7100 30"" 500Y",PARAMOUNT SUBSTRATES,PAPER,"30"" Roll",270 Linear Feet,270,0.87,234.9,30 inches,1,Bianca,,,Print,Invoiced,Invoiced,,2/16/2025,BLAWLOR@FSCO.COM,,,,
F0005780-1,F0005780,1,Paper (F0005780),Cowtan and Tout,,,Welwyn,Welwyn 20499-05 (Petal),"PARCPG7100 30"" 500Y",PARAMOUNT SUBSTRATES,PAPER,"30"" Roll",360 Linear Feet,360,0.87,313.2,30 inches,1,Bianca,,,Print,Invoiced,Invoiced,,2/16/2025,BLAWLOR@FSCO.COM,,,,
F0005780-2,F0005780,2,Paper (F0005780),Cowtan and Tout,,,WHITE COATED PAPER,"Diamond - 404349 (White 30"")","PARCPG7100 30"" 500Y",PARAMOUNT SUBSTRATES,PAPER,"30"" Roll",30 Linear Feet,30,0.87,26.1,30 inches,1,Bianca,,,Print,Invoiced,Invoiced,,2/16/2025,BLAWLOR@FSCO.COM,,,,
F0005781-2,F0005781,2,Paper (F0005781),Cowtan and Tout,,,WHITE COATED PAPER,"Diamond - 404349 (White 30"")","PARCPG7100 30"" 500Y",PARAMOUNT SUBSTRATES,PAPER,"30"" Roll",180 Linear Feet,180,0.87,156.6,30 inches,1,Bianca,,,Print,Invoiced,Invoiced,,2/13/2025,KMUI@PARAMOUNTPRINTS.COM,,,,
F0005786-2,F0005786,2,Fabric (F0005786),Meg Braff Designs,,,A435 oyster PFP,A435 oyster PFP - ParaA435,PAR5004719 MANDARIN,PARAMOUNT SUBSTRATES,SISAL,"36"" Roll",75 Linear Feet,75,0.02,1.34,36 inches,1,Bianca,,,Print,Invoiced,Invoiced,,1/27/2025,BLAWLOR@FSCO.COM,,,,
F0005788-2,F0005788,2,Fabric (F0005788),Meg Braff Designs,,,A435 oyster PFP,A435 oyster PFP - ParaA435,PAR5004719 MANDARIN,PARAMOUNT SUBSTRATES,SISAL,"36"" Roll",100 Linear Feet,100,0.02,1.78,36 inches,1,Bianca,,,Print,Invoiced,Invoiced,,1/27/2025,BLAWLOR@FSCO.COM,,,,
F0005850-4,F0005850,4,Paper (F0005850),Quadrille Inc.,,,OFF WHITE PAPER,Thorne - 404353 (Off White),"PARCPG7101 30"" 500Y",PARAMOUNT SUBSTRATES,PAPER,"30"" Roll",360 Linear Feet,360,0.98,352.8,30 inches,1,Bianca,,,Print,Invoiced,Invoiced,,2/13/2025,KMUI@PARAMOUNTPRINTS.COM,,,,
F0005864-1,F0005864,1,Paper (F0005864),Meg Braff Designs,,,Armenoville Sidewall,Armenoville Sidewall ARSW-05-W (Pink),"PARCPG7100 30"" 500Y",PARAMOUNT SUBSTRATES,PAPER,"30"" Roll",150 Linear Feet,150,0.87,130.5,30 inches,1,Bianca,,,Print,Invoiced,Invoiced,,2/9/2025,BLAWLOR@FSCO.COM,,,,
F0005864-2,F0005864,2,Paper (F0005864),Meg Braff Designs,,,WHITE COATED PAPER,"Diamond - 404349 (White 30"")","PARCPG7100 30"" 500Y",PARAMOUNT SUBSTRATES,PAPER,"30"" Roll",150 Linear Feet,150,0.87,130.5,30 inches,1,Bianca,,,Print,Invoiced,Invoiced,,2/9/2025,BLAWLOR@FSCO.COM,,,,
F0005865-1,F0005865,1,Paper (F0005865),Meg Braff Designs,,,Creel,Creel CR-06-W (PALMBEACH PINK),"PARCPG7100 30"" 500Y",PARAMOUNT SUBSTRATES,PAPER,"30"" Roll",150 Linear Feet,150,0.87,130.5,30 inches,1,Bianca,,,Print,Invoiced,Invoiced,,2/9/2025,BLAWLOR@FSCO.COM,,,,
F0005865-2,F0005865,2,Paper (F0005865),Meg Braff Designs,,,WHITE COATED PAPER,"Diamond - 404349 (White 30"")","PARCPG7100 30"" 500Y",PARAMOUNT SUBSTRATES,PAPER,"30"" Roll",150 Linear Feet,150,0.87,130.5,30 inches,1,Bianca,,,Print,Invoiced,Invoiced,,2/9/2025,BLAWLOR@FSCO.COM,,,,
F0005866-1,F0005866,1,Paper (F0005866),Meg Braff Designs,,,Bamboo Garden,Bamboo Garden BG-06-W (Coral),"PARCPG7100 30"" 500Y",PARAMOUNT SUBSTRATES,PAPER,"30"" Roll",150 Linear Feet,150,0.87,130.5,30 inches,1,Bianca,,,Print,Invoiced,Invoiced,,2/9/2025,BLAWLOR@FSCO.COM,,,,
F0005866-2,F0005866,2,Paper (F0005866),Meg Braff Designs,,,WHITE COATED PAPER,"Diamond - 404349 (White 30"")","PARCPG7100 30"" 500Y",PARAMOUNT SUBSTRATES,PAPER,"30"" Roll",30 Linear Feet,30,0.87,26.1,30 inches,1,Bianca,,,Print,Invoiced,Invoiced,,2/9/2025,BLAWLOR@FSCO.COM,,,,
F0005867-1,F0005867,1,Paper (F0005867),Meg Braff Designs,,,Tumtin,Tumtin TU-106-7100 (Sorbet),"PARCPG7100 30"" 500Y",PARAMOUNT SUBSTRATES,PAPER,"30"" Roll",150 Linear Feet,150,0.87,130.5,30 inches,1,Bianca,,,Print,Invoiced,Invoiced,,2/9/2025,BLAWLOR@FSCO.COM,,,,
F0005867-2,F0005867,2,Paper (F0005867),Meg Braff Designs,,,WHITE COATED PAPER,"Diamond - 404349 (White 30"")","PARCPG7100 30"" 500Y",PARAMOUNT SUBSTRATES,PAPER,"30"" Roll",150 Linear Feet,150,0.87,130.5,30 inches,1,Bianca,,,Print,Invoiced,Invoiced,,2/9/2025,BLAWLOR@FSCO.COM,,,,
F0005868-2,F0005868,2,Paper (F0005868),Meg Braff Designs,,,WHITE COATED PAPER,"Diamond - 404349 (White 30"")","PARCPG7100 30"" 500Y",PARAMOUNT SUBSTRATES,PAPER,"30"" Roll",72 Linear Feet,72,0.87,62.64,30 inches,1,Bianca,,,Print,Invoiced,Invoiced,,2/21/2025,BLAWLOR@FSCO.COM,,,,
F0005869-1,F0005869,1,Paper (F0005869),Meg Braff Designs,,,Rainforest,Rainforest RFTA-11-W (White On Matte Gold A),"PARCPG7100 30"" 500Y",PARAMOUNT SUBSTRATES,PAPER,"30"" Roll",75 Linear Feet,75,0.87,65.25,30 inches,1,Bianca,,,Print,Invoiced,Invoiced,,2/9/2025,BLAWLOR@FSCO.COM,,,,
F0005869-2,F0005869,2,Paper (F0005869),Meg Braff Designs,,,Rainforest,Rainforest RFTB-11-W (White On Matte Gold B),"PARCPG7100 30"" 500Y",PARAMOUNT SUBSTRATES,PAPER,"30"" Roll",75 Linear Feet,75,0.87,65.25,30 inches,1,Bianca,,,Print,Invoiced,Invoiced,,2/9/2025,BLAWLOR@FSCO.COM,,,,
F0005869-3,F0005869,3,Paper (F0005869),Meg Braff Designs,,,WHITE COATED PAPER,"Diamond - 404349 (White 30"")","PARCPG7100 30"" 500Y",PARAMOUNT SUBSTRATES,PAPER,"30"" Roll",150 Linear Feet,150,0.87,130.5,30 inches,1,Bianca,,,Print,Invoiced,Invoiced,,2/9/2025,BLAWLOR@FSCO.COM,,,,
F0005882-1,F0005882,1,Fabric (F0005882),Tillett Textiles,,,LYDIA,TT11525-LYD -LYDIA (BROWN BLUE RASP ON 336OYSTER),PARP336Oyster,PARAMOUNT SUBSTRATES,FABRIC,Fabric,12 Linear Feet,12,0.44,5.22,60 inches,1,Bianca,,,Print,Invoiced,Invoiced,,3/12/2025,BLAWLOR@FSCO.COM,,,,
F0005887-1,F0005887,1,Grounds (F0005887),F. SCHUMACHER & CO - HOSPITALITY,,,HARUKI SISAL,KABE SISAL 5004721 (PLUM),PNW5004721 Plum,PARAMOUNT SUBSTRATES,SISAL,"36"" Roll",288 Linear Feet,288,0.05,13.98,36 inches,1,Bianca,,,Print,Invoiced,Invoiced,,1/19/2025,BLAWLOR@FSCO.COM,,,,
F0005901-1,F0005901,1,Grass (F0005901),F. SCHUMACHER & CO. CUSTOM MTO,,,HARUKI SISAL,KABE SISAL 5004729 (FLAX),PNW5004729 Flax,PARAMOUNT SUBSTRATES,SISAL,"36"" Roll",216 Linear Feet,216,0.02,3.49,36 inches,1,Bianca,,,Print,Invoiced,Invoiced,,1/19/2025,BLAWLOR@FSCO.COM,,,,
F0005907-1,F0005907,1,Paper (F0005907),Meg Braff Designs,,,Meadow Reed,Meadow Reed MDR-08-W (Peach Blossom),"PARCPG7100 30"" 500Y",PARAMOUNT SUBSTRATES,PAPER,"30"" Roll",90 Linear Feet,90,0.87,78.3,30 inches,1,Bianca,,,Print,Invoiced,Invoiced,,2/11/2025,KMUI@PARAMOUNTPRINTS.COM,,,,
F0005907-2,F0005907,2,Paper (F0005907),Meg Braff Designs,,,Meadow Reed,Meadow Reed MDR-08-W (Peach Blossom),"PARCPG7100 30"" 500Y",PARAMOUNT SUBSTRATES,PAPER,"30"" Roll",150 Linear Feet,150,0.87,130.5,30 inches,1,Bianca,,,Print,Invoiced,Invoiced,,2/11/2025,KMUI@PARAMOUNTPRINTS.COM,,,,
F0005907-3,F0005907,3,Paper (F0005907),Meg Braff Designs,,,WHITE COATED PAPER,"Diamond - 404349 (White 30"")","PARCPG7100 30"" 500Y",PARAMOUNT SUBSTRATES,PAPER,"30"" Roll",240 Linear Feet,240,0.87,208.8,30 inches,1,Bianca,,,Print,Invoiced,Invoiced,,2/11/2025,KMUI@PARAMOUNTPRINTS.COM,,,,
F0005909-1,F0005909,1,Paper (F0005909),Meg Braff Designs,,,Meadow Reed,Meadow Reed MDR-06-W (Tan),"PARCPG7100 30"" 500Y",PARAMOUNT SUBSTRATES,PAPER,"30"" Roll",60 Linear Feet,60,0.87,52.2,30 inches,1,Bianca,,,Print,Invoiced,Invoiced,,2/12/2025,KMUI@PARAMOUNTPRINTS.COM,,,,
F0005909-2,F0005909,2,Paper (F0005909),Meg Braff Designs,,,WHITE COATED PAPER,"Diamond - 404349 (White 30"")","PARCPG7100 30"" 500Y",PARAMOUNT SUBSTRATES,PAPER,"30"" Roll",150 Linear Feet,150,0.87,130.5,30 inches,1,Bianca,,,Print,Invoiced,Invoiced,,2/12/2025,KMUI@PARAMOUNTPRINTS.COM,,,,
F0005911-1,F0005911,1,Paper (F0005911),Meg Braff Designs,,,Meadow Reed,Meadow Reed MDR-05-W (Yellow),"PARCPG7100 30"" 500Y",PARAMOUNT SUBSTRATES,PAPER,"30"" Roll",150 Linear Feet,150,0.87,130.5,30 inches,1,Bianca,,,Print,Invoiced,Invoiced,,2/11/2025,KMUI@PARAMOUNTPRINTS.COM,,,,
F0005911-2,F0005911,2,Paper (F0005911),Meg Braff Designs,,,WHITE COATED PAPER,"Diamond - 404349 (White 30"")","PARCPG7100 30"" 500Y",PARAMOUNT SUBSTRATES,PAPER,"30"" Roll",150 Linear Feet,150,0.87,130.5,30 inches,1,Bianca,,,Print,Invoiced,Invoiced,,2/11/2025,KMUI@PARAMOUNTPRINTS.COM,,,,
F0005912-1,F0005912,1,Paper (F0005912),Meg Braff Designs,,,Meadow Reed,Meadow Reed MDR-03-W (Lime Spritz),"PARCPG7100 30"" 500Y",PARAMOUNT SUBSTRATES,PAPER,"30"" Roll",150 Linear Feet,150,0.87,130.5,30 inches,1,Bianca,,,Print,Invoiced,Invoiced,,2/12/2025,KMUI@PARAMOUNTPRINTS.COM,,,,
F0005912-2,F0005912,2,Paper (F0005912),Meg Braff Designs,,,WHITE COATED PAPER,"Diamond - 404349 (White 30"")","PARCPG7100 30"" 500Y",PARAMOUNT SUBSTRATES,PAPER,"30"" Roll",150 Linear Feet,150,0.87,130.5,30 inches,1,Bianca,,,Print,Invoiced,Invoiced,,2/12/2025,KMUI@PARAMOUNTPRINTS.COM,,,,
F0005913-1,F0005913,1,Paper (F0005913),Meg Braff Designs,,,Meadow Reed,Meadow Reed MDR-07-W (White on Bermuda Blue),"PARCPG7100 30"" 500Y",PARAMOUNT SUBSTRATES,PAPER,"30"" Roll",150 Linear Feet,150,0.87,130.5,30 inches,1,Bianca,,,Print,Invoiced,Invoiced,,2/13/2025,KMUI@PARAMOUNTPRINTS.COM,,,,
F0005913-2,F0005913,2,Paper (F0005913),Meg Braff Designs,,,WHITE COATED PAPER,"Diamond - 404349 (White 30"")","PARCPG7100 30"" 500Y",PARAMOUNT SUBSTRATES,PAPER,"30"" Roll",150 Linear Feet,150,0.87,130.5,30 inches,1,Bianca,,,Print,Invoiced,Invoiced,,2/13/2025,KMUI@PARAMOUNTPRINTS.COM,,,,
F0005917-2,F0005917,2,Paper (F0005917),Meg Braff Designs,,,WHITE COATED PAPER,"Diamond - 404349 (White 30"")","PARCPG7100 30"" 500Y",PARAMOUNT SUBSTRATES,PAPER,"30"" Roll",360 Linear Feet,360,0.87,313.2,30 inches,1,Bianca,,,Print,Invoiced,Invoiced,,2/16/2025,BLAWLOR@FSCO.COM,,,,
F0005933-1,F0005933,1,Fabric (F0005933),Tillett Textiles,,,CHIT CHAT,TT11725-CHC CHIT CHAT (ELECTRIC LIME/SUMMER),PARA308 Oyster,PARAMOUNT SUBSTRATES,FABRIC,Fabric,24 Linear Feet,24,15.73,377.52,60 inches,1,Bianca,,,Print,Invoiced,Invoiced,,2/21/2025,KMUI@PARAMOUNTPRINTS.COM,,,,
F0005935-1,F0005935,1,Paper (F0005935),Quadrille Inc.,,,CHERRY BRANCH,CHERRY BRANCH 306500W-06WP (PALE BLUE PINK TAUPE BROWN),"PARCPG7100 30"" 500Y",PARAMOUNT SUBSTRATES,PAPER,"30"" Roll",405 Linear Feet,405,0.87,352.35,30 inches,1,Bianca,,,Print,Invoiced,Invoiced,,2/19/2025,KMUI@PARAMOUNTPRINTS.COM,,,,
F0005941-1,F0005941,1,Paper (F0005941),Tillett Textiles,,,CHRYSANTHEMUM,SKOTT11725-CHR-W CHRYSANTHEMUM (BLUE AND GREEN),"PARCPG7101 30"" 500Y",PARAMOUNT SUBSTRATES,PAPER,"30"" Roll",3 Linear Feet,3,0.98,2.94,30 inches,1,Bianca,,,Print,Invoiced,Invoiced,,2/9/2025,BLAWLOR@FSCO.COM,,,,
F0005946-1,F0005946,1,SCREEN (F0005946),BACKDROP,,,Palazzo Panel,Palazzo Panel - PP11925,Acetate,PARAMOUNT SUBSTRATES,,"60"" Roll",3 Linear Feet,3,24.18,72.54,60 inches,1,Bianca,,,Print,Invoiced,Invoiced,,1/19/2025,BLAWLOR@FSCO.COM,,,,
F0005947-1,F0005947,1,SCREENS (F0005947),F. SCHUMACHER & CO - HOSPITALITY,,,BANANA LEAF,BANANA LEAF- BNA11925,Acetate,PARAMOUNT SUBSTRATES,,"60"" Roll",6 Linear Feet,6,24.18,145.08,60 inches,1,Bianca,,,Print,Invoiced,Invoiced,,1/19/2025,BLAWLOR@FSCO.COM,,,,
F0005949-1,F0005949,1,Grass (F0005949),Meg Braff Designs,,,Fan Tan,Fan Tan FNT-101-G (Conc Shell Pinnk),PARHBD1018T Blanc,PARAMOUNT SUBSTRATES,SISAL,"36"" Roll",96 Linear Feet,96,0.16,15.4,36 inches,1,Bianca,,,Print,Invoiced,Invoiced,,2/5/2025,KMUI@PARAMOUNTPRINTS.COM,,,,
F0005949-2,F0005949,2,Grass (F0005949),Meg Braff Designs,,,Fan Tan,Fan Tan FNT-101-G (Conc Shell Pinnk),PARHBD1018T Blanc,PARAMOUNT SUBSTRATES,SISAL,"36"" Roll",24 Linear Feet,24,0.16,3.85,36 inches,1,Bianca,,,Print,Invoiced,Invoiced,,2/5/2025,KMUI@PARAMOUNTPRINTS.COM,,,,
F0005977-1,F0005977,1,Fabric (F0005977),Tillett Textiles,,,PUZZLEFISH,PUZZLEFISH TT12125-PZF (CUSTOM),PARSailcloth (White),PARAMOUNT SUBSTRATES,FABRIC,Fabric,18 Linear Feet,18,0.15,2.7,60 inches,1,Bianca,,,Print,Invoiced,Invoiced,,1/24/2025,COCONNOR@FSCO.COM,,,,
F0005980-1,F0005980,1,Fabric (F0005980),Tillett Textiles,,,KNIT,KNIT TT12125-KNI (CUSTOM),PARSailcloth (White),PARAMOUNT SUBSTRATES,FABRIC,Fabric,12 Linear Feet,12,0.15,1.8,60 inches,1,Bianca,,,Print,Invoiced,Invoiced,,1/24/2025,COCONNOR@FSCO.COM,,,,
F0005982-1,F0005982,1,Fabric (F0005982),Tillett Textiles,,,Marigold,MARIGOLD TT12125-MAR (CUSTOM),PARP139 Oyster,PARAMOUNT SUBSTRATES,FABRIC,Fabric,12 Linear Feet,12,0.35,4.15,60 inches,1,Bianca,,,Print,Invoiced,Invoiced,,2/2/2025,BLAWLOR@FSCO.COM,,,,
F0005982-2,F0005982,2,Fabric (F0005982),Tillett Textiles,,,PARP139 Oyster,P139 Oyster 142cm,PARP139 Oyster,PARAMOUNT SUBSTRATES,FABRIC,Fabric,12 Linear Feet,12,0.35,4.15,60 inches,1,Bianca,,,Print,Invoiced,Invoiced,,2/2/2025,BLAWLOR@FSCO.COM,,,,
F0005984-1.01,F0005984,1.01,Fabric (F0005984),Tillett Textiles,,,COMO BLEACHED,COMO BLEACHED,PARComo Bleached,PARAMOUNT SUBSTRATES,FABRIC,Fabric,3 Linear Feet,3,0.06,0.18,60 inches,1,Bianca,,,Print,Invoiced,Invoiced,,3/28/2025,ACOLEY@PARAMOUNTPRINTS.COM,,,,
F0005986-1,F0005986,1,Fabric (F0005986),Tillett Textiles,,,LA FLEUR,LA FLEUR TT12224-FLR2 (FRESH BREEZE),PARSailcloth (Natural),PARAMOUNT SUBSTRATES,FABRIC,Fabric,12 Linear Feet,12,0.05,0.6,60 inches,1,Bianca,,,Print,Invoiced,Invoiced,,2/21/2025,BLAWLOR@FSCO.COM,,,,
F0005986-2,F0005986,2,Fabric (F0005986),Tillett Textiles,,,Sailcloth (Natural),PARSailcloth (Natural),PARSailcloth (Natural),PARAMOUNT SUBSTRATES,FABRIC,Fabric,12 Linear Feet,12,0.05,0.6,60 inches,1,Bianca,,,Print,Invoiced,Invoiced,,2/21/2025,BLAWLOR@FSCO.COM,,,,
F0005989-1,F0005989,1,Paper (F0005989),Quadrille Inc.,,,FIORENTINA,FIORENTINA 2490-42WP (AQUA ON ALMOST WHITE),"PARCPG7113 30"" 500Y",PARAMOUNT SUBSTRATES,PAPER,"30"" Roll",540 Linear Feet,540,450,243000,30 inches,1,Bianca,,,Print,Invoiced,Invoiced,,1/30/2025,KMUI@PARAMOUNTPRINTS.COM,,,,
F0005997-2,F0005997,2,Fabric (F0005997),Tillett Textiles,,,COMO BLEACHED,COMO BLEACHED - PARComo Bleached,PARComo Bleached,PARAMOUNT SUBSTRATES,FABRIC,Fabric,12 Linear Feet,12,0.06,0.72,60 inches,1,Bianca,,,Print,Invoiced,Invoiced,,2/9/2025,BLAWLOR@FSCO.COM,,,,
F0006041-2,F0006041,2,Fabric (F0006041),Tillett Textiles,,,Sailcloth (Natural),PARSailcloth (Natural),PARSailcloth (Natural),PARAMOUNT SUBSTRATES,FABRIC,Fabric,15 Linear Feet,15,0.05,0.75,60 inches,1,Bianca,,,Print,Invoiced,Invoiced,,2/21/2025,BLAWLOR@FSCO.COM,,,,
F0006044-1,F0006044,1,Fabric (F0006044),Tillett Textiles,,,TULIPS,TULIPS,PARSailcloth (White),PARAMOUNT SUBSTRATES,FABRIC,Fabric,18 Linear Feet,18,0.15,2.7,60 inches,1,Bianca,,,Print,Invoiced,Invoiced,,3/24/2025,BLAWLOR@FSCO.COM,,,,
F0006044-1.01,F0006044,1.01,Fabric (F0006044),Tillett Textiles,,,Sailcloth (White),Sailcloth (White),PARSailcloth (White),PARAMOUNT SUBSTRATES,FABRIC,Fabric,90 Linear Feet,90,0.15,13.5,60 inches,1,Bianca,,,Print,Invoiced,Invoiced,,3/24/2025,BLAWLOR@FSCO.COM,,,,
F0006045-1,F0006045,1,SCREEN (F0006045),F. SCHUMACHER & CO - MERCH,,,KATSUGI SCREENS,KATSUGI SCREENS - KTS12625,Acetate,PARAMOUNT SUBSTRATES,,"60"" Roll",24 Linear Feet,24,24.18,580.32,60 inches,1,Bianca,,,Print,Invoiced,Invoiced,,1/27/2025,BLAWLOR@FSCO.COM,,,,
F0006046-1,F0006046,1,SCREEN (F0006046),BACKDROP,,,BOOTH BAY,BOOTH BAY - BTB12625,Acetate,PARAMOUNT SUBSTRATES,,"60"" Roll",9 Linear Feet,9,24.18,217.62,60 inches,1,Bianca,,,Print,Invoiced,Invoiced,,1/27/2025,BLAWLOR@FSCO.COM,,,,
F0006057-1,F0006057,1,Fabric (F0006057),Tillett Textiles,,,LA FLEUR,LA FLEUR TT12224-FLR (SUBDUED),PARP139 Natural,PARAMOUNT SUBSTRATES,FABRIC,Fabric,9 Linear Feet,9,0.36,3.23,60 inches,1,Bianca,,,Print,Invoiced,Invoiced,,2/21/2025,BLAWLOR@FSCO.COM,,,,
F0006057-2,F0006057,2,Fabric (F0006057),Tillett Textiles,,,P139,P139 Natural 142cm,PARP139 Natural,PARAMOUNT SUBSTRATES,FABRIC,Fabric,9 Linear Feet,9,0.36,3.23,60 inches,1,Bianca,,,Print,Invoiced,Invoiced,,2/21/2025,BLAWLOR@FSCO.COM,,,,
F0006058-1,F0006058,1,Fabric (F0006058),Tillett Textiles,,,DACEY,DACEY TT12725-DAC (GREEN ON WHITE),PARSailcloth (White),PARAMOUNT SUBSTRATES,FABRIC,Fabric,21 Linear Feet,21,0.15,3.15,60 inches,1,Bianca,,,Print,Invoiced,Invoiced,,3/6/2025,KMUI@PARAMOUNTPRINTS.COM,,,,
F0006058-2,F0006058,2,Fabric (F0006058),Tillett Textiles,,,Sailcloth (White),PARSailcloth (White),PARSailcloth (White),PARAMOUNT SUBSTRATES,FABRIC,Fabric,21 Linear Feet,21,0.15,3.15,60 inches,1,Bianca,,,Print,Invoiced,Invoiced,,3/6/2025,KMUI@PARAMOUNTPRINTS.COM,,,,
F0006059-1,F0006059,1,Fabric (F0006059),Tillett Textiles,,,CROSSHATCH,CROSSHATCH TT12725-CRS (CUSTOM),PARPolishedCotton,PARAMOUNT SUBSTRATES,FABRIC,Fabric,15 Linear Feet,15,0.18,2.63,60 inches,1,Bianca,,,Print,Invoiced,Invoiced,,2/21/2025,KMUI@PARAMOUNTPRINTS.COM,,,,
F0006059-2,F0006059,2,Fabric (F0006059),Tillett Textiles,,,GRISWOLD POLISHED COTTON PARPolishedCotton,GRISWOLD POLISHED COTTON PARPolishedCotton,PARPolishedCotton,PARAMOUNT SUBSTRATES,FABRIC,Fabric,15 Linear Feet,15,0.18,2.63,60 inches,1,Bianca,,,Print,Invoiced,Invoiced,,2/21/2025,KMUI@PARAMOUNTPRINTS.COM,,,,
F0006061-1,F0006061,1,Paper (F0006061),Quadrille Inc.,,,PETITE ZIG ZAG WALLPAPER,PETITE ZIG ZAG WALLPAPER AP303-05PV (INCA GOLD),"PAROM07 30"" 250Y",PARAMOUNT SUBSTRATES,VINYL,"30"" Roll",225 Linear Feet,225,1.6,360,30 inches,1,Bianca,,,Print,Invoiced,Invoiced,,2/28/2025,KMUI@PARAMOUNTPRINTS.COM,,,,
F0006064-1,F0006064,1,Paper (F0006064),Quadrille Inc.,,,MOJAVE,MOJAVE AP709-4 (TANS ON MATTE WHITE),"PARCPG7100 30"" 500Y",PARAMOUNT SUBSTRATES,PAPER,"30"" Roll",60 Linear Feet,60,0.87,52.2,30 inches,1,Bianca,,,Print,Invoiced,Invoiced,,2/21/2025,KMUI@PARAMOUNTPRINTS.COM,,,,
F0006065-1,F0006065,1,Paper (F0006065),Quadrille Inc.,,,FOLIAGE REVERSE WP,FOLIAGE REVERSE WP 3135W-CSTSFWP (SOFT FRENCH GREEN CUSTOM),"PARCPG7113 30"" 500Y",PARAMOUNT SUBSTRATES,PAPER,"30"" Roll",450 Linear Feet,450,450,202500,30 inches,1,Bianca,,,Print,Invoiced,Invoiced,,2/28/2025,KMUI@PARAMOUNTPRINTS.COM,,,,
F0006080-1,F0006080,1,Paper (F0006080),Quadrille Inc.,,,CLUB CANE,CLUB CANE 6480WP-09 (CREAM TAUPE FOREST GREEN),"PARCPG7100 30"" 500Y",PARAMOUNT SUBSTRATES,PAPER,"30"" Roll",750 Linear Feet,750,0.87,652.5,30 inches,1,Bianca,,,Print,Invoiced,Invoiced,,2/28/2025,KMUI@PARAMOUNTPRINTS.COM,,,,
F0006085-1,F0006085,1,Paper (F0006085),Quadrille Inc.,,,FEZ BACKGROUND,FEZ BACKGROUND 4045-02WP (CAMEL),"PARCPG7101 30"" 500Y",PARAMOUNT SUBSTRATES,PAPER,"30"" Roll",57 Linear Feet,57,0.98,55.86,30 inches,1,Bianca,,,Print,Invoiced,Invoiced,,2/16/2025,BLAWLOR@FSCO.COM,,,,
F0006173-1,F0006173,1,Grass Grounds,F. SCHUMACHER & CO. CUSTOM MTO,,,HARUKI SISAL,KABE SISAL 5004729 (FLAX),PNW5004729 Flax,PARAMOUNT SUBSTRATES,SISAL,"36"" Roll",144 Linear Feet,144,0.02,2.33,36 inches,1,Bianca,,,Print,Invoiced,Invoiced,,2/16/2025,BLAWLOR@FSCO.COM,,,,
F0006174-1,F0006174,1,Grass Grounds (F0006174),F. SCHUMACHER & CO. CUSTOM MTO,,,HARUKI SISAL,KABE SISAL 5004729 (FLAX),PNW5004729 Flax,PARAMOUNT SUBSTRATES,SISAL,"36"" Roll",48 Linear Feet,48,0.02,0.78,36 inches,1,Bianca,,,Print,Invoiced,Invoiced,,2/16/2025,BLAWLOR@FSCO.COM,,,,
F0006227-1,F0006227,1,Fabric (F0006227),Tillett Textiles,,,BUTTERFLY BLOTCH,BUTTERFLY BLOTCH TL300010 (HARBOR HAZE),PARComo Bleached,PARAMOUNT SUBSTRATES,FABRIC,Fabric,15 Linear Feet,15,0.06,0.89,60 inches,1,Bianca,,,Print,Invoiced,Invoiced,,2/13/2025,KMUI@PARAMOUNTPRINTS.COM,,,,
F0006227-2,F0006227,2,Fabric (F0006227),Tillett Textiles,,,BUTTERFLY BLOTCH,BUTTERFLY BLOTCH TL300011 (YELLOW),PARComo Bleached,PARAMOUNT SUBSTRATES,FABRIC,Fabric,15 Linear Feet,15,0.06,0.89,60 inches,1,Bianca,,,Print,Invoiced,Invoiced,,2/13/2025,KMUI@PARAMOUNTPRINTS.COM,,,,
F0006227-3,F0006227,3,Fabric (F0006227),Tillett Textiles,,,BUTTERFLY BLOTCH,BUTTERFLY BLOTCH TL300012 (WHITE ON NATURAL),PARSussex Natural,PARAMOUNT SUBSTRATES,FABRIC,Fabric,15 Linear Feet,15,0.04,0.6,60 inches,1,Bianca,,,Print,Invoiced,Invoiced,,2/13/2025,KMUI@PARAMOUNTPRINTS.COM,,,,
F0006227-4,F0006227,4,Fabric (F0006227),Tillett Textiles,,,COMO BLEACHED,COMO BLEACHED - PARComo Bleached,PARComo Bleached,PARAMOUNT SUBSTRATES,FABRIC,Fabric,30 Linear Feet,30,0.06,1.79,60 inches,1,Bianca,,,Print,Invoiced,Invoiced,,2/13/2025,KMUI@PARAMOUNTPRINTS.COM,,,,
F0006227-5,F0006227,5,Fabric (F0006227),Tillett Textiles,,,Sussex 55%Linen / 45% Cotton,Sussex 55%Linen / 45% Cotton Natural,PARSussex Natural,PARAMOUNT SUBSTRATES,FABRIC,Fabric,15 Linear Feet,15,0.04,0.6,60 inches,1,Bianca,,,Print,Invoiced,Invoiced,,2/13/2025,KMUI@PARAMOUNTPRINTS.COM,,,,
F0006228-1,F0006228,1,Fabric (F0006228),Tillett Textiles,,,CHRYSANTHEMUM,CHRYSANTHEMUM TL300020 (BLUE),PARComo Bleached,PARAMOUNT SUBSTRATES,FABRIC,Fabric,15 Linear Feet,15,0.06,0.89,60 inches,1,Bianca,,,Print,Invoiced,Invoiced,,2/13/2025,KMUI@PARAMOUNTPRINTS.COM,,,,
F0006228-2,F0006228,2,Fabric (F0006228),Tillett Textiles,,,CHRYSANTHEMUM,CHRYSANTHEMUM TL300021 (LEAF & SKY),PARComo Bleached,PARAMOUNT SUBSTRATES,FABRIC,Fabric,15 Linear Feet,15,0.06,0.89,60 inches,1,Bianca,,,Print,Invoiced,Invoiced,,2/13/2025,KMUI@PARAMOUNTPRINTS.COM,,,,
F0006228-3,F0006228,3,Fabric (F0006228),Tillett Textiles,,,CHRYSANTHEMUM,CHRYSANTHEMUM TL300022 (PINKY),PARComo Bleached,PARAMOUNT SUBSTRATES,FABRIC,Fabric,15 Linear Feet,15,0.06,0.89,60 inches,1,Bianca,,,Print,Invoiced,Invoiced,,2/13/2025,KMUI@PARAMOUNTPRINTS.COM,,,,
F0006228-4,F0006228,4,Fabric (F0006228),Tillett Textiles,,,CHRYSANTHEMUM,CHRYSANTHEMUM TL300023 (DUNE),PARP139 Natural,PARAMOUNT SUBSTRATES,FABRIC,Fabric,15 Linear Feet,15,0.36,5.38,60 inches,1,Bianca,,,Print,Invoiced,Invoiced,,2/13/2025,KMUI@PARAMOUNTPRINTS.COM,,,,
F0006228-5,F0006228,5,Fabric (F0006228),Tillett Textiles,,,COMO BLEACHED,COMO BLEACHED - PARComo Bleached,PARComo Bleached,PARAMOUNT SUBSTRATES,FABRIC,Fabric,75 Linear Feet,75,0.06,4.47,60 inches,1,Bianca,,,Print,Invoiced,Invoiced,,2/13/2025,KMUI@PARAMOUNTPRINTS.COM,,,,
F0006228-6,F0006228,6,Fabric (F0006228),Tillett Textiles,,,P139,P139 Natural 142cm,PARP139 Natural,PARAMOUNT SUBSTRATES,FABRIC,Fabric,15 Linear Feet,15,0.36,5.38,60 inches,1,Bianca,,,Print,Invoiced,Invoiced,,2/13/2025,KMUI@PARAMOUNTPRINTS.COM,,,,
F0006229-1,F0006229,1,Fabric (F0006229),Tillett Textiles,,,GERANIUM,GERANIUM TL300030 (CORAL),PARComo Bleached,PARAMOUNT SUBSTRATES,FABRIC,Fabric,15 Linear Feet,15,0.06,0.89,60 inches,1,Bianca,,,Print,Invoiced,Invoiced,,2/16/2025,BLAWLOR@FSCO.COM,,,,
F0006229-3,F0006229,3,Fabric (F0006229),Tillett Textiles,,,GERANIUM,GERANIUM TL300032 (WHITE ON NATURAL),PARP139 Natural,PARAMOUNT SUBSTRATES,FABRIC,Fabric,15 Linear Feet,15,0.36,5.38,60 inches,1,Bianca,,,Print,Invoiced,Invoiced,,2/16/2025,BLAWLOR@FSCO.COM,,,,
F0006229-5,F0006229,5,Fabric (F0006229),Tillett Textiles,,,P139,P139 Natural 142cm,PARP139 Natural,PARAMOUNT SUBSTRATES,FABRIC,Fabric,15 Linear Feet,15,0.36,5.38,60 inches,1,Bianca,,,Print,Invoiced,Invoiced,,2/16/2025,BLAWLOR@FSCO.COM,,,,
F0006232-1,F0006232,1,Fabric (F0006232),Tillett Textiles,,,JACKIE'S DAISY,JACKIE'S DAISY TL300050 (HARBOR HAZE),PARPolishedCotton,PARAMOUNT SUBSTRATES,FABRIC,Fabric,15 Linear Feet,15,0.18,2.63,60 inches,1,Bianca,,,Print,Invoiced,Invoiced,,3/3/2025,BLAWLOR@FSCO.COM,,,,
F0006232-2,F0006232,2,Fabric (F0006232),Tillett Textiles,,,GRISWOLD POLISHED COTTON PARPolishedCotton,GRISWOLD POLISHED COTTON PARPolishedCotton,PARPolishedCotton,PARAMOUNT SUBSTRATES,FABRIC,Fabric,15 Linear Feet,15,0.18,2.63,60 inches,1,Bianca,,,Print,Invoiced,Invoiced,,3/3/2025,BLAWLOR@FSCO.COM,,,,
F0006233-1,F0006233,1,Fabric (F0006233),Tillett Textiles,,,PEONY SILHOUETTE,PEONY SILHOUETTE TL300070 (GRAPHITE),PARComo Bleached,PARAMOUNT SUBSTRATES,FABRIC,Fabric,30 Linear Feet,30,0.06,1.79,60 inches,1,Bianca,,,Print,Invoiced,Invoiced,,2/16/2025,BLAWLOR@FSCO.COM,,,,
F0006233-2,F0006233,2,Fabric (F0006233),Tillett Textiles,,,COMO BLEACHED,COMO BLEACHED - PARComo Bleached,PARComo Bleached,PARAMOUNT SUBSTRATES,FABRIC,Fabric,30 Linear Feet,30,0.06,1.79,60 inches,1,Bianca,,,Print,Invoiced,Invoiced,,2/16/2025,BLAWLOR@FSCO.COM,,,,
F0006235-1,F0006235,1,Fabric (F0006235),Tillett Textiles,,,STRAWBERRY FIELDS,STRAWBERRY FIELDS TL400081 (RED),PARSailcloth (Natural),PARAMOUNT SUBSTRATES,FABRIC,Fabric,15 Linear Feet,15,0.05,0.75,60 inches,1,Bianca,,,Print,Invoiced,Invoiced,,2/13/2025,KMUI@PARAMOUNTPRINTS.COM,,,,
F0006235-2,F0006235,2,Fabric (F0006235),Tillett Textiles,,,STRAWBERRY FIELDS,STRAWBERRY FIELDS TL300091 (TEAL),PARSailcloth (Natural),PARAMOUNT SUBSTRATES,FABRIC,Fabric,15 Linear Feet,15,0.05,0.75,60 inches,1,Bianca,,,Print,Invoiced,Invoiced,,2/13/2025,KMUI@PARAMOUNTPRINTS.COM,,,,
F0006235-3,F0006235,3,Fabric (F0006235),Tillett Textiles,,,STRAWBERRY FIELDS,STRAWBERRY FIELDS TL400080 (GRAPHITE),PARSailcloth (Natural),PARAMOUNT SUBSTRATES,FABRIC,Fabric,15 Linear Feet,15,0.05,0.75,60 inches,1,Bianca,,,Print,Invoiced,Invoiced,,2/13/2025,KMUI@PARAMOUNTPRINTS.COM,,,,
F0006235-4,F0006235,4,Fabric (F0006235),Tillett Textiles,,,Sailcloth (Natural),PARSailcloth (Natural),PARSailcloth (Natural),PARAMOUNT SUBSTRATES,FABRIC,Fabric,45 Linear Feet,45,0.05,2.25,60 inches,1,Bianca,,,Print,Invoiced,Invoiced,,2/13/2025,KMUI@PARAMOUNTPRINTS.COM,,,,
F0006251-2,F0006251,2,Paper (F0006251),Meg Braff Designs,,,WHITE COATED PAPER,"Diamond - 404349 (White 30"")","PARCPG7100 30"" 500Y",PARAMOUNT SUBSTRATES,PAPER,"30"" Roll",138 Linear Feet,138,0.87,120.06,30 inches,1,Bianca,,,Print,Invoiced,Invoiced,,2/28/2025,KMUI@PARAMOUNTPRINTS.COM,,,,
F0006267-1,F0006267,1,Paper (F0006267),Tillett Textiles,,,CHRYSANTHEMUM,TT11725-CHR-W CHRYSANTHEMUM (BLUE AND GREEN),"PARCPG7101 30"" 500Y",PARAMOUNT SUBSTRATES,PAPER,"30"" Roll",60 Linear Feet,60,0.98,58.8,30 inches,1,Bianca,,,Print,Invoiced,Invoiced,,2/9/2025,BLAWLOR@FSCO.COM,,,,
F0006267-2,F0006267,2,Paper (F0006267),Tillett Textiles,,,OFF WHITE PAPER,Thorne - 404353 (Off White),"PARCPG7101 30"" 500Y",PARAMOUNT SUBSTRATES,PAPER,"30"" Roll",180 Linear Feet,180,0.98,176.4,30 inches,1,Bianca,,,Print,Invoiced,Invoiced,,2/9/2025,BLAWLOR@FSCO.COM,,,,
F0006272-1.01,F0006272,1.01,Fabric (F0006272),Tillett Textiles,,,COMO BLEACHED,COMO BLEACHED,PARComo Bleached,PARAMOUNT SUBSTRATES,FABRIC,Fabric,9 Linear Feet,9,0.06,0.54,60 inches,1,Bianca,,,Print,Invoiced,Invoiced,,3/29/2025,BLAWLOR@FSCO.COM,,,,
F0008336-1,F0008336,1,GRASS (F0008336),F. SCHUMACHER & CO - MTO,,,TWIGGY SISAL,TWIGGY SISAL,PNW5004724 Fog,PARAMOUNT SUBSTRATES,SISAL,"36"" Roll",288 Linear Feet,288,0.05,13.98,36 inches,1,Bianca,,,Print,Invoiced,Invoiced,,5/21/2025,BLAWLOR@FSCO.COM,,,,
