Date,Division,Fiscal Year,445 Year,Fiscal Month Label,445 Month Label,445 Quarter Label,Weeks,DAY Label,Work Day,Planned Yards,Planned Income
2/26/2024,Digital,2024,2024,Feb,Mar,Qtr1,9,M,1,,15540.0943
2/27/2024,Digital,2024,2024,Feb,Mar,Qtr1,9,T,1,,15540.0943
2/28/2024,Digital,2024,2024,Feb,Mar,Qtr1,9,W,1,,15540.0943
2/29/2024,Digital,2024,2024,Feb,Mar,Qtr1,9,TH,1,,15540.0943
3/1/2024,Digital,2024,2024,Mar,Mar,Qtr1,9,F,1,,15540.0943
3/4/2024,Digital,2024,2024,Mar,Mar,Qtr1,10,M,1,,15540.0943
3/5/2024,Digital,2024,2024,Mar,Mar,Qtr1,10,T,1,,15540.0943
3/6/2024,Digital,2024,2024,Mar,Mar,Qtr1,10,W,1,,15540.0943
3/7/2024,Digital,2024,2024,Mar,Mar,Qtr1,10,TH,1,,15540.0943
3/8/2024,Digital,2024,2024,Mar,Mar,Qtr1,10,F,1,,15540.0943
3/11/2024,Digital,2024,2024,Mar,Mar,Qtr1,11,M,1,,15540.0943
3/12/2024,Digital,2024,2024,Mar,Mar,Qtr1,11,T,1,,15540.0943
3/13/2024,Digital,2024,2024,Mar,Mar,Qtr1,11,W,1,,15540.0943
3/14/2024,Digital,2024,2024,Mar,Mar,Qtr1,11,TH,1,,15540.0943
3/15/2024,Digital,2024,2024,Mar,Mar,Qtr1,11,F,1,,15540.0943
3/18/2024,Digital,2024,2024,Mar,Mar,Qtr1,12,M,1,,15540.0943
3/19/2024,Digital,2024,2024,Mar,Mar,Qtr1,12,T,1,,15540.0943
3/20/2024,Digital,2024,2024,Mar,Mar,Qtr1,12,W,1,,15540.0943
3/21/2024,Digital,2024,2024,Mar,Mar,Qtr1,12,TH,1,,15540.0943
3/22/2024,Digital,2024,2024,Mar,Mar,Qtr1,12,F,1,,15540.0943
3/25/2024,Digital,2024,2024,Mar,Mar,Qtr1,13,M,1,,15540.0943
3/26/2024,Digital,2024,2024,Mar,Mar,Qtr1,13,T,1,,15540.0943
3/27/2024,Digital,2024,2024,Mar,Mar,Qtr1,13,W,1,,15540.0943
3/28/2024,Digital,2024,2024,Mar,Mar,Qtr1,13,TH,1,,15540.0943
3/29/2024,Digital,2024,2024,Mar,Mar,Qtr1,13,F,1,,15540.0943
4/1/2024,Digital,2024,2024,Apr,Apr,Qtr2,14,M,1,,15540.0943
4/2/2024,Digital,2024,2024,Apr,Apr,Qtr2,14,T,1,,15540.0943
4/3/2024,Digital,2024,2024,Apr,Apr,Qtr2,14,W,1,,15540.0943
4/4/2024,Digital,2024,2024,Apr,Apr,Qtr2,14,TH,1,,15540.0943
4/5/2024,Digital,2024,2024,Apr,Apr,Qtr2,14,F,1,,15540.0943
4/8/2024,Digital,2024,2024,Apr,Apr,Qtr2,15,M,1,,15540.0943
4/9/2024,Digital,2024,2024,Apr,Apr,Qtr2,15,T,1,,15540.0943
4/10/2024,Digital,2024,2024,Apr,Apr,Qtr2,15,W,1,,15540.0943
4/11/2024,Digital,2024,2024,Apr,Apr,Qtr2,15,TH,1,,15540.0943
4/12/2024,Digital,2024,2024,Apr,Apr,Qtr2,15,F,1,,15540.0943
4/15/2024,Digital,2024,2024,Apr,Apr,Qtr2,16,M,1,,15540.0943
4/16/2024,Digital,2024,2024,Apr,Apr,Qtr2,16,T,1,,15540.0943
4/17/2024,Digital,2024,2024,Apr,Apr,Qtr2,16,W,1,,15540.0943
4/18/2024,Digital,2024,2024,Apr,Apr,Qtr2,16,TH,1,,15540.0943
4/19/2024,Digital,2024,2024,Apr,Apr,Qtr2,16,F,1,,15540.0943
4/22/2024,Digital,2024,2024,Apr,Apr,Qtr2,17,M,1,,15540.0943
4/23/2024,Digital,2024,2024,Apr,Apr,Qtr2,17,T,1,,15540.0943
4/24/2024,Digital,2024,2024,Apr,Apr,Qtr2,17,W,1,,15540.0943
4/25/2024,Digital,2024,2024,Apr,Apr,Qtr2,17,TH,1,,15540.0943
4/26/2024,Digital,2024,2024,Apr,Apr,Qtr2,17,F,1,,15540.0943
4/29/2024,Digital,2024,2024,Apr,May,Qtr2,18,M,1,,15540.0943
4/30/2024,Digital,2024,2024,Apr,May,Qtr2,18,T,1,,15540.0943
5/1/2024,Digital,2024,2024,May,May,Qtr2,18,W,1,,15540.0943
5/2/2024,Digital,2024,2024,May,May,Qtr2,18,TH,1,,15540.0943
5/3/2024,Digital,2024,2024,May,May,Qtr2,18,F,1,,15540.0943
5/6/2024,Digital,2024,2024,May,May,Qtr2,19,M,1,,15540.0943
5/7/2024,Digital,2024,2024,May,May,Qtr2,19,T,1,,15540.0943
5/8/2024,Digital,2024,2024,May,May,Qtr2,19,W,1,,15540.0943
5/9/2024,Digital,2024,2024,May,May,Qtr2,19,TH,1,,15540.0943
5/10/2024,Digital,2024,2024,May,May,Qtr2,19,F,1,,15540.0943
5/13/2024,Digital,2024,2024,May,May,Qtr2,20,M,1,,15540.0943
5/14/2024,Digital,2024,2024,May,May,Qtr2,20,T,1,,15540.0943
5/15/2024,Digital,2024,2024,May,May,Qtr2,20,W,1,,15540.0943
5/16/2024,Digital,2024,2024,May,May,Qtr2,20,TH,1,,15540.0943
5/17/2024,Digital,2024,2024,May,May,Qtr2,20,F,1,,15540.0943
5/20/2024,Digital,2024,2024,May,May,Qtr2,21,M,1,,15540.0943
5/21/2024,Digital,2024,2024,May,May,Qtr2,21,T,1,,15540.0943
5/22/2024,Digital,2024,2024,May,May,Qtr2,21,W,1,,15540.0943
5/23/2024,Digital,2024,2024,May,May,Qtr2,21,TH,1,,15540.0943
5/24/2024,Digital,2024,2024,May,May,Qtr2,21,F,1,,15540.0943
5/27/2024,Digital,2024,2024,May,Jun,Qtr2,22,M,1,,15540.0943
5/28/2024,Digital,2024,2024,May,Jun,Qtr2,22,T,1,,15540.0943
5/29/2024,Digital,2024,2024,May,Jun,Qtr2,22,W,1,,15540.0943
5/30/2024,Digital,2024,2024,May,Jun,Qtr2,22,TH,1,,15540.0943
5/31/2024,Digital,2024,2024,May,Jun,Qtr2,22,F,1,,15540.0943
6/3/2024,Digital,2024,2024,Jun,Jun,Qtr2,23,M,1,,15540.0943
6/4/2024,Digital,2024,2024,Jun,Jun,Qtr2,23,T,1,,15540.0943
6/5/2024,Digital,2024,2024,Jun,Jun,Qtr2,23,W,1,,15540.0943
6/6/2024,Digital,2024,2024,Jun,Jun,Qtr2,23,TH,1,,15540.0943
6/7/2024,Digital,2024,2024,Jun,Jun,Qtr2,23,F,1,,15540.0943
6/10/2024,Digital,2024,2024,Jun,Jun,Qtr2,24,M,1,,15540.0943
6/11/2024,Digital,2024,2024,Jun,Jun,Qtr2,24,T,1,,15540.0943
6/12/2024,Digital,2024,2024,Jun,Jun,Qtr2,24,W,1,,15540.0943
6/13/2024,Digital,2024,2024,Jun,Jun,Qtr2,24,TH,1,,15540.0943
6/14/2024,Digital,2024,2024,Jun,Jun,Qtr2,24,F,1,,15540.0943
6/17/2024,Digital,2024,2024,Jun,Jun,Qtr2,25,M,1,,15540.0943
6/18/2024,Digital,2024,2024,Jun,Jun,Qtr2,25,T,1,,15540.0943
6/19/2024,Digital,2024,2024,Jun,Jun,Qtr2,25,W,1,,15540.0943
6/20/2024,Digital,2024,2024,Jun,Jun,Qtr2,25,TH,1,,15540.0943
6/21/2024,Digital,2024,2024,Jun,Jun,Qtr2,25,F,1,,15540.0943
6/24/2024,Digital,2024,2024,Jun,Jun,Qtr2,26,M,1,,15540.0943
6/25/2024,Digital,2024,2024,Jun,Jun,Qtr2,26,T,1,,15540.0943
6/26/2024,Digital,2024,2024,Jun,Jun,Qtr2,26,W,1,,15540.0943
6/27/2024,Digital,2024,2024,Jun,Jun,Qtr2,26,TH,1,,15540.0943
6/28/2024,Digital,2024,2024,Jun,Jun,Qtr2,26,F,1,,15540.0943
7/1/2024,Digital,2024,2024,Jul,Jul,Qtr3,27,M,1,,15540.0943
7/2/2024,Digital,2024,2024,Jul,Jul,Qtr3,27,T,1,,15540.0943
7/3/2024,Digital,2024,2024,Jul,Jul,Qtr3,27,W,1,,15540.0943
7/4/2024,Digital,2024,2024,Jul,Jul,Qtr3,27,TH,1,,15540.0943
7/5/2024,Digital,2024,2024,Jul,Jul,Qtr3,27,F,1,,15540.0943
7/8/2024,Digital,2024,2024,Jul,Jul,Qtr3,28,M,1,,15540.0943
7/9/2024,Digital,2024,2024,Jul,Jul,Qtr3,28,T,1,,15540.0943
7/10/2024,Digital,2024,2024,Jul,Jul,Qtr3,28,W,1,,15540.0943
7/11/2024,Digital,2024,2024,Jul,Jul,Qtr3,28,TH,1,,15540.0943
7/12/2024,Digital,2024,2024,Jul,Jul,Qtr3,28,F,1,,15540.0943
7/15/2024,Digital,2024,2024,Jul,Jul,Qtr3,29,M,1,,15540.0943
7/16/2024,Digital,2024,2024,Jul,Jul,Qtr3,29,T,1,,15540.0943
7/17/2024,Digital,2024,2024,Jul,Jul,Qtr3,29,W,1,,15540.0943
7/18/2024,Digital,2024,2024,Jul,Jul,Qtr3,29,TH,1,,15540.0943
7/19/2024,Digital,2024,2024,Jul,Jul,Qtr3,29,F,1,,15540.0943
7/22/2024,Digital,2024,2024,Jul,Jul,Qtr3,30,M,1,,15540.0943
7/23/2024,Digital,2024,2024,Jul,Jul,Qtr3,30,T,1,,15540.0943
7/24/2024,Digital,2024,2024,Jul,Jul,Qtr3,30,W,1,,15540.0943
7/25/2024,Digital,2024,2024,Jul,Jul,Qtr3,30,TH,1,,15540.0943
7/26/2024,Digital,2024,2024,Jul,Jul,Qtr3,30,F,1,,15540.0943
7/29/2024,Digital,2024,2024,Jul,Aug,Qtr3,31,M,1,,15540.0943
7/30/2024,Digital,2024,2024,Jul,Aug,Qtr3,31,T,1,,15540.0943
7/31/2024,Digital,2024,2024,Jul,Aug,Qtr3,31,W,1,,15540.0943
8/1/2024,Digital,2024,2024,Aug,Aug,Qtr3,31,TH,1,,15540.0943
8/2/2024,Digital,2024,2024,Aug,Aug,Qtr3,31,F,1,,15540.0943
8/5/2024,Digital,2024,2024,Aug,Aug,Qtr3,32,M,1,,15540.0943
8/6/2024,Digital,2024,2024,Aug,Aug,Qtr3,32,T,1,,15540.0943
8/7/2024,Digital,2024,2024,Aug,Aug,Qtr3,32,W,1,,15540.0943
8/8/2024,Digital,2024,2024,Aug,Aug,Qtr3,32,TH,1,,15540.0943
8/9/2024,Digital,2024,2024,Aug,Aug,Qtr3,32,F,1,,15540.0943
8/12/2024,Digital,2024,2024,Aug,Aug,Qtr3,33,M,1,,15540.0943
8/13/2024,Digital,2024,2024,Aug,Aug,Qtr3,33,T,1,,15540.0943
8/14/2024,Digital,2024,2024,Aug,Aug,Qtr3,33,W,1,,15540.0943
8/15/2024,Digital,2024,2024,Aug,Aug,Qtr3,33,TH,1,,15540.0943
8/16/2024,Digital,2024,2024,Aug,Aug,Qtr3,33,F,1,,15540.0943
8/19/2024,Digital,2024,2024,Aug,Aug,Qtr3,34,M,1,,15540.0943
8/20/2024,Digital,2024,2024,Aug,Aug,Qtr3,34,T,1,,15540.0943
8/21/2024,Digital,2024,2024,Aug,Aug,Qtr3,34,W,1,,15540.0943
8/22/2024,Digital,2024,2024,Aug,Aug,Qtr3,34,TH,1,,15540.0943
8/23/2024,Digital,2024,2024,Aug,Aug,Qtr3,34,F,1,,15540.0943
8/26/2024,Digital,2024,2024,Aug,Sep,Qtr3,35,M,1,,15540.0943
8/27/2024,Digital,2024,2024,Aug,Sep,Qtr3,35,T,1,,15540.0943
8/28/2024,Digital,2024,2024,Aug,Sep,Qtr3,35,W,1,,15540.0943
8/29/2024,Digital,2024,2024,Aug,Sep,Qtr3,35,TH,1,,15540.0943
8/30/2024,Digital,2024,2024,Aug,Sep,Qtr3,35,F,1,,15540.0943
9/2/2024,Digital,2024,2024,Sep,Sep,Qtr3,36,M,1,,15540.0943
9/3/2024,Digital,2024,2024,Sep,Sep,Qtr3,36,T,1,,15540.0943
9/4/2024,Digital,2024,2024,Sep,Sep,Qtr3,36,W,1,,15540.0943
9/5/2024,Digital,2024,2024,Sep,Sep,Qtr3,36,TH,1,,15540.0943
9/6/2024,Digital,2024,2024,Sep,Sep,Qtr3,36,F,1,,15540.0943
9/9/2024,Digital,2024,2024,Sep,Sep,Qtr3,37,M,1,,15540.0943
9/10/2024,Digital,2024,2024,Sep,Sep,Qtr3,37,T,1,,15540.0943
9/11/2024,Digital,2024,2024,Sep,Sep,Qtr3,37,W,1,,15540.0943
9/12/2024,Digital,2024,2024,Sep,Sep,Qtr3,37,TH,1,,15540.0943
9/13/2024,Digital,2024,2024,Sep,Sep,Qtr3,37,F,1,,15540.0943
9/16/2024,Digital,2024,2024,Sep,Sep,Qtr3,38,M,1,,15540.0943
9/17/2024,Digital,2024,2024,Sep,Sep,Qtr3,38,T,1,,15540.0943
9/18/2024,Digital,2024,2024,Sep,Sep,Qtr3,38,W,1,,15540.0943
9/19/2024,Digital,2024,2024,Sep,Sep,Qtr3,38,TH,1,,15540.0943
9/20/2024,Digital,2024,2024,Sep,Sep,Qtr3,38,F,1,,15540.0943
9/23/2024,Digital,2024,2024,Sep,Sep,Qtr3,39,M,1,,15540.0943
9/24/2024,Digital,2024,2024,Sep,Sep,Qtr3,39,T,1,,15540.0943
9/25/2024,Digital,2024,2024,Sep,Sep,Qtr3,39,W,1,,15540.0943
9/26/2024,Digital,2024,2024,Sep,Sep,Qtr3,39,TH,1,,15540.0943
9/27/2024,Digital,2024,2024,Sep,Sep,Qtr3,39,F,1,,15540.0943
9/30/2024,Digital,2024,2024,Sep,Oct,Qtr4,40,M,1,,15540.0943
10/1/2024,Digital,2024,2024,Oct,Oct,Qtr4,40,T,1,,15540.0943
10/2/2024,Digital,2024,2024,Oct,Oct,Qtr4,40,W,1,,15540.0943
10/3/2024,Digital,2024,2024,Oct,Oct,Qtr4,40,TH,1,,15540.0943
10/4/2024,Digital,2024,2024,Oct,Oct,Qtr4,40,F,1,,15540.0943
10/7/2024,Digital,2024,2024,Oct,Oct,Qtr4,41,M,1,,15540.0943
10/8/2024,Digital,2024,2024,Oct,Oct,Qtr4,41,T,1,,15540.0943
10/9/2024,Digital,2024,2024,Oct,Oct,Qtr4,41,W,1,,15540.0943
10/10/2024,Digital,2024,2024,Oct,Oct,Qtr4,41,TH,1,,15540.0943
10/11/2024,Digital,2024,2024,Oct,Oct,Qtr4,41,F,1,,15540.0943
10/14/2024,Digital,2024,2024,Oct,Oct,Qtr4,42,M,1,,15540.0943
10/15/2024,Digital,2024,2024,Oct,Oct,Qtr4,42,T,1,,15540.0943
10/16/2024,Digital,2024,2024,Oct,Oct,Qtr4,42,W,1,,15540.0943
10/17/2024,Digital,2024,2024,Oct,Oct,Qtr4,42,TH,1,,15540.0943
10/18/2024,Digital,2024,2024,Oct,Oct,Qtr4,42,F,1,,15540.0943
10/21/2024,Digital,2024,2024,Oct,Oct,Qtr4,43,M,1,,15540.0943
10/22/2024,Digital,2024,2024,Oct,Oct,Qtr4,43,T,1,,15540.0943
10/23/2024,Digital,2024,2024,Oct,Oct,Qtr4,43,W,1,,15540.0943
10/24/2024,Digital,2024,2024,Oct,Oct,Qtr4,43,TH,1,,15540.0943
10/25/2024,Digital,2024,2024,Oct,Oct,Qtr4,43,F,1,,15540.0943
10/28/2024,Digital,2024,2024,Oct,Nov,Qtr4,44,M,1,,15540.0943
10/29/2024,Digital,2024,2024,Oct,Nov,Qtr4,44,T,1,,15540.0943
10/30/2024,Digital,2024,2024,Oct,Nov,Qtr4,44,W,1,,15540.0943
10/31/2024,Digital,2024,2024,Oct,Nov,Qtr4,44,TH,1,,15540.0943
11/1/2024,Digital,2024,2024,Nov,Nov,Qtr4,44,F,1,,15540.0943
11/4/2024,Digital,2024,2024,Nov,Nov,Qtr4,45,M,1,,15540.0943
11/5/2024,Digital,2024,2024,Nov,Nov,Qtr4,45,T,1,,15540.0943
11/6/2024,Digital,2024,2024,Nov,Nov,Qtr4,45,W,1,,15540.0943
11/7/2024,Digital,2024,2024,Nov,Nov,Qtr4,45,TH,1,,15540.0943
11/8/2024,Digital,2024,2024,Nov,Nov,Qtr4,45,F,1,,15540.0943
11/11/2024,Digital,2024,2024,Nov,Nov,Qtr4,46,M,1,,15540.0943
11/12/2024,Digital,2024,2024,Nov,Nov,Qtr4,46,T,1,,15540.0943
11/13/2024,Digital,2024,2024,Nov,Nov,Qtr4,46,W,1,,15540.0943
11/14/2024,Digital,2024,2024,Nov,Nov,Qtr4,46,TH,1,,15540.0943
11/15/2024,Digital,2024,2024,Nov,Nov,Qtr4,46,F,1,,15540.0943
11/18/2024,Digital,2024,2024,Nov,Nov,Qtr4,47,M,1,,15540.0943
11/19/2024,Digital,2024,2024,Nov,Nov,Qtr4,47,T,1,,15540.0943
11/20/2024,Digital,2024,2024,Nov,Nov,Qtr4,47,W,1,,15540.0943
11/21/2024,Digital,2024,2024,Nov,Nov,Qtr4,47,TH,1,,15540.0943
11/22/2024,Digital,2024,2024,Nov,Nov,Qtr4,47,F,1,,15540.0943
11/25/2024,Digital,2024,2024,Nov,Dec,Qtr4,48,M,1,,15540.0943
11/26/2024,Digital,2024,2024,Nov,Dec,Qtr4,48,T,1,,15540.0943
11/27/2024,Digital,2024,2024,Nov,Dec,Qtr4,48,W,1,,15540.0943
11/28/2024,Digital,2024,2024,Nov,Dec,Qtr4,48,TH,1,,15540.0943
11/29/2024,Digital,2024,2024,Nov,Dec,Qtr4,48,F,1,,15540.0943
12/2/2024,Digital,2024,2024,Dec,Dec,Qtr4,49,M,1,,15540.0943
12/3/2024,Digital,2024,2024,Dec,Dec,Qtr4,49,T,1,,15540.0943
12/4/2024,Digital,2024,2024,Dec,Dec,Qtr4,49,W,1,,15540.0943
12/5/2024,Digital,2024,2024,Dec,Dec,Qtr4,49,TH,1,,15540.0943
12/6/2024,Digital,2024,2024,Dec,Dec,Qtr4,49,F,1,,15540.0943
12/9/2024,Digital,2024,2024,Dec,Dec,Qtr4,50,M,1,,15540.0943
12/10/2024,Digital,2024,2024,Dec,Dec,Qtr4,50,T,1,,15540.0943
12/11/2024,Digital,2024,2024,Dec,Dec,Qtr4,50,W,1,,15540.0943
12/12/2024,Digital,2024,2024,Dec,Dec,Qtr4,50,TH,1,,15540.0943
12/13/2024,Digital,2024,2024,Dec,Dec,Qtr4,50,F,1,,15540.0943
12/16/2024,Digital,2024,2024,Dec,Dec,Qtr4,51,M,1,,15540.0943
12/17/2024,Digital,2024,2024,Dec,Dec,Qtr4,51,T,1,,15540.0943
12/18/2024,Digital,2024,2024,Dec,Dec,Qtr4,51,W,1,,15540.0943
12/19/2024,Digital,2024,2024,Dec,Dec,Qtr4,51,TH,1,,15540.0943
12/20/2024,Digital,2024,2024,Dec,Dec,Qtr4,51,F,1,,15540.0943
12/23/2024,Digital,2024,2024,Dec,Dec,Qtr4,52,M,1,,15540.0943
12/24/2024,Digital,2024,2024,Dec,Dec,Qtr4,52,T,1,,15540.0943
12/25/2024,Digital,2024,2024,Dec,Dec,Qtr4,52,W,1,,15540.0943
12/26/2024,Digital,2024,2024,Dec,Dec,Qtr4,52,TH,1,,15540.0943
12/27/2024,Digital,2024,2024,Dec,Dec,Qtr4,52,F,1,,15540.0943
3/2/2024,Digital,2024,2024,Mar,Mar,Qtr1,9,S,0,,15540.0943
3/3/2024,Digital,2024,2024,Mar,Mar,Qtr1,9,SU,0,,15540.0943
3/9/2024,Digital,2024,2024,Mar,Mar,Qtr1,10,S,0,,15540.0943
3/10/2024,Digital,2024,2024,Mar,Mar,Qtr1,10,SU,0,,15540.0943
3/16/2024,Digital,2024,2024,Mar,Mar,Qtr1,11,S,0,,15540.0943
3/17/2024,Digital,2024,2024,Mar,Mar,Qtr1,11,SU,0,,15540.0943
3/23/2024,Digital,2024,2024,Mar,Mar,Qtr1,12,S,0,,15540.0943
3/24/2024,Digital,2024,2024,Mar,Mar,Qtr1,12,SU,0,,15540.0943
3/30/2024,Digital,2024,2024,Mar,Mar,Qtr1,13,S,0,,15540.0943
3/31/2024,Digital,2024,2024,Mar,Mar,Qtr1,13,SU,0,,15540.0943
4/6/2024,Digital,2024,2024,Apr,Apr,Qtr2,14,S,0,,15540.0943
4/7/2024,Digital,2024,2024,Apr,Apr,Qtr2,14,SU,0,,15540.0943
4/13/2024,Digital,2024,2024,Apr,Apr,Qtr2,15,S,0,,15540.0943
4/14/2024,Digital,2024,2024,Apr,Apr,Qtr2,15,SU,0,,15540.0943
4/20/2024,Digital,2024,2024,Apr,Apr,Qtr2,16,S,0,,15540.0943
4/21/2024,Digital,2024,2024,Apr,Apr,Qtr2,16,SU,0,,15540.0943
4/27/2024,Digital,2024,2024,Apr,Apr,Qtr2,17,S,0,,15540.0943
4/28/2024,Digital,2024,2024,Apr,Apr,Qtr2,17,SU,0,,15540.0943
5/4/2024,Digital,2024,2024,May,May,Qtr2,18,S,0,,15540.0943
5/5/2024,Digital,2024,2024,May,May,Qtr2,18,SU,0,,15540.0943
5/11/2024,Digital,2024,2024,May,May,Qtr2,19,S,0,,15540.0943
5/12/2024,Digital,2024,2024,May,May,Qtr2,19,SU,0,,15540.0943
5/18/2024,Digital,2024,2024,May,May,Qtr2,20,S,0,,15540.0943
5/19/2024,Digital,2024,2024,May,May,Qtr2,20,SU,0,,15540.0943
5/25/2024,Digital,2024,2024,May,May,Qtr2,21,S,0,,15540.0943
5/26/2024,Digital,2024,2024,May,May,Qtr2,21,SU,0,,15540.0943
6/1/2024,Digital,2024,2024,Jun,Jun,Qtr2,22,S,0,,15540.0943
6/2/2024,Digital,2024,2024,Jun,Jun,Qtr2,22,SU,0,,15540.0943
6/8/2024,Digital,2024,2024,Jun,Jun,Qtr2,23,S,0,,15540.0943
6/9/2024,Digital,2024,2024,Jun,Jun,Qtr2,23,SU,0,,15540.0943
6/15/2024,Digital,2024,2024,Jun,Jun,Qtr2,24,S,0,,15540.0943
6/16/2024,Digital,2024,2024,Jun,Jun,Qtr2,24,SU,0,,15540.0943
6/22/2024,Digital,2024,2024,Jun,Jun,Qtr2,25,S,0,,15540.0943
6/23/2024,Digital,2024,2024,Jun,Jun,Qtr2,25,SU,0,,15540.0943
6/29/2024,Digital,2024,2024,Jun,Jun,Qtr2,26,S,0,,15540.0943
6/30/2024,Digital,2024,2024,Jun,Jun,Qtr2,26,SU,0,,15540.0943
7/6/2024,Digital,2024,2024,Jul,Jul,Qtr3,27,S,0,,15540.0943
7/7/2024,Digital,2024,2024,Jul,Jul,Qtr3,27,SU,0,,15540.0943
7/13/2024,Digital,2024,2024,Jul,Jul,Qtr3,28,S,0,,15540.0943
7/14/2024,Digital,2024,2024,Jul,Jul,Qtr3,28,SU,0,,15540.0943
7/20/2024,Digital,2024,2024,Jul,Jul,Qtr3,29,S,0,,15540.0943
7/21/2024,Digital,2024,2024,Jul,Jul,Qtr3,29,SU,0,,15540.0943
7/27/2024,Digital,2024,2024,Jul,Jul,Qtr3,30,S,0,,15540.0943
7/28/2024,Digital,2024,2024,Jul,Jul,Qtr3,30,SU,0,,15540.0943
8/3/2024,Digital,2024,2024,Aug,Aug,Qtr3,31,S,0,,15540.0943
8/4/2024,Digital,2024,2024,Aug,Aug,Qtr3,31,SU,0,,15540.0943
8/10/2024,Digital,2024,2024,Aug,Aug,Qtr3,32,S,0,,15540.0943
8/11/2024,Digital,2024,2024,Aug,Aug,Qtr3,32,SU,0,,15540.0943
8/17/2024,Digital,2024,2024,Aug,Aug,Qtr3,33,S,0,,15540.0943
8/18/2024,Digital,2024,2024,Aug,Aug,Qtr3,33,SU,0,,15540.0943
8/24/2024,Digital,2024,2024,Aug,Aug,Qtr3,34,S,0,,15540.0943
8/25/2024,Digital,2024,2024,Aug,Aug,Qtr3,34,SU,0,,15540.0943
8/31/2024,Digital,2024,2024,Aug,Sep,Qtr3,35,S,0,,15540.0943
9/1/2024,Digital,2024,2024,Sep,Sep,Qtr3,35,SU,0,,15540.0943
9/7/2024,Digital,2024,2024,Sep,Sep,Qtr3,36,S,0,,15540.0943
9/8/2024,Digital,2024,2024,Sep,Sep,Qtr3,36,SU,0,,15540.0943
9/14/2024,Digital,2024,2024,Sep,Sep,Qtr3,37,S,0,,15540.0943
9/15/2024,Digital,2024,2024,Sep,Sep,Qtr3,37,SU,0,,15540.0943
9/21/2024,Digital,2024,2024,Sep,Sep,Qtr3,38,S,0,,15540.0943
9/22/2024,Digital,2024,2024,Sep,Sep,Qtr3,38,SU,0,,15540.0943
9/28/2024,Digital,2024,2024,Sep,Sep,Qtr3,39,S,0,,15540.0943
9/29/2024,Digital,2024,2024,Sep,Sep,Qtr3,39,SU,0,,15540.0943
10/5/2024,Digital,2024,2024,Oct,Oct,Qtr4,40,S,0,,15540.0943
10/6/2024,Digital,2024,2024,Oct,Oct,Qtr4,40,SU,0,,15540.0943
10/12/2024,Digital,2024,2024,Oct,Oct,Qtr4,41,S,0,,15540.0943
10/13/2024,Digital,2024,2024,Oct,Oct,Qtr4,41,SU,0,,15540.0943
10/19/2024,Digital,2024,2024,Oct,Oct,Qtr4,42,S,0,,15540.0943
10/20/2024,Digital,2024,2024,Oct,Oct,Qtr4,42,SU,0,,15540.0943
10/26/2024,Digital,2024,2024,Oct,Oct,Qtr4,43,S,0,,15540.0943
10/27/2024,Digital,2024,2024,Oct,Oct,Qtr4,43,SU,0,,15540.0943
11/2/2024,Digital,2024,2024,Nov,Nov,Qtr4,44,S,0,,15540.0943
11/3/2024,Digital,2024,2024,Nov,Nov,Qtr4,44,SU,0,,15540.0943
11/9/2024,Digital,2024,2024,Nov,Nov,Qtr4,45,S,0,,15540.0943
11/10/2024,Digital,2024,2024,Nov,Nov,Qtr4,45,SU,0,,15540.0943
11/16/2024,Digital,2024,2024,Nov,Nov,Qtr4,46,S,0,,15540.0943
11/17/2024,Digital,2024,2024,Nov,Nov,Qtr4,46,SU,0,,15540.0943
11/23/2024,Digital,2024,2024,Nov,Nov,Qtr4,47,S,0,,15540.0943
11/24/2024,Digital,2024,2024,Nov,Nov,Qtr4,47,SU,0,,15540.0943
11/30/2024,Digital,2024,2024,Nov,Dec,Qtr4,48,S,0,,15540.0943
12/1/2024,Digital,2024,2024,Dec,Dec,Qtr4,48,SU,0,,15540.0943
12/7/2024,Digital,2024,2024,Dec,Dec,Qtr4,49,S,0,,15540.0943
12/8/2024,Digital,2024,2024,Dec,Dec,Qtr4,49,SU,0,,15540.0943
12/14/2024,Digital,2024,2024,Dec,Dec,Qtr4,50,S,0,,15540.0943
12/15/2024,Digital,2024,2024,Dec,Dec,Qtr4,50,SU,0,,15540.0943
12/21/2024,Digital,2024,2024,Dec,Dec,Qtr4,51,S,0,,15540.0943
12/22/2024,Digital,2024,2024,Dec,Dec,Qtr4,51,SU,0,,15540.0943
12/28/2024,Digital,2024,2024,Dec,Dec,Qtr4,52,S,0,,15540.0943
12/29/2024,Digital,2024,2024,Dec,Dec,Qtr4,52,SU,0,,15540.0943
4/6/2024,Screen Print,2024,2024,Apr,Apr,Qtr2,14,S,0,,7710.64
4/7/2024,Screen Print,2024,2024,Apr,Apr,Qtr2,14,SU,0,,7710.64
4/13/2024,Screen Print,2024,2024,Apr,Apr,Qtr2,15,S,0,,7710.64
4/14/2024,Screen Print,2024,2024,Apr,Apr,Qtr2,15,SU,0,,7710.64
4/20/2024,Screen Print,2024,2024,Apr,Apr,Qtr2,16,S,0,,7710.64
4/21/2024,Screen Print,2024,2024,Apr,Apr,Qtr2,16,SU,0,,7710.64
4/27/2024,Screen Print,2024,2024,Apr,Apr,Qtr2,17,S,0,,7710.64
4/28/2024,Screen Print,2024,2024,Apr,Apr,Qtr2,17,SU,0,,7710.64
5/4/2024,Screen Print,2024,2024,May,May,Qtr2,18,S,0,,7710.64
5/5/2024,Screen Print,2024,2024,May,May,Qtr2,18,SU,0,,7710.64
5/11/2024,Screen Print,2024,2024,May,May,Qtr2,19,S,0,,7710.64
5/12/2024,Screen Print,2024,2024,May,May,Qtr2,19,SU,0,,7710.64
5/18/2024,Screen Print,2024,2024,May,May,Qtr2,20,S,0,,7710.64
5/19/2024,Screen Print,2024,2024,May,May,Qtr2,20,SU,0,,7710.64
5/25/2024,Screen Print,2024,2024,May,May,Qtr2,21,S,0,,7710.64
5/26/2024,Screen Print,2024,2024,May,May,Qtr2,21,SU,0,,7710.64
6/1/2024,Screen Print,2024,2024,Jun,Jun,Qtr2,22,S,0,,7710.64
6/2/2024,Screen Print,2024,2024,Jun,Jun,Qtr2,22,SU,0,,7710.64
6/8/2024,Screen Print,2024,2024,Jun,Jun,Qtr2,23,S,0,,7710.64
6/9/2024,Screen Print,2024,2024,Jun,Jun,Qtr2,23,SU,0,,7710.64
6/15/2024,Screen Print,2024,2024,Jun,Jun,Qtr2,24,S,0,,7710.64
6/16/2024,Screen Print,2024,2024,Jun,Jun,Qtr2,24,SU,0,,7710.64
6/22/2024,Screen Print,2024,2024,Jun,Jun,Qtr2,25,S,0,,7710.64
6/23/2024,Screen Print,2024,2024,Jun,Jun,Qtr2,25,SU,0,,7710.64
6/29/2024,Screen Print,2024,2024,Jun,Jun,Qtr2,26,S,0,,7710.64
6/30/2024,Screen Print,2024,2024,Jun,Jun,Qtr2,26,SU,0,,7710.64
7/6/2024,Screen Print,2024,2024,Jul,Jul,Qtr3,27,S,0,,7710.64
7/7/2024,Screen Print,2024,2024,Jul,Jul,Qtr3,27,SU,0,,7710.64
7/13/2024,Screen Print,2024,2024,Jul,Jul,Qtr3,28,S,0,,7710.64
7/14/2024,Screen Print,2024,2024,Jul,Jul,Qtr3,28,SU,0,,7710.64
7/20/2024,Screen Print,2024,2024,Jul,Jul,Qtr3,29,S,0,,7710.64
7/21/2024,Screen Print,2024,2024,Jul,Jul,Qtr3,29,SU,0,,7710.64
7/27/2024,Screen Print,2024,2024,Jul,Jul,Qtr3,30,S,0,,7710.64
7/28/2024,Screen Print,2024,2024,Jul,Jul,Qtr3,30,SU,0,,7710.64
8/3/2024,Screen Print,2024,2024,Aug,Aug,Qtr3,31,S,0,,7710.64
8/4/2024,Screen Print,2024,2024,Aug,Aug,Qtr3,31,SU,0,,7710.64
8/10/2024,Screen Print,2024,2024,Aug,Aug,Qtr3,32,S,0,,7710.64
8/11/2024,Screen Print,2024,2024,Aug,Aug,Qtr3,32,SU,0,,7710.64
8/17/2024,Screen Print,2024,2024,Aug,Aug,Qtr3,33,S,0,,7710.64
8/18/2024,Screen Print,2024,2024,Aug,Aug,Qtr3,33,SU,0,,7710.64
8/24/2024,Screen Print,2024,2024,Aug,Aug,Qtr3,34,S,0,,7710.64
8/25/2024,Screen Print,2024,2024,Aug,Aug,Qtr3,34,SU,0,,7710.64
8/31/2024,Screen Print,2024,2024,Aug,Sep,Qtr3,35,S,0,,7710.64
9/1/2024,Screen Print,2024,2024,Sep,Sep,Qtr3,35,SU,0,,7710.64
9/7/2024,Screen Print,2024,2024,Sep,Sep,Qtr3,36,S,0,,7710.64
9/8/2024,Screen Print,2024,2024,Sep,Sep,Qtr3,36,SU,0,,7710.64
9/14/2024,Screen Print,2024,2024,Sep,Sep,Qtr3,37,S,0,,7710.64
9/15/2024,Screen Print,2024,2024,Sep,Sep,Qtr3,37,SU,0,,7710.64
9/21/2024,Screen Print,2024,2024,Sep,Sep,Qtr3,38,S,0,,7710.64
9/22/2024,Screen Print,2024,2024,Sep,Sep,Qtr3,38,SU,0,,7710.64
9/28/2024,Screen Print,2024,2024,Sep,Sep,Qtr3,39,S,0,,7710.64
9/29/2024,Screen Print,2024,2024,Sep,Sep,Qtr3,39,SU,0,,7710.64
10/5/2024,Screen Print,2024,2024,Oct,Oct,Qtr4,40,S,0,,7710.64
10/6/2024,Screen Print,2024,2024,Oct,Oct,Qtr4,40,SU,0,,7710.64
10/12/2024,Screen Print,2024,2024,Oct,Oct,Qtr4,41,S,0,,7710.64
10/13/2024,Screen Print,2024,2024,Oct,Oct,Qtr4,41,SU,0,,7710.64
10/19/2024,Screen Print,2024,2024,Oct,Oct,Qtr4,42,S,0,,7710.64
10/20/2024,Screen Print,2024,2024,Oct,Oct,Qtr4,42,SU,0,,7710.64
10/26/2024,Screen Print,2024,2024,Oct,Oct,Qtr4,43,S,0,,7710.64
10/27/2024,Screen Print,2024,2024,Oct,Oct,Qtr4,43,SU,0,,7710.64
11/2/2024,Screen Print,2024,2024,Nov,Nov,Qtr4,44,S,0,,7710.64
11/3/2024,Screen Print,2024,2024,Nov,Nov,Qtr4,44,SU,0,,7710.64
11/9/2024,Screen Print,2024,2024,Nov,Nov,Qtr4,45,S,0,,7710.64
11/10/2024,Screen Print,2024,2024,Nov,Nov,Qtr4,45,SU,0,,7710.64
11/16/2024,Screen Print,2024,2024,Nov,Nov,Qtr4,46,S,0,,7710.64
11/17/2024,Screen Print,2024,2024,Nov,Nov,Qtr4,46,SU,0,,7710.64
11/23/2024,Screen Print,2024,2024,Nov,Nov,Qtr4,47,S,0,,7710.64
11/24/2024,Screen Print,2024,2024,Nov,Nov,Qtr4,47,SU,0,,7710.64
11/30/2024,Screen Print,2024,2024,Nov,Dec,Qtr4,48,S,0,,7710.64
12/1/2024,Screen Print,2024,2024,Dec,Dec,Qtr4,48,SU,0,,7710.64
12/7/2024,Screen Print,2024,2024,Dec,Dec,Qtr4,49,S,0,,7710.64
12/8/2024,Screen Print,2024,2024,Dec,Dec,Qtr4,49,SU,0,,7710.64
12/14/2024,Screen Print,2024,2024,Dec,Dec,Qtr4,50,S,0,,7710.64
12/15/2024,Screen Print,2024,2024,Dec,Dec,Qtr4,50,SU,0,,7710.64
12/21/2024,Screen Print,2024,2024,Dec,Dec,Qtr4,51,S,0,,7710.64
12/22/2024,Screen Print,2024,2024,Dec,Dec,Qtr4,51,SU,0,,7710.64
12/28/2024,Screen Print,2024,2024,Dec,Dec,Qtr4,52,S,0,,7710.64
12/29/2024,Screen Print,2024,2024,Dec,Dec,Qtr4,52,SU,0,,7710.64
9/30/2024,Screen Print,2024,2024,Sep,Oct,Qtr4,40,M,1,,7710.64
10/1/2024,Screen Print,2024,2024,Oct,Oct,Qtr4,40,T,1,,7710.64
10/2/2024,Screen Print,2024,2024,Oct,Oct,Qtr4,40,W,1,,7710.64
10/3/2024,Screen Print,2024,2024,Oct,Oct,Qtr4,40,TH,1,,7710.64
10/4/2024,Screen Print,2024,2024,Oct,Oct,Qtr4,40,F,1,,7710.64
10/7/2024,Screen Print,2024,2024,Oct,Oct,Qtr4,41,M,1,,7710.64
10/8/2024,Screen Print,2024,2024,Oct,Oct,Qtr4,41,T,1,,7710.64
10/9/2024,Screen Print,2024,2024,Oct,Oct,Qtr4,41,W,1,,7710.64
10/10/2024,Screen Print,2024,2024,Oct,Oct,Qtr4,41,TH,1,,7710.64
10/11/2024,Screen Print,2024,2024,Oct,Oct,Qtr4,41,F,1,,7710.64
10/14/2024,Screen Print,2024,2024,Oct,Oct,Qtr4,42,M,1,,7710.64
10/15/2024,Screen Print,2024,2024,Oct,Oct,Qtr4,42,T,1,,7710.64
10/16/2024,Screen Print,2024,2024,Oct,Oct,Qtr4,42,W,1,,7710.64
10/17/2024,Screen Print,2024,2024,Oct,Oct,Qtr4,42,TH,1,,7710.64
10/18/2024,Screen Print,2024,2024,Oct,Oct,Qtr4,42,F,1,,7710.64
10/21/2024,Screen Print,2024,2024,Oct,Oct,Qtr4,43,M,1,,7710.64
10/22/2024,Screen Print,2024,2024,Oct,Oct,Qtr4,43,T,1,,7710.64
10/23/2024,Screen Print,2024,2024,Oct,Oct,Qtr4,43,W,1,,7710.64
10/24/2024,Screen Print,2024,2024,Oct,Oct,Qtr4,43,TH,1,,7710.64
10/25/2024,Screen Print,2024,2024,Oct,Oct,Qtr4,43,F,1,,7710.64
10/28/2024,Screen Print,2024,2024,Oct,Nov,Qtr4,44,M,1,,7710.64
10/29/2024,Screen Print,2024,2024,Oct,Nov,Qtr4,44,T,1,,7710.64
10/30/2024,Screen Print,2024,2024,Oct,Nov,Qtr4,44,W,1,,7710.64
10/31/2024,Screen Print,2024,2024,Oct,Nov,Qtr4,44,TH,1,,7710.64
11/1/2024,Screen Print,2024,2024,Nov,Nov,Qtr4,44,F,1,,7710.64
11/4/2024,Screen Print,2024,2024,Nov,Nov,Qtr4,45,M,1,,7710.64
11/5/2024,Screen Print,2024,2024,Nov,Nov,Qtr4,45,T,1,,7710.64
11/6/2024,Screen Print,2024,2024,Nov,Nov,Qtr4,45,W,1,,7710.64
11/7/2024,Screen Print,2024,2024,Nov,Nov,Qtr4,45,TH,1,,7710.64
11/8/2024,Screen Print,2024,2024,Nov,Nov,Qtr4,45,F,1,,7710.64
11/11/2024,Screen Print,2024,2024,Nov,Nov,Qtr4,46,M,1,,7710.64
11/12/2024,Screen Print,2024,2024,Nov,Nov,Qtr4,46,T,1,,7710.64
11/13/2024,Screen Print,2024,2024,Nov,Nov,Qtr4,46,W,1,,7710.64
11/14/2024,Screen Print,2024,2024,Nov,Nov,Qtr4,46,TH,1,,7710.64
11/15/2024,Screen Print,2024,2024,Nov,Nov,Qtr4,46,F,1,,7710.64
11/18/2024,Screen Print,2024,2024,Nov,Nov,Qtr4,47,M,1,,7710.64
11/19/2024,Screen Print,2024,2024,Nov,Nov,Qtr4,47,T,1,,7710.64
11/20/2024,Screen Print,2024,2024,Nov,Nov,Qtr4,47,W,1,,7710.64
11/21/2024,Screen Print,2024,2024,Nov,Nov,Qtr4,47,TH,1,,7710.64
11/22/2024,Screen Print,2024,2024,Nov,Nov,Qtr4,47,F,1,,7710.64
11/25/2024,Screen Print,2024,2024,Nov,Dec,Qtr4,48,M,1,,7710.64
11/26/2024,Screen Print,2024,2024,Nov,Dec,Qtr4,48,T,1,,7710.64
11/27/2024,Screen Print,2024,2024,Nov,Dec,Qtr4,48,W,1,,7710.64
11/28/2024,Screen Print,2024,2024,Nov,Dec,Qtr4,48,TH,1,,7710.64
11/29/2024,Screen Print,2024,2024,Nov,Dec,Qtr4,48,F,1,,7710.64
12/2/2024,Screen Print,2024,2024,Dec,Dec,Qtr4,49,M,1,,7710.64
12/3/2024,Screen Print,2024,2024,Dec,Dec,Qtr4,49,T,1,,7710.64
12/4/2024,Screen Print,2024,2024,Dec,Dec,Qtr4,49,W,1,,7710.64
12/5/2024,Screen Print,2024,2024,Dec,Dec,Qtr4,49,TH,1,,7710.64
12/6/2024,Screen Print,2024,2024,Dec,Dec,Qtr4,49,F,1,,7710.64
12/9/2024,Screen Print,2024,2024,Dec,Dec,Qtr4,50,M,1,,7710.64
12/10/2024,Screen Print,2024,2024,Dec,Dec,Qtr4,50,T,1,,7710.64
12/11/2024,Screen Print,2024,2024,Dec,Dec,Qtr4,50,W,1,,7710.64
12/12/2024,Screen Print,2024,2024,Dec,Dec,Qtr4,50,TH,1,,7710.64
12/13/2024,Screen Print,2024,2024,Dec,Dec,Qtr4,50,F,1,,7710.64
12/16/2024,Screen Print,2024,2024,Dec,Dec,Qtr4,51,M,1,,7710.64
12/17/2024,Screen Print,2024,2024,Dec,Dec,Qtr4,51,T,1,,7710.64
12/18/2024,Screen Print,2024,2024,Dec,Dec,Qtr4,51,W,1,,7710.64
12/19/2024,Screen Print,2024,2024,Dec,Dec,Qtr4,51,TH,1,,7710.64
12/20/2024,Screen Print,2024,2024,Dec,Dec,Qtr4,51,F,1,,7710.64
12/23/2024,Screen Print,2024,2024,Dec,Dec,Qtr4,52,M,1,,7710.64
12/24/2024,Screen Print,2024,2024,Dec,Dec,Qtr4,52,T,1,,7710.64
12/25/2024,Screen Print,2024,2024,Dec,Dec,Qtr4,52,W,1,,7710.64
12/26/2024,Screen Print,2024,2024,Dec,Dec,Qtr4,52,TH,1,,7710.64
12/27/2024,Screen Print,2024,2024,Dec,Dec,Qtr4,52,F,1,,7710.64
7/1/2024,Screen Print,2024,2024,Jul,Jul,Qtr3,27,M,1,,7710.64
7/2/2024,Screen Print,2024,2024,Jul,Jul,Qtr3,27,T,1,,7710.64
7/3/2024,Screen Print,2024,2024,Jul,Jul,Qtr3,27,W,1,,7710.64
7/4/2024,Screen Print,2024,2024,Jul,Jul,Qtr3,27,TH,1,,7710.64
7/5/2024,Screen Print,2024,2024,Jul,Jul,Qtr3,27,F,1,,7710.64
7/8/2024,Screen Print,2024,2024,Jul,Jul,Qtr3,28,M,1,,7710.64
7/9/2024,Screen Print,2024,2024,Jul,Jul,Qtr3,28,T,1,,7710.64
7/10/2024,Screen Print,2024,2024,Jul,Jul,Qtr3,28,W,1,,7710.64
7/11/2024,Screen Print,2024,2024,Jul,Jul,Qtr3,28,TH,1,,7710.64
7/12/2024,Screen Print,2024,2024,Jul,Jul,Qtr3,28,F,1,,7710.64
7/15/2024,Screen Print,2024,2024,Jul,Jul,Qtr3,29,M,1,,7710.64
7/16/2024,Screen Print,2024,2024,Jul,Jul,Qtr3,29,T,1,,7710.64
7/17/2024,Screen Print,2024,2024,Jul,Jul,Qtr3,29,W,1,,7710.64
7/18/2024,Screen Print,2024,2024,Jul,Jul,Qtr3,29,TH,1,,7710.64
7/19/2024,Screen Print,2024,2024,Jul,Jul,Qtr3,29,F,1,,7710.64
7/22/2024,Screen Print,2024,2024,Jul,Jul,Qtr3,30,M,1,,7710.64
7/23/2024,Screen Print,2024,2024,Jul,Jul,Qtr3,30,T,1,,7710.64
7/24/2024,Screen Print,2024,2024,Jul,Jul,Qtr3,30,W,1,,7710.64
7/25/2024,Screen Print,2024,2024,Jul,Jul,Qtr3,30,TH,1,,7710.64
7/26/2024,Screen Print,2024,2024,Jul,Jul,Qtr3,30,F,1,,7710.64
7/29/2024,Screen Print,2024,2024,Jul,Aug,Qtr3,31,M,1,,7710.64
7/30/2024,Screen Print,2024,2024,Jul,Aug,Qtr3,31,T,1,,7710.64
7/31/2024,Screen Print,2024,2024,Jul,Aug,Qtr3,31,W,1,,7710.64
8/1/2024,Screen Print,2024,2024,Aug,Aug,Qtr3,31,TH,1,,7710.64
8/2/2024,Screen Print,2024,2024,Aug,Aug,Qtr3,31,F,1,,7710.64
8/5/2024,Screen Print,2024,2024,Aug,Aug,Qtr3,32,M,1,,7710.64
8/6/2024,Screen Print,2024,2024,Aug,Aug,Qtr3,32,T,1,,7710.64
8/7/2024,Screen Print,2024,2024,Aug,Aug,Qtr3,32,W,1,,7710.64
8/8/2024,Screen Print,2024,2024,Aug,Aug,Qtr3,32,TH,1,,7710.64
8/9/2024,Screen Print,2024,2024,Aug,Aug,Qtr3,32,F,1,,7710.64
8/12/2024,Screen Print,2024,2024,Aug,Aug,Qtr3,33,M,1,,7710.64
8/13/2024,Screen Print,2024,2024,Aug,Aug,Qtr3,33,T,1,,7710.64
8/14/2024,Screen Print,2024,2024,Aug,Aug,Qtr3,33,W,1,,7710.64
8/15/2024,Screen Print,2024,2024,Aug,Aug,Qtr3,33,TH,1,,7710.64
8/16/2024,Screen Print,2024,2024,Aug,Aug,Qtr3,33,F,1,,7710.64
8/19/2024,Screen Print,2024,2024,Aug,Aug,Qtr3,34,M,1,,7710.64
8/20/2024,Screen Print,2024,2024,Aug,Aug,Qtr3,34,T,1,,7710.64
8/21/2024,Screen Print,2024,2024,Aug,Aug,Qtr3,34,W,1,,7710.64
8/22/2024,Screen Print,2024,2024,Aug,Aug,Qtr3,34,TH,1,,7710.64
8/23/2024,Screen Print,2024,2024,Aug,Aug,Qtr3,34,F,1,,7710.64
8/26/2024,Screen Print,2024,2024,Aug,Sep,Qtr3,35,M,1,,7710.64
8/27/2024,Screen Print,2024,2024,Aug,Sep,Qtr3,35,T,1,,7710.64
8/28/2024,Screen Print,2024,2024,Aug,Sep,Qtr3,35,W,1,,7710.64
8/29/2024,Screen Print,2024,2024,Aug,Sep,Qtr3,35,TH,1,,7710.64
8/30/2024,Screen Print,2024,2024,Aug,Sep,Qtr3,35,F,1,,7710.64
9/2/2024,Screen Print,2024,2024,Sep,Sep,Qtr3,36,M,1,,7710.64
9/3/2024,Screen Print,2024,2024,Sep,Sep,Qtr3,36,T,1,,7710.64
9/4/2024,Screen Print,2024,2024,Sep,Sep,Qtr3,36,W,1,,7710.64
9/5/2024,Screen Print,2024,2024,Sep,Sep,Qtr3,36,TH,1,,7710.64
9/6/2024,Screen Print,2024,2024,Sep,Sep,Qtr3,36,F,1,,7710.64
9/9/2024,Screen Print,2024,2024,Sep,Sep,Qtr3,37,M,1,,7710.64
9/10/2024,Screen Print,2024,2024,Sep,Sep,Qtr3,37,T,1,,7710.64
9/11/2024,Screen Print,2024,2024,Sep,Sep,Qtr3,37,W,1,,7710.64
9/12/2024,Screen Print,2024,2024,Sep,Sep,Qtr3,37,TH,1,,7710.64
9/13/2024,Screen Print,2024,2024,Sep,Sep,Qtr3,37,F,1,,7710.64
9/16/2024,Screen Print,2024,2024,Sep,Sep,Qtr3,38,M,1,,7710.64
9/17/2024,Screen Print,2024,2024,Sep,Sep,Qtr3,38,T,1,,7710.64
9/18/2024,Screen Print,2024,2024,Sep,Sep,Qtr3,38,W,1,,7710.64
9/19/2024,Screen Print,2024,2024,Sep,Sep,Qtr3,38,TH,1,,7710.64
9/20/2024,Screen Print,2024,2024,Sep,Sep,Qtr3,38,F,1,,7710.64
9/23/2024,Screen Print,2024,2024,Sep,Sep,Qtr3,39,M,1,,7710.64
9/24/2024,Screen Print,2024,2024,Sep,Sep,Qtr3,39,T,1,,7710.64
9/25/2024,Screen Print,2024,2024,Sep,Sep,Qtr3,39,W,1,,7710.64
9/26/2024,Screen Print,2024,2024,Sep,Sep,Qtr3,39,TH,1,,7710.64
9/27/2024,Screen Print,2024,2024,Sep,Sep,Qtr3,39,F,1,,7710.64
4/1/2024,Screen Print,2024,2024,Apr,Apr,Qtr2,14,M,1,,7710.64
4/2/2024,Screen Print,2024,2024,Apr,Apr,Qtr2,14,T,1,,7710.64
4/3/2024,Screen Print,2024,2024,Apr,Apr,Qtr2,14,W,1,,7710.64
4/4/2024,Screen Print,2024,2024,Apr,Apr,Qtr2,14,TH,1,,7710.64
4/5/2024,Screen Print,2024,2024,Apr,Apr,Qtr2,14,F,1,,7710.64
4/8/2024,Screen Print,2024,2024,Apr,Apr,Qtr2,15,M,1,,7710.64
4/9/2024,Screen Print,2024,2024,Apr,Apr,Qtr2,15,T,1,,7710.64
4/10/2024,Screen Print,2024,2024,Apr,Apr,Qtr2,15,W,1,,7710.64
4/11/2024,Screen Print,2024,2024,Apr,Apr,Qtr2,15,TH,1,,7710.64
4/12/2024,Screen Print,2024,2024,Apr,Apr,Qtr2,15,F,1,,7710.64
4/15/2024,Screen Print,2024,2024,Apr,Apr,Qtr2,16,M,1,,7710.64
4/16/2024,Screen Print,2024,2024,Apr,Apr,Qtr2,16,T,1,,7710.64
4/17/2024,Screen Print,2024,2024,Apr,Apr,Qtr2,16,W,1,,7710.64
4/18/2024,Screen Print,2024,2024,Apr,Apr,Qtr2,16,TH,1,,7710.64
4/19/2024,Screen Print,2024,2024,Apr,Apr,Qtr2,16,F,1,,7710.64
4/22/2024,Screen Print,2024,2024,Apr,Apr,Qtr2,17,M,1,,7710.64
4/23/2024,Screen Print,2024,2024,Apr,Apr,Qtr2,17,T,1,,7710.64
4/24/2024,Screen Print,2024,2024,Apr,Apr,Qtr2,17,W,1,,7710.64
4/25/2024,Screen Print,2024,2024,Apr,Apr,Qtr2,17,TH,1,,7710.64
4/26/2024,Screen Print,2024,2024,Apr,Apr,Qtr2,17,F,1,,7710.64
4/29/2024,Screen Print,2024,2024,Apr,May,Qtr2,18,M,1,,7710.64
4/30/2024,Screen Print,2024,2024,Apr,May,Qtr2,18,T,1,,7710.64
5/1/2024,Screen Print,2024,2024,May,May,Qtr2,18,W,1,,7710.64
5/2/2024,Screen Print,2024,2024,May,May,Qtr2,18,TH,1,,7710.64
5/3/2024,Screen Print,2024,2024,May,May,Qtr2,18,F,1,,7710.64
5/6/2024,Screen Print,2024,2024,May,May,Qtr2,19,M,1,,7710.64
5/7/2024,Screen Print,2024,2024,May,May,Qtr2,19,T,1,,7710.64
5/8/2024,Screen Print,2024,2024,May,May,Qtr2,19,W,1,,7710.64
5/9/2024,Screen Print,2024,2024,May,May,Qtr2,19,TH,1,,7710.64
5/10/2024,Screen Print,2024,2024,May,May,Qtr2,19,F,1,,7710.64
5/13/2024,Screen Print,2024,2024,May,May,Qtr2,20,M,1,,7710.64
5/14/2024,Screen Print,2024,2024,May,May,Qtr2,20,T,1,,7710.64
5/15/2024,Screen Print,2024,2024,May,May,Qtr2,20,W,1,,7710.64
5/16/2024,Screen Print,2024,2024,May,May,Qtr2,20,TH,1,,7710.64
5/17/2024,Screen Print,2024,2024,May,May,Qtr2,20,F,1,,7710.64
5/20/2024,Screen Print,2024,2024,May,May,Qtr2,21,M,1,,7710.64
5/21/2024,Screen Print,2024,2024,May,May,Qtr2,21,T,1,,7710.64
5/22/2024,Screen Print,2024,2024,May,May,Qtr2,21,W,1,,7710.64
5/23/2024,Screen Print,2024,2024,May,May,Qtr2,21,TH,1,,7710.64
5/24/2024,Screen Print,2024,2024,May,May,Qtr2,21,F,1,,7710.64
5/27/2024,Screen Print,2024,2024,May,Jun,Qtr2,22,M,1,,7710.64
5/28/2024,Screen Print,2024,2024,May,Jun,Qtr2,22,T,1,,7710.64
5/29/2024,Screen Print,2024,2024,May,Jun,Qtr2,22,W,1,,7710.64
5/30/2024,Screen Print,2024,2024,May,Jun,Qtr2,22,TH,1,,7710.64
5/31/2024,Screen Print,2024,2024,May,Jun,Qtr2,22,F,1,,7710.64
6/3/2024,Screen Print,2024,2024,Jun,Jun,Qtr2,23,M,1,,7710.64
6/4/2024,Screen Print,2024,2024,Jun,Jun,Qtr2,23,T,1,,7710.64
6/5/2024,Screen Print,2024,2024,Jun,Jun,Qtr2,23,W,1,,7710.64
6/6/2024,Screen Print,2024,2024,Jun,Jun,Qtr2,23,TH,1,,7710.64
6/7/2024,Screen Print,2024,2024,Jun,Jun,Qtr2,23,F,1,,7710.64
6/10/2024,Screen Print,2024,2024,Jun,Jun,Qtr2,24,M,1,,7710.64
6/11/2024,Screen Print,2024,2024,Jun,Jun,Qtr2,24,T,1,,7710.64
6/12/2024,Screen Print,2024,2024,Jun,Jun,Qtr2,24,W,1,,7710.64
6/13/2024,Screen Print,2024,2024,Jun,Jun,Qtr2,24,TH,1,,7710.64
6/14/2024,Screen Print,2024,2024,Jun,Jun,Qtr2,24,F,1,,7710.64
6/17/2024,Screen Print,2024,2024,Jun,Jun,Qtr2,25,M,1,,7710.64
6/18/2024,Screen Print,2024,2024,Jun,Jun,Qtr2,25,T,1,,7710.64
6/19/2024,Screen Print,2024,2024,Jun,Jun,Qtr2,25,W,1,,7710.64
6/20/2024,Screen Print,2024,2024,Jun,Jun,Qtr2,25,TH,1,,7710.64
6/21/2024,Screen Print,2024,2024,Jun,Jun,Qtr2,25,F,1,,7710.64
6/24/2024,Screen Print,2024,2024,Jun,Jun,Qtr2,26,M,1,,7710.64
6/25/2024,Screen Print,2024,2024,Jun,Jun,Qtr2,26,T,1,,7710.64
6/26/2024,Screen Print,2024,2024,Jun,Jun,Qtr2,26,W,1,,7710.64
6/27/2024,Screen Print,2024,2024,Jun,Jun,Qtr2,26,TH,1,,7710.64
6/28/2024,Screen Print,2024,2024,Jun,Jun,Qtr2,26,F,1,,7710.64
1/1/2024,Digital,2024,2024,Jan,Jan,Qtr1,1,M,1,,12231.3846
1/2/2024,Digital,2024,2024,Jan,Jan,Qtr1,1,T,1,,12231.3846
1/3/2024,Digital,2024,2024,Jan,Jan,Qtr1,1,W,1,,12231.3846
1/4/2024,Digital,2024,2024,Jan,Jan,Qtr1,1,TH,1,,12231.3846
1/5/2024,Digital,2024,2024,Jan,Jan,Qtr1,1,F,1,,12231.3846
1/6/2024,Digital,2024,2024,Jan,Jan,Qtr1,1,S,0,,12231.3846
1/7/2024,Digital,2024,2024,Jan,Jan,Qtr1,1,SU,0,,12231.3846
1/8/2024,Digital,2024,2024,Jan,Jan,Qtr1,2,M,1,,12231.3846
1/9/2024,Digital,2024,2024,Jan,Jan,Qtr1,2,T,1,,12231.3846
1/10/2024,Digital,2024,2024,Jan,Jan,Qtr1,2,W,1,,12231.3846
1/11/2024,Digital,2024,2024,Jan,Jan,Qtr1,2,TH,1,,12231.3846
1/12/2024,Digital,2024,2024,Jan,Jan,Qtr1,2,F,1,,12231.3846
1/13/2024,Digital,2024,2024,Jan,Jan,Qtr1,2,S,0,,12231.3846
1/14/2024,Digital,2024,2024,Jan,Jan,Qtr1,2,SU,0,,12231.3846
1/15/2024,Digital,2024,2024,Jan,Jan,Qtr1,3,M,1,,12231.3846
1/16/2024,Digital,2024,2024,Jan,Jan,Qtr1,3,T,1,,12231.3846
1/17/2024,Digital,2024,2024,Jan,Jan,Qtr1,3,W,1,,12231.3846
1/18/2024,Digital,2024,2024,Jan,Jan,Qtr1,3,TH,1,,12231.3846
1/19/2024,Digital,2024,2024,Jan,Jan,Qtr1,3,F,1,,12231.3846
1/20/2024,Digital,2024,2024,Jan,Jan,Qtr1,3,S,0,,12231.3846
1/21/2024,Digital,2024,2024,Jan,Jan,Qtr1,3,SU,0,,12231.3846
1/22/2024,Digital,2024,2024,Jan,Jan,Qtr1,4,M,1,,12231.3846
1/23/2024,Digital,2024,2024,Jan,Jan,Qtr1,4,T,1,,12231.3846
1/24/2024,Digital,2024,2024,Jan,Jan,Qtr1,4,W,1,,12231.3846
1/25/2024,Digital,2024,2024,Jan,Jan,Qtr1,4,TH,1,,12231.3846
1/26/2024,Digital,2024,2024,Jan,Jan,Qtr1,4,F,1,,12231.3846
1/27/2024,Digital,2024,2024,Jan,Jan,Qtr1,4,S,0,,12231.3846
1/28/2024,Digital,2024,2024,Jan,Jan,Qtr1,4,SU,0,,12231.3846
1/29/2024,Digital,2024,2024,Jan,Feb,Qtr1,5,M,1,,15460.61
1/30/2024,Digital,2024,2024,Jan,Feb,Qtr1,5,T,1,,15460.61
1/31/2024,Digital,2024,2024,Jan,Feb,Qtr1,5,W,1,,15460.61
2/1/2024,Digital,2024,2024,Feb,Feb,Qtr1,5,TH,1,,15460.61
2/2/2024,Digital,2024,2024,Feb,Feb,Qtr1,5,F,1,,15460.61
2/3/2024,Digital,2024,2024,Feb,Feb,Qtr1,5,S,0,,15460.61
2/4/2024,Digital,2024,2024,Feb,Feb,Qtr1,5,SU,0,,15460.61
2/5/2024,Digital,2024,2024,Feb,Feb,Qtr1,6,M,1,,15460.61
2/6/2024,Digital,2024,2024,Feb,Feb,Qtr1,6,T,1,,15460.61
2/7/2024,Digital,2024,2024,Feb,Feb,Qtr1,6,W,1,,15460.61
2/8/2024,Digital,2024,2024,Feb,Feb,Qtr1,6,TH,1,,15460.61
2/9/2024,Digital,2024,2024,Feb,Feb,Qtr1,6,F,1,,15460.61
2/10/2024,Digital,2024,2024,Feb,Feb,Qtr1,6,S,0,,15460.61
2/11/2024,Digital,2024,2024,Feb,Feb,Qtr1,6,SU,0,,15460.61
2/12/2024,Digital,2024,2024,Feb,Feb,Qtr1,7,M,1,,15460.61
2/13/2024,Digital,2024,2024,Feb,Feb,Qtr1,7,T,1,,15460.61
2/14/2024,Digital,2024,2024,Feb,Feb,Qtr1,7,W,1,,15460.61
2/15/2024,Digital,2024,2024,Feb,Feb,Qtr1,7,TH,1,,15460.61
2/16/2024,Digital,2024,2024,Feb,Feb,Qtr1,7,F,1,,15460.61
2/17/2024,Digital,2024,2024,Feb,Feb,Qtr1,7,S,0,,15460.61
2/18/2024,Digital,2024,2024,Feb,Feb,Qtr1,7,SU,0,,15460.61
2/19/2024,Digital,2024,2024,Feb,Feb,Qtr1,8,M,1,,15460.61
2/20/2024,Digital,2024,2024,Feb,Feb,Qtr1,8,T,1,,15460.61
2/21/2024,Digital,2024,2024,Feb,Feb,Qtr1,8,W,1,,15460.61
2/22/2024,Digital,2024,2024,Feb,Feb,Qtr1,8,TH,1,,15460.61
2/23/2024,Digital,2024,2024,Feb,Feb,Qtr1,8,F,1,,15460.61
2/24/2024,Digital,2024,2024,Feb,Feb,Qtr1,8,S,0,,15460.61
2/25/2024,Digital,2024,2024,Feb,Feb,Qtr1,8,SU,0,,15460.61
1/1/2024,Screen Print,2024,2024,Jan,Jan,Qtr1,1,M,1,,5357.14
1/2/2024,Screen Print,2024,2024,Jan,Jan,Qtr1,1,T,1,,5357.14
1/3/2024,Screen Print,2024,2024,Jan,Jan,Qtr1,1,W,1,,5357.14
1/4/2024,Screen Print,2024,2024,Jan,Jan,Qtr1,1,TH,1,,5357.14
1/5/2024,Screen Print,2024,2024,Jan,Jan,Qtr1,1,F,1,,5357.14
1/6/2024,Screen Print,2024,2024,Jan,Jan,Qtr1,1,S,0,,5357.14
1/7/2024,Screen Print,2024,2024,Jan,Jan,Qtr1,1,SU,0,,5357.14
1/8/2024,Screen Print,2024,2024,Jan,Jan,Qtr1,2,M,1,,5357.14
1/9/2024,Screen Print,2024,2024,Jan,Jan,Qtr1,2,T,1,,5357.14
1/10/2024,Screen Print,2024,2024,Jan,Jan,Qtr1,2,W,1,,5357.14
1/11/2024,Screen Print,2024,2024,Jan,Jan,Qtr1,2,TH,1,,5357.14
1/12/2024,Screen Print,2024,2024,Jan,Jan,Qtr1,2,F,1,,5357.14
1/13/2024,Screen Print,2024,2024,Jan,Jan,Qtr1,2,S,0,,5357.14
1/14/2024,Screen Print,2024,2024,Jan,Jan,Qtr1,2,SU,0,,5357.14
1/15/2024,Screen Print,2024,2024,Jan,Jan,Qtr1,3,M,1,,5357.14
1/16/2024,Screen Print,2024,2024,Jan,Jan,Qtr1,3,T,1,,5357.14
1/17/2024,Screen Print,2024,2024,Jan,Jan,Qtr1,3,W,1,,5357.14
1/18/2024,Screen Print,2024,2024,Jan,Jan,Qtr1,3,TH,1,,5357.14
1/19/2024,Screen Print,2024,2024,Jan,Jan,Qtr1,3,F,1,,5357.14
1/20/2024,Screen Print,2024,2024,Jan,Jan,Qtr1,3,S,0,,5357.14
1/21/2024,Screen Print,2024,2024,Jan,Jan,Qtr1,3,SU,0,,5357.14
1/22/2024,Screen Print,2024,2024,Jan,Jan,Qtr1,4,M,1,,5357.14
1/23/2024,Screen Print,2024,2024,Jan,Jan,Qtr1,4,T,1,,5357.14
1/24/2024,Screen Print,2024,2024,Jan,Jan,Qtr1,4,W,1,,5357.14
1/25/2024,Screen Print,2024,2024,Jan,Jan,Qtr1,4,TH,1,,5357.14
1/26/2024,Screen Print,2024,2024,Jan,Jan,Qtr1,4,F,1,,5357.14
1/27/2024,Screen Print,2024,2024,Jan,Jan,Qtr1,4,S,0,,5357.14
1/28/2024,Screen Print,2024,2024,Jan,Jan,Qtr1,4,SU,0,,5357.14
1/29/2024,Screen Print,2024,2024,Jan,Feb,Qtr1,5,M,1,,5357.14
1/30/2024,Screen Print,2024,2024,Jan,Feb,Qtr1,5,T,1,,5357.14
1/31/2024,Screen Print,2024,2024,Jan,Feb,Qtr1,5,W,1,,5357.14
2/1/2024,Screen Print,2024,2024,Feb,Feb,Qtr1,5,TH,1,,5357.14
2/2/2024,Screen Print,2024,2024,Feb,Feb,Qtr1,5,F,1,,5357.14
2/3/2024,Screen Print,2024,2024,Feb,Feb,Qtr1,5,S,0,,5357.14
2/4/2024,Screen Print,2024,2024,Feb,Feb,Qtr1,5,SU,0,,5357.14
2/5/2024,Screen Print,2024,2024,Feb,Feb,Qtr1,6,M,1,,5357.14
2/6/2024,Screen Print,2024,2024,Feb,Feb,Qtr1,6,T,1,,5357.14
2/7/2024,Screen Print,2024,2024,Feb,Feb,Qtr1,6,W,1,,5357.14
2/8/2024,Screen Print,2024,2024,Feb,Feb,Qtr1,6,TH,1,,5357.14
2/9/2024,Screen Print,2024,2024,Feb,Feb,Qtr1,6,F,1,,5357.14
2/10/2024,Screen Print,2024,2024,Feb,Feb,Qtr1,6,S,0,,5357.14
2/11/2024,Screen Print,2024,2024,Feb,Feb,Qtr1,6,SU,0,,5357.14
2/12/2024,Screen Print,2024,2024,Feb,Feb,Qtr1,7,M,1,,5357.14
2/13/2024,Screen Print,2024,2024,Feb,Feb,Qtr1,7,T,1,,5357.14
2/14/2024,Screen Print,2024,2024,Feb,Feb,Qtr1,7,W,1,,5357.14
2/15/2024,Screen Print,2024,2024,Feb,Feb,Qtr1,7,TH,1,,5357.14
2/16/2024,Screen Print,2024,2024,Feb,Feb,Qtr1,7,F,1,,5357.14
2/17/2024,Screen Print,2024,2024,Feb,Feb,Qtr1,7,S,0,,5357.14
2/18/2024,Screen Print,2024,2024,Feb,Feb,Qtr1,7,SU,0,,5357.14
2/19/2024,Screen Print,2024,2024,Feb,Feb,Qtr1,8,M,1,,5357.14
2/20/2024,Screen Print,2024,2024,Feb,Feb,Qtr1,8,T,1,,5357.14
2/21/2024,Screen Print,2024,2024,Feb,Feb,Qtr1,8,W,1,,5357.14
2/22/2024,Screen Print,2024,2024,Feb,Feb,Qtr1,8,TH,1,,5357.14
2/23/2024,Screen Print,2024,2024,Feb,Feb,Qtr1,8,F,1,,5357.14
2/24/2024,Screen Print,2024,2024,Feb,Feb,Qtr1,8,S,0,,5357.14
2/25/2024,Screen Print,2024,2024,Feb,Feb,Qtr1,8,SU,0,,5357.14
2/26/2024,Screen Print,2024,2024,Feb,Mar,Qtr1,9,M,1,,7710.66
2/27/2024,Screen Print,2024,2024,Feb,Mar,Qtr1,9,T,1,,7710.66
2/28/2024,Screen Print,2024,2024,Feb,Mar,Qtr1,9,W,1,,7710.66
2/29/2024,Screen Print,2024,2024,Feb,Mar,Qtr1,9,TH,1,,7710.66
3/1/2024,Screen Print,2024,2024,Mar,Mar,Qtr1,9,F,1,,7710.66
3/2/2024,Screen Print,2024,2024,Mar,Mar,Qtr1,9,S,0,,7710.66
3/3/2024,Screen Print,2024,2024,Mar,Mar,Qtr1,9,SU,0,,7710.66
3/4/2024,Screen Print,2024,2024,Mar,Mar,Qtr1,10,M,1,,7710.66
3/5/2024,Screen Print,2024,2024,Mar,Mar,Qtr1,10,T,1,,7710.66
3/6/2024,Screen Print,2024,2024,Mar,Mar,Qtr1,10,W,1,,7710.66
3/7/2024,Screen Print,2024,2024,Mar,Mar,Qtr1,10,TH,1,,7710.66
3/8/2024,Screen Print,2024,2024,Mar,Mar,Qtr1,10,F,1,,7710.66
3/9/2024,Screen Print,2024,2024,Mar,Mar,Qtr1,10,S,0,,7710.66
3/10/2024,Screen Print,2024,2024,Mar,Mar,Qtr1,10,SU,0,,7710.66
3/11/2024,Screen Print,2024,2024,Mar,Mar,Qtr1,11,M,1,,7710.66
3/12/2024,Screen Print,2024,2024,Mar,Mar,Qtr1,11,T,1,,7710.66
3/13/2024,Screen Print,2024,2024,Mar,Mar,Qtr1,11,W,1,,7710.66
3/14/2024,Screen Print,2024,2024,Mar,Mar,Qtr1,11,TH,1,,7710.66
3/15/2024,Screen Print,2024,2024,Mar,Mar,Qtr1,11,F,1,,7710.66
3/16/2024,Screen Print,2024,2024,Mar,Mar,Qtr1,11,S,0,,7710.66
3/17/2024,Screen Print,2024,2024,Mar,Mar,Qtr1,11,SU,0,,7710.66
3/18/2024,Screen Print,2024,2024,Mar,Mar,Qtr1,12,M,1,,7710.66
3/19/2024,Screen Print,2024,2024,Mar,Mar,Qtr1,12,T,1,,7710.66
3/20/2024,Screen Print,2024,2024,Mar,Mar,Qtr1,12,W,1,,7710.66
3/21/2024,Screen Print,2024,2024,Mar,Mar,Qtr1,12,TH,1,,7710.66
3/22/2024,Screen Print,2024,2024,Mar,Mar,Qtr1,12,F,1,,7710.66
3/23/2024,Screen Print,2024,2024,Mar,Mar,Qtr1,12,S,0,,7710.66
3/24/2024,Screen Print,2024,2024,Mar,Mar,Qtr1,12,SU,0,,7710.66
3/25/2024,Screen Print,2024,2024,Mar,Mar,Qtr1,13,M,1,,7710.66
3/26/2024,Screen Print,2024,2024,Mar,Mar,Qtr1,13,T,1,,7710.66
3/27/2024,Screen Print,2024,2024,Mar,Mar,Qtr1,13,W,1,,7710.66
3/28/2024,Screen Print,2024,2024,Mar,Mar,Qtr1,13,TH,1,,7710.66
3/29/2024,Screen Print,2024,2024,Mar,Mar,Qtr1,13,F,1,,7710.66
3/30/2024,Screen Print,2024,2024,Mar,Mar,Qtr1,13,S,0,,7710.66
3/31/2024,Screen Print,2024,2024,Mar,Mar,Qtr1,13,SU,0,,7710.66
12/29/2025,Digital,2025,2025,Dec,Dec,Qtr4,53,M,1,,
12/30/2025,Digital,2025,2025,Dec,Dec,Qtr4,53,T,1,,
12/31/2025,Digital,2025,2025,Dec,Dec,Qtr4,53,W,1,,
1/1/2026,Digital,2026,2025,Jan,Dec,Qtr4,53,TH,1,,
1/2/2026,Digital,2026,2025,Jan,Dec,Qtr4,53,F,1,,
1/3/2026,Digital,2026,2025,Jan,Dec,Qtr4,53,S,0,,
1/4/2026,Digital,2026,2025,Jan,Dec,Qtr4,53,SU,0,,
6/30/2025,Screen Print,2025,2025,Jun,Jul,Qtr2,27,M,1,500,6755.77
7/1/2025,Screen Print,2025,2025,Jul,Jul,Qtr2,27,T,1,500,6755.77
7/2/2025,Screen Print,2025,2025,Jul,Jul,Qtr2,27,W,1,500,6755.77
7/3/2025,Screen Print,2025,2025,Jul,Jul,Qtr2,27,TH,1,500,6755.77
7/4/2025,Screen Print,2025,2025,Jul,Jul,Qtr2,27,F,1,500,6755.77
7/5/2025,Screen Print,2025,2025,Jul,Jul,Qtr2,27,S,0,500,6755.77
7/6/2025,Screen Print,2025,2025,Jul,Jul,Qtr2,27,SU,0,500,6755.77
7/7/2025,Screen Print,2025,2025,Jul,Jul,Qtr3,28,M,1,500,6755.77
7/8/2025,Screen Print,2025,2025,Jul,Jul,Qtr3,28,T,1,500,6755.77
7/9/2025,Screen Print,2025,2025,Jul,Jul,Qtr3,28,W,1,500,6755.77
7/10/2025,Screen Print,2025,2025,Jul,Jul,Qtr3,28,TH,1,500,6755.77
7/11/2025,Screen Print,2025,2025,Jul,Jul,Qtr3,28,F,1,500,6755.77
7/12/2025,Screen Print,2025,2025,Jul,Jul,Qtr3,28,S,0,500,6755.77
7/13/2025,Screen Print,2025,2025,Jul,Jul,Qtr3,28,SU,0,500,6755.77
7/14/2025,Screen Print,2025,2025,Jul,Jul,Qtr3,29,M,1,500,6755.77
7/15/2025,Screen Print,2025,2025,Jul,Jul,Qtr3,29,T,1,500,6755.77
7/16/2025,Screen Print,2025,2025,Jul,Jul,Qtr3,29,W,1,500,6755.77
7/17/2025,Screen Print,2025,2025,Jul,Jul,Qtr3,29,TH,1,500,6755.77
7/18/2025,Screen Print,2025,2025,Jul,Jul,Qtr3,29,F,1,500,6755.77
7/19/2025,Screen Print,2025,2025,Jul,Jul,Qtr3,29,S,0,500,6755.77
7/20/2025,Screen Print,2025,2025,Jul,Jul,Qtr3,29,SU,0,500,6755.77
7/21/2025,Screen Print,2025,2025,Jul,Jul,Qtr3,30,M,1,500,6755.77
7/22/2025,Screen Print,2025,2025,Jul,Jul,Qtr3,30,T,1,500,6755.77
7/23/2025,Screen Print,2025,2025,Jul,Jul,Qtr3,30,W,1,500,6755.77
7/24/2025,Screen Print,2025,2025,Jul,Jul,Qtr3,30,TH,1,500,6755.77
7/25/2025,Screen Print,2025,2025,Jul,Jul,Qtr3,30,F,1,500,6755.77
7/26/2025,Screen Print,2025,2025,Jul,Jul,Qtr3,30,S,0,500,6755.77
7/27/2025,Screen Print,2025,2025,Jul,Jul,Qtr3,30,SU,0,500,6755.77
11/24/2025,Screen Print,2025,2025,Nov,Dec,Qtr4,48,M,1,714,12032
11/25/2025,Screen Print,2025,2025,Nov,Dec,Qtr4,48,T,1,714,12032
11/26/2025,Screen Print,2025,2025,Nov,Dec,Qtr4,48,W,1,714,12032
11/27/2025,Screen Print,2025,2025,Nov,Dec,Qtr4,48,TH,1,714,12032
11/28/2025,Screen Print,2025,2025,Nov,Dec,Qtr4,48,F,1,714,12032
11/29/2025,Screen Print,2025,2025,Nov,Dec,Qtr4,48,S,0,714,12032
11/30/2025,Screen Print,2025,2025,Nov,Dec,Qtr4,48,SU,0,714,12032
12/1/2025,Screen Print,2025,2025,Dec,Dec,Qtr4,49,M,1,714,12032
12/2/2025,Screen Print,2025,2025,Dec,Dec,Qtr4,49,T,1,714,12032
12/3/2025,Screen Print,2025,2025,Dec,Dec,Qtr4,49,W,1,714,12032
12/4/2025,Screen Print,2025,2025,Dec,Dec,Qtr4,49,TH,1,714,12032
12/5/2025,Screen Print,2025,2025,Dec,Dec,Qtr4,49,F,1,714,12032
12/6/2025,Screen Print,2025,2025,Dec,Dec,Qtr4,49,S,0,714,12032
12/7/2025,Screen Print,2025,2025,Dec,Dec,Qtr4,49,SU,0,714,12032
12/8/2025,Screen Print,2025,2025,Dec,Dec,Qtr4,50,M,1,714,12032
12/9/2025,Screen Print,2025,2025,Dec,Dec,Qtr4,50,T,1,714,12032
12/10/2025,Screen Print,2025,2025,Dec,Dec,Qtr4,50,W,1,714,12032
12/11/2025,Screen Print,2025,2025,Dec,Dec,Qtr4,50,TH,1,714,12032
12/12/2025,Screen Print,2025,2025,Dec,Dec,Qtr4,50,F,1,714,12032
12/13/2025,Screen Print,2025,2025,Dec,Dec,Qtr4,50,S,0,714,12032
12/14/2025,Screen Print,2025,2025,Dec,Dec,Qtr4,50,SU,0,714,12032
12/15/2025,Screen Print,2025,2025,Dec,Dec,Qtr4,51,M,1,714,12032
12/16/2025,Screen Print,2025,2025,Dec,Dec,Qtr4,51,T,1,714,12032
12/17/2025,Screen Print,2025,2025,Dec,Dec,Qtr4,51,W,1,714,12032
12/18/2025,Screen Print,2025,2025,Dec,Dec,Qtr4,51,TH,1,714,12032
12/19/2025,Screen Print,2025,2025,Dec,Dec,Qtr4,51,F,1,714,12032
12/20/2025,Screen Print,2025,2025,Dec,Dec,Qtr4,51,S,0,714,12032
12/21/2025,Screen Print,2025,2025,Dec,Dec,Qtr4,51,SU,0,714,12032
12/22/2025,Screen Print,2025,2025,Dec,Dec,Qtr4,52,M,1,714,12032
12/23/2025,Screen Print,2025,2025,Dec,Dec,Qtr4,52,T,1,714,12032
12/24/2025,Screen Print,2025,2025,Dec,Dec,Qtr4,52,W,1,714,12032
12/25/2025,Screen Print,2025,2025,Dec,Dec,Qtr4,52,TH,1,714,12032
12/26/2025,Screen Print,2025,2025,Dec,Dec,Qtr4,52,F,1,714,12032
12/27/2025,Screen Print,2025,2025,Dec,Dec,Qtr4,52,S,0,714,12032
12/28/2025,Screen Print,2025,2025,Dec,Dec,Qtr4,52,SU,0,714,12032
12/29/2025,Screen Print,2025,2025,Dec,Dec,Qtr4,53,M,1,714,12032
12/30/2025,Screen Print,2025,2025,Dec,Dec,Qtr4,53,T,1,714,12032
12/31/2025,Screen Print,2025,2025,Dec,Dec,Qtr4,53,W,1,714,12032
1/1/2026,Screen Print,2026,2025,Jan,Dec,Qtr4,53,TH,1,714,12032
1/2/2026,Screen Print,2026,2025,Jan,Dec,Qtr4,53,F,1,714,12032
1/3/2026,Screen Print,2026,2025,Jan,Dec,Qtr4,53,S,0,714,12032
1/4/2026,Screen Print,2026,2025,Jan,Dec,Qtr4,53,SU,0,714,12032
7/28/2025,Screen Print,2025,2025,Jul,Aug,Qtr3,31,M,1,929,17727.51
7/29/2025,Screen Print,2025,2025,Jul,Aug,Qtr3,31,T,1,929,17727.51
7/30/2025,Screen Print,2025,2025,Jul,Aug,Qtr3,31,W,1,929,17727.51
7/31/2025,Screen Print,2025,2025,Jul,Aug,Qtr3,31,TH,1,929,17727.51
8/1/2025,Screen Print,2025,2025,Aug,Aug,Qtr3,31,F,1,929,17727.51
8/2/2025,Screen Print,2025,2025,Aug,Aug,Qtr3,31,S,0,929,17727.51
8/3/2025,Screen Print,2025,2025,Aug,Aug,Qtr3,31,SU,0,929,17727.51
8/4/2025,Screen Print,2025,2025,Aug,Aug,Qtr3,32,M,1,929,17727.51
8/5/2025,Screen Print,2025,2025,Aug,Aug,Qtr3,32,T,1,929,17727.51
8/6/2025,Screen Print,2025,2025,Aug,Aug,Qtr3,32,W,1,929,17727.51
8/7/2025,Screen Print,2025,2025,Aug,Aug,Qtr3,32,TH,1,929,17727.51
8/8/2025,Screen Print,2025,2025,Aug,Aug,Qtr3,32,F,1,929,17727.51
8/9/2025,Screen Print,2025,2025,Aug,Aug,Qtr3,32,S,0,929,17727.51
8/10/2025,Screen Print,2025,2025,Aug,Aug,Qtr3,32,SU,0,929,17727.51
8/11/2025,Screen Print,2025,2025,Aug,Aug,Qtr3,33,M,1,929,17727.51
8/12/2025,Screen Print,2025,2025,Aug,Aug,Qtr3,33,T,1,929,17727.51
8/13/2025,Screen Print,2025,2025,Aug,Aug,Qtr3,33,W,1,929,17727.51
8/14/2025,Screen Print,2025,2025,Aug,Aug,Qtr3,33,TH,1,929,17727.51
8/15/2025,Screen Print,2025,2025,Aug,Aug,Qtr3,33,F,1,929,17727.51
8/16/2025,Screen Print,2025,2025,Aug,Aug,Qtr3,33,S,0,929,17727.51
8/17/2025,Screen Print,2025,2025,Aug,Aug,Qtr3,33,SU,0,929,17727.51
8/18/2025,Screen Print,2025,2025,Aug,Aug,Qtr3,34,M,1,929,17727.51
8/19/2025,Screen Print,2025,2025,Aug,Aug,Qtr3,34,T,1,929,17727.51
8/20/2025,Screen Print,2025,2025,Aug,Aug,Qtr3,34,W,1,929,17727.51
8/21/2025,Screen Print,2025,2025,Aug,Aug,Qtr3,34,TH,1,929,17727.51
8/22/2025,Screen Print,2025,2025,Aug,Aug,Qtr3,34,F,1,929,17727.51
8/23/2025,Screen Print,2025,2025,Aug,Aug,Qtr3,34,S,0,929,17727.51
8/24/2025,Screen Print,2025,2025,Aug,Aug,Qtr3,34,SU,0,929,17727.51
8/25/2025,Screen Print,2025,2025,Aug,Sep,Qtr3,35,M,1,929,17727.51
8/26/2025,Screen Print,2025,2025,Aug,Sep,Qtr3,35,T,1,929,17727.51
8/27/2025,Screen Print,2025,2025,Aug,Sep,Qtr3,35,W,1,929,17727.51
8/28/2025,Screen Print,2025,2025,Aug,Sep,Qtr3,35,TH,1,929,17727.51
8/29/2025,Screen Print,2025,2025,Aug,Sep,Qtr3,35,F,1,929,17727.51
8/30/2025,Screen Print,2025,2025,Aug,Sep,Qtr3,35,S,0,929,17727.51
8/31/2025,Screen Print,2025,2025,Aug,Sep,Qtr3,35,SU,0,929,17727.51
9/1/2025,Screen Print,2025,2025,Sep,Sep,Qtr3,36,M,1,929,17727.51
9/2/2025,Screen Print,2025,2025,Sep,Sep,Qtr3,36,T,1,929,17727.51
9/3/2025,Screen Print,2025,2025,Sep,Sep,Qtr3,36,W,1,929,17727.51
9/4/2025,Screen Print,2025,2025,Sep,Sep,Qtr3,36,TH,1,929,17727.51
9/5/2025,Screen Print,2025,2025,Sep,Sep,Qtr3,36,F,1,929,17727.51
9/6/2025,Screen Print,2025,2025,Sep,Sep,Qtr3,36,S,0,929,17727.51
9/7/2025,Screen Print,2025,2025,Sep,Sep,Qtr3,36,SU,0,929,17727.51
9/8/2025,Screen Print,2025,2025,Sep,Sep,Qtr3,37,M,1,929,17727.51
9/9/2025,Screen Print,2025,2025,Sep,Sep,Qtr3,37,T,1,929,17727.51
9/10/2025,Screen Print,2025,2025,Sep,Sep,Qtr3,37,W,1,929,17727.51
9/11/2025,Screen Print,2025,2025,Sep,Sep,Qtr3,37,TH,1,929,17727.51
9/12/2025,Screen Print,2025,2025,Sep,Sep,Qtr3,37,F,1,929,17727.51
9/13/2025,Screen Print,2025,2025,Sep,Sep,Qtr3,37,S,0,929,17727.51
9/14/2025,Screen Print,2025,2025,Sep,Sep,Qtr3,37,SU,0,929,17727.51
9/15/2025,Screen Print,2025,2025,Sep,Sep,Qtr3,38,M,1,929,17727.51
9/16/2025,Screen Print,2025,2025,Sep,Sep,Qtr3,38,T,1,929,17727.51
9/17/2025,Screen Print,2025,2025,Sep,Sep,Qtr3,38,W,1,929,17727.51
9/18/2025,Screen Print,2025,2025,Sep,Sep,Qtr3,38,TH,1,929,17727.51
9/19/2025,Screen Print,2025,2025,Sep,Sep,Qtr3,38,F,1,929,17727.51
9/20/2025,Screen Print,2025,2025,Sep,Sep,Qtr3,38,S,0,929,17727.51
9/21/2025,Screen Print,2025,2025,Sep,Sep,Qtr3,38,SU,0,929,17727.51
9/22/2025,Screen Print,2025,2025,Sep,Sep,Qtr3,39,M,1,929,17727.51
9/23/2025,Screen Print,2025,2025,Sep,Sep,Qtr3,39,T,1,929,17727.51
9/24/2025,Screen Print,2025,2025,Sep,Sep,Qtr3,39,W,1,929,17727.51
9/25/2025,Screen Print,2025,2025,Sep,Sep,Qtr3,39,TH,1,929,17727.51
9/26/2025,Screen Print,2025,2025,Sep,Sep,Qtr3,39,F,1,929,17727.51
9/27/2025,Screen Print,2025,2025,Sep,Sep,Qtr3,39,S,0,929,17727.51
9/28/2025,Screen Print,2025,2025,Sep,Sep,Qtr3,39,SU,0,929,17727.51
9/29/2025,Screen Print,2025,2025,Sep,Oct,Qtr3,40,M,1,929,17727.51
9/30/2025,Screen Print,2025,2025,Sep,Oct,Qtr3,40,T,1,929,17727.51
10/1/2025,Screen Print,2025,2025,Oct,Oct,Qtr3,40,W,1,929,17727.51
10/2/2025,Screen Print,2025,2025,Oct,Oct,Qtr3,40,TH,1,929,17727.51
10/3/2025,Screen Print,2025,2025,Oct,Oct,Qtr3,40,F,1,929,17727.51
10/4/2025,Screen Print,2025,2025,Oct,Oct,Qtr3,40,S,0,929,17727.51
10/5/2025,Screen Print,2025,2025,Oct,Oct,Qtr3,40,SU,0,929,17727.51
10/6/2025,Screen Print,2025,2025,Oct,Oct,Qtr4,41,M,1,929,17727.51
10/7/2025,Screen Print,2025,2025,Oct,Oct,Qtr4,41,T,1,929,17727.51
10/8/2025,Screen Print,2025,2025,Oct,Oct,Qtr4,41,W,1,929,17727.51
10/9/2025,Screen Print,2025,2025,Oct,Oct,Qtr4,41,TH,1,929,17727.51
10/10/2025,Screen Print,2025,2025,Oct,Oct,Qtr4,41,F,1,929,17727.51
10/11/2025,Screen Print,2025,2025,Oct,Oct,Qtr4,41,S,0,929,17727.51
10/12/2025,Screen Print,2025,2025,Oct,Oct,Qtr4,41,SU,0,929,17727.51
10/13/2025,Screen Print,2025,2025,Oct,Oct,Qtr4,42,M,1,929,17727.51
10/14/2025,Screen Print,2025,2025,Oct,Oct,Qtr4,42,T,1,929,17727.51
10/15/2025,Screen Print,2025,2025,Oct,Oct,Qtr4,42,W,1,929,17727.51
10/16/2025,Screen Print,2025,2025,Oct,Oct,Qtr4,42,TH,1,929,17727.51
10/17/2025,Screen Print,2025,2025,Oct,Oct,Qtr4,42,F,1,929,17727.51
10/18/2025,Screen Print,2025,2025,Oct,Oct,Qtr4,42,S,0,929,17727.51
10/19/2025,Screen Print,2025,2025,Oct,Oct,Qtr4,42,SU,0,929,17727.51
10/20/2025,Screen Print,2025,2025,Oct,Oct,Qtr4,43,M,1,929,17727.51
10/21/2025,Screen Print,2025,2025,Oct,Oct,Qtr4,43,T,1,929,17727.51
10/22/2025,Screen Print,2025,2025,Oct,Oct,Qtr4,43,W,1,929,17727.51
10/23/2025,Screen Print,2025,2025,Oct,Oct,Qtr4,43,TH,1,929,17727.51
10/24/2025,Screen Print,2025,2025,Oct,Oct,Qtr4,43,F,1,929,17727.51
10/25/2025,Screen Print,2025,2025,Oct,Oct,Qtr4,43,S,0,929,17727.51
10/26/2025,Screen Print,2025,2025,Oct,Oct,Qtr4,43,SU,0,929,17727.51
10/27/2025,Screen Print,2025,2025,Oct,Nov,Qtr4,44,M,1,929,17727.51
10/28/2025,Screen Print,2025,2025,Oct,Nov,Qtr4,44,T,1,929,17727.51
10/29/2025,Screen Print,2025,2025,Oct,Nov,Qtr4,44,W,1,929,17727.51
10/30/2025,Screen Print,2025,2025,Oct,Nov,Qtr4,44,TH,1,929,17727.51
10/31/2025,Screen Print,2025,2025,Oct,Nov,Qtr4,44,F,1,929,17727.51
11/1/2025,Screen Print,2025,2025,Nov,Nov,Qtr4,44,S,0,929,17727.51
11/2/2025,Screen Print,2025,2025,Nov,Nov,Qtr4,44,SU,0,929,17727.51
11/3/2025,Screen Print,2025,2025,Nov,Nov,Qtr4,45,M,1,929,17727.51
11/4/2025,Screen Print,2025,2025,Nov,Nov,Qtr4,45,T,1,929,17727.51
11/5/2025,Screen Print,2025,2025,Nov,Nov,Qtr4,45,W,1,929,17727.51
11/6/2025,Screen Print,2025,2025,Nov,Nov,Qtr4,45,TH,1,929,17727.51
11/7/2025,Screen Print,2025,2025,Nov,Nov,Qtr4,45,F,1,929,17727.51
11/8/2025,Screen Print,2025,2025,Nov,Nov,Qtr4,45,S,0,929,17727.51
11/9/2025,Screen Print,2025,2025,Nov,Nov,Qtr4,45,SU,0,929,17727.51
11/10/2025,Screen Print,2025,2025,Nov,Nov,Qtr4,46,M,1,929,17727.51
11/11/2025,Screen Print,2025,2025,Nov,Nov,Qtr4,46,T,1,929,17727.51
11/12/2025,Screen Print,2025,2025,Nov,Nov,Qtr4,46,W,1,929,17727.51
11/13/2025,Screen Print,2025,2025,Nov,Nov,Qtr4,46,TH,1,929,17727.51
11/14/2025,Screen Print,2025,2025,Nov,Nov,Qtr4,46,F,1,929,17727.51
11/15/2025,Screen Print,2025,2025,Nov,Nov,Qtr4,46,S,0,929,17727.51
11/16/2025,Screen Print,2025,2025,Nov,Nov,Qtr4,46,SU,0,929,17727.51
11/17/2025,Screen Print,2025,2025,Nov,Nov,Qtr4,47,M,1,929,17727.51
11/18/2025,Screen Print,2025,2025,Nov,Nov,Qtr4,47,T,1,929,17727.51
11/19/2025,Screen Print,2025,2025,Nov,Nov,Qtr4,47,W,1,929,17727.51
11/20/2025,Screen Print,2025,2025,Nov,Nov,Qtr4,47,TH,1,929,17727.51
11/21/2025,Screen Print,2025,2025,Nov,Nov,Qtr4,47,F,1,929,17727.51
11/22/2025,Screen Print,2025,2025,Nov,Nov,Qtr4,47,S,0,929,17727.51
11/23/2025,Screen Print,2025,2025,Nov,Nov,Qtr4,47,SU,0,929,17727.51
12/30/2024,Screen Print,2024,2025,Dec,Jan,Qtr1,1,M,1,804,11627.61
12/31/2024,Screen Print,2024,2025,Dec,Jan,Qtr1,1,T,1,804,11627.61
4/7/2025,Screen Print,2025,2025,Apr,Apr,Qtr2,15,M,1,804,11627.61
4/8/2025,Screen Print,2025,2025,Apr,Apr,Qtr2,15,T,1,804,11627.61
4/9/2025,Screen Print,2025,2025,Apr,Apr,Qtr2,15,W,1,804,11627.61
4/10/2025,Screen Print,2025,2025,Apr,Apr,Qtr2,15,TH,1,804,11627.61
4/11/2025,Screen Print,2025,2025,Apr,Apr,Qtr2,15,F,1,804,11627.61
4/12/2025,Screen Print,2025,2025,Apr,Apr,Qtr2,15,S,0,804,11627.61
4/13/2025,Screen Print,2025,2025,Apr,Apr,Qtr2,15,SU,0,804,11627.61
4/14/2025,Screen Print,2025,2025,Apr,Apr,Qtr2,16,M,1,804,11627.61
4/15/2025,Screen Print,2025,2025,Apr,Apr,Qtr2,16,T,1,804,11627.61
4/16/2025,Screen Print,2025,2025,Apr,Apr,Qtr2,16,W,1,804,11627.61
4/17/2025,Screen Print,2025,2025,Apr,Apr,Qtr2,16,TH,1,804,11627.61
4/18/2025,Screen Print,2025,2025,Apr,Apr,Qtr2,16,F,1,804,11627.61
4/19/2025,Screen Print,2025,2025,Apr,Apr,Qtr2,16,S,0,804,11627.61
4/20/2025,Screen Print,2025,2025,Apr,Apr,Qtr2,16,SU,0,804,11627.61
4/21/2025,Screen Print,2025,2025,Apr,Apr,Qtr2,17,M,1,804,11627.61
4/22/2025,Screen Print,2025,2025,Apr,Apr,Qtr2,17,T,1,804,11627.61
4/23/2025,Screen Print,2025,2025,Apr,Apr,Qtr2,17,W,1,804,11627.61
4/24/2025,Screen Print,2025,2025,Apr,Apr,Qtr2,17,TH,1,804,11627.61
4/25/2025,Screen Print,2025,2025,Apr,Apr,Qtr2,17,F,1,804,11627.61
4/26/2025,Screen Print,2025,2025,Apr,Apr,Qtr2,17,S,0,804,11627.61
4/27/2025,Screen Print,2025,2025,Apr,Apr,Qtr2,17,SU,0,804,11627.61
4/28/2025,Screen Print,2025,2025,Apr,May,Qtr2,18,M,1,804,11627.61
4/29/2025,Screen Print,2025,2025,Apr,May,Qtr2,18,T,1,804,11627.61
4/30/2025,Screen Print,2025,2025,Apr,May,Qtr2,18,W,1,804,11627.61
5/1/2025,Screen Print,2025,2025,May,May,Qtr2,18,TH,1,804,11627.61
5/2/2025,Screen Print,2025,2025,May,May,Qtr2,18,F,1,804,11627.61
5/3/2025,Screen Print,2025,2025,May,May,Qtr2,18,S,0,804,11627.61
5/4/2025,Screen Print,2025,2025,May,May,Qtr2,18,SU,0,804,11627.61
5/5/2025,Screen Print,2025,2025,May,May,Qtr2,19,M,1,804,11627.61
5/6/2025,Screen Print,2025,2025,May,May,Qtr2,19,T,1,804,11627.61
5/7/2025,Screen Print,2025,2025,May,May,Qtr2,19,W,1,804,11627.61
5/8/2025,Screen Print,2025,2025,May,May,Qtr2,19,TH,1,804,11627.61
5/9/2025,Screen Print,2025,2025,May,May,Qtr2,19,F,1,804,11627.61
5/10/2025,Screen Print,2025,2025,May,May,Qtr2,19,S,0,804,11627.61
5/11/2025,Screen Print,2025,2025,May,May,Qtr2,19,SU,0,804,11627.61
5/12/2025,Screen Print,2025,2025,May,May,Qtr2,20,M,1,804,11627.61
5/13/2025,Screen Print,2025,2025,May,May,Qtr2,20,T,1,804,11627.61
5/14/2025,Screen Print,2025,2025,May,May,Qtr2,20,W,1,804,11627.61
5/15/2025,Screen Print,2025,2025,May,May,Qtr2,20,TH,1,804,11627.61
5/16/2025,Screen Print,2025,2025,May,May,Qtr2,20,F,1,804,11627.61
5/17/2025,Screen Print,2025,2025,May,May,Qtr2,20,S,0,804,11627.61
5/18/2025,Screen Print,2025,2025,May,May,Qtr2,20,SU,0,804,11627.61
5/19/2025,Screen Print,2025,2025,May,May,Qtr2,21,M,1,804,11627.61
5/20/2025,Screen Print,2025,2025,May,May,Qtr2,21,T,1,804,11627.61
5/21/2025,Screen Print,2025,2025,May,May,Qtr2,21,W,1,804,11627.61
5/22/2025,Screen Print,2025,2025,May,May,Qtr2,21,TH,1,804,11627.61
5/23/2025,Screen Print,2025,2025,May,May,Qtr2,21,F,1,804,11627.61
5/24/2025,Screen Print,2025,2025,May,May,Qtr2,21,S,0,804,11627.61
5/25/2025,Screen Print,2025,2025,May,May,Qtr2,21,SU,0,804,11627.61
5/26/2025,Screen Print,2025,2025,May,Jun,Qtr2,22,M,1,804,11627.61
5/27/2025,Screen Print,2025,2025,May,Jun,Qtr2,22,T,1,804,11627.61
5/28/2025,Screen Print,2025,2025,May,Jun,Qtr2,22,W,1,804,11627.61
5/29/2025,Screen Print,2025,2025,May,Jun,Qtr2,22,TH,1,804,11627.61
5/30/2025,Screen Print,2025,2025,May,Jun,Qtr2,22,F,1,804,11627.61
5/31/2025,Screen Print,2025,2025,May,Jun,Qtr2,22,S,0,804,11627.61
6/1/2025,Screen Print,2025,2025,Jun,Jun,Qtr2,22,SU,0,804,11627.61
6/2/2025,Screen Print,2025,2025,Jun,Jun,Qtr2,23,M,1,804,11627.61
6/3/2025,Screen Print,2025,2025,Jun,Jun,Qtr2,23,T,1,804,11627.61
6/4/2025,Screen Print,2025,2025,Jun,Jun,Qtr2,23,W,1,804,11627.61
6/5/2025,Screen Print,2025,2025,Jun,Jun,Qtr2,23,TH,1,804,11627.61
6/6/2025,Screen Print,2025,2025,Jun,Jun,Qtr2,23,F,1,804,11627.61
6/7/2025,Screen Print,2025,2025,Jun,Jun,Qtr2,23,S,0,804,11627.61
6/8/2025,Screen Print,2025,2025,Jun,Jun,Qtr2,23,SU,0,804,11627.61
6/9/2025,Screen Print,2025,2025,Jun,Jun,Qtr2,24,M,1,804,11627.61
6/10/2025,Screen Print,2025,2025,Jun,Jun,Qtr2,24,T,1,804,11627.61
6/11/2025,Screen Print,2025,2025,Jun,Jun,Qtr2,24,W,1,804,11627.61
6/12/2025,Screen Print,2025,2025,Jun,Jun,Qtr2,24,TH,1,804,11627.61
6/13/2025,Screen Print,2025,2025,Jun,Jun,Qtr2,24,F,1,804,11627.61
6/14/2025,Screen Print,2025,2025,Jun,Jun,Qtr2,24,S,0,804,11627.61
6/15/2025,Screen Print,2025,2025,Jun,Jun,Qtr2,24,SU,0,804,11627.61
6/16/2025,Screen Print,2025,2025,Jun,Jun,Qtr2,25,M,1,804,11627.61
6/17/2025,Screen Print,2025,2025,Jun,Jun,Qtr2,25,T,1,804,11627.61
6/18/2025,Screen Print,2025,2025,Jun,Jun,Qtr2,25,W,1,804,11627.61
6/19/2025,Screen Print,2025,2025,Jun,Jun,Qtr2,25,TH,1,804,11627.61
6/20/2025,Screen Print,2025,2025,Jun,Jun,Qtr2,25,F,1,804,11627.61
6/21/2025,Screen Print,2025,2025,Jun,Jun,Qtr2,25,S,0,804,11627.61
6/22/2025,Screen Print,2025,2025,Jun,Jun,Qtr2,25,SU,0,804,11627.61
6/23/2025,Screen Print,2025,2025,Jun,Jun,Qtr2,26,M,1,804,11627.61
6/24/2025,Screen Print,2025,2025,Jun,Jun,Qtr2,26,T,1,804,11627.61
6/25/2025,Screen Print,2025,2025,Jun,Jun,Qtr2,26,W,1,804,11627.61
6/26/2025,Screen Print,2025,2025,Jun,Jun,Qtr2,26,TH,1,804,11627.61
6/27/2025,Screen Print,2025,2025,Jun,Jun,Qtr2,26,F,1,804,11627.61
6/28/2025,Screen Print,2025,2025,Jun,Jun,Qtr2,26,S,0,804,11627.61
6/29/2025,Screen Print,2025,2025,Jun,Jun,Qtr2,26,SU,0,804,11627.61
1/1/2025,Screen Print,2025,2025,Jan,Jan,Qtr1,1,W,1,804,11627.61
1/2/2025,Screen Print,2025,2025,Jan,Jan,Qtr1,1,TH,1,804,11627.61
1/3/2025,Screen Print,2025,2025,Jan,Jan,Qtr1,1,F,1,804,11627.61
1/4/2025,Screen Print,2025,2025,Jan,Jan,Qtr1,1,S,0,804,11627.61
1/5/2025,Screen Print,2025,2025,Jan,Jan,Qtr1,1,SU,0,804,11627.61
1/6/2025,Screen Print,2025,2025,Jan,Jan,Qtr1,2,M,1,804,11627.61
1/7/2025,Screen Print,2025,2025,Jan,Jan,Qtr1,2,T,1,804,11627.61
1/8/2025,Screen Print,2025,2025,Jan,Jan,Qtr1,2,W,1,804,11627.61
1/9/2025,Screen Print,2025,2025,Jan,Jan,Qtr1,2,TH,1,804,11627.61
1/10/2025,Screen Print,2025,2025,Jan,Jan,Qtr1,2,F,1,804,11627.61
1/11/2025,Screen Print,2025,2025,Jan,Jan,Qtr1,2,S,0,804,11627.61
1/12/2025,Screen Print,2025,2025,Jan,Jan,Qtr1,2,SU,0,804,11627.61
1/13/2025,Screen Print,2025,2025,Jan,Jan,Qtr1,3,M,1,804,11627.61
1/14/2025,Screen Print,2025,2025,Jan,Jan,Qtr1,3,T,1,804,11627.61
1/15/2025,Screen Print,2025,2025,Jan,Jan,Qtr1,3,W,1,804,11627.61
1/16/2025,Screen Print,2025,2025,Jan,Jan,Qtr1,3,TH,1,804,11627.61
1/17/2025,Screen Print,2025,2025,Jan,Jan,Qtr1,3,F,1,804,11627.61
1/18/2025,Screen Print,2025,2025,Jan,Jan,Qtr1,3,S,0,804,11627.61
1/19/2025,Screen Print,2025,2025,Jan,Jan,Qtr1,3,SU,0,804,11627.61
1/20/2025,Screen Print,2025,2025,Jan,Jan,Qtr1,4,M,1,804,11627.61
1/21/2025,Screen Print,2025,2025,Jan,Jan,Qtr1,4,T,1,804,11627.61
1/22/2025,Screen Print,2025,2025,Jan,Jan,Qtr1,4,W,1,804,11627.61
1/23/2025,Screen Print,2025,2025,Jan,Jan,Qtr1,4,TH,1,804,11627.61
1/24/2025,Screen Print,2025,2025,Jan,Jan,Qtr1,4,F,1,804,11627.61
1/25/2025,Screen Print,2025,2025,Jan,Jan,Qtr1,4,S,0,804,11627.61
1/26/2025,Screen Print,2025,2025,Jan,Jan,Qtr1,4,SU,0,804,11627.61
1/27/2025,Screen Print,2025,2025,Jan,Feb,Qtr1,5,M,1,804,11627.61
1/28/2025,Screen Print,2025,2025,Jan,Feb,Qtr1,5,T,1,804,11627.61
1/29/2025,Screen Print,2025,2025,Jan,Feb,Qtr1,5,W,1,804,11627.61
1/30/2025,Screen Print,2025,2025,Jan,Feb,Qtr1,5,TH,1,804,11627.61
1/31/2025,Screen Print,2025,2025,Jan,Feb,Qtr1,5,F,1,804,11627.61
2/1/2025,Screen Print,2025,2025,Feb,Feb,Qtr1,5,S,0,804,11627.61
2/2/2025,Screen Print,2025,2025,Feb,Feb,Qtr1,5,SU,0,804,11627.61
2/3/2025,Screen Print,2025,2025,Feb,Feb,Qtr1,6,M,1,804,11627.61
2/4/2025,Screen Print,2025,2025,Feb,Feb,Qtr1,6,T,1,804,11627.61
2/5/2025,Screen Print,2025,2025,Feb,Feb,Qtr1,6,W,1,804,11627.61
2/6/2025,Screen Print,2025,2025,Feb,Feb,Qtr1,6,TH,1,804,11627.61
2/7/2025,Screen Print,2025,2025,Feb,Feb,Qtr1,6,F,1,804,11627.61
2/8/2025,Screen Print,2025,2025,Feb,Feb,Qtr1,6,S,0,804,11627.61
2/9/2025,Screen Print,2025,2025,Feb,Feb,Qtr1,6,SU,0,804,11627.61
2/10/2025,Screen Print,2025,2025,Feb,Feb,Qtr1,7,M,1,804,11627.61
2/11/2025,Screen Print,2025,2025,Feb,Feb,Qtr1,7,T,1,804,11627.61
2/12/2025,Screen Print,2025,2025,Feb,Feb,Qtr1,7,W,1,804,11627.61
2/13/2025,Screen Print,2025,2025,Feb,Feb,Qtr1,7,TH,1,804,11627.61
2/14/2025,Screen Print,2025,2025,Feb,Feb,Qtr1,7,F,1,804,11627.61
2/15/2025,Screen Print,2025,2025,Feb,Feb,Qtr1,7,S,0,804,11627.61
2/16/2025,Screen Print,2025,2025,Feb,Feb,Qtr1,7,SU,0,804,11627.61
2/17/2025,Screen Print,2025,2025,Feb,Feb,Qtr1,8,M,1,804,11627.61
2/18/2025,Screen Print,2025,2025,Feb,Feb,Qtr1,8,T,1,804,11627.61
2/19/2025,Screen Print,2025,2025,Feb,Feb,Qtr1,8,W,1,804,11627.61
2/20/2025,Screen Print,2025,2025,Feb,Feb,Qtr1,8,TH,1,804,11627.61
2/21/2025,Screen Print,2025,2025,Feb,Feb,Qtr1,8,F,1,804,11627.61
2/22/2025,Screen Print,2025,2025,Feb,Feb,Qtr1,8,S,0,804,11627.61
2/23/2025,Screen Print,2025,2025,Feb,Feb,Qtr1,8,SU,0,804,11627.61
2/24/2025,Screen Print,2025,2025,Feb,Mar,Qtr1,9,M,1,804,11627.61
2/25/2025,Screen Print,2025,2025,Feb,Mar,Qtr1,9,T,1,804,11627.61
2/26/2025,Screen Print,2025,2025,Feb,Mar,Qtr1,9,W,1,804,11627.61
2/27/2025,Screen Print,2025,2025,Feb,Mar,Qtr1,9,TH,1,804,11627.61
2/28/2025,Screen Print,2025,2025,Feb,Mar,Qtr1,9,F,1,804,11627.61
3/1/2025,Screen Print,2025,2025,Mar,Mar,Qtr1,9,S,0,804,11627.61
3/2/2025,Screen Print,2025,2025,Mar,Mar,Qtr1,9,SU,0,804,11627.61
3/3/2025,Screen Print,2025,2025,Mar,Mar,Qtr1,10,M,1,804,11627.61
3/4/2025,Screen Print,2025,2025,Mar,Mar,Qtr1,10,T,1,804,11627.61
3/5/2025,Screen Print,2025,2025,Mar,Mar,Qtr1,10,W,1,804,11627.61
3/6/2025,Screen Print,2025,2025,Mar,Mar,Qtr1,10,TH,1,804,11627.61
3/7/2025,Screen Print,2025,2025,Mar,Mar,Qtr1,10,F,1,804,11627.61
3/8/2025,Screen Print,2025,2025,Mar,Mar,Qtr1,10,S,0,804,11627.61
3/9/2025,Screen Print,2025,2025,Mar,Mar,Qtr1,10,SU,0,804,11627.61
3/10/2025,Screen Print,2025,2025,Mar,Mar,Qtr1,11,M,1,804,11627.61
3/11/2025,Screen Print,2025,2025,Mar,Mar,Qtr1,11,T,1,804,11627.61
3/12/2025,Screen Print,2025,2025,Mar,Mar,Qtr1,11,W,1,804,11627.61
3/13/2025,Screen Print,2025,2025,Mar,Mar,Qtr1,11,TH,1,804,11627.61
3/14/2025,Screen Print,2025,2025,Mar,Mar,Qtr1,11,F,1,804,11627.61
3/15/2025,Screen Print,2025,2025,Mar,Mar,Qtr1,11,S,0,804,11627.61
3/16/2025,Screen Print,2025,2025,Mar,Mar,Qtr1,11,SU,0,804,11627.61
3/17/2025,Screen Print,2025,2025,Mar,Mar,Qtr1,12,M,1,804,11627.61
3/18/2025,Screen Print,2025,2025,Mar,Mar,Qtr1,12,T,1,804,11627.61
3/19/2025,Screen Print,2025,2025,Mar,Mar,Qtr1,12,W,1,804,11627.61
3/20/2025,Screen Print,2025,2025,Mar,Mar,Qtr1,12,TH,1,804,11627.61
3/21/2025,Screen Print,2025,2025,Mar,Mar,Qtr1,12,F,1,804,11627.61
3/22/2025,Screen Print,2025,2025,Mar,Mar,Qtr1,12,S,0,804,11627.61
3/23/2025,Screen Print,2025,2025,Mar,Mar,Qtr1,12,SU,0,804,11627.61
3/24/2025,Screen Print,2025,2025,Mar,Mar,Qtr1,13,M,1,804,11627.61
3/25/2025,Screen Print,2025,2025,Mar,Mar,Qtr1,13,T,1,804,11627.61
3/26/2025,Screen Print,2025,2025,Mar,Mar,Qtr1,13,W,1,804,11627.61
3/27/2025,Screen Print,2025,2025,Mar,Mar,Qtr1,13,TH,1,804,11627.61
3/28/2025,Screen Print,2025,2025,Mar,Mar,Qtr1,13,F,1,804,11627.61
3/29/2025,Screen Print,2025,2025,Mar,Mar,Qtr1,13,S,0,804,11627.61
3/30/2025,Screen Print,2025,2025,Mar,Mar,Qtr1,13,SU,0,804,11627.61
3/31/2025,Screen Print,2025,2025,Mar,Apr,Qtr1,14,M,1,804,11627.61
4/1/2025,Screen Print,2025,2025,Apr,Apr,Qtr1,14,T,1,804,11627.61
4/2/2025,Screen Print,2025,2025,Apr,Apr,Qtr1,14,W,1,804,11627.61
4/3/2025,Screen Print,2025,2025,Apr,Apr,Qtr1,14,TH,1,804,11627.61
4/4/2025,Screen Print,2025,2025,Apr,Apr,Qtr1,14,F,1,804,11627.61
4/5/2025,Screen Print,2025,2025,Apr,Apr,Qtr1,14,S,0,804,11627.61
4/6/2025,Screen Print,2025,2025,Apr,Apr,Qtr1,14,SU,0,804,11627.61
1/1/2027,Digital,2027,2026,Jan,Dec,Qtr4,52,F,1,2500,24254.22
1/2/2027,Digital,2027,2026,Jan,Dec,Qtr4,52,S,0,0,0
1/3/2027,Digital,2027,2026,Jan,Dec,Qtr4,52,SU,0,0,0
1/1/2027,Screen Print,2027,2026,Jan,Dec,Qtr4,52,F,1,1417,22612.49
1/2/2027,Screen Print,2027,2026,Jan,Dec,Qtr4,52,S,1,1417,22612.49
1/3/2027,Screen Print,2027,2026,Jan,Dec,Qtr4,52,SU,0,0,0
1/10/2026,Digital,2026,2026,Jan,Jan,Qtr1,1,S,0,0,0
1/17/2026,Digital,2026,2026,Jan,Jan,Qtr1,2,S,0,0,0
1/24/2026,Digital,2026,2026,Jan,Jan,Qtr1,3,S,0,0,0
1/31/2026,Digital,2026,2026,Jan,Jan,Qtr1,4,S,0,0,0
2/7/2026,Digital,2026,2026,Feb,Feb,Qtr1,5,S,0,0,0
2/14/2026,Digital,2026,2026,Feb,Feb,Qtr1,6,S,0,0,0
2/21/2026,Digital,2026,2026,Feb,Feb,Qtr1,7,S,0,0,0
2/28/2026,Digital,2026,2026,Feb,Feb,Qtr1,8,S,0,0,0
3/7/2026,Digital,2026,2026,Mar,Mar,Qtr1,9,S,0,0,0
3/14/2026,Digital,2026,2026,Mar,Mar,Qtr1,10,S,0,0,0
3/21/2026,Digital,2026,2026,Mar,Mar,Qtr1,11,S,0,0,0
3/28/2026,Digital,2026,2026,Mar,Mar,Qtr1,12,S,0,0,0
4/4/2026,Digital,2026,2026,Apr,Mar,Qtr1,13,S,0,0,0
4/11/2026,Digital,2026,2026,Apr,Apr,Qtr1,14,S,0,0,0
4/18/2026,Digital,2026,2026,Apr,Apr,Qtr2,15,S,0,0,0
4/25/2026,Digital,2026,2026,Apr,Apr,Qtr2,16,S,0,0,0
5/2/2026,Digital,2026,2026,May,Apr,Qtr2,17,S,0,0,0
5/9/2026,Digital,2026,2026,May,May,Qtr2,18,S,0,0,0
5/16/2026,Digital,2026,2026,May,May,Qtr2,19,S,0,0,0
5/23/2026,Digital,2026,2026,May,May,Qtr2,20,S,0,0,0
5/30/2026,Digital,2026,2026,May,May,Qtr2,21,S,0,0,0
6/6/2026,Digital,2026,2026,Jun,Jun,Qtr2,22,S,0,0,0
6/13/2026,Digital,2026,2026,Jun,Jun,Qtr2,23,S,0,0,0
6/20/2026,Digital,2026,2026,Jun,Jun,Qtr2,24,S,0,0,0
6/27/2026,Digital,2026,2026,Jun,Jun,Qtr2,25,S,0,0,0
7/4/2026,Digital,2026,2026,Jul,Jun,Qtr2,26,S,0,0,0
7/11/2026,Digital,2026,2026,Jul,Jul,Qtr2,27,S,0,0,0
7/18/2026,Digital,2026,2026,Jul,Jul,Qtr3,28,S,0,0,0
7/25/2026,Digital,2026,2026,Jul,Jul,Qtr3,29,S,0,0,0
8/1/2026,Digital,2026,2026,Aug,Jul,Qtr3,30,S,0,0,0
8/8/2026,Digital,2026,2026,Aug,Aug,Qtr3,31,S,0,0,0
8/15/2026,Digital,2026,2026,Aug,Aug,Qtr3,32,S,0,0,0
8/22/2026,Digital,2026,2026,Aug,Aug,Qtr3,33,S,0,0,0
8/29/2026,Digital,2026,2026,Aug,Aug,Qtr3,34,S,0,0,0
9/5/2026,Digital,2026,2026,Sep,Sep,Qtr3,35,S,0,0,0
9/12/2026,Digital,2026,2026,Sep,Sep,Qtr3,36,S,0,0,0
9/19/2026,Digital,2026,2026,Sep,Sep,Qtr3,37,S,0,0,0
9/26/2026,Digital,2026,2026,Sep,Sep,Qtr3,38,S,0,0,0
10/3/2026,Digital,2026,2026,Oct,Sep,Qtr3,39,S,0,0,0
10/10/2026,Digital,2026,2026,Oct,Oct,Qtr3,40,S,0,0,0
10/17/2026,Digital,2026,2026,Oct,Oct,Qtr4,41,S,0,0,0
10/24/2026,Digital,2026,2026,Oct,Oct,Qtr4,42,S,0,0,0
10/31/2026,Digital,2026,2026,Oct,Oct,Qtr4,43,S,0,0,0
11/7/2026,Digital,2026,2026,Nov,Nov,Qtr4,44,S,0,0,0
11/14/2026,Digital,2026,2026,Nov,Nov,Qtr4,45,S,0,0,0
11/21/2026,Digital,2026,2026,Nov,Nov,Qtr4,46,S,0,0,0
11/28/2026,Digital,2026,2026,Nov,Nov,Qtr4,47,S,0,0,0
12/5/2026,Digital,2026,2026,Dec,Dec,Qtr4,48,S,0,0,0
12/12/2026,Digital,2026,2026,Dec,Dec,Qtr4,49,S,0,0,0
12/19/2026,Digital,2026,2026,Dec,Dec,Qtr4,50,S,0,0,0
12/26/2026,Digital,2026,2026,Dec,Dec,Qtr4,51,S,0,0,0
1/11/2026,Digital,2026,2026,Jan,Jan,Qtr1,1,SU,0,0,0
1/18/2026,Digital,2026,2026,Jan,Jan,Qtr1,2,SU,0,0,0
1/25/2026,Digital,2026,2026,Jan,Jan,Qtr1,3,SU,0,0,0
2/1/2026,Digital,2026,2026,Feb,Jan,Qtr1,4,SU,0,0,0
2/8/2026,Digital,2026,2026,Feb,Feb,Qtr1,5,SU,0,0,0
2/15/2026,Digital,2026,2026,Feb,Feb,Qtr1,6,SU,0,0,0
2/22/2026,Digital,2026,2026,Feb,Feb,Qtr1,7,SU,0,0,0
3/1/2026,Digital,2026,2026,Mar,Feb,Qtr1,8,SU,0,0,0
3/8/2026,Digital,2026,2026,Mar,Mar,Qtr1,9,SU,0,0,0
3/15/2026,Digital,2026,2026,Mar,Mar,Qtr1,10,SU,0,0,0
3/22/2026,Digital,2026,2026,Mar,Mar,Qtr1,11,SU,0,0,0
3/29/2026,Digital,2026,2026,Mar,Mar,Qtr1,12,SU,0,0,0
4/5/2026,Digital,2026,2026,Apr,Mar,Qtr1,13,SU,0,0,0
4/12/2026,Digital,2026,2026,Apr,Apr,Qtr1,14,SU,0,0,0
4/19/2026,Digital,2026,2026,Apr,Apr,Qtr2,15,SU,0,0,0
4/26/2026,Digital,2026,2026,Apr,Apr,Qtr2,16,SU,0,0,0
5/3/2026,Digital,2026,2026,May,Apr,Qtr2,17,SU,0,0,0
5/10/2026,Digital,2026,2026,May,May,Qtr2,18,SU,0,0,0
5/17/2026,Digital,2026,2026,May,May,Qtr2,19,SU,0,0,0
5/24/2026,Digital,2026,2026,May,May,Qtr2,20,SU,0,0,0
5/31/2026,Digital,2026,2026,May,May,Qtr2,21,SU,0,0,0
6/7/2026,Digital,2026,2026,Jun,Jun,Qtr2,22,SU,0,0,0
6/14/2026,Digital,2026,2026,Jun,Jun,Qtr2,23,SU,0,0,0
6/21/2026,Digital,2026,2026,Jun,Jun,Qtr2,24,SU,0,0,0
6/28/2026,Digital,2026,2026,Jun,Jun,Qtr2,25,SU,0,0,0
7/5/2026,Digital,2026,2026,Jul,Jun,Qtr2,26,SU,0,0,0
7/12/2026,Digital,2026,2026,Jul,Jul,Qtr2,27,SU,0,0,0
7/19/2026,Digital,2026,2026,Jul,Jul,Qtr3,28,SU,0,0,0
7/26/2026,Digital,2026,2026,Jul,Jul,Qtr3,29,SU,0,0,0
8/2/2026,Digital,2026,2026,Aug,Jul,Qtr3,30,SU,0,0,0
8/9/2026,Digital,2026,2026,Aug,Aug,Qtr3,31,SU,0,0,0
8/16/2026,Digital,2026,2026,Aug,Aug,Qtr3,32,SU,0,0,0
8/23/2026,Digital,2026,2026,Aug,Aug,Qtr3,33,SU,0,0,0
8/30/2026,Digital,2026,2026,Aug,Aug,Qtr3,34,SU,0,0,0
9/6/2026,Digital,2026,2026,Sep,Sep,Qtr3,35,SU,0,0,0
9/13/2026,Digital,2026,2026,Sep,Sep,Qtr3,36,SU,0,0,0
9/20/2026,Digital,2026,2026,Sep,Sep,Qtr3,37,SU,0,0,0
9/27/2026,Digital,2026,2026,Sep,Sep,Qtr3,38,SU,0,0,0
10/4/2026,Digital,2026,2026,Oct,Sep,Qtr3,39,SU,0,0,0
10/11/2026,Digital,2026,2026,Oct,Oct,Qtr3,40,SU,0,0,0
10/18/2026,Digital,2026,2026,Oct,Oct,Qtr4,41,SU,0,0,0
10/25/2026,Digital,2026,2026,Oct,Oct,Qtr4,42,SU,0,0,0
11/1/2026,Digital,2026,2026,Nov,Oct,Qtr4,43,SU,0,0,0
11/8/2026,Digital,2026,2026,Nov,Nov,Qtr4,44,SU,0,0,0
11/15/2026,Digital,2026,2026,Nov,Nov,Qtr4,45,SU,0,0,0
11/22/2026,Digital,2026,2026,Nov,Nov,Qtr4,46,SU,0,0,0
11/29/2026,Digital,2026,2026,Nov,Nov,Qtr4,47,SU,0,0,0
12/6/2026,Digital,2026,2026,Dec,Dec,Qtr4,48,SU,0,0,0
12/13/2026,Digital,2026,2026,Dec,Dec,Qtr4,49,SU,0,0,0
12/20/2026,Digital,2026,2026,Dec,Dec,Qtr4,50,SU,0,0,0
12/27/2026,Digital,2026,2026,Dec,Dec,Qtr4,51,SU,0,0,0
1/11/2026,Screen Print,2026,2026,Jan,Jan,Qtr1,1,SU,0,0,0
1/18/2026,Screen Print,2026,2026,Jan,Jan,Qtr1,2,SU,0,0,0
1/25/2026,Screen Print,2026,2026,Jan,Jan,Qtr1,3,SU,0,0,0
2/1/2026,Screen Print,2026,2026,Feb,Jan,Qtr1,4,SU,0,0,0
2/8/2026,Screen Print,2026,2026,Feb,Feb,Qtr1,5,SU,0,0,0
2/15/2026,Screen Print,2026,2026,Feb,Feb,Qtr1,6,SU,0,0,0
2/22/2026,Screen Print,2026,2026,Feb,Feb,Qtr1,7,SU,0,0,0
3/1/2026,Screen Print,2026,2026,Mar,Feb,Qtr1,8,SU,0,0,0
3/8/2026,Screen Print,2026,2026,Mar,Mar,Qtr1,9,SU,0,0,0
3/15/2026,Screen Print,2026,2026,Mar,Mar,Qtr1,10,SU,0,0,0
3/22/2026,Screen Print,2026,2026,Mar,Mar,Qtr1,11,SU,0,0,0
3/29/2026,Screen Print,2026,2026,Mar,Mar,Qtr1,12,SU,0,0,0
4/5/2026,Screen Print,2026,2026,Apr,Mar,Qtr1,13,SU,0,0,0
4/12/2026,Screen Print,2026,2026,Apr,Apr,Qtr2,14,SU,0,0,0
4/19/2026,Screen Print,2026,2026,Apr,Apr,Qtr2,15,SU,0,0,0
4/26/2026,Screen Print,2026,2026,Apr,Apr,Qtr2,16,SU,0,0,0
5/3/2026,Screen Print,2026,2026,May,Apr,Qtr2,17,SU,0,0,0
5/10/2026,Screen Print,2026,2026,May,May,Qtr2,18,SU,0,0,0
5/17/2026,Screen Print,2026,2026,May,May,Qtr2,19,SU,0,0,0
5/24/2026,Screen Print,2026,2026,May,May,Qtr2,20,SU,0,0,0
5/31/2026,Screen Print,2026,2026,May,May,Qtr2,21,SU,0,0,0
6/7/2026,Screen Print,2026,2026,Jun,Jun,Qtr2,22,SU,0,0,0
6/14/2026,Screen Print,2026,2026,Jun,Jun,Qtr2,23,SU,0,0,0
6/21/2026,Screen Print,2026,2026,Jun,Jun,Qtr2,24,SU,0,0,0
6/28/2026,Screen Print,2026,2026,Jun,Jun,Qtr2,25,SU,0,0,0
7/5/2026,Screen Print,2026,2026,Jul,Jun,Qtr2,26,SU,0,0,0
7/12/2026,Screen Print,2026,2026,Jul,Jul,Qtr3,27,SU,0,0,0
7/19/2026,Screen Print,2026,2026,Jul,Jul,Qtr3,28,SU,0,0,0
7/26/2026,Screen Print,2026,2026,Jul,Jul,Qtr3,29,SU,0,0,0
8/2/2026,Screen Print,2026,2026,Aug,Jul,Qtr3,30,SU,0,0,0
8/9/2026,Screen Print,2026,2026,Aug,Aug,Qtr3,31,SU,0,0,0
8/16/2026,Screen Print,2026,2026,Aug,Aug,Qtr3,32,SU,0,0,0
8/23/2026,Screen Print,2026,2026,Aug,Aug,Qtr3,33,SU,0,0,0
8/30/2026,Screen Print,2026,2026,Aug,Aug,Qtr3,34,SU,0,0,0
9/6/2026,Screen Print,2026,2026,Sep,Sep,Qtr3,35,SU,0,0,0
9/13/2026,Screen Print,2026,2026,Sep,Sep,Qtr3,36,SU,0,0,0
9/20/2026,Screen Print,2026,2026,Sep,Sep,Qtr3,37,SU,0,0,0
9/27/2026,Screen Print,2026,2026,Sep,Sep,Qtr3,38,SU,0,0,0
10/4/2026,Screen Print,2026,2026,Oct,Sep,Qtr3,39,SU,0,0,0
10/11/2026,Screen Print,2026,2026,Oct,Oct,Qtr4,40,SU,0,0,0
10/18/2026,Screen Print,2026,2026,Oct,Oct,Qtr4,41,SU,0,0,0
10/25/2026,Screen Print,2026,2026,Oct,Oct,Qtr4,42,SU,0,0,0
11/1/2026,Screen Print,2026,2026,Nov,Oct,Qtr4,43,SU,0,0,0
11/8/2026,Screen Print,2026,2026,Nov,Nov,Qtr4,44,SU,0,0,0
11/15/2026,Screen Print,2026,2026,Nov,Nov,Qtr4,45,SU,0,0,0
11/22/2026,Screen Print,2026,2026,Nov,Nov,Qtr4,46,SU,0,0,0
11/29/2026,Screen Print,2026,2026,Nov,Nov,Qtr4,47,SU,0,0,0
12/6/2026,Screen Print,2026,2026,Dec,Dec,Qtr4,48,SU,0,0,0
12/13/2026,Screen Print,2026,2026,Dec,Dec,Qtr4,49,SU,0,0,0
12/20/2026,Screen Print,2026,2026,Dec,Dec,Qtr4,50,SU,0,0,0
12/27/2026,Screen Print,2026,2026,Dec,Dec,Qtr4,51,SU,0,0,0
10/5/2026,Screen Print,2026,2026,Oct,Oct,Qtr4,40,M,1,1417,22612.49
10/6/2026,Screen Print,2026,2026,Oct,Oct,Qtr4,40,T,1,1417,22612.49
10/7/2026,Screen Print,2026,2026,Oct,Oct,Qtr4,40,W,1,1417,22612.49
10/8/2026,Screen Print,2026,2026,Oct,Oct,Qtr4,40,TH,1,1417,22612.49
10/9/2026,Screen Print,2026,2026,Oct,Oct,Qtr4,40,F,1,1417,22612.49
10/10/2026,Screen Print,2026,2026,Oct,Oct,Qtr4,40,S,1,1417,22612.49
10/12/2026,Screen Print,2026,2026,Oct,Oct,Qtr4,41,M,1,1417,22612.49
10/13/2026,Screen Print,2026,2026,Oct,Oct,Qtr4,41,T,1,1417,22612.49
10/14/2026,Screen Print,2026,2026,Oct,Oct,Qtr4,41,W,1,1417,22612.49
10/15/2026,Screen Print,2026,2026,Oct,Oct,Qtr4,41,TH,1,1417,22612.49
10/16/2026,Screen Print,2026,2026,Oct,Oct,Qtr4,41,F,1,1417,22612.49
10/17/2026,Screen Print,2026,2026,Oct,Oct,Qtr4,41,S,1,1417,22612.49
10/19/2026,Screen Print,2026,2026,Oct,Oct,Qtr4,42,M,1,1417,22612.49
10/20/2026,Screen Print,2026,2026,Oct,Oct,Qtr4,42,T,1,1417,22612.49
10/21/2026,Screen Print,2026,2026,Oct,Oct,Qtr4,42,W,1,1417,22612.49
10/22/2026,Screen Print,2026,2026,Oct,Oct,Qtr4,42,TH,1,1417,22612.49
10/23/2026,Screen Print,2026,2026,Oct,Oct,Qtr4,42,F,1,1417,22612.49
10/24/2026,Screen Print,2026,2026,Oct,Oct,Qtr4,42,S,1,1417,22612.49
10/26/2026,Screen Print,2026,2026,Oct,Oct,Qtr4,43,M,1,1417,22612.49
10/27/2026,Screen Print,2026,2026,Oct,Oct,Qtr4,43,T,1,1417,22612.49
10/28/2026,Screen Print,2026,2026,Oct,Oct,Qtr4,43,W,1,1417,22612.49
10/29/2026,Screen Print,2026,2026,Oct,Oct,Qtr4,43,TH,1,1417,22612.49
10/30/2026,Screen Print,2026,2026,Oct,Oct,Qtr4,43,F,1,1417,22612.49
10/31/2026,Screen Print,2026,2026,Oct,Oct,Qtr4,43,S,1,1417,22612.49
11/2/2026,Screen Print,2026,2026,Nov,Nov,Qtr4,44,M,1,1417,22612.49
11/3/2026,Screen Print,2026,2026,Nov,Nov,Qtr4,44,T,1,1417,22612.49
11/4/2026,Screen Print,2026,2026,Nov,Nov,Qtr4,44,W,1,1417,22612.49
11/5/2026,Screen Print,2026,2026,Nov,Nov,Qtr4,44,TH,1,1417,22612.49
11/6/2026,Screen Print,2026,2026,Nov,Nov,Qtr4,44,F,1,1417,22612.49
11/7/2026,Screen Print,2026,2026,Nov,Nov,Qtr4,44,S,1,1417,22612.49
11/9/2026,Screen Print,2026,2026,Nov,Nov,Qtr4,45,M,1,1417,22612.49
11/10/2026,Screen Print,2026,2026,Nov,Nov,Qtr4,45,T,1,1417,22612.49
11/11/2026,Screen Print,2026,2026,Nov,Nov,Qtr4,45,W,1,1417,22612.49
11/12/2026,Screen Print,2026,2026,Nov,Nov,Qtr4,45,TH,1,1417,22612.49
11/13/2026,Screen Print,2026,2026,Nov,Nov,Qtr4,45,F,1,1417,22612.49
11/14/2026,Screen Print,2026,2026,Nov,Nov,Qtr4,45,S,1,1417,22612.49
11/16/2026,Screen Print,2026,2026,Nov,Nov,Qtr4,46,M,1,1417,22612.49
11/17/2026,Screen Print,2026,2026,Nov,Nov,Qtr4,46,T,1,1417,22612.49
11/18/2026,Screen Print,2026,2026,Nov,Nov,Qtr4,46,W,1,1417,22612.49
11/19/2026,Screen Print,2026,2026,Nov,Nov,Qtr4,46,TH,1,1417,22612.49
11/20/2026,Screen Print,2026,2026,Nov,Nov,Qtr4,46,F,1,1417,22612.49
11/21/2026,Screen Print,2026,2026,Nov,Nov,Qtr4,46,S,1,1417,22612.49
11/23/2026,Screen Print,2026,2026,Nov,Nov,Qtr4,47,M,1,1417,22612.49
11/24/2026,Screen Print,2026,2026,Nov,Nov,Qtr4,47,T,1,1417,22612.49
11/25/2026,Screen Print,2026,2026,Nov,Nov,Qtr4,47,W,1,1417,22612.49
11/26/2026,Screen Print,2026,2026,Nov,Nov,Qtr4,47,TH,1,1417,22612.49
11/27/2026,Screen Print,2026,2026,Nov,Nov,Qtr4,47,F,1,1417,22612.49
11/28/2026,Screen Print,2026,2026,Nov,Nov,Qtr4,47,S,1,1417,22612.49
11/30/2026,Screen Print,2026,2026,Nov,Dec,Qtr4,48,M,1,1417,22612.49
12/1/2026,Screen Print,2026,2026,Dec,Dec,Qtr4,48,T,1,1417,22612.49
12/2/2026,Screen Print,2026,2026,Dec,Dec,Qtr4,48,W,1,1417,22612.49
12/3/2026,Screen Print,2026,2026,Dec,Dec,Qtr4,48,TH,1,1417,22612.49
12/4/2026,Screen Print,2026,2026,Dec,Dec,Qtr4,48,F,1,1417,22612.49
12/5/2026,Screen Print,2026,2026,Dec,Dec,Qtr4,48,S,1,1417,22612.49
12/7/2026,Screen Print,2026,2026,Dec,Dec,Qtr4,49,M,1,1417,22612.49
12/8/2026,Screen Print,2026,2026,Dec,Dec,Qtr4,49,T,1,1417,22612.49
12/9/2026,Screen Print,2026,2026,Dec,Dec,Qtr4,49,W,1,1417,22612.49
12/10/2026,Screen Print,2026,2026,Dec,Dec,Qtr4,49,TH,1,1417,22612.49
12/11/2026,Screen Print,2026,2026,Dec,Dec,Qtr4,49,F,1,1417,22612.49
12/12/2026,Screen Print,2026,2026,Dec,Dec,Qtr4,49,S,1,1417,22612.49
12/14/2026,Screen Print,2026,2026,Dec,Dec,Qtr4,50,M,1,1417,22612.49
12/15/2026,Screen Print,2026,2026,Dec,Dec,Qtr4,50,T,1,1417,22612.49
12/16/2026,Screen Print,2026,2026,Dec,Dec,Qtr4,50,W,1,1417,22612.49
12/17/2026,Screen Print,2026,2026,Dec,Dec,Qtr4,50,TH,1,1417,22612.49
12/18/2026,Screen Print,2026,2026,Dec,Dec,Qtr4,50,F,1,1417,22612.49
12/19/2026,Screen Print,2026,2026,Dec,Dec,Qtr4,50,S,1,1417,22612.49
12/21/2026,Screen Print,2026,2026,Dec,Dec,Qtr4,51,M,1,1417,22612.49
12/22/2026,Screen Print,2026,2026,Dec,Dec,Qtr4,51,T,1,1417,22612.49
12/23/2026,Screen Print,2026,2026,Dec,Dec,Qtr4,51,W,1,1417,22612.49
12/24/2026,Screen Print,2026,2026,Dec,Dec,Qtr4,51,TH,1,1417,22612.49
12/25/2026,Screen Print,2026,2026,Dec,Dec,Qtr4,51,F,1,1417,22612.49
12/26/2026,Screen Print,2026,2026,Dec,Dec,Qtr4,51,S,1,1417,22612.49
12/28/2026,Screen Print,2026,2026,Dec,Dec,Qtr4,52,M,1,1417,22612.49
12/29/2026,Screen Print,2026,2026,Dec,Dec,Qtr4,52,T,1,1417,22612.49
12/30/2026,Screen Print,2026,2026,Dec,Dec,Qtr4,52,W,1,1417,22612.49
12/31/2026,Screen Print,2026,2026,Dec,Dec,Qtr4,52,TH,1,1417,22612.49
7/6/2026,Screen Print,2026,2026,Jul,Jul,Qtr3,27,M,1,1417,20840.19
7/7/2026,Screen Print,2026,2026,Jul,Jul,Qtr3,27,T,1,1417,20840.19
7/8/2026,Screen Print,2026,2026,Jul,Jul,Qtr3,27,W,1,1417,20840.19
7/9/2026,Screen Print,2026,2026,Jul,Jul,Qtr3,27,TH,1,1417,20840.19
7/10/2026,Screen Print,2026,2026,Jul,Jul,Qtr3,27,F,1,1417,20840.19
7/11/2026,Screen Print,2026,2026,Jul,Jul,Qtr3,27,S,1,1417,20840.19
7/13/2026,Screen Print,2026,2026,Jul,Jul,Qtr3,28,M,1,1417,20840.19
7/14/2026,Screen Print,2026,2026,Jul,Jul,Qtr3,28,T,1,1417,20840.19
7/15/2026,Screen Print,2026,2026,Jul,Jul,Qtr3,28,W,1,1417,20840.19
7/16/2026,Screen Print,2026,2026,Jul,Jul,Qtr3,28,TH,1,1417,20840.19
7/17/2026,Screen Print,2026,2026,Jul,Jul,Qtr3,28,F,1,1417,20840.19
7/18/2026,Screen Print,2026,2026,Jul,Jul,Qtr3,28,S,1,1417,20840.19
7/20/2026,Screen Print,2026,2026,Jul,Jul,Qtr3,29,M,1,1417,20840.19
7/21/2026,Screen Print,2026,2026,Jul,Jul,Qtr3,29,T,1,1417,20840.19
7/22/2026,Screen Print,2026,2026,Jul,Jul,Qtr3,29,W,1,1417,20840.19
7/23/2026,Screen Print,2026,2026,Jul,Jul,Qtr3,29,TH,1,1417,20840.19
7/24/2026,Screen Print,2026,2026,Jul,Jul,Qtr3,29,F,1,1417,20840.19
7/25/2026,Screen Print,2026,2026,Jul,Jul,Qtr3,29,S,1,1417,20840.19
7/27/2026,Screen Print,2026,2026,Jul,Jul,Qtr3,30,M,1,1417,20840.19
7/28/2026,Screen Print,2026,2026,Jul,Jul,Qtr3,30,T,1,1417,20840.19
7/29/2026,Screen Print,2026,2026,Jul,Jul,Qtr3,30,W,1,1417,20840.19
7/30/2026,Screen Print,2026,2026,Jul,Jul,Qtr3,30,TH,1,1417,20840.19
7/31/2026,Screen Print,2026,2026,Jul,Jul,Qtr3,30,F,1,1417,20840.19
8/1/2026,Screen Print,2026,2026,Aug,Jul,Qtr3,30,S,1,1417,20840.19
8/3/2026,Screen Print,2026,2026,Aug,Aug,Qtr3,31,M,1,1417,20840.19
8/4/2026,Screen Print,2026,2026,Aug,Aug,Qtr3,31,T,1,1417,20840.19
8/5/2026,Screen Print,2026,2026,Aug,Aug,Qtr3,31,W,1,1417,20840.19
8/6/2026,Screen Print,2026,2026,Aug,Aug,Qtr3,31,TH,1,1417,20840.19
8/7/2026,Screen Print,2026,2026,Aug,Aug,Qtr3,31,F,1,1417,20840.19
8/8/2026,Screen Print,2026,2026,Aug,Aug,Qtr3,31,S,1,1417,20840.19
8/10/2026,Screen Print,2026,2026,Aug,Aug,Qtr3,32,M,1,1417,20840.19
8/11/2026,Screen Print,2026,2026,Aug,Aug,Qtr3,32,T,1,1417,20840.19
8/12/2026,Screen Print,2026,2026,Aug,Aug,Qtr3,32,W,1,1417,20840.19
8/13/2026,Screen Print,2026,2026,Aug,Aug,Qtr3,32,TH,1,1417,20840.19
8/14/2026,Screen Print,2026,2026,Aug,Aug,Qtr3,32,F,1,1417,20840.19
8/15/2026,Screen Print,2026,2026,Aug,Aug,Qtr3,32,S,1,1417,20840.19
8/17/2026,Screen Print,2026,2026,Aug,Aug,Qtr3,33,M,1,1417,20840.19
8/18/2026,Screen Print,2026,2026,Aug,Aug,Qtr3,33,T,1,1417,20840.19
8/19/2026,Screen Print,2026,2026,Aug,Aug,Qtr3,33,W,1,1417,20840.19
8/20/2026,Screen Print,2026,2026,Aug,Aug,Qtr3,33,TH,1,1417,20840.19
8/21/2026,Screen Print,2026,2026,Aug,Aug,Qtr3,33,F,1,1417,20840.19
8/22/2026,Screen Print,2026,2026,Aug,Aug,Qtr3,33,S,1,1417,20840.19
8/24/2026,Screen Print,2026,2026,Aug,Aug,Qtr3,34,M,1,1417,20840.19
8/25/2026,Screen Print,2026,2026,Aug,Aug,Qtr3,34,T,1,1417,20840.19
8/26/2026,Screen Print,2026,2026,Aug,Aug,Qtr3,34,W,1,1417,20840.19
8/27/2026,Screen Print,2026,2026,Aug,Aug,Qtr3,34,TH,1,1417,20840.19
8/28/2026,Screen Print,2026,2026,Aug,Aug,Qtr3,34,F,1,1417,20840.19
8/29/2026,Screen Print,2026,2026,Aug,Aug,Qtr3,34,S,1,1417,20840.19
8/31/2026,Screen Print,2026,2026,Aug,Sep,Qtr3,35,M,1,1417,20840.19
9/1/2026,Screen Print,2026,2026,Sep,Sep,Qtr3,35,T,1,1417,20840.19
9/2/2026,Screen Print,2026,2026,Sep,Sep,Qtr3,35,W,1,1417,20840.19
9/3/2026,Screen Print,2026,2026,Sep,Sep,Qtr3,35,TH,1,1417,20840.19
9/4/2026,Screen Print,2026,2026,Sep,Sep,Qtr3,35,F,1,1417,20840.19
9/5/2026,Screen Print,2026,2026,Sep,Sep,Qtr3,35,S,1,1417,20840.19
9/7/2026,Screen Print,2026,2026,Sep,Sep,Qtr3,36,M,1,1417,20840.19
9/8/2026,Screen Print,2026,2026,Sep,Sep,Qtr3,36,T,1,1417,20840.19
9/9/2026,Screen Print,2026,2026,Sep,Sep,Qtr3,36,W,1,1417,20840.19
9/10/2026,Screen Print,2026,2026,Sep,Sep,Qtr3,36,TH,1,1417,20840.19
9/11/2026,Screen Print,2026,2026,Sep,Sep,Qtr3,36,F,1,1417,20840.19
9/12/2026,Screen Print,2026,2026,Sep,Sep,Qtr3,36,S,1,1417,20840.19
9/14/2026,Screen Print,2026,2026,Sep,Sep,Qtr3,37,M,1,1417,20840.19
9/15/2026,Screen Print,2026,2026,Sep,Sep,Qtr3,37,T,1,1417,20840.19
9/16/2026,Screen Print,2026,2026,Sep,Sep,Qtr3,37,W,1,1417,20840.19
9/17/2026,Screen Print,2026,2026,Sep,Sep,Qtr3,37,TH,1,1417,20840.19
9/18/2026,Screen Print,2026,2026,Sep,Sep,Qtr3,37,F,1,1417,20840.19
9/19/2026,Screen Print,2026,2026,Sep,Sep,Qtr3,37,S,1,1417,20840.19
9/21/2026,Screen Print,2026,2026,Sep,Sep,Qtr3,38,M,1,1417,20840.19
9/22/2026,Screen Print,2026,2026,Sep,Sep,Qtr3,38,T,1,1417,20840.19
9/23/2026,Screen Print,2026,2026,Sep,Sep,Qtr3,38,W,1,1417,20840.19
9/24/2026,Screen Print,2026,2026,Sep,Sep,Qtr3,38,TH,1,1417,20840.19
9/25/2026,Screen Print,2026,2026,Sep,Sep,Qtr3,38,F,1,1417,20840.19
9/26/2026,Screen Print,2026,2026,Sep,Sep,Qtr3,38,S,1,1417,20840.19
9/28/2026,Screen Print,2026,2026,Sep,Sep,Qtr3,39,M,1,1417,20840.19
9/29/2026,Screen Print,2026,2026,Sep,Sep,Qtr3,39,T,1,1417,20840.19
9/30/2026,Screen Print,2026,2026,Sep,Sep,Qtr3,39,W,1,1417,20840.19
10/1/2026,Screen Print,2026,2026,Oct,Sep,Qtr3,39,TH,1,1417,20840.19
10/2/2026,Screen Print,2026,2026,Oct,Sep,Qtr3,39,F,1,1417,20840.19
10/3/2026,Screen Print,2026,2026,Oct,Sep,Qtr3,39,S,1,1417,20840.19
4/6/2026,Screen Print,2026,2026,Apr,Apr,Qtr2,14,M,1,1417,18920.2
4/7/2026,Screen Print,2026,2026,Apr,Apr,Qtr2,14,T,1,1417,18920.2
4/8/2026,Screen Print,2026,2026,Apr,Apr,Qtr2,14,W,1,1417,18920.2
4/9/2026,Screen Print,2026,2026,Apr,Apr,Qtr2,14,TH,1,1417,18920.2
4/10/2026,Screen Print,2026,2026,Apr,Apr,Qtr2,14,F,1,1417,18920.2
4/11/2026,Screen Print,2026,2026,Apr,Apr,Qtr2,14,S,1,1417,18920.2
4/13/2026,Screen Print,2026,2026,Apr,Apr,Qtr2,15,M,1,1417,18920.2
4/14/2026,Screen Print,2026,2026,Apr,Apr,Qtr2,15,T,1,1417,18920.2
4/15/2026,Screen Print,2026,2026,Apr,Apr,Qtr2,15,W,1,1417,18920.2
4/16/2026,Screen Print,2026,2026,Apr,Apr,Qtr2,15,TH,1,1417,18920.2
4/17/2026,Screen Print,2026,2026,Apr,Apr,Qtr2,15,F,1,1417,18920.2
4/18/2026,Screen Print,2026,2026,Apr,Apr,Qtr2,15,S,1,1417,18920.2
4/20/2026,Screen Print,2026,2026,Apr,Apr,Qtr2,16,M,1,1417,18920.2
4/21/2026,Screen Print,2026,2026,Apr,Apr,Qtr2,16,T,1,1417,18920.2
4/22/2026,Screen Print,2026,2026,Apr,Apr,Qtr2,16,W,1,1417,18920.2
4/23/2026,Screen Print,2026,2026,Apr,Apr,Qtr2,16,TH,1,1417,18920.2
4/24/2026,Screen Print,2026,2026,Apr,Apr,Qtr2,16,F,1,1417,18920.2
4/25/2026,Screen Print,2026,2026,Apr,Apr,Qtr2,16,S,1,1417,18920.2
4/27/2026,Screen Print,2026,2026,Apr,Apr,Qtr2,17,M,1,1417,18920.2
4/28/2026,Screen Print,2026,2026,Apr,Apr,Qtr2,17,T,1,1417,18920.2
4/29/2026,Screen Print,2026,2026,Apr,Apr,Qtr2,17,W,1,1417,18920.2
4/30/2026,Screen Print,2026,2026,Apr,Apr,Qtr2,17,TH,1,1417,18920.2
5/1/2026,Screen Print,2026,2026,May,Apr,Qtr2,17,F,1,1417,18920.2
5/2/2026,Screen Print,2026,2026,May,Apr,Qtr2,17,S,1,1417,18920.2
5/4/2026,Screen Print,2026,2026,May,May,Qtr2,18,M,1,1417,18920.2
5/5/2026,Screen Print,2026,2026,May,May,Qtr2,18,T,1,1417,18920.2
5/6/2026,Screen Print,2026,2026,May,May,Qtr2,18,W,1,1417,18920.2
5/7/2026,Screen Print,2026,2026,May,May,Qtr2,18,TH,1,1417,18920.2
5/8/2026,Screen Print,2026,2026,May,May,Qtr2,18,F,1,1417,18920.2
5/9/2026,Screen Print,2026,2026,May,May,Qtr2,18,S,1,1417,18920.2
5/11/2026,Screen Print,2026,2026,May,May,Qtr2,19,M,1,1417,18920.2
5/12/2026,Screen Print,2026,2026,May,May,Qtr2,19,T,1,1417,18920.2
5/13/2026,Screen Print,2026,2026,May,May,Qtr2,19,W,1,1417,18920.2
5/14/2026,Screen Print,2026,2026,May,May,Qtr2,19,TH,1,1417,18920.2
5/15/2026,Screen Print,2026,2026,May,May,Qtr2,19,F,1,1417,18920.2
5/16/2026,Screen Print,2026,2026,May,May,Qtr2,19,S,1,1417,18920.2
5/18/2026,Screen Print,2026,2026,May,May,Qtr2,20,M,1,1417,18920.2
5/19/2026,Screen Print,2026,2026,May,May,Qtr2,20,T,1,1417,18920.2
5/20/2026,Screen Print,2026,2026,May,May,Qtr2,20,W,1,1417,18920.2
5/21/2026,Screen Print,2026,2026,May,May,Qtr2,20,TH,1,1417,18920.2
5/22/2026,Screen Print,2026,2026,May,May,Qtr2,20,F,1,1417,18920.2
5/23/2026,Screen Print,2026,2026,May,May,Qtr2,20,S,1,1417,18920.2
5/25/2026,Screen Print,2026,2026,May,May,Qtr2,21,M,1,1417,18920.2
5/26/2026,Screen Print,2026,2026,May,May,Qtr2,21,T,1,1417,18920.2
5/27/2026,Screen Print,2026,2026,May,May,Qtr2,21,W,1,1417,18920.2
5/28/2026,Screen Print,2026,2026,May,May,Qtr2,21,TH,1,1417,18920.2
5/29/2026,Screen Print,2026,2026,May,May,Qtr2,21,F,1,1417,18920.2
5/30/2026,Screen Print,2026,2026,May,May,Qtr2,21,S,1,1417,18920.2
6/1/2026,Screen Print,2026,2026,Jun,Jun,Qtr2,22,M,1,1417,18920.2
6/2/2026,Screen Print,2026,2026,Jun,Jun,Qtr2,22,T,1,1417,18920.2
6/3/2026,Screen Print,2026,2026,Jun,Jun,Qtr2,22,W,1,1417,18920.2
6/4/2026,Screen Print,2026,2026,Jun,Jun,Qtr2,22,TH,1,1417,18920.2
6/5/2026,Screen Print,2026,2026,Jun,Jun,Qtr2,22,F,1,1417,18920.2
6/6/2026,Screen Print,2026,2026,Jun,Jun,Qtr2,22,S,1,1417,18920.2
6/8/2026,Screen Print,2026,2026,Jun,Jun,Qtr2,23,M,1,1417,18920.2
6/9/2026,Screen Print,2026,2026,Jun,Jun,Qtr2,23,T,1,1417,18920.2
6/10/2026,Screen Print,2026,2026,Jun,Jun,Qtr2,23,W,1,1417,18920.2
6/11/2026,Screen Print,2026,2026,Jun,Jun,Qtr2,23,TH,1,1417,18920.2
6/12/2026,Screen Print,2026,2026,Jun,Jun,Qtr2,23,F,1,1417,18920.2
6/13/2026,Screen Print,2026,2026,Jun,Jun,Qtr2,23,S,1,1417,18920.2
6/15/2026,Screen Print,2026,2026,Jun,Jun,Qtr2,24,M,1,1417,18920.2
6/16/2026,Screen Print,2026,2026,Jun,Jun,Qtr2,24,T,1,1417,18920.2
6/17/2026,Screen Print,2026,2026,Jun,Jun,Qtr2,24,W,1,1417,18920.2
6/18/2026,Screen Print,2026,2026,Jun,Jun,Qtr2,24,TH,1,1417,18920.2
6/19/2026,Screen Print,2026,2026,Jun,Jun,Qtr2,24,F,1,1417,18920.2
6/20/2026,Screen Print,2026,2026,Jun,Jun,Qtr2,24,S,1,1417,18920.2
6/22/2026,Screen Print,2026,2026,Jun,Jun,Qtr2,25,M,1,1417,18920.2
6/23/2026,Screen Print,2026,2026,Jun,Jun,Qtr2,25,T,1,1417,18920.2
6/24/2026,Screen Print,2026,2026,Jun,Jun,Qtr2,25,W,1,1417,18920.2
6/25/2026,Screen Print,2026,2026,Jun,Jun,Qtr2,25,TH,1,1417,18920.2
6/26/2026,Screen Print,2026,2026,Jun,Jun,Qtr2,25,F,1,1417,18920.2
6/27/2026,Screen Print,2026,2026,Jun,Jun,Qtr2,25,S,1,1417,18920.2
6/29/2026,Screen Print,2026,2026,Jun,Jun,Qtr2,26,M,1,1417,18920.2
6/30/2026,Screen Print,2026,2026,Jun,Jun,Qtr2,26,T,1,1417,18920.2
7/1/2026,Screen Print,2026,2026,Jul,Jun,Qtr2,26,W,1,1417,18920.2
7/2/2026,Screen Print,2026,2026,Jul,Jun,Qtr2,26,TH,1,1417,18920.2
7/3/2026,Screen Print,2026,2026,Jul,Jun,Qtr2,26,F,1,1417,18920.2
7/4/2026,Screen Print,2026,2026,Jul,Jun,Qtr2,26,S,1,1417,18920.2
1/5/2026,Screen Print,2026,2026,Jan,Jan,Qtr1,1,M,1,1417,18920.2
1/6/2026,Screen Print,2026,2026,Jan,Jan,Qtr1,1,T,1,1417,18920.2
1/7/2026,Screen Print,2026,2026,Jan,Jan,Qtr1,1,W,1,1417,18920.2
1/8/2026,Screen Print,2026,2026,Jan,Jan,Qtr1,1,TH,1,1417,18920.2
1/9/2026,Screen Print,2026,2026,Jan,Jan,Qtr1,1,F,1,1417,18920.2
1/10/2026,Screen Print,2026,2026,Jan,Jan,Qtr1,1,S,1,1417,18920.2
1/12/2026,Screen Print,2026,2026,Jan,Jan,Qtr1,2,M,1,1417,18920.2
1/13/2026,Screen Print,2026,2026,Jan,Jan,Qtr1,2,T,1,1417,18920.2
1/14/2026,Screen Print,2026,2026,Jan,Jan,Qtr1,2,W,1,1417,18920.2
1/15/2026,Screen Print,2026,2026,Jan,Jan,Qtr1,2,TH,1,1417,18920.2
1/16/2026,Screen Print,2026,2026,Jan,Jan,Qtr1,2,F,1,1417,18920.2
1/17/2026,Screen Print,2026,2026,Jan,Jan,Qtr1,2,S,1,1417,18920.2
1/19/2026,Screen Print,2026,2026,Jan,Jan,Qtr1,3,M,1,1417,18920.2
1/20/2026,Screen Print,2026,2026,Jan,Jan,Qtr1,3,T,1,1417,18920.2
1/21/2026,Screen Print,2026,2026,Jan,Jan,Qtr1,3,W,1,1417,18920.2
1/22/2026,Screen Print,2026,2026,Jan,Jan,Qtr1,3,TH,1,1417,18920.2
1/23/2026,Screen Print,2026,2026,Jan,Jan,Qtr1,3,F,1,1417,18920.2
1/24/2026,Screen Print,2026,2026,Jan,Jan,Qtr1,3,S,1,1417,18920.2
1/26/2026,Screen Print,2026,2026,Jan,Jan,Qtr1,4,M,1,1417,18920.2
1/27/2026,Screen Print,2026,2026,Jan,Jan,Qtr1,4,T,1,1417,18920.2
1/28/2026,Screen Print,2026,2026,Jan,Jan,Qtr1,4,W,1,1417,18920.2
1/29/2026,Screen Print,2026,2026,Jan,Jan,Qtr1,4,TH,1,1417,18920.2
1/30/2026,Screen Print,2026,2026,Jan,Jan,Qtr1,4,F,1,1417,18920.2
1/31/2026,Screen Print,2026,2026,Jan,Jan,Qtr1,4,S,1,1417,18920.2
2/2/2026,Screen Print,2026,2026,Feb,Feb,Qtr1,5,M,1,1417,18920.2
2/3/2026,Screen Print,2026,2026,Feb,Feb,Qtr1,5,T,1,1417,18920.2
2/4/2026,Screen Print,2026,2026,Feb,Feb,Qtr1,5,W,1,1417,18920.2
2/5/2026,Screen Print,2026,2026,Feb,Feb,Qtr1,5,TH,1,1417,18920.2
2/6/2026,Screen Print,2026,2026,Feb,Feb,Qtr1,5,F,1,1417,18920.2
2/7/2026,Screen Print,2026,2026,Feb,Feb,Qtr1,5,S,1,1417,18920.2
2/9/2026,Screen Print,2026,2026,Feb,Feb,Qtr1,6,M,1,1417,18920.2
2/10/2026,Screen Print,2026,2026,Feb,Feb,Qtr1,6,T,1,1417,18920.2
2/11/2026,Screen Print,2026,2026,Feb,Feb,Qtr1,6,W,1,1417,18920.2
2/12/2026,Screen Print,2026,2026,Feb,Feb,Qtr1,6,TH,1,1417,18920.2
2/13/2026,Screen Print,2026,2026,Feb,Feb,Qtr1,6,F,1,1417,18920.2
2/14/2026,Screen Print,2026,2026,Feb,Feb,Qtr1,6,S,1,1417,18920.2
2/16/2026,Screen Print,2026,2026,Feb,Feb,Qtr1,7,M,1,1417,18920.2
2/17/2026,Screen Print,2026,2026,Feb,Feb,Qtr1,7,T,1,1417,18920.2
2/18/2026,Screen Print,2026,2026,Feb,Feb,Qtr1,7,W,1,1417,18920.2
2/19/2026,Screen Print,2026,2026,Feb,Feb,Qtr1,7,TH,1,1417,18920.2
2/20/2026,Screen Print,2026,2026,Feb,Feb,Qtr1,7,F,1,1417,18920.2
2/21/2026,Screen Print,2026,2026,Feb,Feb,Qtr1,7,S,1,1417,18920.2
2/23/2026,Screen Print,2026,2026,Feb,Feb,Qtr1,8,M,1,1417,18920.2
2/24/2026,Screen Print,2026,2026,Feb,Feb,Qtr1,8,T,1,1417,18920.2
2/25/2026,Screen Print,2026,2026,Feb,Feb,Qtr1,8,W,1,1417,18920.2
2/26/2026,Screen Print,2026,2026,Feb,Feb,Qtr1,8,TH,1,1417,18920.2
2/27/2026,Screen Print,2026,2026,Feb,Feb,Qtr1,8,F,1,1417,18920.2
2/28/2026,Screen Print,2026,2026,Feb,Feb,Qtr1,8,S,1,1417,18920.2
3/2/2026,Screen Print,2026,2026,Mar,Mar,Qtr1,9,M,1,1417,18920.2
3/3/2026,Screen Print,2026,2026,Mar,Mar,Qtr1,9,T,1,1417,18920.2
3/4/2026,Screen Print,2026,2026,Mar,Mar,Qtr1,9,W,1,1417,18920.2
3/5/2026,Screen Print,2026,2026,Mar,Mar,Qtr1,9,TH,1,1417,18920.2
3/6/2026,Screen Print,2026,2026,Mar,Mar,Qtr1,9,F,1,1417,18920.2
3/7/2026,Screen Print,2026,2026,Mar,Mar,Qtr1,9,S,1,1417,18920.2
3/9/2026,Screen Print,2026,2026,Mar,Mar,Qtr1,10,M,1,1417,18920.2
3/10/2026,Screen Print,2026,2026,Mar,Mar,Qtr1,10,T,1,1417,18920.2
3/11/2026,Screen Print,2026,2026,Mar,Mar,Qtr1,10,W,1,1417,18920.2
3/12/2026,Screen Print,2026,2026,Mar,Mar,Qtr1,10,TH,1,1417,18920.2
3/13/2026,Screen Print,2026,2026,Mar,Mar,Qtr1,10,F,1,1417,18920.2
3/14/2026,Screen Print,2026,2026,Mar,Mar,Qtr1,10,S,1,1417,18920.2
3/16/2026,Screen Print,2026,2026,Mar,Mar,Qtr1,11,M,1,1417,18920.2
3/17/2026,Screen Print,2026,2026,Mar,Mar,Qtr1,11,T,1,1417,18920.2
3/18/2026,Screen Print,2026,2026,Mar,Mar,Qtr1,11,W,1,1417,18920.2
3/19/2026,Screen Print,2026,2026,Mar,Mar,Qtr1,11,TH,1,1417,18920.2
3/20/2026,Screen Print,2026,2026,Mar,Mar,Qtr1,11,F,1,1417,18920.2
3/21/2026,Screen Print,2026,2026,Mar,Mar,Qtr1,11,S,1,1417,18920.2
3/23/2026,Screen Print,2026,2026,Mar,Mar,Qtr1,12,M,1,1417,18920.2
3/24/2026,Screen Print,2026,2026,Mar,Mar,Qtr1,12,T,1,1417,18920.2
3/25/2026,Screen Print,2026,2026,Mar,Mar,Qtr1,12,W,1,1417,18920.2
3/26/2026,Screen Print,2026,2026,Mar,Mar,Qtr1,12,TH,1,1417,18920.2
3/27/2026,Screen Print,2026,2026,Mar,Mar,Qtr1,12,F,1,1417,18920.2
3/28/2026,Screen Print,2026,2026,Mar,Mar,Qtr1,12,S,1,1417,18920.2
3/30/2026,Screen Print,2026,2026,Mar,Mar,Qtr1,13,M,1,1417,18920.2
3/31/2026,Screen Print,2026,2026,Mar,Mar,Qtr1,13,T,1,1417,18920.2
4/1/2026,Screen Print,2026,2026,Apr,Mar,Qtr1,13,W,1,1417,18920.2
4/2/2026,Screen Print,2026,2026,Apr,Mar,Qtr1,13,TH,1,1417,18920.2
4/3/2026,Screen Print,2026,2026,Apr,Mar,Qtr1,13,F,1,1417,18920.2
4/4/2026,Screen Print,2026,2026,Apr,Mar,Qtr1,13,S,1,1417,18920.2
1/5/2026,Digital,2026,2026,Jan,Jan,Qtr1,1,M,1,2500,24254.22
1/6/2026,Digital,2026,2026,Jan,Jan,Qtr1,1,T,1,2500,24254.22
1/7/2026,Digital,2026,2026,Jan,Jan,Qtr1,1,W,1,2500,24254.22
1/8/2026,Digital,2026,2026,Jan,Jan,Qtr1,1,TH,1,2500,24254.22
1/9/2026,Digital,2026,2026,Jan,Jan,Qtr1,1,F,1,2500,24254.22
1/12/2026,Digital,2026,2026,Jan,Jan,Qtr1,2,M,1,2500,24254.22
1/13/2026,Digital,2026,2026,Jan,Jan,Qtr1,2,T,1,2500,24254.22
1/14/2026,Digital,2026,2026,Jan,Jan,Qtr1,2,W,1,2500,24254.22
1/15/2026,Digital,2026,2026,Jan,Jan,Qtr1,2,TH,1,2500,24254.22
1/16/2026,Digital,2026,2026,Jan,Jan,Qtr1,2,F,1,2500,24254.22
1/19/2026,Digital,2026,2026,Jan,Jan,Qtr1,3,M,1,2500,24254.22
1/20/2026,Digital,2026,2026,Jan,Jan,Qtr1,3,T,1,2500,24254.22
1/21/2026,Digital,2026,2026,Jan,Jan,Qtr1,3,W,1,2500,24254.22
1/22/2026,Digital,2026,2026,Jan,Jan,Qtr1,3,TH,1,2500,24254.22
1/23/2026,Digital,2026,2026,Jan,Jan,Qtr1,3,F,1,2500,24254.22
1/26/2026,Digital,2026,2026,Jan,Jan,Qtr1,4,M,1,2500,24254.22
1/27/2026,Digital,2026,2026,Jan,Jan,Qtr1,4,T,1,2500,24254.22
1/28/2026,Digital,2026,2026,Jan,Jan,Qtr1,4,W,1,2500,24254.22
1/29/2026,Digital,2026,2026,Jan,Jan,Qtr1,4,TH,1,2500,24254.22
1/30/2026,Digital,2026,2026,Jan,Jan,Qtr1,4,F,1,2500,24254.22
2/2/2026,Digital,2026,2026,Feb,Feb,Qtr1,5,M,1,2500,24254.22
2/3/2026,Digital,2026,2026,Feb,Feb,Qtr1,5,T,1,2500,24254.22
2/4/2026,Digital,2026,2026,Feb,Feb,Qtr1,5,W,1,2500,24254.22
2/5/2026,Digital,2026,2026,Feb,Feb,Qtr1,5,TH,1,2500,24254.22
2/6/2026,Digital,2026,2026,Feb,Feb,Qtr1,5,F,1,2500,24254.22
2/9/2026,Digital,2026,2026,Feb,Feb,Qtr1,6,M,1,2500,24254.22
2/10/2026,Digital,2026,2026,Feb,Feb,Qtr1,6,T,1,2500,24254.22
2/11/2026,Digital,2026,2026,Feb,Feb,Qtr1,6,W,1,2500,24254.22
2/12/2026,Digital,2026,2026,Feb,Feb,Qtr1,6,TH,1,2500,24254.22
2/13/2026,Digital,2026,2026,Feb,Feb,Qtr1,6,F,1,2500,24254.22
2/16/2026,Digital,2026,2026,Feb,Feb,Qtr1,7,M,1,2500,24254.22
2/17/2026,Digital,2026,2026,Feb,Feb,Qtr1,7,T,1,2500,24254.22
2/18/2026,Digital,2026,2026,Feb,Feb,Qtr1,7,W,1,2500,24254.22
2/19/2026,Digital,2026,2026,Feb,Feb,Qtr1,7,TH,1,2500,24254.22
2/20/2026,Digital,2026,2026,Feb,Feb,Qtr1,7,F,1,2500,24254.22
2/23/2026,Digital,2026,2026,Feb,Feb,Qtr1,8,M,1,2500,24254.22
2/24/2026,Digital,2026,2026,Feb,Feb,Qtr1,8,T,1,2500,24254.22
2/25/2026,Digital,2026,2026,Feb,Feb,Qtr1,8,W,1,2500,24254.22
2/26/2026,Digital,2026,2026,Feb,Feb,Qtr1,8,TH,1,2500,24254.22
2/27/2026,Digital,2026,2026,Feb,Feb,Qtr1,8,F,1,2500,24254.22
3/2/2026,Digital,2026,2026,Mar,Mar,Qtr1,9,M,1,2500,24254.22
3/3/2026,Digital,2026,2026,Mar,Mar,Qtr1,9,T,1,2500,24254.22
3/4/2026,Digital,2026,2026,Mar,Mar,Qtr1,9,W,1,2500,24254.22
3/5/2026,Digital,2026,2026,Mar,Mar,Qtr1,9,TH,1,2500,24254.22
3/6/2026,Digital,2026,2026,Mar,Mar,Qtr1,9,F,1,2500,24254.22
3/9/2026,Digital,2026,2026,Mar,Mar,Qtr1,10,M,1,2500,24254.22
3/10/2026,Digital,2026,2026,Mar,Mar,Qtr1,10,T,1,2500,24254.22
3/11/2026,Digital,2026,2026,Mar,Mar,Qtr1,10,W,1,2500,24254.22
3/12/2026,Digital,2026,2026,Mar,Mar,Qtr1,10,TH,1,2500,24254.22
3/13/2026,Digital,2026,2026,Mar,Mar,Qtr1,10,F,1,2500,24254.22
3/16/2026,Digital,2026,2026,Mar,Mar,Qtr1,11,M,1,2500,24254.22
3/17/2026,Digital,2026,2026,Mar,Mar,Qtr1,11,T,1,2500,24254.22
3/18/2026,Digital,2026,2026,Mar,Mar,Qtr1,11,W,1,2500,24254.22
3/19/2026,Digital,2026,2026,Mar,Mar,Qtr1,11,TH,1,2500,24254.22
3/20/2026,Digital,2026,2026,Mar,Mar,Qtr1,11,F,1,2500,24254.22
3/23/2026,Digital,2026,2026,Mar,Mar,Qtr1,12,M,1,2500,24254.22
3/24/2026,Digital,2026,2026,Mar,Mar,Qtr1,12,T,1,2500,24254.22
3/25/2026,Digital,2026,2026,Mar,Mar,Qtr1,12,W,1,2500,24254.22
3/26/2026,Digital,2026,2026,Mar,Mar,Qtr1,12,TH,1,2500,24254.22
3/27/2026,Digital,2026,2026,Mar,Mar,Qtr1,12,F,1,2500,24254.22
3/30/2026,Digital,2026,2026,Mar,Mar,Qtr1,13,M,1,2500,24254.22
3/31/2026,Digital,2026,2026,Mar,Mar,Qtr1,13,T,1,2500,24254.22
4/1/2026,Digital,2026,2026,Apr,Mar,Qtr1,13,W,1,2500,24254.22
4/2/2026,Digital,2026,2026,Apr,Mar,Qtr1,13,TH,1,2500,24254.22
4/3/2026,Digital,2026,2026,Apr,Mar,Qtr1,13,F,1,2500,24254.22
4/6/2026,Digital,2026,2026,Apr,Apr,Qtr1,14,M,1,2500,24254.22
4/7/2026,Digital,2026,2026,Apr,Apr,Qtr1,14,T,1,2500,24254.22
4/8/2026,Digital,2026,2026,Apr,Apr,Qtr1,14,W,1,2500,24254.22
4/9/2026,Digital,2026,2026,Apr,Apr,Qtr1,14,TH,1,2500,24254.22
4/10/2026,Digital,2026,2026,Apr,Apr,Qtr1,14,F,1,2500,24254.22
4/13/2026,Digital,2026,2026,Apr,Apr,Qtr2,15,M,1,2500,24254.22
4/14/2026,Digital,2026,2026,Apr,Apr,Qtr2,15,T,1,2500,24254.22
4/15/2026,Digital,2026,2026,Apr,Apr,Qtr2,15,W,1,2500,24254.22
4/16/2026,Digital,2026,2026,Apr,Apr,Qtr2,15,TH,1,2500,24254.22
4/17/2026,Digital,2026,2026,Apr,Apr,Qtr2,15,F,1,2500,24254.22
4/20/2026,Digital,2026,2026,Apr,Apr,Qtr2,16,M,1,2500,24254.22
4/21/2026,Digital,2026,2026,Apr,Apr,Qtr2,16,T,1,2500,24254.22
4/22/2026,Digital,2026,2026,Apr,Apr,Qtr2,16,W,1,2500,24254.22
4/23/2026,Digital,2026,2026,Apr,Apr,Qtr2,16,TH,1,2500,24254.22
4/24/2026,Digital,2026,2026,Apr,Apr,Qtr2,16,F,1,2500,24254.22
4/27/2026,Digital,2026,2026,Apr,Apr,Qtr2,17,M,1,2500,24254.22
4/28/2026,Digital,2026,2026,Apr,Apr,Qtr2,17,T,1,2500,24254.22
4/29/2026,Digital,2026,2026,Apr,Apr,Qtr2,17,W,1,2500,24254.22
4/30/2026,Digital,2026,2026,Apr,Apr,Qtr2,17,TH,1,2500,24254.22
5/1/2026,Digital,2026,2026,May,Apr,Qtr2,17,F,1,2500,24254.22
5/4/2026,Digital,2026,2026,May,May,Qtr2,18,M,1,2500,24254.22
5/5/2026,Digital,2026,2026,May,May,Qtr2,18,T,1,2500,24254.22
5/6/2026,Digital,2026,2026,May,May,Qtr2,18,W,1,2500,24254.22
5/7/2026,Digital,2026,2026,May,May,Qtr2,18,TH,1,2500,24254.22
5/8/2026,Digital,2026,2026,May,May,Qtr2,18,F,1,2500,24254.22
5/11/2026,Digital,2026,2026,May,May,Qtr2,19,M,1,2500,24254.22
5/12/2026,Digital,2026,2026,May,May,Qtr2,19,T,1,2500,24254.22
5/13/2026,Digital,2026,2026,May,May,Qtr2,19,W,1,2500,24254.22
5/14/2026,Digital,2026,2026,May,May,Qtr2,19,TH,1,2500,24254.22
5/15/2026,Digital,2026,2026,May,May,Qtr2,19,F,1,2500,24254.22
5/18/2026,Digital,2026,2026,May,May,Qtr2,20,M,1,2500,24254.22
5/19/2026,Digital,2026,2026,May,May,Qtr2,20,T,1,2500,24254.22
5/20/2026,Digital,2026,2026,May,May,Qtr2,20,W,1,2500,24254.22
5/21/2026,Digital,2026,2026,May,May,Qtr2,20,TH,1,2500,24254.22
5/22/2026,Digital,2026,2026,May,May,Qtr2,20,F,1,2500,24254.22
5/25/2026,Digital,2026,2026,May,May,Qtr2,21,M,1,2500,24254.22
5/26/2026,Digital,2026,2026,May,May,Qtr2,21,T,1,2500,24254.22
5/27/2026,Digital,2026,2026,May,May,Qtr2,21,W,1,2500,24254.22
5/28/2026,Digital,2026,2026,May,May,Qtr2,21,TH,1,2500,24254.22
5/29/2026,Digital,2026,2026,May,May,Qtr2,21,F,1,2500,24254.22
6/1/2026,Digital,2026,2026,Jun,Jun,Qtr2,22,M,1,2500,24254.22
6/2/2026,Digital,2026,2026,Jun,Jun,Qtr2,22,T,1,2500,24254.22
6/3/2026,Digital,2026,2026,Jun,Jun,Qtr2,22,W,1,2500,24254.22
6/4/2026,Digital,2026,2026,Jun,Jun,Qtr2,22,TH,1,2500,24254.22
6/5/2026,Digital,2026,2026,Jun,Jun,Qtr2,22,F,1,2500,24254.22
6/8/2026,Digital,2026,2026,Jun,Jun,Qtr2,23,M,1,2500,24254.22
6/9/2026,Digital,2026,2026,Jun,Jun,Qtr2,23,T,1,2500,24254.22
6/10/2026,Digital,2026,2026,Jun,Jun,Qtr2,23,W,1,2500,24254.22
6/11/2026,Digital,2026,2026,Jun,Jun,Qtr2,23,TH,1,2500,24254.22
6/12/2026,Digital,2026,2026,Jun,Jun,Qtr2,23,F,1,2500,24254.22
6/15/2026,Digital,2026,2026,Jun,Jun,Qtr2,24,M,1,2500,24254.22
6/16/2026,Digital,2026,2026,Jun,Jun,Qtr2,24,T,1,2500,24254.22
6/17/2026,Digital,2026,2026,Jun,Jun,Qtr2,24,W,1,2500,24254.22
6/18/2026,Digital,2026,2026,Jun,Jun,Qtr2,24,TH,1,2500,24254.22
6/19/2026,Digital,2026,2026,Jun,Jun,Qtr2,24,F,1,2500,24254.22
6/22/2026,Digital,2026,2026,Jun,Jun,Qtr2,25,M,1,2500,24254.22
6/23/2026,Digital,2026,2026,Jun,Jun,Qtr2,25,T,1,2500,24254.22
6/24/2026,Digital,2026,2026,Jun,Jun,Qtr2,25,W,1,2500,24254.22
6/25/2026,Digital,2026,2026,Jun,Jun,Qtr2,25,TH,1,2500,24254.22
6/26/2026,Digital,2026,2026,Jun,Jun,Qtr2,25,F,1,2500,24254.22
6/29/2026,Digital,2026,2026,Jun,Jun,Qtr2,26,M,1,2500,24254.22
6/30/2026,Digital,2026,2026,Jun,Jun,Qtr2,26,T,1,2500,24254.22
7/1/2026,Digital,2026,2026,Jul,Jun,Qtr2,26,W,1,2500,24254.22
7/2/2026,Digital,2026,2026,Jul,Jun,Qtr2,26,TH,1,2500,24254.22
7/3/2026,Digital,2026,2026,Jul,Jun,Qtr2,26,F,1,2500,24254.22
7/6/2026,Digital,2026,2026,Jul,Jul,Qtr2,27,M,1,2500,24254.22
7/7/2026,Digital,2026,2026,Jul,Jul,Qtr2,27,T,1,2500,24254.22
7/8/2026,Digital,2026,2026,Jul,Jul,Qtr2,27,W,1,2500,24254.22
7/9/2026,Digital,2026,2026,Jul,Jul,Qtr2,27,TH,1,2500,24254.22
7/10/2026,Digital,2026,2026,Jul,Jul,Qtr2,27,F,1,2500,24254.22
7/13/2026,Digital,2026,2026,Jul,Jul,Qtr3,28,M,1,2500,24254.22
7/14/2026,Digital,2026,2026,Jul,Jul,Qtr3,28,T,1,2500,24254.22
7/15/2026,Digital,2026,2026,Jul,Jul,Qtr3,28,W,1,2500,24254.22
7/16/2026,Digital,2026,2026,Jul,Jul,Qtr3,28,TH,1,2500,24254.22
7/17/2026,Digital,2026,2026,Jul,Jul,Qtr3,28,F,1,2500,24254.22
7/20/2026,Digital,2026,2026,Jul,Jul,Qtr3,29,M,1,2500,24254.22
7/21/2026,Digital,2026,2026,Jul,Jul,Qtr3,29,T,1,2500,24254.22
7/22/2026,Digital,2026,2026,Jul,Jul,Qtr3,29,W,1,2500,24254.22
7/23/2026,Digital,2026,2026,Jul,Jul,Qtr3,29,TH,1,2500,24254.22
7/24/2026,Digital,2026,2026,Jul,Jul,Qtr3,29,F,1,2500,24254.22
7/27/2026,Digital,2026,2026,Jul,Jul,Qtr3,30,M,1,2500,24254.22
7/28/2026,Digital,2026,2026,Jul,Jul,Qtr3,30,T,1,2500,24254.22
7/29/2026,Digital,2026,2026,Jul,Jul,Qtr3,30,W,1,2500,24254.22
7/30/2026,Digital,2026,2026,Jul,Jul,Qtr3,30,TH,1,2500,24254.22
7/31/2026,Digital,2026,2026,Jul,Jul,Qtr3,30,F,1,2500,24254.22
8/3/2026,Digital,2026,2026,Aug,Aug,Qtr3,31,M,1,2500,24254.22
8/4/2026,Digital,2026,2026,Aug,Aug,Qtr3,31,T,1,2500,24254.22
8/5/2026,Digital,2026,2026,Aug,Aug,Qtr3,31,W,1,2500,24254.22
8/6/2026,Digital,2026,2026,Aug,Aug,Qtr3,31,TH,1,2500,24254.22
8/7/2026,Digital,2026,2026,Aug,Aug,Qtr3,31,F,1,2500,24254.22
8/10/2026,Digital,2026,2026,Aug,Aug,Qtr3,32,M,1,2500,24254.22
8/11/2026,Digital,2026,2026,Aug,Aug,Qtr3,32,T,1,2500,24254.22
8/12/2026,Digital,2026,2026,Aug,Aug,Qtr3,32,W,1,2500,24254.22
8/13/2026,Digital,2026,2026,Aug,Aug,Qtr3,32,TH,1,2500,24254.22
8/14/2026,Digital,2026,2026,Aug,Aug,Qtr3,32,F,1,2500,24254.22
8/17/2026,Digital,2026,2026,Aug,Aug,Qtr3,33,M,1,2500,24254.22
8/18/2026,Digital,2026,2026,Aug,Aug,Qtr3,33,T,1,2500,24254.22
8/19/2026,Digital,2026,2026,Aug,Aug,Qtr3,33,W,1,2500,24254.22
8/20/2026,Digital,2026,2026,Aug,Aug,Qtr3,33,TH,1,2500,24254.22
8/21/2026,Digital,2026,2026,Aug,Aug,Qtr3,33,F,1,2500,24254.22
8/24/2026,Digital,2026,2026,Aug,Aug,Qtr3,34,M,1,2500,24254.22
8/25/2026,Digital,2026,2026,Aug,Aug,Qtr3,34,T,1,2500,24254.22
8/26/2026,Digital,2026,2026,Aug,Aug,Qtr3,34,W,1,2500,24254.22
8/27/2026,Digital,2026,2026,Aug,Aug,Qtr3,34,TH,1,2500,24254.22
8/28/2026,Digital,2026,2026,Aug,Aug,Qtr3,34,F,1,2500,24254.22
8/31/2026,Digital,2026,2026,Aug,Sep,Qtr3,35,M,1,2500,24254.22
9/1/2026,Digital,2026,2026,Sep,Sep,Qtr3,35,T,1,2500,24254.22
9/2/2026,Digital,2026,2026,Sep,Sep,Qtr3,35,W,1,2500,24254.22
9/3/2026,Digital,2026,2026,Sep,Sep,Qtr3,35,TH,1,2500,24254.22
9/4/2026,Digital,2026,2026,Sep,Sep,Qtr3,35,F,1,2500,24254.22
9/7/2026,Digital,2026,2026,Sep,Sep,Qtr3,36,M,1,2500,24254.22
9/8/2026,Digital,2026,2026,Sep,Sep,Qtr3,36,T,1,2500,24254.22
9/9/2026,Digital,2026,2026,Sep,Sep,Qtr3,36,W,1,2500,24254.22
9/10/2026,Digital,2026,2026,Sep,Sep,Qtr3,36,TH,1,2500,24254.22
9/11/2026,Digital,2026,2026,Sep,Sep,Qtr3,36,F,1,2500,24254.22
9/14/2026,Digital,2026,2026,Sep,Sep,Qtr3,37,M,1,2500,24254.22
9/15/2026,Digital,2026,2026,Sep,Sep,Qtr3,37,T,1,2500,24254.22
9/16/2026,Digital,2026,2026,Sep,Sep,Qtr3,37,W,1,2500,24254.22
9/17/2026,Digital,2026,2026,Sep,Sep,Qtr3,37,TH,1,2500,24254.22
9/18/2026,Digital,2026,2026,Sep,Sep,Qtr3,37,F,1,2500,24254.22
9/21/2026,Digital,2026,2026,Sep,Sep,Qtr3,38,M,1,2500,24254.22
9/22/2026,Digital,2026,2026,Sep,Sep,Qtr3,38,T,1,2500,24254.22
9/23/2026,Digital,2026,2026,Sep,Sep,Qtr3,38,W,1,2500,24254.22
9/24/2026,Digital,2026,2026,Sep,Sep,Qtr3,38,TH,1,2500,24254.22
9/25/2026,Digital,2026,2026,Sep,Sep,Qtr3,38,F,1,2500,24254.22
9/28/2026,Digital,2026,2026,Sep,Sep,Qtr3,39,M,1,2500,24254.22
9/29/2026,Digital,2026,2026,Sep,Sep,Qtr3,39,T,1,2500,24254.22
9/30/2026,Digital,2026,2026,Sep,Sep,Qtr3,39,W,1,2500,24254.22
10/1/2026,Digital,2026,2026,Oct,Sep,Qtr3,39,TH,1,2500,24254.22
10/2/2026,Digital,2026,2026,Oct,Sep,Qtr3,39,F,1,2500,24254.22
10/5/2026,Digital,2026,2026,Oct,Oct,Qtr3,40,M,1,2500,24254.22
10/6/2026,Digital,2026,2026,Oct,Oct,Qtr3,40,T,1,2500,24254.22
10/7/2026,Digital,2026,2026,Oct,Oct,Qtr3,40,W,1,2500,24254.22
10/8/2026,Digital,2026,2026,Oct,Oct,Qtr3,40,TH,1,2500,24254.22
10/9/2026,Digital,2026,2026,Oct,Oct,Qtr3,40,F,1,2500,24254.22
10/12/2026,Digital,2026,2026,Oct,Oct,Qtr4,41,M,1,2500,24254.22
10/13/2026,Digital,2026,2026,Oct,Oct,Qtr4,41,T,1,2500,24254.22
10/14/2026,Digital,2026,2026,Oct,Oct,Qtr4,41,W,1,2500,24254.22
10/15/2026,Digital,2026,2026,Oct,Oct,Qtr4,41,TH,1,2500,24254.22
10/16/2026,Digital,2026,2026,Oct,Oct,Qtr4,41,F,1,2500,24254.22
10/19/2026,Digital,2026,2026,Oct,Oct,Qtr4,42,M,1,2500,24254.22
10/20/2026,Digital,2026,2026,Oct,Oct,Qtr4,42,T,1,2500,24254.22
10/21/2026,Digital,2026,2026,Oct,Oct,Qtr4,42,W,1,2500,24254.22
10/22/2026,Digital,2026,2026,Oct,Oct,Qtr4,42,TH,1,2500,24254.22
10/23/2026,Digital,2026,2026,Oct,Oct,Qtr4,42,F,1,2500,24254.22
10/26/2026,Digital,2026,2026,Oct,Oct,Qtr4,43,M,1,2500,24254.22
10/27/2026,Digital,2026,2026,Oct,Oct,Qtr4,43,T,1,2500,24254.22
10/28/2026,Digital,2026,2026,Oct,Oct,Qtr4,43,W,1,2500,24254.22
10/29/2026,Digital,2026,2026,Oct,Oct,Qtr4,43,TH,1,2500,24254.22
10/30/2026,Digital,2026,2026,Oct,Oct,Qtr4,43,F,1,2500,24254.22
11/2/2026,Digital,2026,2026,Nov,Nov,Qtr4,44,M,1,2500,24254.22
11/3/2026,Digital,2026,2026,Nov,Nov,Qtr4,44,T,1,2500,24254.22
11/4/2026,Digital,2026,2026,Nov,Nov,Qtr4,44,W,1,2500,24254.22
11/5/2026,Digital,2026,2026,Nov,Nov,Qtr4,44,TH,1,2500,24254.22
11/6/2026,Digital,2026,2026,Nov,Nov,Qtr4,44,F,1,2500,24254.22
11/9/2026,Digital,2026,2026,Nov,Nov,Qtr4,45,M,1,2500,24254.22
11/10/2026,Digital,2026,2026,Nov,Nov,Qtr4,45,T,1,2500,24254.22
11/11/2026,Digital,2026,2026,Nov,Nov,Qtr4,45,W,1,2500,24254.22
11/12/2026,Digital,2026,2026,Nov,Nov,Qtr4,45,TH,1,2500,24254.22
11/13/2026,Digital,2026,2026,Nov,Nov,Qtr4,45,F,1,2500,24254.22
11/16/2026,Digital,2026,2026,Nov,Nov,Qtr4,46,M,1,2500,24254.22
11/17/2026,Digital,2026,2026,Nov,Nov,Qtr4,46,T,1,2500,24254.22
11/18/2026,Digital,2026,2026,Nov,Nov,Qtr4,46,W,1,2500,24254.22
11/19/2026,Digital,2026,2026,Nov,Nov,Qtr4,46,TH,1,2500,24254.22
11/20/2026,Digital,2026,2026,Nov,Nov,Qtr4,46,F,1,2500,24254.22
11/23/2026,Digital,2026,2026,Nov,Nov,Qtr4,47,M,1,2500,24254.22
11/24/2026,Digital,2026,2026,Nov,Nov,Qtr4,47,T,1,2500,24254.22
11/25/2026,Digital,2026,2026,Nov,Nov,Qtr4,47,W,1,2500,24254.22
11/26/2026,Digital,2026,2026,Nov,Nov,Qtr4,47,TH,1,2500,24254.22
11/27/2026,Digital,2026,2026,Nov,Nov,Qtr4,47,F,1,2500,24254.22
11/30/2026,Digital,2026,2026,Nov,Dec,Qtr4,48,M,1,2500,24254.22
12/1/2026,Digital,2026,2026,Dec,Dec,Qtr4,48,T,1,2500,24254.22
12/2/2026,Digital,2026,2026,Dec,Dec,Qtr4,48,W,1,2500,24254.22
12/3/2026,Digital,2026,2026,Dec,Dec,Qtr4,48,TH,1,2500,24254.22
12/4/2026,Digital,2026,2026,Dec,Dec,Qtr4,48,F,1,2500,24254.22
12/7/2026,Digital,2026,2026,Dec,Dec,Qtr4,49,M,1,2500,24254.22
12/8/2026,Digital,2026,2026,Dec,Dec,Qtr4,49,T,1,2500,24254.22
12/9/2026,Digital,2026,2026,Dec,Dec,Qtr4,49,W,1,2500,24254.22
12/10/2026,Digital,2026,2026,Dec,Dec,Qtr4,49,TH,1,2500,24254.22
12/11/2026,Digital,2026,2026,Dec,Dec,Qtr4,49,F,1,2500,24254.22
12/14/2026,Digital,2026,2026,Dec,Dec,Qtr4,50,M,1,2500,24254.22
12/15/2026,Digital,2026,2026,Dec,Dec,Qtr4,50,T,1,2500,24254.22
12/16/2026,Digital,2026,2026,Dec,Dec,Qtr4,50,W,1,2500,24254.22
12/17/2026,Digital,2026,2026,Dec,Dec,Qtr4,50,TH,1,2500,24254.22
12/18/2026,Digital,2026,2026,Dec,Dec,Qtr4,50,F,1,2500,24254.22
12/21/2026,Digital,2026,2026,Dec,Dec,Qtr4,51,M,1,2500,24254.22
12/22/2026,Digital,2026,2026,Dec,Dec,Qtr4,51,T,1,2500,24254.22
12/23/2026,Digital,2026,2026,Dec,Dec,Qtr4,51,W,1,2500,24254.22
12/24/2026,Digital,2026,2026,Dec,Dec,Qtr4,51,TH,1,2500,24254.22
12/25/2026,Digital,2026,2026,Dec,Dec,Qtr4,51,F,1,2500,24254.22
12/28/2026,Digital,2026,2026,Dec,Dec,Qtr4,52,M,1,2500,24254.22
12/29/2026,Digital,2026,2026,Dec,Dec,Qtr4,52,T,1,2500,24254.22
12/30/2026,Digital,2026,2026,Dec,Dec,Qtr4,52,W,1,2500,24254.22
12/31/2026,Digital,2026,2026,Dec,Dec,Qtr4,52,TH,1,2500,24254.22
1/4/2025,Digital,2025,2025,Jan,Jan,Qtr1,1,S,0,1050,11369.46
1/5/2025,Digital,2025,2025,Jan,Jan,Qtr1,1,SU,0,1050,11369.46
1/11/2025,Digital,2025,2025,Jan,Jan,Qtr1,2,S,0,1050,11369.46
1/12/2025,Digital,2025,2025,Jan,Jan,Qtr1,2,SU,0,1050,11369.46
1/18/2025,Digital,2025,2025,Jan,Jan,Qtr1,3,S,0,1050,11369.46
1/19/2025,Digital,2025,2025,Jan,Jan,Qtr1,3,SU,0,1050,11369.46
1/25/2025,Digital,2025,2025,Jan,Jan,Qtr1,4,S,0,1050,11369.46
1/26/2025,Digital,2025,2025,Jan,Jan,Qtr1,4,SU,0,1050,11369.46
2/1/2025,Digital,2025,2025,Feb,Feb,Qtr1,5,S,0,1050,11369.46
2/2/2025,Digital,2025,2025,Feb,Feb,Qtr1,5,SU,0,1050,11369.46
2/8/2025,Digital,2025,2025,Feb,Feb,Qtr1,6,S,0,1050,11369.46
2/9/2025,Digital,2025,2025,Feb,Feb,Qtr1,6,SU,0,1050,11369.46
2/15/2025,Digital,2025,2025,Feb,Feb,Qtr1,7,S,0,1050,11369.46
2/16/2025,Digital,2025,2025,Feb,Feb,Qtr1,7,SU,0,1050,11369.46
2/22/2025,Digital,2025,2025,Feb,Feb,Qtr1,8,S,0,1050,11369.46
2/23/2025,Digital,2025,2025,Feb,Feb,Qtr1,8,SU,0,1050,11369.46
3/1/2025,Digital,2025,2025,Mar,Mar,Qtr1,9,S,0,1050,11369.46
3/2/2025,Digital,2025,2025,Mar,Mar,Qtr1,9,SU,0,1050,11369.46
3/8/2025,Digital,2025,2025,Mar,Mar,Qtr1,10,S,0,1050,11369.46
3/9/2025,Digital,2025,2025,Mar,Mar,Qtr1,10,SU,0,1050,11369.46
3/15/2025,Digital,2025,2025,Mar,Mar,Qtr1,11,S,0,1050,11369.46
3/16/2025,Digital,2025,2025,Mar,Mar,Qtr1,11,SU,0,1050,11369.46
3/22/2025,Digital,2025,2025,Mar,Mar,Qtr1,12,S,0,1050,11369.46
3/23/2025,Digital,2025,2025,Mar,Mar,Qtr1,12,SU,0,1050,11369.46
3/29/2025,Digital,2025,2025,Mar,Mar,Qtr1,13,S,0,1050,11369.46
3/30/2025,Digital,2025,2025,Mar,Mar,Qtr1,13,SU,0,1050,11369.46
4/5/2025,Digital,2025,2025,Apr,Apr,Qtr1,14,S,0,1050,11369.46
4/6/2025,Digital,2025,2025,Apr,Apr,Qtr1,14,SU,0,1050,11369.46
4/12/2025,Digital,2025,2025,Apr,Apr,Qtr2,15,S,0,1050,11369.46
4/13/2025,Digital,2025,2025,Apr,Apr,Qtr2,15,SU,0,1050,11369.46
4/19/2025,Digital,2025,2025,Apr,Apr,Qtr2,16,S,0,1050,11369.46
4/20/2025,Digital,2025,2025,Apr,Apr,Qtr2,16,SU,0,1050,11369.46
4/26/2025,Digital,2025,2025,Apr,Apr,Qtr2,17,S,0,1050,11369.46
4/27/2025,Digital,2025,2025,Apr,Apr,Qtr2,17,SU,0,1050,11369.46
5/3/2025,Digital,2025,2025,May,May,Qtr2,18,S,0,1050,11369.46
5/4/2025,Digital,2025,2025,May,May,Qtr2,18,SU,0,1050,11369.46
5/10/2025,Digital,2025,2025,May,May,Qtr2,19,S,0,1050,11369.46
5/11/2025,Digital,2025,2025,May,May,Qtr2,19,SU,0,1050,11369.46
5/17/2025,Digital,2025,2025,May,May,Qtr2,20,S,0,1050,11369.46
5/18/2025,Digital,2025,2025,May,May,Qtr2,20,SU,0,1050,11369.46
5/24/2025,Digital,2025,2025,May,May,Qtr2,21,S,0,1050,11369.46
5/25/2025,Digital,2025,2025,May,May,Qtr2,21,SU,0,1050,11369.46
5/31/2025,Digital,2025,2025,May,Jun,Qtr2,22,S,0,1050,11369.46
6/1/2025,Digital,2025,2025,Jun,Jun,Qtr2,22,SU,0,1050,11369.46
6/7/2025,Digital,2025,2025,Jun,Jun,Qtr2,23,S,0,1050,11369.46
6/8/2025,Digital,2025,2025,Jun,Jun,Qtr2,23,SU,0,1050,11369.46
6/14/2025,Digital,2025,2025,Jun,Jun,Qtr2,24,S,0,1050,11369.46
6/15/2025,Digital,2025,2025,Jun,Jun,Qtr2,24,SU,0,1050,11369.46
6/21/2025,Digital,2025,2025,Jun,Jun,Qtr2,25,S,0,1050,11369.46
6/22/2025,Digital,2025,2025,Jun,Jun,Qtr2,25,SU,0,1050,11369.46
6/28/2025,Digital,2025,2025,Jun,Jun,Qtr2,26,S,0,1050,11369.46
6/29/2025,Digital,2025,2025,Jun,Jun,Qtr2,26,SU,0,1050,11369.46
7/5/2025,Digital,2025,2025,Jul,Jul,Qtr2,27,S,0,1050,11369.46
7/6/2025,Digital,2025,2025,Jul,Jul,Qtr2,27,SU,0,1050,11369.46
7/12/2025,Digital,2025,2025,Jul,Jul,Qtr3,28,S,0,1050,11369.46
7/13/2025,Digital,2025,2025,Jul,Jul,Qtr3,28,SU,0,1050,11369.46
7/19/2025,Digital,2025,2025,Jul,Jul,Qtr3,29,S,0,1050,11369.46
7/20/2025,Digital,2025,2025,Jul,Jul,Qtr3,29,SU,0,1050,11369.46
7/26/2025,Digital,2025,2025,Jul,Jul,Qtr3,30,S,0,1050,11369.46
7/27/2025,Digital,2025,2025,Jul,Jul,Qtr3,30,SU,0,1050,11369.46
8/2/2025,Digital,2025,2025,Aug,Aug,Qtr3,31,S,0,1050,11369.46
8/3/2025,Digital,2025,2025,Aug,Aug,Qtr3,31,SU,0,1050,11369.46
8/9/2025,Digital,2025,2025,Aug,Aug,Qtr3,32,S,0,1050,11369.46
8/10/2025,Digital,2025,2025,Aug,Aug,Qtr3,32,SU,0,1050,11369.46
8/16/2025,Digital,2025,2025,Aug,Aug,Qtr3,33,S,0,1050,11369.46
8/17/2025,Digital,2025,2025,Aug,Aug,Qtr3,33,SU,0,1050,11369.46
8/23/2025,Digital,2025,2025,Aug,Aug,Qtr3,34,S,0,1050,11369.46
8/24/2025,Digital,2025,2025,Aug,Aug,Qtr3,34,SU,0,1050,11369.46
8/30/2025,Digital,2025,2025,Aug,Sep,Qtr3,35,S,0,1050,11369.46
8/31/2025,Digital,2025,2025,Aug,Sep,Qtr3,35,SU,0,1050,11369.46
9/6/2025,Digital,2025,2025,Sep,Sep,Qtr3,36,S,0,1050,11369.46
9/7/2025,Digital,2025,2025,Sep,Sep,Qtr3,36,SU,0,1050,11369.46
9/13/2025,Digital,2025,2025,Sep,Sep,Qtr3,37,S,0,1050,11369.46
9/14/2025,Digital,2025,2025,Sep,Sep,Qtr3,37,SU,0,1050,11369.46
9/20/2025,Digital,2025,2025,Sep,Sep,Qtr3,38,S,0,1050,11369.46
9/21/2025,Digital,2025,2025,Sep,Sep,Qtr3,38,SU,0,1050,11369.46
9/27/2025,Digital,2025,2025,Sep,Sep,Qtr3,39,S,0,1050,11369.46
9/28/2025,Digital,2025,2025,Sep,Sep,Qtr3,39,SU,0,1050,11369.46
10/4/2025,Digital,2025,2025,Oct,Oct,Qtr3,40,S,0,1050,11369.46
10/5/2025,Digital,2025,2025,Oct,Oct,Qtr3,40,SU,0,1050,11369.46
10/11/2025,Digital,2025,2025,Oct,Oct,Qtr4,41,S,0,1050,11369.46
10/12/2025,Digital,2025,2025,Oct,Oct,Qtr4,41,SU,0,1050,11369.46
10/18/2025,Digital,2025,2025,Oct,Oct,Qtr4,42,S,0,1050,11369.46
10/19/2025,Digital,2025,2025,Oct,Oct,Qtr4,42,SU,0,1050,11369.46
10/25/2025,Digital,2025,2025,Oct,Oct,Qtr4,43,S,0,1050,11369.46
10/26/2025,Digital,2025,2025,Oct,Oct,Qtr4,43,SU,0,1050,11369.46
11/1/2025,Digital,2025,2025,Nov,Nov,Qtr4,44,S,0,1050,11369.46
11/2/2025,Digital,2025,2025,Nov,Nov,Qtr4,44,SU,0,1050,11369.46
11/8/2025,Digital,2025,2025,Nov,Nov,Qtr4,45,S,0,1050,11369.46
11/9/2025,Digital,2025,2025,Nov,Nov,Qtr4,45,SU,0,1050,11369.46
11/15/2025,Digital,2025,2025,Nov,Nov,Qtr4,46,S,0,1050,11369.46
11/16/2025,Digital,2025,2025,Nov,Nov,Qtr4,46,SU,0,1050,11369.46
11/22/2025,Digital,2025,2025,Nov,Nov,Qtr4,47,S,0,1050,11369.46
11/23/2025,Digital,2025,2025,Nov,Nov,Qtr4,47,SU,0,1050,11369.46
11/29/2025,Digital,2025,2025,Nov,Dec,Qtr4,48,S,0,1050,11369.46
11/30/2025,Digital,2025,2025,Nov,Dec,Qtr4,48,SU,0,1050,11369.46
12/6/2025,Digital,2025,2025,Dec,Dec,Qtr4,49,S,0,1050,11369.46
12/7/2025,Digital,2025,2025,Dec,Dec,Qtr4,49,SU,0,1050,11369.46
12/13/2025,Digital,2025,2025,Dec,Dec,Qtr4,50,S,0,1050,11369.46
12/14/2025,Digital,2025,2025,Dec,Dec,Qtr4,50,SU,0,1050,11369.46
12/20/2025,Digital,2025,2025,Dec,Dec,Qtr4,51,S,0,1050,11369.46
12/21/2025,Digital,2025,2025,Dec,Dec,Qtr4,51,SU,0,1050,11369.46
12/27/2025,Digital,2025,2025,Dec,Dec,Qtr4,52,S,0,1050,11369.46
12/28/2025,Digital,2025,2025,Dec,Dec,Qtr4,52,SU,0,1050,11369.46
1/1/2025,Digital,2025,2025,Jan,Jan,Qtr1,1,W,1,1050,11369.46
1/2/2025,Digital,2025,2025,Jan,Jan,Qtr1,1,TH,1,1050,11369.46
1/3/2025,Digital,2025,2025,Jan,Jan,Qtr1,1,F,1,1050,11369.46
1/6/2025,Digital,2025,2025,Jan,Jan,Qtr1,2,M,1,1050,11369.46
1/7/2025,Digital,2025,2025,Jan,Jan,Qtr1,2,T,1,1050,11369.46
1/8/2025,Digital,2025,2025,Jan,Jan,Qtr1,2,W,1,1050,11369.46
1/9/2025,Digital,2025,2025,Jan,Jan,Qtr1,2,TH,1,1050,11369.46
1/10/2025,Digital,2025,2025,Jan,Jan,Qtr1,2,F,1,1050,11369.46
1/13/2025,Digital,2025,2025,Jan,Jan,Qtr1,3,M,1,1050,11369.46
1/14/2025,Digital,2025,2025,Jan,Jan,Qtr1,3,T,1,1050,11369.46
1/15/2025,Digital,2025,2025,Jan,Jan,Qtr1,3,W,1,1050,11369.46
1/16/2025,Digital,2025,2025,Jan,Jan,Qtr1,3,TH,1,1050,11369.46
1/17/2025,Digital,2025,2025,Jan,Jan,Qtr1,3,F,1,1050,11369.46
1/20/2025,Digital,2025,2025,Jan,Jan,Qtr1,4,M,1,1050,11369.46
1/21/2025,Digital,2025,2025,Jan,Jan,Qtr1,4,T,1,1050,11369.46
1/22/2025,Digital,2025,2025,Jan,Jan,Qtr1,4,W,1,1050,11369.46
1/23/2025,Digital,2025,2025,Jan,Jan,Qtr1,4,TH,1,1050,11369.46
1/24/2025,Digital,2025,2025,Jan,Jan,Qtr1,4,F,1,1050,11369.46
1/27/2025,Digital,2025,2025,Jan,Feb,Qtr1,5,M,1,1050,11369.46
1/28/2025,Digital,2025,2025,Jan,Feb,Qtr1,5,T,1,1050,11369.46
1/29/2025,Digital,2025,2025,Jan,Feb,Qtr1,5,W,1,1050,11369.46
1/30/2025,Digital,2025,2025,Jan,Feb,Qtr1,5,TH,1,1050,11369.46
1/31/2025,Digital,2025,2025,Jan,Feb,Qtr1,5,F,1,1050,11369.46
2/3/2025,Digital,2025,2025,Feb,Feb,Qtr1,6,M,1,1050,11369.46
2/4/2025,Digital,2025,2025,Feb,Feb,Qtr1,6,T,1,1050,11369.46
2/5/2025,Digital,2025,2025,Feb,Feb,Qtr1,6,W,1,1050,11369.46
2/6/2025,Digital,2025,2025,Feb,Feb,Qtr1,6,TH,1,1050,11369.46
2/7/2025,Digital,2025,2025,Feb,Feb,Qtr1,6,F,1,1050,11369.46
2/10/2025,Digital,2025,2025,Feb,Feb,Qtr1,7,M,1,1050,11369.46
2/11/2025,Digital,2025,2025,Feb,Feb,Qtr1,7,T,1,1050,11369.46
2/12/2025,Digital,2025,2025,Feb,Feb,Qtr1,7,W,1,1050,11369.46
2/13/2025,Digital,2025,2025,Feb,Feb,Qtr1,7,TH,1,1050,11369.46
2/14/2025,Digital,2025,2025,Feb,Feb,Qtr1,7,F,1,1050,11369.46
2/17/2025,Digital,2025,2025,Feb,Feb,Qtr1,8,M,1,1050,11369.46
2/18/2025,Digital,2025,2025,Feb,Feb,Qtr1,8,T,1,1050,11369.46
2/19/2025,Digital,2025,2025,Feb,Feb,Qtr1,8,W,1,1050,11369.46
2/20/2025,Digital,2025,2025,Feb,Feb,Qtr1,8,TH,1,1050,11369.46
2/21/2025,Digital,2025,2025,Feb,Feb,Qtr1,8,F,1,1050,11369.46
2/24/2025,Digital,2025,2025,Feb,Mar,Qtr1,9,M,1,1050,11369.46
2/25/2025,Digital,2025,2025,Feb,Mar,Qtr1,9,T,1,1050,11369.46
2/26/2025,Digital,2025,2025,Feb,Mar,Qtr1,9,W,1,1050,11369.46
2/27/2025,Digital,2025,2025,Feb,Mar,Qtr1,9,TH,1,1050,11369.46
2/28/2025,Digital,2025,2025,Feb,Mar,Qtr1,9,F,1,1050,11369.46
3/3/2025,Digital,2025,2025,Mar,Mar,Qtr1,10,M,1,1050,11369.46
3/4/2025,Digital,2025,2025,Mar,Mar,Qtr1,10,T,1,1050,11369.46
3/5/2025,Digital,2025,2025,Mar,Mar,Qtr1,10,W,1,1050,11369.46
3/6/2025,Digital,2025,2025,Mar,Mar,Qtr1,10,TH,1,1050,11369.46
3/7/2025,Digital,2025,2025,Mar,Mar,Qtr1,10,F,1,1050,11369.46
3/10/2025,Digital,2025,2025,Mar,Mar,Qtr1,11,M,1,1050,11369.46
3/11/2025,Digital,2025,2025,Mar,Mar,Qtr1,11,T,1,1050,11369.46
3/12/2025,Digital,2025,2025,Mar,Mar,Qtr1,11,W,1,1050,11369.46
3/13/2025,Digital,2025,2025,Mar,Mar,Qtr1,11,TH,1,1050,11369.46
3/14/2025,Digital,2025,2025,Mar,Mar,Qtr1,11,F,1,1050,11369.46
3/17/2025,Digital,2025,2025,Mar,Mar,Qtr1,12,M,1,1050,11369.46
3/18/2025,Digital,2025,2025,Mar,Mar,Qtr1,12,T,1,1050,11369.46
3/19/2025,Digital,2025,2025,Mar,Mar,Qtr1,12,W,1,1050,11369.46
3/20/2025,Digital,2025,2025,Mar,Mar,Qtr1,12,TH,1,1050,11369.46
3/21/2025,Digital,2025,2025,Mar,Mar,Qtr1,12,F,1,1050,11369.46
3/24/2025,Digital,2025,2025,Mar,Mar,Qtr1,13,M,1,1050,11369.46
3/25/2025,Digital,2025,2025,Mar,Mar,Qtr1,13,T,1,1050,11369.46
3/26/2025,Digital,2025,2025,Mar,Mar,Qtr1,13,W,1,1050,11369.46
3/27/2025,Digital,2025,2025,Mar,Mar,Qtr1,13,TH,1,1050,11369.46
3/28/2025,Digital,2025,2025,Mar,Mar,Qtr1,13,F,1,1050,11369.46
3/31/2025,Digital,2025,2025,Mar,Apr,Qtr1,14,M,1,1050,11369.46
4/1/2025,Digital,2025,2025,Apr,Apr,Qtr1,14,T,1,1050,11369.46
4/2/2025,Digital,2025,2025,Apr,Apr,Qtr1,14,W,1,1050,11369.46
4/3/2025,Digital,2025,2025,Apr,Apr,Qtr1,14,TH,1,1050,11369.46
4/4/2025,Digital,2025,2025,Apr,Apr,Qtr1,14,F,1,1050,11369.46
4/7/2025,Digital,2025,2025,Apr,Apr,Qtr2,15,M,1,1050,11369.46
4/8/2025,Digital,2025,2025,Apr,Apr,Qtr2,15,T,1,1050,11369.46
4/9/2025,Digital,2025,2025,Apr,Apr,Qtr2,15,W,1,1050,11369.46
4/10/2025,Digital,2025,2025,Apr,Apr,Qtr2,15,TH,1,1050,11369.46
4/11/2025,Digital,2025,2025,Apr,Apr,Qtr2,15,F,1,1050,11369.46
4/14/2025,Digital,2025,2025,Apr,Apr,Qtr2,16,M,1,1050,11369.46
4/15/2025,Digital,2025,2025,Apr,Apr,Qtr2,16,T,1,1050,11369.46
4/16/2025,Digital,2025,2025,Apr,Apr,Qtr2,16,W,1,1050,11369.46
4/17/2025,Digital,2025,2025,Apr,Apr,Qtr2,16,TH,1,1050,11369.46
4/18/2025,Digital,2025,2025,Apr,Apr,Qtr2,16,F,1,1050,11369.46
4/21/2025,Digital,2025,2025,Apr,Apr,Qtr2,17,M,1,1050,11369.46
4/22/2025,Digital,2025,2025,Apr,Apr,Qtr2,17,T,1,1050,11369.46
4/23/2025,Digital,2025,2025,Apr,Apr,Qtr2,17,W,1,1050,11369.46
4/24/2025,Digital,2025,2025,Apr,Apr,Qtr2,17,TH,1,1050,11369.46
4/25/2025,Digital,2025,2025,Apr,Apr,Qtr2,17,F,1,1050,11369.46
4/28/2025,Digital,2025,2025,Apr,May,Qtr2,18,M,1,1050,11369.46
4/29/2025,Digital,2025,2025,Apr,May,Qtr2,18,T,1,1050,11369.46
4/30/2025,Digital,2025,2025,Apr,May,Qtr2,18,W,1,1050,11369.46
5/1/2025,Digital,2025,2025,May,May,Qtr2,18,TH,1,1050,11369.46
5/2/2025,Digital,2025,2025,May,May,Qtr2,18,F,1,1050,11369.46
5/5/2025,Digital,2025,2025,May,May,Qtr2,19,M,1,1050,11369.46
5/6/2025,Digital,2025,2025,May,May,Qtr2,19,T,1,1050,11369.46
5/7/2025,Digital,2025,2025,May,May,Qtr2,19,W,1,1050,11369.46
5/8/2025,Digital,2025,2025,May,May,Qtr2,19,TH,1,1050,11369.46
5/9/2025,Digital,2025,2025,May,May,Qtr2,19,F,1,1050,11369.46
5/12/2025,Digital,2025,2025,May,May,Qtr2,20,M,1,1050,11369.46
5/13/2025,Digital,2025,2025,May,May,Qtr2,20,T,1,1050,11369.46
5/14/2025,Digital,2025,2025,May,May,Qtr2,20,W,1,1050,11369.46
5/15/2025,Digital,2025,2025,May,May,Qtr2,20,TH,1,1050,11369.46
5/16/2025,Digital,2025,2025,May,May,Qtr2,20,F,1,1050,11369.46
5/19/2025,Digital,2025,2025,May,May,Qtr2,21,M,1,1050,11369.46
5/20/2025,Digital,2025,2025,May,May,Qtr2,21,T,1,1050,11369.46
5/21/2025,Digital,2025,2025,May,May,Qtr2,21,W,1,1050,11369.46
5/22/2025,Digital,2025,2025,May,May,Qtr2,21,TH,1,1050,11369.46
5/23/2025,Digital,2025,2025,May,May,Qtr2,21,F,1,1050,11369.46
5/26/2025,Digital,2025,2025,May,Jun,Qtr2,22,M,1,1050,11369.46
5/27/2025,Digital,2025,2025,May,Jun,Qtr2,22,T,1,1050,11369.46
5/28/2025,Digital,2025,2025,May,Jun,Qtr2,22,W,1,1050,11369.46
5/29/2025,Digital,2025,2025,May,Jun,Qtr2,22,TH,1,1050,11369.46
5/30/2025,Digital,2025,2025,May,Jun,Qtr2,22,F,1,1050,11369.46
6/2/2025,Digital,2025,2025,Jun,Jun,Qtr2,23,M,1,1050,11369.46
6/3/2025,Digital,2025,2025,Jun,Jun,Qtr2,23,T,1,1050,11369.46
6/4/2025,Digital,2025,2025,Jun,Jun,Qtr2,23,W,1,1050,11369.46
6/5/2025,Digital,2025,2025,Jun,Jun,Qtr2,23,TH,1,1050,11369.46
6/6/2025,Digital,2025,2025,Jun,Jun,Qtr2,23,F,1,1050,11369.46
6/9/2025,Digital,2025,2025,Jun,Jun,Qtr2,24,M,1,1050,11369.46
6/10/2025,Digital,2025,2025,Jun,Jun,Qtr2,24,T,1,1050,11369.46
6/11/2025,Digital,2025,2025,Jun,Jun,Qtr2,24,W,1,1050,11369.46
6/12/2025,Digital,2025,2025,Jun,Jun,Qtr2,24,TH,1,1050,11369.46
6/13/2025,Digital,2025,2025,Jun,Jun,Qtr2,24,F,1,1050,11369.46
6/16/2025,Digital,2025,2025,Jun,Jun,Qtr2,25,M,1,1050,11369.46
6/17/2025,Digital,2025,2025,Jun,Jun,Qtr2,25,T,1,1050,11369.46
6/18/2025,Digital,2025,2025,Jun,Jun,Qtr2,25,W,1,1050,11369.46
6/19/2025,Digital,2025,2025,Jun,Jun,Qtr2,25,TH,1,1050,11369.46
6/20/2025,Digital,2025,2025,Jun,Jun,Qtr2,25,F,1,1050,11369.46
6/23/2025,Digital,2025,2025,Jun,Jun,Qtr2,26,M,1,1050,11369.46
6/24/2025,Digital,2025,2025,Jun,Jun,Qtr2,26,T,1,1050,11369.46
6/25/2025,Digital,2025,2025,Jun,Jun,Qtr2,26,W,1,1050,11369.46
6/26/2025,Digital,2025,2025,Jun,Jun,Qtr2,26,TH,1,1050,11369.46
6/27/2025,Digital,2025,2025,Jun,Jun,Qtr2,26,F,1,1050,11369.46
6/30/2025,Digital,2025,2025,Jun,Jul,Qtr2,27,M,1,1050,11369.46
7/1/2025,Digital,2025,2025,Jul,Jul,Qtr2,27,T,1,1050,11369.46
7/2/2025,Digital,2025,2025,Jul,Jul,Qtr2,27,W,1,1050,11369.46
7/3/2025,Digital,2025,2025,Jul,Jul,Qtr2,27,TH,1,1050,11369.46
7/4/2025,Digital,2025,2025,Jul,Jul,Qtr2,27,F,1,1050,11369.46
7/7/2025,Digital,2025,2025,Jul,Jul,Qtr3,28,M,1,1050,11369.46
7/8/2025,Digital,2025,2025,Jul,Jul,Qtr3,28,T,1,1050,11369.46
7/9/2025,Digital,2025,2025,Jul,Jul,Qtr3,28,W,1,1050,11369.46
7/10/2025,Digital,2025,2025,Jul,Jul,Qtr3,28,TH,1,1050,11369.46
7/11/2025,Digital,2025,2025,Jul,Jul,Qtr3,28,F,1,1050,11369.46
7/14/2025,Digital,2025,2025,Jul,Jul,Qtr3,29,M,1,1050,11369.46
7/15/2025,Digital,2025,2025,Jul,Jul,Qtr3,29,T,1,1050,11369.46
7/16/2025,Digital,2025,2025,Jul,Jul,Qtr3,29,W,1,1050,11369.46
7/17/2025,Digital,2025,2025,Jul,Jul,Qtr3,29,TH,1,1050,11369.46
7/18/2025,Digital,2025,2025,Jul,Jul,Qtr3,29,F,1,1050,11369.46
7/21/2025,Digital,2025,2025,Jul,Jul,Qtr3,30,M,1,1050,11369.46
7/22/2025,Digital,2025,2025,Jul,Jul,Qtr3,30,T,1,1050,11369.46
7/23/2025,Digital,2025,2025,Jul,Jul,Qtr3,30,W,1,1050,11369.46
7/24/2025,Digital,2025,2025,Jul,Jul,Qtr3,30,TH,1,1050,11369.46
7/25/2025,Digital,2025,2025,Jul,Jul,Qtr3,30,F,1,1050,11369.46
7/28/2025,Digital,2025,2025,Jul,Aug,Qtr3,31,M,1,1050,11369.46
7/29/2025,Digital,2025,2025,Jul,Aug,Qtr3,31,T,1,1050,11369.46
7/30/2025,Digital,2025,2025,Jul,Aug,Qtr3,31,W,1,1050,11369.46
7/31/2025,Digital,2025,2025,Jul,Aug,Qtr3,31,TH,1,1050,11369.46
8/1/2025,Digital,2025,2025,Aug,Aug,Qtr3,31,F,1,1050,11369.46
8/4/2025,Digital,2025,2025,Aug,Aug,Qtr3,32,M,1,1050,11369.46
8/5/2025,Digital,2025,2025,Aug,Aug,Qtr3,32,T,1,1050,11369.46
8/6/2025,Digital,2025,2025,Aug,Aug,Qtr3,32,W,1,1050,11369.46
8/7/2025,Digital,2025,2025,Aug,Aug,Qtr3,32,TH,1,1050,11369.46
8/8/2025,Digital,2025,2025,Aug,Aug,Qtr3,32,F,1,1050,11369.46
8/11/2025,Digital,2025,2025,Aug,Aug,Qtr3,33,M,1,1050,11369.46
8/12/2025,Digital,2025,2025,Aug,Aug,Qtr3,33,T,1,1050,11369.46
8/13/2025,Digital,2025,2025,Aug,Aug,Qtr3,33,W,1,1050,11369.46
8/14/2025,Digital,2025,2025,Aug,Aug,Qtr3,33,TH,1,1050,11369.46
8/15/2025,Digital,2025,2025,Aug,Aug,Qtr3,33,F,1,1050,11369.46
8/18/2025,Digital,2025,2025,Aug,Aug,Qtr3,34,M,1,1050,11369.46
8/19/2025,Digital,2025,2025,Aug,Aug,Qtr3,34,T,1,1050,11369.46
8/20/2025,Digital,2025,2025,Aug,Aug,Qtr3,34,W,1,1050,11369.46
8/21/2025,Digital,2025,2025,Aug,Aug,Qtr3,34,TH,1,1050,11369.46
8/22/2025,Digital,2025,2025,Aug,Aug,Qtr3,34,F,1,1050,11369.46
8/25/2025,Digital,2025,2025,Aug,Sep,Qtr3,35,M,1,1050,11369.46
8/26/2025,Digital,2025,2025,Aug,Sep,Qtr3,35,T,1,1050,11369.46
8/27/2025,Digital,2025,2025,Aug,Sep,Qtr3,35,W,1,1050,11369.46
8/28/2025,Digital,2025,2025,Aug,Sep,Qtr3,35,TH,1,1050,11369.46
8/29/2025,Digital,2025,2025,Aug,Sep,Qtr3,35,F,1,1050,11369.46
9/1/2025,Digital,2025,2025,Sep,Sep,Qtr3,36,M,1,1050,11369.46
9/2/2025,Digital,2025,2025,Sep,Sep,Qtr3,36,T,1,1050,11369.46
9/3/2025,Digital,2025,2025,Sep,Sep,Qtr3,36,W,1,1050,11369.46
9/4/2025,Digital,2025,2025,Sep,Sep,Qtr3,36,TH,1,1050,11369.46
9/5/2025,Digital,2025,2025,Sep,Sep,Qtr3,36,F,1,1050,11369.46
9/8/2025,Digital,2025,2025,Sep,Sep,Qtr3,37,M,1,1050,11369.46
9/9/2025,Digital,2025,2025,Sep,Sep,Qtr3,37,T,1,1050,11369.46
9/10/2025,Digital,2025,2025,Sep,Sep,Qtr3,37,W,1,1050,11369.46
9/11/2025,Digital,2025,2025,Sep,Sep,Qtr3,37,TH,1,1050,11369.46
9/12/2025,Digital,2025,2025,Sep,Sep,Qtr3,37,F,1,1050,11369.46
9/15/2025,Digital,2025,2025,Sep,Sep,Qtr3,38,M,1,1050,11369.46
9/16/2025,Digital,2025,2025,Sep,Sep,Qtr3,38,T,1,1050,11369.46
9/17/2025,Digital,2025,2025,Sep,Sep,Qtr3,38,W,1,1050,11369.46
9/18/2025,Digital,2025,2025,Sep,Sep,Qtr3,38,TH,1,1050,11369.46
9/19/2025,Digital,2025,2025,Sep,Sep,Qtr3,38,F,1,1050,11369.46
9/22/2025,Digital,2025,2025,Sep,Sep,Qtr3,39,M,1,1050,11369.46
9/23/2025,Digital,2025,2025,Sep,Sep,Qtr3,39,T,1,1050,11369.46
9/24/2025,Digital,2025,2025,Sep,Sep,Qtr3,39,W,1,1050,11369.46
9/25/2025,Digital,2025,2025,Sep,Sep,Qtr3,39,TH,1,1050,11369.46
9/26/2025,Digital,2025,2025,Sep,Sep,Qtr3,39,F,1,1050,11369.46
9/29/2025,Digital,2025,2025,Sep,Oct,Qtr3,40,M,1,1050,11369.46
9/30/2025,Digital,2025,2025,Sep,Oct,Qtr3,40,T,1,1050,11369.46
10/1/2025,Digital,2025,2025,Oct,Oct,Qtr3,40,W,1,1050,11369.46
10/2/2025,Digital,2025,2025,Oct,Oct,Qtr3,40,TH,1,1050,11369.46
10/3/2025,Digital,2025,2025,Oct,Oct,Qtr3,40,F,1,1050,11369.46
10/6/2025,Digital,2025,2025,Oct,Oct,Qtr4,41,M,1,1050,11369.46
10/7/2025,Digital,2025,2025,Oct,Oct,Qtr4,41,T,1,1050,11369.46
10/8/2025,Digital,2025,2025,Oct,Oct,Qtr4,41,W,1,1050,11369.46
10/9/2025,Digital,2025,2025,Oct,Oct,Qtr4,41,TH,1,1050,11369.46
10/10/2025,Digital,2025,2025,Oct,Oct,Qtr4,41,F,1,1050,11369.46
10/13/2025,Digital,2025,2025,Oct,Oct,Qtr4,42,M,1,1050,11369.46
10/14/2025,Digital,2025,2025,Oct,Oct,Qtr4,42,T,1,1050,11369.46
10/15/2025,Digital,2025,2025,Oct,Oct,Qtr4,42,W,1,1050,11369.46
10/16/2025,Digital,2025,2025,Oct,Oct,Qtr4,42,TH,1,1050,11369.46
10/17/2025,Digital,2025,2025,Oct,Oct,Qtr4,42,F,1,1050,11369.46
10/20/2025,Digital,2025,2025,Oct,Oct,Qtr4,43,M,1,1050,11369.46
10/21/2025,Digital,2025,2025,Oct,Oct,Qtr4,43,T,1,1050,11369.46
10/22/2025,Digital,2025,2025,Oct,Oct,Qtr4,43,W,1,1050,11369.46
10/23/2025,Digital,2025,2025,Oct,Oct,Qtr4,43,TH,1,1050,11369.46
10/24/2025,Digital,2025,2025,Oct,Oct,Qtr4,43,F,1,1050,11369.46
10/27/2025,Digital,2025,2025,Oct,Nov,Qtr4,44,M,1,1050,11369.46
10/28/2025,Digital,2025,2025,Oct,Nov,Qtr4,44,T,1,1050,11369.46
10/29/2025,Digital,2025,2025,Oct,Nov,Qtr4,44,W,1,1050,11369.46
10/30/2025,Digital,2025,2025,Oct,Nov,Qtr4,44,TH,1,1050,11369.46
10/31/2025,Digital,2025,2025,Oct,Nov,Qtr4,44,F,1,1050,11369.46
11/3/2025,Digital,2025,2025,Nov,Nov,Qtr4,45,M,1,1050,11369.46
11/4/2025,Digital,2025,2025,Nov,Nov,Qtr4,45,T,1,1050,11369.46
11/5/2025,Digital,2025,2025,Nov,Nov,Qtr4,45,W,1,1050,11369.46
11/6/2025,Digital,2025,2025,Nov,Nov,Qtr4,45,TH,1,1050,11369.46
11/7/2025,Digital,2025,2025,Nov,Nov,Qtr4,45,F,1,1050,11369.46
11/10/2025,Digital,2025,2025,Nov,Nov,Qtr4,46,M,1,1050,11369.46
11/11/2025,Digital,2025,2025,Nov,Nov,Qtr4,46,T,1,1050,11369.46
11/12/2025,Digital,2025,2025,Nov,Nov,Qtr4,46,W,1,1050,11369.46
11/13/2025,Digital,2025,2025,Nov,Nov,Qtr4,46,TH,1,1050,11369.46
11/14/2025,Digital,2025,2025,Nov,Nov,Qtr4,46,F,1,1050,11369.46
11/17/2025,Digital,2025,2025,Nov,Nov,Qtr4,47,M,1,1050,11369.46
11/18/2025,Digital,2025,2025,Nov,Nov,Qtr4,47,T,1,1050,11369.46
11/19/2025,Digital,2025,2025,Nov,Nov,Qtr4,47,W,1,1050,11369.46
11/20/2025,Digital,2025,2025,Nov,Nov,Qtr4,47,TH,1,1050,11369.46
11/21/2025,Digital,2025,2025,Nov,Nov,Qtr4,47,F,1,1050,11369.46
11/24/2025,Digital,2025,2025,Nov,Dec,Qtr4,48,M,1,1050,11369.46
11/25/2025,Digital,2025,2025,Nov,Dec,Qtr4,48,T,1,1050,11369.46
11/26/2025,Digital,2025,2025,Nov,Dec,Qtr4,48,W,1,1050,11369.46
11/27/2025,Digital,2025,2025,Nov,Dec,Qtr4,48,TH,1,1050,11369.46
11/28/2025,Digital,2025,2025,Nov,Dec,Qtr4,48,F,1,1050,11369.46
12/1/2025,Digital,2025,2025,Dec,Dec,Qtr4,49,M,1,1050,11369.46
12/2/2025,Digital,2025,2025,Dec,Dec,Qtr4,49,T,1,1050,11369.46
12/3/2025,Digital,2025,2025,Dec,Dec,Qtr4,49,W,1,1050,11369.46
12/4/2025,Digital,2025,2025,Dec,Dec,Qtr4,49,TH,1,1050,11369.46
12/5/2025,Digital,2025,2025,Dec,Dec,Qtr4,49,F,1,1050,11369.46
12/8/2025,Digital,2025,2025,Dec,Dec,Qtr4,50,M,1,1050,11369.46
12/9/2025,Digital,2025,2025,Dec,Dec,Qtr4,50,T,1,1050,11369.46
12/10/2025,Digital,2025,2025,Dec,Dec,Qtr4,50,W,1,1050,11369.46
12/11/2025,Digital,2025,2025,Dec,Dec,Qtr4,50,TH,1,1050,11369.46
12/12/2025,Digital,2025,2025,Dec,Dec,Qtr4,50,F,1,1050,11369.46
12/15/2025,Digital,2025,2025,Dec,Dec,Qtr4,51,M,1,1050,11369.46
12/16/2025,Digital,2025,2025,Dec,Dec,Qtr4,51,T,1,1050,11369.46
12/17/2025,Digital,2025,2025,Dec,Dec,Qtr4,51,W,1,1050,11369.46
12/18/2025,Digital,2025,2025,Dec,Dec,Qtr4,51,TH,1,1050,11369.46
12/19/2025,Digital,2025,2025,Dec,Dec,Qtr4,51,F,1,1050,11369.46
12/22/2025,Digital,2025,2025,Dec,Dec,Qtr4,52,M,1,1050,11369.46
12/23/2025,Digital,2025,2025,Dec,Dec,Qtr4,52,T,1,1050,11369.46
12/24/2025,Digital,2025,2025,Dec,Dec,Qtr4,52,W,1,1050,11369.46
12/25/2025,Digital,2025,2025,Dec,Dec,Qtr4,52,TH,1,1050,11369.46
12/26/2025,Digital,2025,2025,Dec,Dec,Qtr4,52,F,1,1050,11369.46
12/30/2024,Digital,2024,2025,Dec,Jan,Qtr1,1,M,1,1050,11369.46
12/31/2024,Digital,2024,2025,Dec,Jan,Qtr1,1,T,1,1050,11369.46
