PO Number,Line Number,Vendor name,Material,Storage,Unit Cost,Extended Cost,Vendor Sku,Description,Qty,Received Qty,Open Qty,Gl Code,Due date,Created by,Creation date,Last Updated By,Last Update Date,Invoice Number,Status,Source,Contract,Sales Order Status
301,1,OMNI W.C. INC,"BNYNeuKaliss 60"" 315Y","60"" Roll - ROLL",1.5,2700,,,1800,1800,0,,9/19/2025,BLAWLOR@FSCO.COM,8/25/2025,JMCDONOUGH2011@GMAIL.COM,9/23/2025,,Received Complete,Manual,,
284,1,Griswold,PARSailcloth (Natural),Fabric - ROLL,8.01,12816,SAILCLOTH NATURAL,,1600,1600,0,,9/19/2025,BLAWLOR@FSCO.COM,8/6/2025,JMCDONOUGH2011@GMAIL.COM,9/23/2025,,Received Complete,Manual,,
261,1,Brooklyn Navy Yard,ENG5018110W-60-BNY,"60"" Roll - ROLL",17.49,139.92,ENG5018110W-60-BNY,,8,8,0,,7/15/2025,BLAWLOR@FSCO.COM,7/15/2025,JMCDONOUGH2011@GMAIL.COM,7/23/2025,,Received Complete,Manual,,
257,1,Sattler,PARAT5409 Natural White,Fabric - ROLL,11.01,11010,AT5409 Natural White (AT),,1000,1009,0,,7/31/2025,BLAWLOR@FSCO.COM,7/1/2025,JMCDONOUGH2011@GMAIL.COM,7/28/2025,,Received Complete,Manual,,
254,1,TWIL WALLCOVERINGS,PNW5008841 PAPERWEAVE (NATURAL),"36"" Roll - ROLL",7.71,1542,5008841,,200,240,0,,6/27/2025,BLAWLOR@FSCO.COM,6/17/2025,DFARLEY@FSCO.COM,7/10/2025,,Received Complete,Manual,,
227,1,OMNI W.C. INC,"TYPE II GOLD MYLAR / NON-WOVEN 20oz 30""","30"" Roll - ROLL",6.96,13920,,,2000,2075,0,,5/30/2025,BLAWLOR@FSCO.COM,5/12/2025,JMCDONOUGH2011@GMAIL.COM,7/2/2025,,Received Complete,Manual,,
217,1,"P+W International Co., Ltd.",PNWFAB225 SENECA,"36"" Roll - ROLL",8.01,24.03,PNWFAB225,,3,279.6,0,,6/6/2025,BLAWLOR@FSCO.COM,4/30/2025,JMCDONOUGH2011@GMAIL.COM,6/13/2025,,Received Complete,Manual,,
212,1,Sattler,PARProse (14500 Snow),Fabric - ROLL,14.01,588.42,14500 Snow,,42,42,0,,4/25/2025,BLAWLOR@FSCO.COM,4/18/2025,DFARLEY@FSCO.COM,4/24/2025,,Received Complete,Manual,,
206,1,TAYLOR,PAR372 Tan,Fabric - ROLL,14.46,574.79,"372 55"" tan",,39.75,39.75,0,,4/25/2025,BLAWLOR@FSCO.COM,4/11/2025,DFARLEY@FSCO.COM,4/17/2025,,Received Complete,Manual,,
192,1,OMNI W.C. INC,"PARCPG7113 60"" 500Y","60"" Roll - ROLL",1.8,450,CPG7113-60,,250,250,0,,4/11/2025,BLAWLOR@FSCO.COM,3/31/2025,JMCDONOUGH2011@GMAIL.COM,5/1/2025,,Received Complete,Manual,,
187,1,PALLET JUNCTION,Wooden Pallets 58x41,Shipping Supplies -,25.95,0,58x41,,0,0,0,,4/25/2025,BLAWLOR@FSCO.COM,3/26/2025,JMCDONOUGH2011@GMAIL.COM,5/1/2025,,Received Complete,Manual,,
170,1,OMNI W.C. INC,"PARCPG-optic 1 60"" 125Y","60"" Roll - ROLL",1.83,1830,CPG-optic 1,,1000,1000,0,,3/28/2025,BLAWLOR@FSCO.COM,2/28/2025,DFARLEY@FSCO.COM,3/31/2025,,Received Complete,Manual,,
169,1,OMNI W.C. INC,"PAROM01 30"" 250Y","30"" Roll - ROLL",1.62,1620,OM01,,1000,1000,0,,3/28/2025,BLAWLOR@FSCO.COM,2/28/2025,DFARLEY@FSCO.COM,3/12/2025,,Received Complete,Manual,,
166,1,OMNI W.C. INC,"PARCPG7101 30"" 500Y","30"" Roll - ROLL",0.99,2970,CPG7101,,3000,3000,0,,3/28/2025,BLAWLOR@FSCO.COM,2/28/2025,DFARLEY@FSCO.COM,3/12/2025,,Received Complete,Manual,,
165,1,OMNI W.C. INC,"BNYDG2061 60"" 250Y","60"" Roll - ROLL",5.01,15030,DG-2061-PEEL,,3000,4055,0,,3/28/2025,BLAWLOR@FSCO.COM,2/28/2025,COCONNOR@FSCO.COM,4/2/2025,,Received Complete,Manual,,
164,1,OMNI W.C. INC,"PARCPG7113 30"" 500Y","30"" Roll - ROLL",0.9,0,CPG7113-30,,0,0,0,,3/28/2025,BLAWLOR@FSCO.COM,2/28/2025,JMCDONOUGH2011@GMAIL.COM,3/27/2025,,Received Complete,Manual,,
157,1,EPIC TEXTILES,PARComo PFP Bleached,Fabric - ROLL,9.96,9960,Como PFP H56-735M,,1000,1062,0,,2/28/2025,BLAWLOR@FSCO.COM,2/19/2025,DFARLEY@FSCO.COM,3/12/2025,,Received Complete,Manual,,
148,1,Screen-Trans Development Corp.,SKOPHIL-MBD-SCT,Fabric - ROLL,11.01,11.01,SKOPHIL-MBD-SCT,,1,1,0,,2/21/2025,BLAWLOR@FSCO.COM,2/5/2025,BLAWLOR@FSCO.COM,2/28/2025,,Received Complete,Manual,,
147,1,OMNI W.C. INC,"PARCPG7113 60"" 500Y","60"" Roll - ROLL",1.8,0,CPG7113-60,,0,0,0,,2/10/2025,BLAWLOR@FSCO.COM,2/3/2025,BLAWLOR@FSCO.COM,2/3/2025,,Received Complete,Manual,,
146,1,OMNI W.C. INC,"PAROM01 30"" 250Y","30"" Roll - ROLL",1.62,972,OM01,,600,750,0,,2/28/2025,BLAWLOR@FSCO.COM,2/2/2025,BLAWLOR@FSCO.COM,2/28/2025,,Received Complete,Manual,,
144,1,Greenland Natural Textured Wallcoverings,PNW5004700 Silver,"36"" Roll - ROLL",4.29,43243.2,GRN5004700,,10080,10080,0,,5/2/2025,BLAWLOR@FSCO.COM,2/2/2025,JMCDONOUGH2011@GMAIL.COM,5/30/2025,,Received Complete,Manual,,
140,1,SIROTEX Srl,PARMark,Fabric - ROLL,12.39,12390,,,1000,1000,0,,8/15/2025,BLAWLOR@FSCO.COM,1/31/2025,DFARLEY@FSCO.COM,8/19/2025,,Received Complete,Manual,,
136,1,TWIL WALLCOVERINGS,PAR5004701 Oatmeal,"36"" Roll - ROLL",7.71,7524.96,5004701,,976,976,0,,2/7/2025,BLAWLOR@FSCO.COM,1/29/2025,DFARLEY@FSCO.COM,2/4/2025,,Received Complete,Manual,,
130,1,EPIC TEXTILES,PARComo PFP Bleached,Fabric - ROLL,9.24,36960,Como PFP H56-735M,,4000,4176.42,0,,2/21/2025,BLAWLOR@FSCO.COM,1/17/2025,DFARLEY@FSCO.COM,3/4/2025,,Received Complete,Manual,,
129,1,OMNI W.C. INC,"BNYOM61Gold 30"" 50Y","30"" Roll - ROLL",3.93,1572,OM-61-GOLD-MY-2022,,400,450,0,,2/14/2025,BLAWLOR@FSCO.COM,1/17/2025,BLAWLOR@FSCO.COM,9/8/2025,,Received Complete,Manual,,
127,1,OMNI W.C. INC,"BNYDG2061 60"" 250Y","60"" Roll - ROLL",4.41,17640,DG-2061-PEEL,,4000,4140,0,,2/14/2025,BLAWLOR@FSCO.COM,1/17/2025,JMCDONOUGH2011@GMAIL.COM,3/17/2025,,Received Complete,Manual,,
126,1,OMNI W.C. INC,"PARCPG7100 30"" 500Y","30"" Roll - ROLL",0.87,0,CPG7100-30,,0,0,0,,2/3/2025,BLAWLOR@FSCO.COM,1/16/2025,JMCDONOUGH2011@GMAIL.COM,3/17/2025,,Received Complete,Manual,,
125,1,OMNI W.C. INC,"PAROM07 30"" 250Y","30"" Roll - ROLL",1.59,1590,OM07,,1000,1000,0,,2/13/2025,BLAWLOR@FSCO.COM,1/16/2025,BLAWLOR@FSCO.COM,2/28/2025,,Received Complete,Manual,,
124,1,OMNI W.C. INC,"PARCPG7113 30"" 500Y","30"" Roll - ROLL",0.9,2700,CPG7113-30,,3000,3000,0,,2/13/2025,BLAWLOR@FSCO.COM,1/16/2025,DFARLEY@FSCO.COM,2/3/2025,,Received Complete,Manual,,
123,1,OMNI W.C. INC,"PARCPG7101 30"" 500Y","30"" Roll - ROLL",0.99,5940,CPG7101,,6000,6000,0,,2/13/2025,BLAWLOR@FSCO.COM,1/16/2025,DFARLEY@FSCO.COM,2/3/2025,,Received Complete,Manual,,
120,1,Rugs By Choice,PARKUBA CLOTH,Fabric - ROLL,31.59,3159,76700,,100,111,0,,5/30/2025,BLAWLOR@FSCO.COM,1/9/2025,DFARLEY@FSCO.COM,5/14/2025,,Received Complete,Manual,,
117,1,WALLQUEST,"BNYDGC57-V2NW-BW 57"" 100Y","57"" Roll - ROLL",5.79,5790,E001,,1000,1173,0,,1/27/2025,BLAWLOR@FSCO.COM,1/6/2025,JMCDONOUGH2011@GMAIL.COM,3/17/2025,,Received Complete,Manual,,
116,1,"Dwell America, LLC",PARSussex Bleached DWL,Fabric - ROLL,6.69,6690,Sussex Bleached,,1000,1378,0,,8/15/2025,BLAWLOR@FSCO.COM,1/6/2025,JMCDONOUGH2011@GMAIL.COM,8/18/2025,,Received Complete,Manual,,
114,1,TWIL WALLCOVERINGS,PAR5004722 Indigo,"36"" Roll - ROLL",7.71,5397,5004722,,700,703,0,,1/3/2025,BLAWLOR@FSCO.COM,12/27/2024,DFARLEY@FSCO.COM,1/10/2025,,Received Complete,Manual,,
112,1,LIBECO,PARA308 Oyster,Fabric - ROLL,15.72,7860,A308 oyster-0021 PFP 142 R05,,500,501.3,0,,1/17/2025,BLAWLOR@FSCO.COM,12/24/2024,DFARLEY@FSCO.COM,1/15/2025,,Received Complete,Manual,,
105,1,Gray Lines Linen,PARTwill Linen (HN-011),Fabric - ROLL,21.99,439.8,HN-011,,20,20,0,,12/30/2024,BLAWLOR@FSCO.COM,12/19/2024,BARI,1/2/2025,,Received Complete,Manual,,
104,1,Griswold,PARSailcloth (White),Fabric - ROLL,7.5,6000,,,800,800,0,,12/20/2024,BLAWLOR@FSCO.COM,12/10/2024,DFARLEY@FSCO.COM,3/24/2025,,Received Complete,Manual,,
103,1,Carr Textile Corp.,PARFrench Twill (White),Fabric - ROLL,4.74,2370,"MSF-WHT-59/60""",,500,500,0,,1/7/2025,BLAWLOR@FSCO.COM,12/10/2024,DFARLEY@FSCO.COM,1/10/2025,,Received Complete,Manual,,
102,1,OMNI W.C. INC,"PARCPG7100 40"" 250Y","40"" Roll - ROLL",5.22,3480,CPG7100-40,,2000,2000,0,,1/7/2025,BLAWLOR@FSCO.COM,12/10/2024,BLAWLOR@FSCO.COM,1/16/2025,,Received Complete,Manual,,
101,1,OMNI W.C. INC,"PAROM01 30"" 250Y","30"" Roll - ROLL",1.62,3240,OM01,,2000,2000,0,,1/7/2025,BLAWLOR@FSCO.COM,12/10/2024,BLAWLOR@FSCO.COM,1/16/2025,,Received Complete,Manual,,
99,1,Griswold,PAR377 BLEACHED,Fabric - ROLL,12,1200,377 Bleached,,100,100.5,0,,12/20/2024,BLAWLOR@FSCO.COM,12/9/2024,DFARLEY@FSCO.COM,12/16/2024,,Received Complete,Manual,,
98,1,ULSTER WEAVERS,PARMadden Oyster PFP,Fabric - ROLL,8.61,43050,MADOYS142PFP,,5000,5512.49,0,,5/15/2025,BLAWLOR@FSCO.COM,12/6/2024,DFARLEY@FSCO.COM,5/19/2025,,Received Complete,Manual,,
97,1,Gray Lines Linen,PARTwill Linen (HN-011),Fabric - ROLL,21.99,329.85,HN-011,,15,15,0,,12/13/2024,BLAWLOR@FSCO.COM,12/3/2024,DFARLEY@FSCO.COM,12/12/2024,,Received Complete,Manual,,
96,1,TWIL WALLCOVERINGS,PAR5004722 Indigo,"36"" Roll - ROLL",7.44,3720,5004722,,500,500,0,,12/6/2024,BLAWLOR@FSCO.COM,12/2/2024,BLAWLOR@FSCO.COM,12/13/2024,,Received Complete,Manual,,
93,1,BREWSTER HOME FASIONS,BNY5004716 48y Brewster Ivory,"36"" Roll - ROLL",18.57,18570,,,1000,1000,0,,11/22/2024,BLAWLOR@FSCO.COM,11/19/2024,DFARLEY@FSCO.COM,11/21/2024,,Received Complete,Manual,,
92,1,P K TEXTILES LIMITED,PARAgra AC (151 Fog),Fabric - ROLL,21.66,6498,AC-151 FOG,,300,330.54,0,,4/18/2025,BLAWLOR@FSCO.COM,11/19/2024,DFARLEY@FSCO.COM,4/29/2025,,Received Complete,Manual,,
90,1,JAT Home,T-2525 (Bleached),Fabric - ROLL,9.96,573.7,T-2525,,57.6,58.7,0,,12/16/2024,BLAWLOR@FSCO.COM,11/18/2024,DFARLEY@FSCO.COM,12/12/2024,,Received Complete,Manual,,
89,1,P K TEXTILES LIMITED,PARAgra AC (75000 Cream),Fabric - ROLL,19.5,39000,Agra AC (75000 Cream),,2000,2103.19,0,,4/18/2025,BLAWLOR@FSCO.COM,11/15/2024,DFARLEY@FSCO.COM,4/29/2025,,Received Complete,Manual,,
88,1,EPIC TEXTILES,PAROrbit Oyster,Fabric - ROLL,16.74,8370,H76A-735,,500,500.2,0,,12/20/2024,BLAWLOR@FSCO.COM,11/15/2024,DFARLEY@FSCO.COM,1/6/2025,,Received Complete,Manual,,
85,1,EPIC TEXTILES,PARComo Natural,Fabric - ROLL,11.25,11250,H56-735,,1000,1024.74,0,,12/12/2024,BLAWLOR@FSCO.COM,11/14/2024,DFARLEY@FSCO.COM,2/24/2025,,Received Complete,Manual,,
83,1,LIBECO,PARA435Oyster,Fabric - ROLL,12.42,4968,A435 oyster-0021 PFP 142 R05,,400,412.33,0,,11/19/2024,BLAWLOR@FSCO.COM,11/12/2024,DFARLEY@FSCO.COM,1/30/2025,,Received Complete,Manual,,
81,1,NEU KALISS SPZIALPAPIER,"BNYNeuKaliss 60"" 315Y","60"" Roll - ROLL",1.08,45457.2,TV130-1126-315,,42090,42090,0,,3/24/2025,BLAWLOR@FSCO.COM,11/11/2024,JMCDONOUGH2011@GMAIL.COM,6/13/2025,,Received Complete,Manual,,
75,1,AHLSTROM NONWOVENS LLC,"BNYAhlstrom 60"" 200Y","60"" Roll - ROLL",2.1,83115.9,WL09708D-200,,39579,39570,0,,10/31/2024,BLAWLOR@FSCO.COM,10/31/2024,JMCDONOUGH2011@GMAIL.COM,12/20/2024,,Received Complete,Manual,,
74,1,TWIL WALLCOVERINGS,PAR5010857 Mineral,"36"" Roll - ROLL",7.71,6669.15,5010857,,865,867,0,,11/1/2024,BLAWLOR@FSCO.COM,10/31/2024,DFARLEY@FSCO.COM,11/22/2024,,Received Complete,Manual,,
72,1,OMNI W.C. INC,"PARGR-FS-5003282 30"" 500Y","30"" Roll - ROLL",1.38,6900,"5003282 30"" 500Y",,5000,5000,0,,11/26/2024,BLAWLOR@FSCO.COM,10/29/2024,BLAWLOR@FSCO.COM,12/27/2024,,Received Complete,Manual,,
63,1,OMNI W.C. INC,"PARCPG7101 30"" 500Y","30"" Roll - ROLL",0.99,3960,CPG7101,,4000,4000,0,,11/12/2024,BLAWLOR@FSCO.COM,10/22/2024,BLAWLOR@FSCO.COM,1/16/2025,,Received Complete,Manual,,
62,1,TWIL WALLCOVERINGS,BNY5004716 96y Ivory,"36"" Roll - ROLL",7.71,38550,HARUKI-SISAL-96,,5000,5000,0,,11/8/2024,BLAWLOR@FSCO.COM,10/22/2024,BLAWLOR@FSCO.COM,1/16/2025,,Received Complete,Manual,,
61,1,OMNI W.C. INC,"BNYDG2061 60"" 250Y","60"" Roll - ROLL",4.41,13230,DG-2061-PEEL,,3000,3000,0,,11/19/2024,BLAWLOR@FSCO.COM,10/22/2024,BLAWLOR@FSCO.COM,1/16/2025,,Received Complete,Manual,,
59,1,HP,HP Latex 3600 Cleaning Kit,Printer Supplies - INK,790.73,790.73,CZ056-67390,,1,1,0,,11/8/2024,BLAWLOR@FSCO.COM,10/11/2024,BARI,10/28/2024,,Received Complete,Manual,,
55,1,EPIC TEXTILES,PARComo Bleached,Fabric - ROLL,8.94,17880,H56-735,,2000,2032.24,0,,10/25/2024,BLAWLOR@FSCO.COM,10/11/2024,BLAWLOR@FSCO.COM,10/31/2024,,Received Complete,Manual,,
54,1,CPS&S,GPS12100,Shipping Supplies -,144,1440,GPS12100,,10,10,0,,10/25/2024,BLAWLOR@FSCO.COM,10/11/2024,BLAWLOR@FSCO.COM,10/28/2024,,Received Complete,Manual,,
52,1,"P+W International Co., Ltd.",PNW5004705 Robin's Egg,"36"" Roll - ROLL",4.65,9300,5004705,,2000,2016,0,,4/24/2025,BLAWLOR@FSCO.COM,10/8/2024,JMCDONOUGH2011@GMAIL.COM,7/11/2025,,Received Complete,Manual,,
51,1,"P+W International Co., Ltd.",PNW5004716 Ivory,"36"" Roll - ROLL",4.65,46500,5004716,,10000,13728,0,,3/10/2025,BLAWLOR@FSCO.COM,10/8/2024,JMCDONOUGH2011@GMAIL.COM,9/18/2025,,Received Complete,Manual,,
48,1,EPIC TEXTILES,PARLeon Bleached,Fabric - ROLL,12.96,6480,LEON Bleached,,500,506.97,0,,9/27/2024,BLAWLOR@FSCO.COM,9/16/2024,BARI,10/28/2024,,Received Complete,Manual,,
302,1,SBI,SBI C-0 DWR Stain Treatment,TEMP - SHEET,2.65,1590,SBI C-0 DWR,,600,607.5,0,,9/5/2025,MMUNK@FSCO.COM,8/26/2025,MMUNK@FSCO.COM,9/5/2025,,Received Complete,Manual,,
291,1,OMNI W.C. INC,"BNYCPG7100 60"" 210Y","60"" Roll - ROLL",1.83,7301.7,CPG 7100 60”,,3990,3990,0,,9/1/2025,JMCDONOUGH2011@GMAIL.COM,8/12/2025,COCONNOR@FSCO.COM,9/4/2025,,Received Complete,Manual,,
290,1,Dolly Fabrics,PARSILK MATKA,Fabric - ROLL,39.99,1999.5,SILK MATKA WHITE,,50,55,0,,8/8/2025,JMCDONOUGH2011@GMAIL.COM,8/8/2025,DFARLEY@FSCO.COM,8/18/2025,,Received Complete,Manual,,
282,1,OMNI W.C. INC,"PARCPG7113 30"" 500Y","30"" Roll - ROLL",0.99,3960,CPG7113-30,,4000,4000,0,,8/1/2025,JMCDONOUGH2011@GMAIL.COM,7/31/2025,DFARLEY@FSCO.COM,8/14/2025,,Received Complete,Manual,,
277,1,OMNI W.C. INC,"PARCPG7100 30"" 500Y","30"" Roll - ROLL",0.87,2610,CPG7100-30,,3000,3000,0,,9/15/2025,JMCDONOUGH2011@GMAIL.COM,7/29/2025,DFARLEY@FSCO.COM,9/25/2025,,Received Complete,Manual,,
274,1,OMNI W.C. INC,"PARCPG7113 30"" 500Y","30"" Roll - ROLL",0.99,4950,CPG7113-30,,5000,5000,0,,9/15/2025,JMCDONOUGH2011@GMAIL.COM,7/23/2025,JMCDONOUGH2011@GMAIL.COM,9/26/2025,,Received Complete,Manual,,
271,1,SBI,SBI C-0 DWR Stain Treatment,TEMP - SHEET,2.75,27.5,SBI C-0 DWR,,10,10,0,,8/22/2025,MMUNK@FSCO.COM,7/23/2025,MMUNK@FSCO.COM,8/26/2025,,Received Complete,Manual,,
269,1,HOSPITALITY,Hospitality Ground,TEMP - SHEET,8.72,87.2,HOSPGround,,10,10,0,,7/23/2025,MMUNK@FSCO.COM,7/23/2025,MMUNK@FSCO.COM,7/30/2025,,Received Complete,Manual,,
267,1,OMNI W.C. INC,"BNYCPG7100 60"" 210Y","60"" Roll - ROLL",1.83,7301.7,CPG 7100 60”,,3990,3990,0,,7/28/2025,JMCDONOUGH2011@GMAIL.COM,7/23/2025,COCONNOR@FSCO.COM,7/30/2025,,Received Complete,Manual,,
266,1,EPIC TEXTILES,H73C-996 PFD WHITE,"60"" Roll - ROLL",11.46,8022,H73C-996 PFD WHITE,,700,700,0,,7/22/2025,MMUNK@FSCO.COM,7/22/2025,MMUNK@FSCO.COM,9/4/2025,,Received Complete,Manual,,
265,1,DYE INTO PRINT,SLF-WIN-COA,TEMP - SHEET,11,220,SLF-WIN-COA,,20,20,0,,7/28/2025,MMUNK@FSCO.COM,7/21/2025,MMUNK@FSCO.COM,9/4/2025,,Received Complete,Manual,,
258,1,WALLQUEST,E019 Vinal Sisal,"54"" Roll - ROLL",5.1,2550,E019,,500,770,0,,7/25/2025,JMCDONOUGH2011@GMAIL.COM,7/3/2025,COCONNOR@FSCO.COM,7/30/2025,,Received Complete,Manual,,
256,1,SBI,SBI C-0 DWR Stain Treatment,TEMP - SHEET,2.75,1100,SBI C-0 DWR,,400,410,0,,7/18/2025,MMUNK@FSCO.COM,6/30/2025,MMUNK@FSCO.COM,7/30/2025,,Received Complete,Manual,,
252,1,DYE INTO PRINT,SLF-KIM-PEA,TEMP - SHEET,9.25,1850,SLF-KIM-PEA,,200,205,0,,7/11/2025,MMUNK@FSCO.COM,6/16/2025,MMUNK@FSCO.COM,9/4/2025,,Received Complete,Manual,,
251,1,WALLQUEST,BNY Vinyl Sisal,"54"" Roll - ROLL",5.1,2550,E001DGBNW300,,500,500,0,,7/7/2025,JMCDONOUGH2011@GMAIL.COM,6/12/2025,COCONNOR@FSCO.COM,7/3/2025,,Received Complete,Manual,,
246,1,EPIC TEXTILES,PARComo Semi-Natural,Fabric - ROLL,11.25,10125,H56-735,,900,903.49,0,,6/25/2025,JMCDONOUGH2011@GMAIL.COM,6/11/2025,LIFTSUPPORT,9/19/2025,,Received Complete,Manual,,
240,1,SBI,SBI C-0 DWR Stain Treatment,TEMP - SHEET,2.75,838.75,SBI C-0 DWR,,305,305,0,,6/12/2025,MMUNK@FSCO.COM,6/4/2025,MMUNK@FSCO.COM,6/26/2025,,Received Complete,Manual,,
235,1,OMNI W.C. INC,"PARCPG7113 30"" 500Y","30"" Roll - ROLL",0.99,2475,CPG7113-30,,2500,2500,0,,8/15/2025,JMCDONOUGH2011@GMAIL.COM,5/30/2025,DFARLEY@FSCO.COM,8/14/2025,,Received Complete,Manual,,
234,1,OMNI W.C. INC,"PARCPG7113 30"" 500Y","30"" Roll - ROLL",0.99,2970,CPG7113-30,,3000,3000,0,,7/28/2025,JMCDONOUGH2011@GMAIL.COM,5/30/2025,JMCDONOUGH2011@GMAIL.COM,9/18/2025,,Received Complete,Manual,,
229,1,TWIL WALLCOVERINGS,PARHBD1018T Blanc,"36"" Roll - ROLL",7.71,22412.97,HBD1018T,,2907,2907,0,,5/16/2025,DFARLEY@FSCO.COM,5/16/2025,DFARLEY@FSCO.COM,5/16/2025,,Received Complete,Manual,,
219,1,OMNI W.C. INC,"PARCPG7113 30"" 500Y","30"" Roll - ROLL",0.99,3960,CPG7113-30,,4000,4000,0,,6/30/2025,JMCDONOUGH2011@GMAIL.COM,5/1/2025,JMCDONOUGH2011@GMAIL.COM,8/13/2025,,Received Complete,Manual,,
218,1,OMNI W.C. INC,"PARCPG7113 30"" 500Y","30"" Roll - ROLL",0.99,4455,CPG7113-30,,4500,4500,0,,5/22/2025,JMCDONOUGH2011@GMAIL.COM,5/1/2025,JMCDONOUGH2011@GMAIL.COM,9/12/2025,,Received Complete,Manual,,
216,1,P K TEXTILES LIMITED,PARThar (Ivory),Fabric - ROLL,14.58,7290,THAR IVORY,,500,624.71,0,,4/30/2025,DFARLEY@FSCO.COM,4/29/2025,DFARLEY@FSCO.COM,5/14/2025,,Received Complete,Manual,,
215,1,OMNI W.C. INC,"BNYCPG7100 60"" 210Y","60"" Roll - ROLL",1.83,7686,CPG 7100 60”,,4200,4200,0,,4/25/2025,DFARLEY@FSCO.COM,4/25/2025,DFARLEY@FSCO.COM,4/25/2025,,Received Complete,Manual,,
204,1,OMNI W.C. INC,"BNYCPG7100 60"" 210Y","60"" Roll - ROLL",1.83,6148.8,CPG 7100 60”,,3360,3360,0,,9/15/2025,JMCDONOUGH2011@GMAIL.COM,4/9/2025,JMCDONOUGH2011@GMAIL.COM,9/26/2025,,Received Complete,Manual,,
203,1,OMNI W.C. INC,"BNYCPG7100 60"" 210Y","60"" Roll - ROLL",1.83,6148.8,CPG 7100 60”,,3360,3360,0,,8/15/2025,JMCDONOUGH2011@GMAIL.COM,4/9/2025,COCONNOR@FSCO.COM,8/26/2025,,Received Complete,Manual,,
202,1,OMNI W.C. INC,"BNYCPG7100 60"" 210Y","60"" Roll - ROLL",1.83,6148.8,CPG 7100 60”,,3360,3360,0,,7/15/2025,JMCDONOUGH2011@GMAIL.COM,4/9/2025,DFARLEY@FSCO.COM,7/21/2025,,Received Complete,Manual,,
201,1,OMNI W.C. INC,"BNYCPG7100 60"" 210Y","60"" Roll - ROLL",1.83,6148.8,CPG 7100 60”,,3360,3360,0,,6/15/2025,JMCDONOUGH2011@GMAIL.COM,4/9/2025,COCONNOR@FSCO.COM,7/3/2025,,Received Complete,Manual,,
199,1,OMNI W.C. INC,"PARCPG7100 30"" 500Y","30"" Roll - ROLL",0.87,5220,CPG7100-30,,6000,6000,0,,7/15/2025,JMCDONOUGH2011@GMAIL.COM,4/9/2025,DFARLEY@FSCO.COM,7/21/2025,,Received Complete,Manual,,
198,1,OMNI W.C. INC,"PARCPG7100 30"" 500Y","30"" Roll - ROLL",0.87,5220,CPG7100-30,,6000,6000,0,,6/15/2025,JMCDONOUGH2011@GMAIL.COM,4/9/2025,DFARLEY@FSCO.COM,6/18/2025,,Received Complete,Manual,,
197,1,OMNI W.C. INC,"PARCPG7100 30"" 500Y","30"" Roll - ROLL",0.87,3915,CPG7100-30,,4500,4500,0,,5/23/2025,JMCDONOUGH2011@GMAIL.COM,4/9/2025,DFARLEY@FSCO.COM,5/28/2025,,Received Complete,Manual,,
196,1,OMNI W.C. INC,"PARCPG7100 30"" 500Y","30"" Roll - ROLL",0.87,4350,CPG7100-30,,5000,5000,0,,4/15/2025,JMCDONOUGH2011@GMAIL.COM,4/9/2025,DFARLEY@FSCO.COM,4/25/2025,,Received Complete,Manual,,
195,1,TWIL WALLCOVERINGS,PARFAB255,"36"" Roll - ROLL",10.95,1051.2,WS5068 -8,,96,96,0,,4/9/2025,JMCDONOUGH2011@GMAIL.COM,4/9/2025,DFARLEY@FSCO.COM,5/2/2025,,Received Complete,Manual,,
194,1,EPIC TEXTILES,H73C-996 PFD WHITE,"60"" Roll - ROLL",34.35,11450,H73C-996 PFD WHITE,,1000,1030,0,,6/15/2025,MMUNK@FSCO.COM,4/8/2025,MMUNK@FSCO.COM,9/4/2025,,Received Complete,Manual,,
193,1,SBI,SBI C-0 DWR Stain Treatment,TEMP - SHEET,2.65,2457.88,SBI C-0 DWR,,927.5,927.5,0,,4/15/2025,MMUNK@FSCO.COM,4/8/2025,MMUNK@FSCO.COM,5/6/2025,,Received Complete,Manual,,
191,1,DYE INTO PRINT,SLF-LIL-COA,TEMP - SHEET,3.08,1848,SLF-LIL-COA,,600,600,0,,5/26/2025,MMUNK@FSCO.COM,3/31/2025,MMUNK@FSCO.COM,3/31/2025,,Received Complete,Manual,,
190,1,OMNI W.C. INC,"BNYCPG7100 60"" 210Y","60"" Roll - ROLL",1.83,9223.2,CPG 7100 60”,,5040,5040,0,,3/24/2025,DFARLEY@FSCO.COM,3/28/2025,JMCDONOUGH2011@GMAIL.COM,3/30/2025,,Received Complete,Manual,,
184,1,DYE INTO PRINT,SLF-LIL-PIS_DIP,TEMP - SHEET,9.25,925,SLF-LIL-PIS_DIP,,100,100,0,,5/19/2025,MMUNK@FSCO.COM,3/25/2025,MMUNK@FSCO.COM,6/26/2025,,Received Complete,Manual,,
179,1,DYE INTO PRINT,SLF-KIM-PEA,TEMP - SHEET,10.25,2050,SLF-KIM-PEA,,200,200,0,,4/25/2025,MMUNK@FSCO.COM,3/11/2025,MMUNK@FSCO.COM,5/6/2025,,Received Complete,Manual,,
178,1,"P+W International Co., Ltd.",PNW5004724 Fog,"36"" Roll - ROLL",4.65,3831.6,5004724,,824,825,0,,3/10/2025,DFARLEY@FSCO.COM,3/11/2025,JMCDONOUGH2011@GMAIL.COM,6/13/2025,,Received Complete,Manual,,
175,1,DYE INTO PRINT,TEST YARDAGE- LONDON LINEN,TEMP - SHEET,13.5,135,TEST YD-LONDON,,10,10,0,,4/1/2025,MMUNK@FSCO.COM,3/5/2025,MMUNK@FSCO.COM,5/6/2025,,Received Complete,Manual,,
174,1,SBI,SBI C-0 DWR Stain Treatment,TEMP - SHEET,2.75,55,SBI C-0 DWR,,20,20,0,,4/1/2025,MMUNK@FSCO.COM,3/5/2025,MMUNK@FSCO.COM,5/6/2025,,Received Complete,Manual,,
171,1,"P+W International Co., Ltd.",PNW5007950 PM (Natural),"54"" Roll - ROLL",9.99,1918.08,5007950,,192,192,0,,3/7/2025,DFARLEY@FSCO.COM,2/28/2025,DFARLEY@FSCO.COM,2/28/2025,,Received Complete,Manual,,
159,1,DYE INTO PRINT,SLF-LIL-COA,TEMP - SHEET,2.98,1788,SLF-LIL-COA,,600,600,0,,4/11/2025,MMUNK@FSCO.COM,2/24/2025,MMUNK@FSCO.COM,5/6/2025,,Received Complete,Manual,,
158,1,DYE INTO PRINT,SLF-KIM-SKY,TEMP - SHEET,10.25,2203.75,SLF-KIM-SKY,,215,215,0,,3/14/2025,MMUNK@FSCO.COM,2/20/2025,MMUNK@FSCO.COM,5/6/2025,,Received Complete,Manual,,
151,1,AMERICAN FABRIC PROCESSORS,AFP C-0 PRETREATMENT,TEMP - SHEET,5,2405,AFP-C0-PRE,,481,481,0,,3/1/2025,MMUNK@FSCO.COM,2/12/2025,MMUNK@FSCO.COM,5/6/2025,,Received Complete,Manual,,
139,1,TWIL WALLCOVERINGS,PAR5004703 Mocha,"36"" Roll - ROLL",7.71,123.36,SG2207RSP,,16,16,0,,1/30/2025,DFARLEY@FSCO.COM,1/30/2025,DFARLEY@FSCO.COM,1/30/2025,,Received Complete,Manual,,
138,1,TWIL WALLCOVERINGS,PAR5004707 Nile,"36"" Roll - ROLL",7.71,1850.4,5004707,,240,240,0,,1/30/2025,DFARLEY@FSCO.COM,1/30/2025,DFARLEY@FSCO.COM,1/30/2025,,Received Complete,Manual,,
132,1,DYE INTO PRINT,SLF-LIL-PIS_DIP,TEMP - SHEET,8.95,1790,SLF-LIL-PIS_DIP,,200,200,0,,3/25/2025,KMUI@PARAMOUNTPRINTS.COM,1/28/2025,MMUNK@FSCO.COM,5/6/2025,,Received Complete,Manual,,
95,1,BREWSTER HOME FASIONS,BNY5004716 48y Brewster Ivory,"36"" Roll - ROLL",6.18,6180,,,1000,973.33,0,,11/15/2024,LIFTADMIN,11/21/2024,JMCDONOUGH2011@GMAIL.COM,12/20/2024,,Received Complete,Manual,,
77,1,TWIL WALLCOVERINGS,PAR5004706 Cornflower,"36"" Roll - ROLL",7.44,1785.6,5004706,,240,240,0,,11/5/2024,DFARLEY@FSCO.COM,11/5/2024,DFARLEY@FSCO.COM,11/22/2024,,Received Complete,Manual,,
70,1,"P+W International Co., Ltd.",PNW5004706 Cornflower,"36"" Roll - ROLL",4.65,7784.1,5004706,,1674,1674,0,,10/29/2024,BARI,10/28/2024,BARI,10/28/2024,,Received Complete,Manual,,
69,1,Griswold,PARSailcloth (Natural),Fabric - ROLL,7.5,5265,SAILCLOTH NATURAL,,702,702,0,,10/29/2024,BARI,10/28/2024,BARI,10/28/2024,,Received Complete,Manual,,
68,1,Parthenon Prints Inc,PARSussex Natural,Fabric - ROLL,6,2040,Sussex Natural,,340,340,0,,10/29/2024,BARI,10/28/2024,BARI,10/28/2024,,Received Complete,Manual,,
66,1,Griswold,PAR2-ply (Natural),Fabric - ROLL,8.76,10078.38,SAILCLOTH (NATURAL),,1150.5,1150.5,0,,10/28/2024,BARI,10/28/2024,BARI,10/28/2024,,Received Complete,Manual,,
299,1,Test Vendor,TESTSku,"60"" Roll - ROLL",3,1350,TESTSku1,,450,450,0,,8/19/2025,JMCDONOUGH2011@GMAIL.COM,8/19/2025,JMCDONOUGH2011@GMAIL.COM,8/22/2025,,Cancelled,Manual,,
298,1,Test Vendor,TESTSku,"60"" Roll - ROLL",3,900,TESTSku1,,300,300,0,,8/19/2025,JMCDONOUGH2011@GMAIL.COM,8/19/2025,JMCDONOUGH2011@GMAIL.COM,8/22/2025,,Cancelled,Manual,,
287,1,Test Vendor,TESTSku,"60"" Roll - ROLL",3,2700,TESTSku1,,900,900,0,,8/6/2025,JMCDONOUGH2011@GMAIL.COM,8/6/2025,JMCDONOUGH2011@GMAIL.COM,8/22/2025,,Cancelled,Manual,,
263,1,Sattler,PARProse (14500 Snow),Fabric - ROLL,14.01,11137.95,14500 Snow,,795,795,0,,8/15/2025,BLAWLOR@FSCO.COM,7/17/2025,JMCDONOUGH2011@GMAIL.COM,8/19/2025,,Partially Received,Manual,,
262,1,Brooklyn Navy Yard,5018110-BNY,"60"" Roll - ROLL",200.01,5600.28,5018110-BNY,,28,28,0,,7/15/2025,BLAWLOR@FSCO.COM,7/15/2025,JMCDONOUGH2011@GMAIL.COM,7/23/2025,,Cancelled,Manual,,
260,1,Brooklyn Navy Yard,ENG5018110W-72-BNY,"60"" Roll - ROLL",14.01,224.16,ENG5018110W-72-BNY,,16,16,0,,7/15/2025,BLAWLOR@FSCO.COM,7/15/2025,JMCDONOUGH2011@GMAIL.COM,7/23/2025,,Cancelled,Manual,,
259,1,Brooklyn Navy Yard,Palazzo Memos - MS5018110-BNY Antique,"60"" Roll - ROLL",1.29,1290,MS5018110-BNY,,1000,1000,0,,7/16/2025,BLAWLOR@FSCO.COM,7/15/2025,JMCDONOUGH2011@GMAIL.COM,7/23/2025,,Cancelled,Manual,,
239,1,SUMEC,TESTSku,"60"" Roll - ROLL",3.51,1228.5,TestSku3,,350,350,0,,6/2/2025,JMCDONOUGH2011@GMAIL.COM,6/2/2025,JMCDONOUGH2011@GMAIL.COM,8/22/2025,,Cancelled,Manual,,
230,1,Griswold,PARSailcloth (Natural),Fabric - ROLL,8.01,1602,SAILCLOTH NATURAL,,200,200,0,,6/20/2025,BLAWLOR@FSCO.COM,5/19/2025,DFARLEY@FSCO.COM,7/21/2025,,Partially Received,Manual,,
226,1,TWIL WALLCOVERINGS,PAR5007872 HEMP SHIMMER (Silver),"36"" Roll - ROLL",7.71,23222.52,5007872,,3012,3012,0,,5/8/2025,DFARLEY@FSCO.COM,5/8/2025,JMCDONOUGH2011@GMAIL.COM,5/30/2025,,Partially Received,Manual,,
182,1,F. SCHUMACHER & CO,TESTSku,"60"" Roll - ROLL",3.99,1596,TESTSku2,,400,400,0,,3/26/2025,JMCDONOUGH2011@GMAIL.COM,3/21/2025,JMCDONOUGH2011@GMAIL.COM,8/22/2025,,Cancelled,Manual,,
181,1,Test Vendor,TESTSku,"60"" Roll - ROLL",3,900,TESTSku1,,300,300,0,,3/25/2025,JMCDONOUGH2011@GMAIL.COM,3/21/2025,JMCDONOUGH2011@GMAIL.COM,8/22/2025,,Cancelled,Manual,,
180,1,OMNI W.C. INC,"BNYCPG7100 60"" 210Y","60"" Roll - ROLL",1.74,0,CPG 7100 60”,,0,0,0,,4/15/2025,JMCDONOUGH2011@GMAIL.COM,3/21/2025,JMCDONOUGH2011@GMAIL.COM,3/21/2025,,Cancelled,Manual,,
168,1,TWIL WALLCOVERINGS,PAR5007872 HEMP SHIMMER (Silver),"36"" Roll - ROLL",7.71,7895.04,5007872,,1024,1024,0,,4/11/2025,BLAWLOR@FSCO.COM,2/28/2025,JMCDONOUGH2011@GMAIL.COM,5/1/2025,,Partially Received,Manual,,
142,1,TWIL WALLCOVERINGS,PAR5004718 Haze,"36"" Roll - ROLL",6.45,5572.8,5004718,,864,864,0,,2/14/2025,BLAWLOR@FSCO.COM,1/31/2025,JMCDONOUGH2011@GMAIL.COM,5/1/2025,,Partially Received,Manual,,
128,1,Griswold,PAR377 BLEACHED,Fabric - ROLL,12,3564,377 Bleached,,297,297,0,,2/7/2025,BLAWLOR@FSCO.COM,1/17/2025,JMCDONOUGH2011@GMAIL.COM,5/1/2025,,Partially Received,Manual,,
78,1,BREWSTER HOME FASIONS,BNY5004716 48y Brewster Ivory,"36"" Roll - ROLL",18.57,18570,,,1000,1000,0,,11/7/2024,LIFTADMIN,11/7/2024,BKOUPAL@FSCO.COM,7/21/2025,,Invoice Posted,Manual,,
76,1,OMNI W.C. INC,"BNYCPG7100 60"" 210Y","60"" Roll - ROLL",1.74,1740,CPG 7100 60”,,1000,1000,0,,10/31/2024,BLAWLOR@FSCO.COM,10/31/2024,BLAWLOR@FSCO.COM,11/4/2024,,Cancelled,Manual,,
71,1,TWIL WALLCOVERINGS,PAR5004707 Nile,"36"" Roll - ROLL",7.71,9252,5004707,,1200,1200,0,,10/29/2024,BARI,10/28/2024,BLAWLOR@FSCO.COM,11/4/2024,,Invoice Posted,Manual,,
67,1,Quadrille Inc.,QUAA435Oyster,Fabric - ROLL,0,0,A435-0021,,86.61,86.61,0,,10/28/2024,BARI,10/28/2024,BLAWLOR@FSCO.COM,11/11/2024,,Invoice Posted,Manual,,
43,1,NEU KALISS SPZIALPAPIER,"BNYNeuKaliss 60"" 100Y","60"" Roll - ROLL",1.2,120,TV130-1126-100,,100,100,0,,8/23/2024,LIFTADMIN,8/22/2024,JMCDONOUGH2011@GMAIL.COM,10/8/2024,,Cancelled,Manual,,
37,1,NEU KALISS SPZIALPAPIER,"BNYNeuKaliss 60"" 100Y","60"" Roll - ROLL",3.63,1210,TV130-1126-100,,1000,1000,0,,7/26/2024,BLAWLOR@FSCO.COM,7/5/2024,BLAWLOR@FSCO.COM,10/11/2024,,Cancelled,Manual,,
33,1,TWIL WALLCOVERINGS,BNY5004716 48y Ivory,"36"" Roll - ROLL",1108.8,7022.4,5004716YD,,19,19,0,,3/19/2024,PKEEFER@FSCO.COM,3/19/2024,LIFTADMIN,4/17/2024,123456,Invoice Posted,Manual,,
32,1,NEU KALISS SPZIALPAPIER,"BNYNeuKaliss 60"" 315Y","60"" Roll - ROLL",1143.48,,TV130-1126-315,,,20,0,,3/19/2024,PKEEFER@FSCO.COM,3/19/2024,JMCDONOUGH2011@GMAIL.COM,4/11/2025,XYZ,Invoice Posted,Manual,,
31,1,ULINE,BOX 8x8x36 (Sisal),Shipping Supplies -,2.54,127,S-4483,,50,50,0,,3/18/2024,PKEEFER@FSCO.COM,3/18/2024,BLAWLOR@FSCO.COM,10/11/2024,,Cancelled,Manual,,
30,1,OMNI W.C. INC,"BNYDG2061 60"" 250Y","60"" Roll - ROLL",3757.5,7515,DG-2061-PEEL,,6,6,0,,3/12/2024,PKEEFER@FSCO.COM,3/12/2024,BLAWLOR@FSCO.COM,10/11/2024,,Cancelled,Manual,,
29,1,PALLET JUNCTION,Wooden Pallets 58x41,Shipping Supplies -,20,7040,58x41,,352,352,0,,3/7/2024,COCONNOR@FSCO.COM,3/7/2024,BLAWLOR@FSCO.COM,10/11/2024,,Cancelled,Manual,,
28,1,OMNI W.C. INC,"BNYOM61Gold 30"" 50Y","30"" Roll - ROLL",1008,4032,OM-61-GOLD-MY-2022,,12,12,0,,3/6/2024,PKEEFER@FSCO.COM,3/6/2024,BLAWLOR@FSCO.COM,10/11/2024,,Cancelled,Manual,,
27,1,OMNI W.C. INC,"BNYDG2061 60"" 250Y","60"" Roll - ROLL",3757.5,11272.5,DG-2061-PEEL,,9,9,0,,3/6/2024,PKEEFER@FSCO.COM,3/6/2024,BLAWLOR@FSCO.COM,10/11/2024,,Cancelled,Manual,,
26,1,ULINE,12x12x60,Shipping Supplies -,7.1,213,S-4692,,30,30,0,,3/4/2024,PKEEFER@FSCO.COM,3/4/2024,BLAWLOR@FSCO.COM,10/11/2024,,Cancelled,Manual,,
24,1,SENTEC INTERNATIONAL,DESARDI ECO FLEECE,"60"" Roll - ROLL",1650,7150,819265-1372,,13,13,0,,2/28/2024,PKEEFER@FSCO.COM,2/28/2024,BLAWLOR@FSCO.COM,10/11/2024,,Cancelled,Manual,,
23,1,ULINE,8X8X60,Shipping Supplies -,5.18,233.1,S-4835,,45,45,0,,2/27/2024,PKEEFER@FSCO.COM,2/27/2024,BLAWLOR@FSCO.COM,10/11/2024,,Cancelled,Manual,,
22,1,EPIC TEXTILES,BNYHampton,Fabric - ROLL,2317.5,3090,H58-734M,,4,4,0,,2/22/2024,COCONNOR@FSCO.COM,2/22/2024,BLAWLOR@FSCO.COM,10/11/2024,,Cancelled,Manual,,
20,1,ULTRAFLEX,"HOSBaliHai 54"" 100Y","54"" Roll - ROLL",0,0,ULTRAFLEX-BALIHAI,,6,6,0,,2/21/2024,PKEEFER@FSCO.COM,2/21/2024,BLAWLOR@FSCO.COM,10/11/2024,,Cancelled,Manual,,
19,1,ULINE,12x12x60,Shipping Supplies -,7.1,284,S-4692,,40,40,0,,2/21/2024,PKEEFER@FSCO.COM,2/21/2024,BLAWLOR@FSCO.COM,10/11/2024,,Cancelled,Manual,,
18,1,NEU KALISS SPZIALPAPIER,"BNYNeuKaliss 60"" 315Y","60"" Roll - ROLL",1143.48,52600.08,TV130-1126-315,,138,138,0,,2/20/2024,COCONNOR@FSCO.COM,2/20/2024,BLAWLOR@FSCO.COM,10/11/2024,,Cancelled,Manual,,
17,1,ULTRAFLEX,"HOSBaliHai 54"" 100Y","54"" Roll - ROLL",3,2,ULTRAFLEX-BALIHAI,,2,2,0,,2/15/2024,PKEEFER@FSCO.COM,2/15/2024,BLAWLOR@FSCO.COM,10/11/2024,,Cancelled,Manual,,
16,1,BREWSTER HOME FASIONS,BNY5004716 48y Brewster Ivory,"36"" Roll - ROLL",3,2,,,2,2,0,,2/15/2024,PKEEFER@FSCO.COM,2/15/2024,BLAWLOR@FSCO.COM,10/11/2024,,Cancelled,Manual,,
15,1,OMNI W.C. INC,"BNYCPG7100 60"" 120Y","60"" Roll - ROLL",1260,4200,DG-2046-120,,10,10,0,,2/15/2024,PKEEFER@FSCO.COM,2/15/2024,JMCDONOUGH2011@GMAIL.COM,8/22/2025,testing,Invoice Posted,Manual,,
14,1,NEU KALISS SPZIALPAPIER,"BNYNeuKaliss 60"" 315Y","60"" Roll - ROLL",1143.48,1905.8,TV130-1126-315,,5,5,0,,2/16/2024,COCONNOR@FSCO.COM,2/12/2024,BLAWLOR@FSCO.COM,10/11/2024,,Cancelled,Manual,,
12,1,NEU KALISS SPZIALPAPIER,"BNYNeuKaliss 60"" 315Y","60"" Roll - ROLL",1143.48,381.16,TV130-1126-315,,1,1,0,,2/16/2024,COCONNOR@FSCO.COM,2/9/2024,BLAWLOR@FSCO.COM,10/11/2024,,Cancelled,Manual,,
11,1,NEU KALISS SPZIALPAPIER,"BNYNeuKaliss 60"" 315Y","60"" Roll - ROLL",1143.48,381.16,TV130-1126-315,,1,1,0,,2/16/2024,COCONNOR@FSCO.COM,2/9/2024,BLAWLOR@FSCO.COM,10/11/2024,,Cancelled,Manual,,
9,1,NEU KALISS SPZIALPAPIER,YDS Test,"60"" Roll - ROLL",3.63,52598.7,,,43470,43470,0,,1/20/2024,BNY LIFT ADMIN,1/17/2024,BLAWLOR@FSCO.COM,10/11/2024,,Cancelled,Manual,,
285,2,OMNI W.C. INC,"BNYCPG7100 60"" 210Y","60"" Roll - ROLL",1.83,5490,CPG 7100 60”,,3000,3000,0,,8/20/2025,JMCDONOUGH2011@GMAIL.COM,8/6/2025,DFARLEY@FSCO.COM,8/19/2025,,Received Complete,Manual,,
274,3,OMNI W.C. INC,"PARCPG7101 30"" 500Y","30"" Roll - ROLL",2.97,1485,CPG7101,,500,500,0,,9/15/2025,JMCDONOUGH2011@GMAIL.COM,7/23/2025,JMCDONOUGH2011@GMAIL.COM,9/26/2025,,Received Complete,Manual,,
270,2,DYE INTO PRINT,SLF-KIM-SKY,TEMP - SHEET,13.5,135,SLF-KIM-SKY,,10,10,0,,8/8/2025,MMUNK@FSCO.COM,7/23/2025,MMUNK@FSCO.COM,8/12/2025,,Received Complete,Manual,,
265,2,DYE INTO PRINT,SLF-WIN-VIN,TEMP - SHEET,11,220,SLF-WIN-VIN,,20,20,0,,7/28/2025,MMUNK@FSCO.COM,7/21/2025,MMUNK@FSCO.COM,9/4/2025,,Received Complete,Manual,,
265,3,DYE INTO PRINT,SLF-WIN-OLI,TEMP - SHEET,11,220,slf-win-oli,,20,20,0,,7/28/2025,MMUNK@FSCO.COM,7/21/2025,MMUNK@FSCO.COM,9/4/2025,,Received Complete,Manual,,
252,2,DYE INTO PRINT,SLF-KIM-SKY,TEMP - SHEET,9.25,1850,SLF-KIM-SKY,,200,205,0,,7/11/2025,MMUNK@FSCO.COM,6/16/2025,MMUNK@FSCO.COM,9/4/2025,,Received Complete,Manual,,
235,2,OMNI W.C. INC,"PARCPG7101 30"" 500Y","30"" Roll - ROLL",0.99,2475,CPG7101,,2500,2500,0,,8/15/2025,JMCDONOUGH2011@GMAIL.COM,5/30/2025,DFARLEY@FSCO.COM,8/14/2025,,Received Complete,Manual,,
235,3,OMNI W.C. INC,"PARCPG7100 30"" 500Y","30"" Roll - ROLL",0.87,4350,CPG7100-30,,5000,5000,0,,8/15/2025,JMCDONOUGH2011@GMAIL.COM,5/30/2025,DFARLEY@FSCO.COM,8/14/2025,,Received Complete,Manual,,
234,3,OMNI W.C. INC,"PAROM60 Silver 30"" 50Y","30"" Roll - ROLL",3.66,915,OM SILVER,,250,250,0,,7/28/2025,JMCDONOUGH2011@GMAIL.COM,5/30/2025,JMCDONOUGH2011@GMAIL.COM,9/18/2025,,Received Complete,Manual,,
234,4,OMNI W.C. INC,"PARCPG7101 30"" 500Y","30"" Roll - ROLL",0.99,1980,CPG7101,,2000,2000,0,,7/28/2025,JMCDONOUGH2011@GMAIL.COM,5/30/2025,JMCDONOUGH2011@GMAIL.COM,9/18/2025,,Received Complete,Manual,,
219,2,OMNI W.C. INC,"PARCPG7101 30"" 500Y","30"" Roll - ROLL",0.99,3960,CPG7101,,4000,4000,0,,6/30/2025,JMCDONOUGH2011@GMAIL.COM,5/1/2025,JMCDONOUGH2011@GMAIL.COM,8/13/2025,,Received Complete,Manual,,
219,3,OMNI W.C. INC,"PAROM01 30"" 250Y","30"" Roll - ROLL",1.59,779.1,OM01,,490,490,0,,6/30/2025,JMCDONOUGH2011@GMAIL.COM,5/1/2025,JMCDONOUGH2011@GMAIL.COM,8/13/2025,,Partially Received,Manual,,
219,4,OMNI W.C. INC,"PARGR-FS-5006922 30"" 500Y","30"" Roll - ROLL",1.11,1665,GR-FS-5006922,,1500,1500,0,,6/30/2025,JMCDONOUGH2011@GMAIL.COM,5/1/2025,JMCDONOUGH2011@GMAIL.COM,8/13/2025,,Received Complete,Manual,,
219,6,OMNI W.C. INC,"PAROM01 30"" 250Y","30"" Roll - ROLL",1.59,1605.9,OM01,,1010,1350,0,,7/15/2025,JMCDONOUGH2011@GMAIL.COM,5/1/2025,JMCDONOUGH2011@GMAIL.COM,8/13/2025,,Received Complete,Manual,,
218,2,OMNI W.C. INC,"PARCPG7101 30"" 500Y","30"" Roll - ROLL",0.99,4455,CPG7101,,4500,4500,0,,5/30/2025,JMCDONOUGH2011@GMAIL.COM,5/1/2025,JMCDONOUGH2011@GMAIL.COM,9/12/2025,,Received Complete,Manual,,
218,3,OMNI W.C. INC,"PAROM01 30"" 250Y","30"" Roll - ROLL",1.59,4770,OM01,,3000,3106,0,,5/22/2025,JMCDONOUGH2011@GMAIL.COM,5/1/2025,JMCDONOUGH2011@GMAIL.COM,9/12/2025,,Received Complete,Manual,,
218,4,OMNI W.C. INC,"PARGR-FS-5006922 30"" 500Y","30"" Roll - ROLL",1.11,1665,GR-FS-5006922,,1500,1500,0,,5/30/2025,JMCDONOUGH2011@GMAIL.COM,5/1/2025,JMCDONOUGH2011@GMAIL.COM,9/12/2025,,Received Complete,Manual,,
218,6,OMNI W.C. INC,"PARCPG7100 40"" 250Y","40"" Roll - ROLL",1.83,2745,CPG7100-40,,1500,1500,0,,5/22/2025,JMCDONOUGH2011@GMAIL.COM,5/1/2025,JMCDONOUGH2011@GMAIL.COM,9/12/2025,,Received Complete,Manual,,
218,7,OMNI W.C. INC,"PARCPG7113 60"" 500Y","60"" Roll - ROLL",1.8,900,CPG7113-60,,500,500,0,,5/22/2025,JMCDONOUGH2011@GMAIL.COM,5/1/2025,JMCDONOUGH2011@GMAIL.COM,9/12/2025,,Received Complete,Manual,,
216,2,P K TEXTILES LIMITED,PARThar (Sesame),Fabric - ROLL,14.58,7290,THAR SESAME,,500,607.28,0,,4/30/2025,DFARLEY@FSCO.COM,4/29/2025,DFARLEY@FSCO.COM,5/14/2025,,Received Complete,Manual,,
175,2,DYE INTO PRINT,TEST YARDAGE- VISCOSITY POLY,TEMP - SHEET,13.5,135,TEST YD-VISCOSITY,,10,10,0,,4/1/2025,MMUNK@FSCO.COM,3/5/2025,MMUNK@FSCO.COM,5/6/2025,,Received Complete,Manual,,
150,4,DYE INTO PRINT,SLF-LIL-PIS_DIP,TEMP - SHEET,8.95,895,SLF-LIL-PIS_DIP,,100,100,0,,3/7/2025,MMUNK@FSCO.COM,2/11/2025,MMUNK@FSCO.COM,5/6/2025,,Received Complete,Manual,,
71,2,TWIL WALLCOVERINGS,PAR5004712 Peacock,"36"" Roll - ROLL",7.71,2960.64,5004712,,384,384,0,,10/29/2024,BARI,10/28/2024,BLAWLOR@FSCO.COM,11/4/2024,,Received Complete,Manual,,
71,3,TWIL WALLCOVERINGS,PAR5010850 Sand,"36"" Roll - ROLL",7.71,185.04,5010850,,24,24,0,,10/29/2024,BARI,10/28/2024,BLAWLOR@FSCO.COM,11/4/2024,,Received Complete,Manual,,
71,4,TWIL WALLCOVERINGS,PAR5004715 Jet,"36"" Roll - ROLL",7.71,1850.4,SG2205,,240,240,0,,10/29/2024,BARI,10/28/2024,BLAWLOR@FSCO.COM,11/4/2024,,Received Complete,Manual,,
71,5,TWIL WALLCOVERINGS,PAR5004721 Plum,"36"" Roll - ROLL",7.71,1110.24,5004721,,144,144,0,,10/29/2024,BARI,10/28/2024,BLAWLOR@FSCO.COM,11/4/2024,,Received Complete,Manual,,
71,6,TWIL WALLCOVERINGS,PAR5004718 Haze,"36"" Roll - ROLL",7.44,1785.6,5004718,,240,240,0,,10/29/2024,BARI,10/28/2024,BLAWLOR@FSCO.COM,11/4/2024,,Received Complete,Manual,,
71,7,TWIL WALLCOVERINGS,PAR5004706 Cornflower,"36"" Roll - ROLL",7.44,2856.96,5004706,,384,384,0,,10/29/2024,BARI,10/28/2024,BLAWLOR@FSCO.COM,11/4/2024,,Received Complete,Manual,,
70,2,"P+W International Co., Ltd.",PNW5004716 Ivory,"36"" Roll - ROLL",4.65,1334.55,5004716,,287,287,0,,10/29/2024,BARI,10/28/2024,BARI,10/28/2024,,Received Complete,Manual,,
67,2,Quadrille Inc.,"QUAOM01 30"" 250Y","30"" Roll - ROLL",0,0,OM01,,250,250,0,,10/28/2024,BARI,10/28/2024,BLAWLOR@FSCO.COM,11/11/2024,,Received Complete,Manual,,
67,3,Quadrille Inc.,"QUAOM07 30"" 250Y","30"" Roll - ROLL",0,0,OM07,,225,225,0,,10/28/2024,BARI,10/28/2024,BLAWLOR@FSCO.COM,11/11/2024,,Received Complete,Manual,,
44,2,NEU KALISS SPZIALPAPIER,"BNYNeuKaliss 60"" 200Y","60"" Roll - ROLL",1.2,720,TV130-1126-200,,600,600,0,,8/22/2024,LIFTADMIN,8/22/2024,BLAWLOR@FSCO.COM,10/11/2024,,Cancelled,Manual,,
43,2,NEU KALISS SPZIALPAPIER,"BNYNeuKaliss 60"" 100Y","60"" Roll - ROLL",1.2,120,TV130-1126-100,,100,100,0,,8/23/2024,LIFTADMIN,8/22/2024,JMCDONOUGH2011@GMAIL.COM,10/8/2024,,Cancelled,Manual,,
43,3,NEU KALISS SPZIALPAPIER,"BNYNeuKaliss 60"" 100Y","60"" Roll - ROLL",1.2,120,TV130-1126-100,,100,100,0,,8/26/2024,LIFTADMIN,8/22/2024,JMCDONOUGH2011@GMAIL.COM,10/8/2024,,Cancelled,Manual,,
31,3,ULINE,12x12x60,Shipping Supplies -,7.1,142,S-4692,,20,20,0,,3/18/2024,PKEEFER@FSCO.COM,3/18/2024,BLAWLOR@FSCO.COM,10/11/2024,,Cancelled,Manual,,
31,4,ULINE,8X8X60,Shipping Supplies -,5.18,155.4,S-4835,,30,30,0,,3/18/2024,PKEEFER@FSCO.COM,3/18/2024,BLAWLOR@FSCO.COM,10/11/2024,,Cancelled,Manual,,
15,2,OMNI W.C. INC,"BNYCPG7100 60"" 210Y","60"" Roll - ROLL",2205,15435,CPG 7100 60”,,21,21,0,,2/15/2024,PKEEFER@FSCO.COM,2/15/2024,JMCDONOUGH2011@GMAIL.COM,8/22/2025,testing,Invoice Posted,Manual,,
283,2,OMNI W.C. INC,"BNYNeuKaliss 60"" 315Y","60"" Roll - ROLL",1.5,5385,,,3590,3590,0,,8/21/2025,BLAWLOR@FSCO.COM,8/4/2025,JMCDONOUGH2011@GMAIL.COM,8/22/2025,,Partially Received,Manual,,
262,2,Brooklyn Navy Yard,5018110-BNY,"60"" Roll - ROLL",9,5400,5018110-BNY,,600,600,0,,7/15/2025,BLAWLOR@FSCO.COM,7/15/2025,JMCDONOUGH2011@GMAIL.COM,7/23/2025,,Received Complete,Manual,,
260,2,Brooklyn Navy Yard,ENG5018110W-72-BNY,"60"" Roll - ROLL",14.01,280.2,ENG5018110W-72-BNY,,20,20,0,,7/15/2025,BLAWLOR@FSCO.COM,7/15/2025,JMCDONOUGH2011@GMAIL.COM,7/23/2025,,Received Complete,Manual,,
259,2,Brooklyn Navy Yard,Palazzo Memos - MS5018110-BNY Antique,"60"" Roll - ROLL",14.43,1298.7,MS5018110-BNY,,90,90,0,,7/15/2025,BLAWLOR@FSCO.COM,7/15/2025,JMCDONOUGH2011@GMAIL.COM,7/23/2025,,Received Complete,Manual,,
254,2,TWIL WALLCOVERINGS,PNW5008840 PAPERWEAVE (WHITE),"36"" Roll - ROLL",7.71,370.08,5008840,,48,48,0,,6/27/2025,BLAWLOR@FSCO.COM,6/17/2025,DFARLEY@FSCO.COM,7/10/2025,,Received Complete,Manual,,
242,4,TWIL WALLCOVERINGS,PARSG2207RSP (LIGHT BROWN),"36"" Roll - ROLL",7.71,4903.56,SG2207,,636,636,0,,6/13/2025,BLAWLOR@FSCO.COM,6/5/2025,DFARLEY@FSCO.COM,6/16/2025,,Received Complete,Manual,,
242,5,TWIL WALLCOVERINGS,PARSG2203 Brown,"36"" Roll - ROLL",7.71,185.04,SG2203,,24,24,0,,6/13/2025,BLAWLOR@FSCO.COM,6/5/2025,DFARLEY@FSCO.COM,6/16/2025,,Received Complete,Manual,,
242,6,TWIL WALLCOVERINGS,PARNAT4108RSP Angora,"36"" Roll - ROLL",7.71,11102.4,4108RSP Angora,,1440,1440,0,,6/13/2025,BLAWLOR@FSCO.COM,6/5/2025,DFARLEY@FSCO.COM,6/16/2025,,Received Complete,Manual,,
230,2,Griswold,PARSailcloth (Natural),Fabric - ROLL,8.01,16020,SAILCLOTH NATURAL,,2000,2000,0,,8/1/2025,BLAWLOR@FSCO.COM,5/19/2025,DFARLEY@FSCO.COM,7/21/2025,,Received Complete,Manual,,
225,2,TWIL WALLCOVERINGS,PARHBD1018T Blanc,"36"" Roll - ROLL",7.71,771,HBD1018T,,100,100,0,,5/8/2025,BLAWLOR@FSCO.COM,5/7/2025,JMCDONOUGH2011@GMAIL.COM,5/21/2025,,Received Complete,Manual,,
211,2,EPIC TEXTILES,PARComo Natural,Fabric - ROLL,11.25,13500,H56-735,,1200,1206.57,0,,6/15/2025,BLAWLOR@FSCO.COM,4/18/2025,JMCDONOUGH2011@GMAIL.COM,7/14/2025,,Received Complete,Manual,,
211,3,EPIC TEXTILES,PARLeon Bleached,Fabric - ROLL,12.96,19440,LEON Bleached,,1500,1527.56,0,,6/15/2025,BLAWLOR@FSCO.COM,4/18/2025,JMCDONOUGH2011@GMAIL.COM,7/14/2025,,Received Complete,Manual,,
211,4,EPIC TEXTILES,PAROrbit Oyster,Fabric - ROLL,15.75,4725,H76A-735,,300,335.82,0,,6/15/2025,BLAWLOR@FSCO.COM,4/18/2025,JMCDONOUGH2011@GMAIL.COM,7/14/2025,,Received Complete,Manual,,
160,2,"P+W International Co., Ltd.",PNW5007950 PM (Natural),"54"" Roll - ROLL",9.99,2997,5007950,,300,300,0,,3/7/2025,BLAWLOR@FSCO.COM,2/25/2025,DFARLEY@FSCO.COM,2/28/2025,,Received Complete,Manual,,
144,2,Greenland Natural Textured Wallcoverings,PNW5004701 Oatmeal,"36"" Roll - ROLL",4.29,11930.49,GRN5004701,,2781,2781,0,,5/2/2025,BLAWLOR@FSCO.COM,2/2/2025,JMCDONOUGH2011@GMAIL.COM,5/30/2025,,Received Complete,Manual,,
144,3,Greenland Natural Textured Wallcoverings,PNW5004722 Indigo,"36"" Roll - ROLL",4.29,44877.69,GRN5004722,,10461,10461,0,,5/2/2025,BLAWLOR@FSCO.COM,2/2/2025,JMCDONOUGH2011@GMAIL.COM,5/30/2025,,Received Complete,Manual,,
144,4,Greenland Natural Textured Wallcoverings,PNW5010851 Petal,"36"" Roll - ROLL",4.29,19356.48,GRN5010851,,4512,4512,0,,5/2/2025,BLAWLOR@FSCO.COM,2/2/2025,JMCDONOUGH2011@GMAIL.COM,5/30/2025,,Partially Received,Manual,,
144,5,Greenland Natural Textured Wallcoverings,PNW5004716 Ivory,"36"" Roll - ROLL",4.29,27340.17,GRN5004716,,6373,6432,0,,5/2/2025,BLAWLOR@FSCO.COM,2/2/2025,JMCDONOUGH2011@GMAIL.COM,5/30/2025,,Received Complete,Manual,,
144,6,Greenland Natural Textured Wallcoverings,PNW5004720 Charcoal,"36"" Roll - ROLL",4.29,22651.2,GRN5004720,,5280,5280,0,,5/2/2025,BLAWLOR@FSCO.COM,2/2/2025,JMCDONOUGH2011@GMAIL.COM,5/30/2025,,Partially Received,Manual,,
144,7,Greenland Natural Textured Wallcoverings,PNW5004710 Sage,"36"" Roll - ROLL",4.29,11119.68,GRN5004710,,2592,2592,0,,5/2/2025,BLAWLOR@FSCO.COM,2/2/2025,JMCDONOUGH2011@GMAIL.COM,5/30/2025,,Partially Received,Manual,,
142,3,TWIL WALLCOVERINGS,BNY5004716 48y Ivory,"36"" Roll - ROLL",6.45,32250,5004716YD,,5000,5000,0,,2/14/2025,BLAWLOR@FSCO.COM,1/31/2025,JMCDONOUGH2011@GMAIL.COM,5/1/2025,,Received Complete,Manual,,
142,4,TWIL WALLCOVERINGS,PAR5004722 Indigo,"36"" Roll - ROLL",6.45,1238.4,5004722,,192,192,0,,2/14/2025,BLAWLOR@FSCO.COM,1/31/2025,JMCDONOUGH2011@GMAIL.COM,5/1/2025,,Received Complete,Manual,,
142,5,TWIL WALLCOVERINGS,PAR5004720 Charcoal,"36"" Roll - ROLL",6.45,2986.35,5004720,,463,463,0,,2/14/2025,BLAWLOR@FSCO.COM,1/31/2025,JMCDONOUGH2011@GMAIL.COM,5/1/2025,,Partially Received,Manual,,
142,6,TWIL WALLCOVERINGS,PARHBD1018T Blanc,"36"" Roll - ROLL",6.45,6037.2,HBD1018T,,936,972,0,,2/14/2025,BLAWLOR@FSCO.COM,1/31/2025,JMCDONOUGH2011@GMAIL.COM,5/1/2025,,Received Complete,Manual,,
142,7,TWIL WALLCOVERINGS,PARSG2203 Brown,"36"" Roll - ROLL",6.45,2218.8,SG2203,,344,344,0,,2/14/2025,BLAWLOR@FSCO.COM,1/31/2025,JMCDONOUGH2011@GMAIL.COM,5/1/2025,,Received Complete,Manual,,
129,2,OMNI W.C. INC,"PAROM60 Silver 30"" 50Y","30"" Roll - ROLL",3.66,732,OM SILVER,,200,300,0,,2/14/2025,BLAWLOR@FSCO.COM,1/17/2025,BLAWLOR@FSCO.COM,9/8/2025,,Received Complete,Manual,,
126,2,OMNI W.C. INC,"BNYCPG7100 60"" 120Y","60"" Roll - ROLL",1.83,8454.6,DG-2046-120,,4620,4620,0,,2/3/2025,BLAWLOR@FSCO.COM,1/16/2025,JMCDONOUGH2011@GMAIL.COM,3/17/2025,,Received Complete,Manual,,
125,2,OMNI W.C. INC,"PAROM01 30"" 250Y","30"" Roll - ROLL",1.62,1620,OM01,,1000,1000,0,,2/13/2025,BLAWLOR@FSCO.COM,1/16/2025,BLAWLOR@FSCO.COM,2/28/2025,,Received Complete,Manual,,
116,3,"Dwell America, LLC",PARSussex Natural DWL,Fabric - ROLL,6.69,5967.48,,,892,892,0,,8/15/2025,BLAWLOR@FSCO.COM,1/6/2025,JMCDONOUGH2011@GMAIL.COM,8/18/2025,,Partially Received,Manual,,
114,2,TWIL WALLCOVERINGS,PAR5004701 Oatmeal,"36"" Roll - ROLL",7.71,5397,5004701,,700,700,0,,1/3/2025,BLAWLOR@FSCO.COM,12/27/2024,DFARLEY@FSCO.COM,1/10/2025,,Received Complete,Manual,,
102,2,OMNI W.C. INC,"PARCPG7113 40"" 250Y","40"" Roll - ROLL",5.4,3600,,,2000,2000,0,,1/7/2025,BLAWLOR@FSCO.COM,12/10/2024,BLAWLOR@FSCO.COM,1/16/2025,,Received Complete,Manual,,
101,2,OMNI W.C. INC,"PAROM07 30"" 250Y","30"" Roll - ROLL",1.59,3180,OM07,,2000,2000,0,,1/7/2025,BLAWLOR@FSCO.COM,12/10/2024,BLAWLOR@FSCO.COM,1/16/2025,,Received Complete,Manual,,
100,6,"P+W International Co., Ltd.",PNW5007950 PM (Natural),"54"" Roll - ROLL",9.99,9990,5007950,,1000,1183.87,0,,5/13/2025,BLAWLOR@FSCO.COM,12/10/2024,DFARLEY@FSCO.COM,9/8/2025,,Received Complete,Manual,,
94,2,"P+W International Co., Ltd.",PNW5002190 Paprika,"36"" Roll - ROLL",4.65,4650,5002190,,1000,1000,0,,11/29/2024,BLAWLOR@FSCO.COM,11/19/2024,BLAWLOR@FSCO.COM,12/6/2024,,Cancelled,Manual,,
91,2,BREWSTER HOME FASIONS,HOSBrewster White Matte,"54"" Roll - ROLL",6,3000,VO203W,,500,500,0,,12/20/2024,BLAWLOR@FSCO.COM,11/18/2024,BLAWLOR@FSCO.COM,11/18/2024,,Cancelled,Manual,,
86,4,LIBECO,PARA683 Oyster,Fabric - ROLL,13.17,13170,A683 oyster-0021 PFP 140 R05,,1000,1000,0,,11/22/2024,BLAWLOR@FSCO.COM,11/14/2024,BLAWLOR@FSCO.COM,11/14/2024,,Received Complete,Manual,,
85,2,EPIC TEXTILES,PARLeon Natural,Fabric - ROLL,14.94,14940,LEON UNBLEACHED,,1000,1037.92,0,,12/12/2024,BLAWLOR@FSCO.COM,11/14/2024,DFARLEY@FSCO.COM,2/24/2025,,Received Complete,Manual,,
84,2,JAT Home,T-2525 (Bleached),Fabric - ROLL,9.96,14940,T-2525,,1500,1602.8,0,,12/15/2024,BLAWLOR@FSCO.COM,11/14/2024,DFARLEY@FSCO.COM,3/7/2025,,Received Complete,Manual,,
75,2,AHLSTROM NONWOVENS LLC,"BNYAhlstrom 60"" 300Y","60"" Roll - ROLL",2.1,12593.7,WL09708D-300,,5997,5997,0,,10/31/2024,BLAWLOR@FSCO.COM,10/31/2024,JMCDONOUGH2011@GMAIL.COM,12/20/2024,,Received Complete,Manual,,
74,2,TWIL WALLCOVERINGS,PAR5004703 Mocha,"36"" Roll - ROLL",7.71,15420,SG2207RSP,,2000,2027,0,,11/1/2024,BLAWLOR@FSCO.COM,10/31/2024,DFARLEY@FSCO.COM,11/22/2024,,Received Complete,Manual,,
74,3,TWIL WALLCOVERINGS,PAR5004706 Cornflower,"36"" Roll - ROLL",7.44,17112,5004706,,2300,2300,0,,11/1/2024,BLAWLOR@FSCO.COM,10/31/2024,DFARLEY@FSCO.COM,11/22/2024,,Received Complete,Manual,,
74,4,TWIL WALLCOVERINGS,PAR5004729 Flax,"36"" Roll - ROLL",7.71,6769.38,5004729,,878,878,0,,11/1/2024,BLAWLOR@FSCO.COM,10/31/2024,DFARLEY@FSCO.COM,11/22/2024,,Received Complete,Manual,,
72,2,OMNI W.C. INC,"PARGR-FS-5008740 30"" 500Y","30"" Roll - ROLL",1.23,6150,PARGR-FS-5008740,,5000,5000,0,,11/26/2024,BLAWLOR@FSCO.COM,10/29/2024,BLAWLOR@FSCO.COM,12/27/2024,,Received Complete,Manual,,
72,3,OMNI W.C. INC,"PARGR-FS-5008741 30"" 500Y","30"" Roll - ROLL",1.38,6900,PARGR-FS-5008741,,5000,5000,0,,11/26/2024,BLAWLOR@FSCO.COM,10/29/2024,BLAWLOR@FSCO.COM,12/27/2024,,Received Complete,Manual,,
65,2,OMNI W.C. INC,"BNYCPG7100 60"" 210Y","60"" Roll - ROLL",1.74,41760,CPG 7100 60”,,24000,24000,0,,11/18/2024,BLAWLOR@FSCO.COM,10/28/2024,JMCDONOUGH2011@GMAIL.COM,3/17/2025,,Received Complete,Manual,,
63,2,OMNI W.C. INC,"PARCPG7113 30"" 500Y","30"" Roll - ROLL",0.9,3600,CPG7113-30,,4000,4000,0,,11/12/2024,BLAWLOR@FSCO.COM,10/22/2024,BLAWLOR@FSCO.COM,1/16/2025,,Received Complete,Manual,,
53,7,"P+W International Co., Ltd.",PNW5004710 Sage,"36"" Roll - ROLL",4.65,2232,5004710,,480,480,0,,4/24/2025,BLAWLOR@FSCO.COM,10/8/2024,DFARLEY@FSCO.COM,6/27/2025,,Partially Received,Manual,,
52,3,"P+W International Co., Ltd.",PNW5004713 Water Blue,"36"" Roll - ROLL",4.65,18600,5004713,,4000,4128,0,,4/24/2025,BLAWLOR@FSCO.COM,10/8/2024,JMCDONOUGH2011@GMAIL.COM,7/11/2025,,Received Complete,Manual,,
52,4,"P+W International Co., Ltd.",PNW5004700 Silver,"36"" Roll - ROLL",4.65,18600,5004700,,4000,4000,0,,4/24/2025,BLAWLOR@FSCO.COM,10/8/2024,JMCDONOUGH2011@GMAIL.COM,7/11/2025,,Received Complete,Manual,,
52,6,"P+W International Co., Ltd.",PNW5004715 Jet,"36"" Roll - ROLL",4.65,4464,5004715,,960,960,0,,4/24/2025,BLAWLOR@FSCO.COM,10/8/2024,JMCDONOUGH2011@GMAIL.COM,7/11/2025,,Partially Received,Manual,,
51,2,"P+W International Co., Ltd.",PNW5010850 Sand,"36"" Roll - ROLL",4.65,2325,5010850,,500,516,0,,3/10/2025,BLAWLOR@FSCO.COM,10/8/2024,JMCDONOUGH2011@GMAIL.COM,9/18/2025,,Received Complete,Manual,,
51,3,"P+W International Co., Ltd.",PNW5010851 Petal,"36"" Roll - ROLL",4.65,5580,5010851,,1200,2208,0,,4/24/2025,BLAWLOR@FSCO.COM,10/8/2024,JMCDONOUGH2011@GMAIL.COM,9/18/2025,,Received Complete,Manual,,
51,4,"P+W International Co., Ltd.",PNW5004717 Seaglass,"36"" Roll - ROLL",4.65,4650,5004717,,1000,1865,0,,3/10/2025,BLAWLOR@FSCO.COM,10/8/2024,JMCDONOUGH2011@GMAIL.COM,9/18/2025,,Received Complete,Manual,,
51,5,"P+W International Co., Ltd.",PNW5010856 Mist,"36"" Roll - ROLL",4.65,2325,5010856,,500,516,0,,3/10/2025,BLAWLOR@FSCO.COM,10/8/2024,JMCDONOUGH2011@GMAIL.COM,9/18/2025,,Received Complete,Manual,,
51,7,"P+W International Co., Ltd.",PNW5004724 Fog,"36"" Roll - ROLL",4.65,4650,5004724,,1000,1270,0,,3/10/2025,BLAWLOR@FSCO.COM,10/8/2024,JMCDONOUGH2011@GMAIL.COM,9/18/2025,,Received Complete,Manual,,
47,2,OMNI W.C. INC,"PARCPG7113 30"" 500Y","30"" Roll - ROLL",0.9,3600,CPG7113-30,,4000,4000,0,,10/15/2024,BLAWLOR@FSCO.COM,9/11/2024,JMCDONOUGH2011@GMAIL.COM,4/9/2025,,Received Complete,Manual,,
45,2,"P+W International Co., Ltd.",PNW5004700 Silver,"36"" Roll - ROLL",4.65,13838.4,5004700,,2976,2976,0,,11/4/2024,BLAWLOR@FSCO.COM,8/27/2024,BLAWLOR@FSCO.COM,2/26/2025,,Partially Received,Manual,,
45,3,"P+W International Co., Ltd.",PNW5004720 Charcoal,"36"" Roll - ROLL",4.65,9300,5004720,,2000,2016,0,,11/4/2024,BLAWLOR@FSCO.COM,8/27/2024,BLAWLOR@FSCO.COM,2/26/2025,,Received Complete,Manual,,
45,4,"P+W International Co., Ltd.",PNW5010851 Petal,"36"" Roll - ROLL",4.65,4650,5010851,,1000,1000,0,,11/4/2024,BLAWLOR@FSCO.COM,8/27/2024,BLAWLOR@FSCO.COM,2/26/2025,,Received Complete,Manual,,
45,5,"P+W International Co., Ltd.",PNW5004713 Water Blue,"36"" Roll - ROLL",4.65,8370,5004713,,1800,1824,0,,11/4/2024,BLAWLOR@FSCO.COM,8/27/2024,BLAWLOR@FSCO.COM,2/26/2025,,Received Complete,Manual,,
45,6,"P+W International Co., Ltd.",PNW5004728 Parchment,"36"" Roll - ROLL",4.65,2678.4,5004728,,576,576,0,,11/4/2024,BLAWLOR@FSCO.COM,8/27/2024,BLAWLOR@FSCO.COM,2/26/2025,,Partially Received,Manual,,
45,7,"P+W International Co., Ltd.",PNW5010855 Cloud,"36"" Roll - ROLL",4.65,1785.6,5010855,,384,384,0,,11/4/2024,BLAWLOR@FSCO.COM,8/27/2024,BLAWLOR@FSCO.COM,2/26/2025,,Partially Received,Manual,,
45,8,"P+W International Co., Ltd.",PNW5004717 Lavender,"36"" Roll - ROLL",4.65,3720,5004717,,800,768,0,,11/4/2024,BLAWLOR@FSCO.COM,8/27/2024,BLAWLOR@FSCO.COM,2/26/2025,,Received Complete,Manual,,
45,9,"P+W International Co., Ltd.",PNW5010856 Mist,"36"" Roll - ROLL",4.65,4650,5010856,,1000,1056,0,,11/4/2024,BLAWLOR@FSCO.COM,8/27/2024,BLAWLOR@FSCO.COM,2/26/2025,,Received Complete,Manual,,
45,10,"P+W International Co., Ltd.",PNW5004715 Jet,"36"" Roll - ROLL",4.65,2325,5004715,,500,514,0,,11/4/2024,BLAWLOR@FSCO.COM,8/27/2024,BLAWLOR@FSCO.COM,2/26/2025,,Received Complete,Manual,,
45,11,"P+W International Co., Ltd.",PNW5004701 Oatmeal,"36"" Roll - ROLL",4.65,5580,5004701,,1200,1248,0,,11/4/2024,BLAWLOR@FSCO.COM,8/27/2024,BLAWLOR@FSCO.COM,2/26/2025,,Received Complete,Manual,,
45,12,"P+W International Co., Ltd.",PNW5004705 Robin's Egg,"36"" Roll - ROLL",4.65,7440,5004705,,1600,1632,0,,11/4/2024,BLAWLOR@FSCO.COM,8/27/2024,BLAWLOR@FSCO.COM,2/26/2025,,Received Complete,Manual,,
45,13,"P+W International Co., Ltd.",PNW5010850 Sand,"36"" Roll - ROLL",4.65,2325,5010850,,500,480,0,,11/4/2024,BLAWLOR@FSCO.COM,8/27/2024,BLAWLOR@FSCO.COM,2/26/2025,,Received Complete,Manual,,
45,14,"P+W International Co., Ltd.",PNW5004729 Flax,"36"" Roll - ROLL",4.65,3255,5004729,,700,768,0,,11/4/2024,BLAWLOR@FSCO.COM,8/27/2024,BLAWLOR@FSCO.COM,2/26/2025,,Received Complete,Manual,,
45,15,"P+W International Co., Ltd.",PNW5004702 Driftwood,"36"" Roll - ROLL",4.65,3720,5004702,,800,768,0,,11/4/2024,BLAWLOR@FSCO.COM,8/27/2024,BLAWLOR@FSCO.COM,2/26/2025,,Received Complete,Manual,,
45,16,"P+W International Co., Ltd.",PNW5004721 Plum,"36"" Roll - ROLL",4.65,5580,5004721,,1200,1200,0,,11/4/2024,BLAWLOR@FSCO.COM,8/27/2024,BLAWLOR@FSCO.COM,2/26/2025,,Received Complete,Manual,,
45,17,"P+W International Co., Ltd.",PNW5004711 Sepia,"36"" Roll - ROLL",4.65,18600,5004711,,4000,4104,0,,11/4/2024,BLAWLOR@FSCO.COM,8/27/2024,BLAWLOR@FSCO.COM,2/26/2025,,Received Complete,Manual,,
45,18,"P+W International Co., Ltd.",PNW5004710 Sage,"36"" Roll - ROLL",4.65,2325,5004710,,500,500,0,,11/4/2024,BLAWLOR@FSCO.COM,8/27/2024,BLAWLOR@FSCO.COM,2/26/2025,,Received Complete,Manual,,
303,1,OMNI W.C. INC,"BNYCPG7100 60"" 210Y","60"" Roll - ROLL",1.83,1098,CPG 7100 60”,INV 8-26,600,600,0,,9/26/2025,BLAWLOR@FSCO.COM,8/26/2025,JMCDONOUGH2011@GMAIL.COM,9/23/2025,,Received Complete,Manual,,
278,1,OMNI W.C. INC,"PARCPG7113 30"" 500Y","30"" Roll - ROLL",0.99,2970,CPG7113-30,INV on 9-1,3000,3000,0,,9/30/2025,JMCDONOUGH2011@GMAIL.COM,7/29/2025,DFARLEY@FSCO.COM,9/11/2025,,Received Complete,Manual,,
273,1,"P+W International Co., Ltd.",PNW5004717 Seaglass,"36"" Roll - ROLL",4.77,1373.76,5004717,7-25-2025 FOB,288,288,0,,7/31/2025,JMCDONOUGH2011@GMAIL.COM,7/23/2025,DFARLEY@FSCO.COM,8/18/2025,,Received Complete,Manual,,
272,1,"P+W International Co., Ltd.",5017830 MULBERRY PAPER (Natural),"36"" Roll - ROLL",14.82,355.68,,8-5-2025 FOB,24,24,0,,9/15/2025,JMCDONOUGH2011@GMAIL.COM,7/23/2025,JMCDONOUGH2011@GMAIL.COM,9/5/2025,,Received Complete,Manual,,
272,2,"P+W International Co., Ltd.",5017831 MULBERRY PAPER (Whitewash),"36"" Roll - ROLL",16.47,2635.2,,8-5-2025 FOB,160,160,0,,9/15/2025,JMCDONOUGH2011@GMAIL.COM,7/23/2025,JMCDONOUGH2011@GMAIL.COM,9/5/2025,,Received Complete,Manual,,
272,3,"P+W International Co., Ltd.",5017830 MULBERRY PAPER (Natural),"36"" Roll - ROLL",16.47,2766.96,,8-5-2025 FOB,168,168,0,,9/15/2025,JMCDONOUGH2011@GMAIL.COM,7/23/2025,JMCDONOUGH2011@GMAIL.COM,9/5/2025,,Received Complete,Manual,,
272,4,"P+W International Co., Ltd.",5017831 MULBERRY PAPER (Whitewash),"36"" Roll - ROLL",14.82,829.92,,8-5-2025 FOB,56,56,0,,9/15/2025,JMCDONOUGH2011@GMAIL.COM,7/23/2025,JMCDONOUGH2011@GMAIL.COM,9/5/2025,,Received Complete,Manual,,
255,1,"P+W International Co., Ltd.",HARUKI SISAL 5016852 (TANLINES),"36"" Roll - ROLL",4.77,1373.76,,Schumacher,288,288,0,,10/1/2025,JMCDONOUGH2011@GMAIL.COM,6/17/2025,LIFTSUPPORT,8/4/2025,,Received Complete,Manual,,
255,2,"P+W International Co., Ltd.",PNW5004721 Plum,"36"" Roll - ROLL",4.65,892.8,5004721,Schumacher,192,192,0,,10/1/2025,JMCDONOUGH2011@GMAIL.COM,6/17/2025,LIFTSUPPORT,8/4/2025,,Received Complete,Manual,,
249,1,"P+W International Co., Ltd.",Windowpane Embro. Sisal 5015201 (Java),"36"" Roll - ROLL",10.35,3974.4,,7-1-2025 FOB,384,384,0,,8/10/2025,JMCDONOUGH2011@GMAIL.COM,6/12/2025,JMCDONOUGH2011@GMAIL.COM,9/5/2025,,Received Complete,Manual,,
249,2,"P+W International Co., Ltd.",5006166 Harshaw Pinstripe Sisal (Slate),"36"" Roll - ROLL",8.76,4064.64,5006166,7-7-2025 FOB,464,464,0,,8/18/2025,JMCDONOUGH2011@GMAIL.COM,6/12/2025,JMCDONOUGH2011@GMAIL.COM,9/5/2025,,Received Complete,Manual,,
249,3,"P+W International Co., Ltd.",PNW5010852 Dove,"36"" Roll - ROLL",4.65,3124.8,5010852,7-7-2025 FOB,672,672,0,,8/17/2025,JMCDONOUGH2011@GMAIL.COM,6/12/2025,JMCDONOUGH2011@GMAIL.COM,9/5/2025,,Received Complete,Manual,,
249,4,"P+W International Co., Ltd.",Windowpane Embro. Sisal 5015202 (Char),"36"" Roll - ROLL",10.35,2980.8,501520,7-1-2025 FOB,288,288,0,,8/10/2025,JMCDONOUGH2011@GMAIL.COM,6/12/2025,JMCDONOUGH2011@GMAIL.COM,9/5/2025,,Received Complete,Manual,,
249,5,"P+W International Co., Ltd.",Open Paperweave 5010323 (Sky),"36"" Roll - ROLL",7.11,5858.64,5010323,7-20-2025 FOB,824,824,0,,8/25/2025,JMCDONOUGH2011@GMAIL.COM,6/12/2025,JMCDONOUGH2011@GMAIL.COM,9/5/2025,,Received Complete,Manual,,
249,6,"P+W International Co., Ltd.",Karami Weave 5003010 (Rice),"36"" Roll - ROLL",7.59,6436.32,,7-7-2025 FOB,848,848,0,,8/17/2025,JMCDONOUGH2011@GMAIL.COM,6/12/2025,JMCDONOUGH2011@GMAIL.COM,9/5/2025,,Received Complete,Manual,,
249,7,"P+W International Co., Ltd.",PNW5002197 (Ivory),"36"" Roll - ROLL",4.65,2232,5002197,7-7-2025 FOB,480,480,0,,8/17/2025,JMCDONOUGH2011@GMAIL.COM,6/12/2025,JMCDONOUGH2011@GMAIL.COM,9/5/2025,,Received Complete,Manual,,
249,8,"P+W International Co., Ltd.",5006163 Harshaw Pinstripe Sisal (Pecan),"36"" Roll - ROLL",8.76,4064.64,5006163,7-7-2025 FOB,464,464,0,,8/17/2025,JMCDONOUGH2011@GMAIL.COM,6/12/2025,JMCDONOUGH2011@GMAIL.COM,9/5/2025,,Received Complete,Manual,,
249,9,"P+W International Co., Ltd.",Kumano Jute 5002800 (Cream),"36"" Roll - ROLL",7.08,5097.6,,7-1-2025 FOB,720,720,0,,8/10/2025,JMCDONOUGH2011@GMAIL.COM,6/12/2025,JMCDONOUGH2011@GMAIL.COM,9/5/2025,,Received Complete,Manual,,
249,10,"P+W International Co., Ltd.",Bamba Rushcloth 5002842 (Ash),"36"" Roll - ROLL",6.6,5702.4,,7-7-2025 FOB,864,864,0,,8/17/2025,JMCDONOUGH2011@GMAIL.COM,6/12/2025,JMCDONOUGH2011@GMAIL.COM,9/5/2025,,Received Complete,Manual,,
249,11,"P+W International Co., Ltd.",Ayame Sisal 5002905 (Sage),"36"" Roll - ROLL",5.73,4904.88,,7-7-2025 FOB,856,856,0,,8/17/2025,JMCDONOUGH2011@GMAIL.COM,6/12/2025,JMCDONOUGH2011@GMAIL.COM,9/5/2025,,Received Complete,Manual,,
249,12,"P+W International Co., Ltd.",Kin Sisal Embroidery 5015780 (Hazel),"36"" Roll - ROLL",12.27,5595.12,,7-7-2025 FOB,456,456,0,,8/17/2025,JMCDONOUGH2011@GMAIL.COM,6/12/2025,JMCDONOUGH2011@GMAIL.COM,9/5/2025,,Received Complete,Manual,,
249,14,"P+W International Co., Ltd.",Hemp Shimmer 5007878 (Sapphire Shimmer),"36"" Roll - ROLL",9.27,3559.68,,7-7-2025 FOB,384,384,0,,8/17/2025,JMCDONOUGH2011@GMAIL.COM,6/12/2025,JMCDONOUGH2011@GMAIL.COM,9/5/2025,,Received Complete,Manual,,
249,16,"P+W International Co., Ltd.",SCONSET EMBR. RAFFIA 5016430 (Natural),"36"" Roll - ROLL",21.99,6135.21,,7-7-2025 FOB,279,279,0,,8/17/2025,JMCDONOUGH2011@GMAIL.COM,6/12/2025,JMCDONOUGH2011@GMAIL.COM,9/5/2025,,Received Complete,Manual,,
249,19,"P+W International Co., Ltd.",PNW5007871,"36"" Roll - ROLL",9.03,3467.52,5007871,7-7-2025 FOB,384,384,0,,8/17/2025,JMCDONOUGH2011@GMAIL.COM,6/12/2025,JMCDONOUGH2011@GMAIL.COM,9/5/2025,,Received Complete,Manual,,
249,20,"P+W International Co., Ltd.",Windowpane Embro. Sisal 5015201 (Java),"36"" Roll - ROLL",10.35,6458.4,,7-7-2025 FOB,624,624,0,,8/17/2025,JMCDONOUGH2011@GMAIL.COM,6/12/2025,JMCDONOUGH2011@GMAIL.COM,9/5/2025,,Received Complete,Manual,,
249,21,"P+W International Co., Ltd.",Windowpane Embro. Sisal 5015202 (Char),"36"" Roll - ROLL",10.35,4305.6,501520,7-1-2025 FOB,416,416,0,,8/10/2025,JMCDONOUGH2011@GMAIL.COM,6/12/2025,JMCDONOUGH2011@GMAIL.COM,9/5/2025,,Received Complete,Manual,,
249,23,"P+W International Co., Ltd.",Kumano Jute 5002800 (Cream),"36"" Roll - ROLL",7.08,679.68,,7-7-2025 FOB,96,96,0,,8/17/2025,JMCDONOUGH2011@GMAIL.COM,6/12/2025,JMCDONOUGH2011@GMAIL.COM,9/5/2025,,Received Complete,Manual,,
249,24,"P+W International Co., Ltd.",Windowpane Embro. Sisal 5015202 (Char),"36"" Roll - ROLL",10.35,1324.8,501520,7-7-2025 FOB,128,128,0,,8/17/2025,JMCDONOUGH2011@GMAIL.COM,6/12/2025,JMCDONOUGH2011@GMAIL.COM,9/5/2025,,Received Complete,Manual,,
249,25,"P+W International Co., Ltd.",PNW5010852 Dove,"36"" Roll - ROLL",4.77,877.68,5010852,7-20-2025 FOB,184,184,0,,8/25/2025,JMCDONOUGH2011@GMAIL.COM,6/12/2025,JMCDONOUGH2011@GMAIL.COM,9/5/2025,,Received Complete,Manual,,
244,1,"P+W International Co., Ltd.",Palm Weave 5010260 (Natural),"36"" Roll - ROLL",11.61,2043.36,,7-1-2025 FOB,176,176,0,,8/10/2025,JMCDONOUGH2011@GMAIL.COM,6/10/2025,JMCDONOUGH2011@GMAIL.COM,9/5/2025,,Received Complete,Manual,,
244,4,"P+W International Co., Ltd.",Gilded Linen 5007841 (Silver),"36"" Roll - ROLL",8.64,6842.88,,7-20-2025 FOB,792,792,0,,8/25/2025,JMCDONOUGH2011@GMAIL.COM,6/10/2025,JMCDONOUGH2011@GMAIL.COM,9/5/2025,,Received Complete,Manual,,
244,7,"P+W International Co., Ltd.",Linen Gesso 5007800 (White),"36"" Roll - ROLL",8.64,10437.12,,7-20-2025 FOB,1208,1208,0,,8/25/2025,JMCDONOUGH2011@GMAIL.COM,6/10/2025,JMCDONOUGH2011@GMAIL.COM,9/5/2025,,Received Complete,Manual,,
244,8,"P+W International Co., Ltd.",Linen Gesso 5007805 (Aqua),"36"" Roll - ROLL",8.64,10160.64,,7-20-2025 FOB,1176,1176,0,,8/25/2025,JMCDONOUGH2011@GMAIL.COM,6/10/2025,JMCDONOUGH2011@GMAIL.COM,9/5/2025,,Received Complete,Manual,,
244,10,"P+W International Co., Ltd.",Linen Gesso 5007802 (Greige),"36"" Roll - ROLL",8.64,6635.52,,7-20-2025 FOB,768,768,0,,8/25/2025,JMCDONOUGH2011@GMAIL.COM,6/10/2025,JMCDONOUGH2011@GMAIL.COM,9/5/2025,,Received Complete,Manual,,
244,11,"P+W International Co., Ltd.",Linen Gesso 5007804 (Celadon),"36"" Roll - ROLL",8.64,3456,5007804,8-5-2025 FOB,400,400,0,,9/15/2025,JMCDONOUGH2011@GMAIL.COM,6/10/2025,JMCDONOUGH2011@GMAIL.COM,9/5/2025,,Received Complete,Manual,,
244,13,"P+W International Co., Ltd.",Palm Weave 5010260 (Natural),"36"" Roll - ROLL",11.61,2693.52,,8-5-2025 FOB,232,232,0,,9/15/2025,JMCDONOUGH2011@GMAIL.COM,6/10/2025,JMCDONOUGH2011@GMAIL.COM,9/5/2025,,Received Complete,Manual,,
244,14,"P+W International Co., Ltd.",Linen Gesso 5007802 (Greige),"36"" Roll - ROLL",8.64,2488.32,,8-5-2025 FOB,288,288,0,,9/15/2025,JMCDONOUGH2011@GMAIL.COM,6/10/2025,JMCDONOUGH2011@GMAIL.COM,9/5/2025,,Received Complete,Manual,,
244,15,"P+W International Co., Ltd.",Tonal Paperweave 5010297 (Wheat),"36"" Roll - ROLL",7.11,3242.16,,7-20-2025 FOB,456,456,0,,8/25/2025,JMCDONOUGH2011@GMAIL.COM,6/10/2025,JMCDONOUGH2011@GMAIL.COM,9/5/2025,,Received Complete,Manual,,
244,16,"P+W International Co., Ltd.",Tonal Paperweave 5010296 (Sage),"36"" Roll - ROLL",7.11,3071.52,,7-20-2025 FOB,432,432,0,,8/25/2025,JMCDONOUGH2011@GMAIL.COM,6/10/2025,JMCDONOUGH2011@GMAIL.COM,9/5/2025,,Received Complete,Manual,,
244,17,"P+W International Co., Ltd.",Tonal Paperweave 5010295 (White),"36"" Roll - ROLL",7.11,3071.52,,7-20-2025 FOB,432,432,0,,8/25/2025,JMCDONOUGH2011@GMAIL.COM,6/10/2025,JMCDONOUGH2011@GMAIL.COM,9/5/2025,,Received Complete,Manual,,
244,18,"P+W International Co., Ltd.",Tonal Paperweave 5010298 (Bark),"36"" Roll - ROLL",7.11,2900.88,,7-20-2025 FOB,408,408,0,,8/25/2025,JMCDONOUGH2011@GMAIL.COM,6/10/2025,JMCDONOUGH2011@GMAIL.COM,9/5/2025,,Received Complete,Manual,,
243,1,"P+W International Co., Ltd.",Linen Stripe 5010254 (Indigo),"36"" Roll - ROLL",10.53,2021.76,,7-1-2025 FOB,192,192,0,,8/10/2025,JMCDONOUGH2011@GMAIL.COM,6/10/2025,JMCDONOUGH2011@GMAIL.COM,9/5/2025,,Received Complete,Manual,,
243,2,"P+W International Co., Ltd.",Textured Linen Stripe 5013020 (White),"36"" Roll - ROLL",16.92,9881.28,,7-1-2025 FOB,584,584,0,,8/10/2025,JMCDONOUGH2011@GMAIL.COM,6/10/2025,JMCDONOUGH2011@GMAIL.COM,9/5/2025,,Received Complete,Manual,,
243,3,"P+W International Co., Ltd.",Zig Zag Paperweave 5016600 (Sesame),"36"" Roll - ROLL",8.49,4686.48,,7-1-2025 FOB,552,552,0,,8/10/2025,JMCDONOUGH2011@GMAIL.COM,6/10/2025,JMCDONOUGH2011@GMAIL.COM,9/5/2025,,Received Complete,Manual,,
243,4,"P+W International Co., Ltd.",Linen & Paperweave 5010242 (Sage),"36"" Roll - ROLL",9.27,3559.68,,7-1-2025 FOB,384,384,0,,8/10/2025,JMCDONOUGH2011@GMAIL.COM,6/10/2025,JMCDONOUGH2011@GMAIL.COM,9/5/2025,,Received Complete,Manual,,
243,5,"P+W International Co., Ltd.",Tonal Paperweave 5010291 (Natural),"36"" Roll - ROLL",6.96,3841.92,,7-1-2025 FOB,552,552,0,,8/10/2025,JMCDONOUGH2011@GMAIL.COM,6/10/2025,JMCDONOUGH2011@GMAIL.COM,9/5/2025,,Received Complete,Manual,,
243,7,"P+W International Co., Ltd.",Tonal Paperweave 5010290 (Ivory),"36"" Roll - ROLL",7.11,3697.2,,7-1-2025 FOB,520,520,0,,8/10/2025,JMCDONOUGH2011@GMAIL.COM,6/10/2025,JMCDONOUGH2011@GMAIL.COM,9/5/2025,,Received Complete,Manual,,
243,10,"P+W International Co., Ltd.",OPEN PW SHIMMER 5010330 (Platinum),"36"" Roll - ROLL",7.11,2844,5010330,7-1-2025 FOB,400,400,0,,8/10/2025,JMCDONOUGH2011@GMAIL.COM,6/10/2025,JMCDONOUGH2011@GMAIL.COM,9/5/2025,,Received Complete,Manual,,
243,11,"P+W International Co., Ltd.",Zig Zag Paperweave 5016600 (Sesame),"36"" Roll - ROLL",8.49,271.68,,7-1-2025 FOB,32,32,0,,8/10/2025,JMCDONOUGH2011@GMAIL.COM,6/10/2025,JMCDONOUGH2011@GMAIL.COM,9/5/2025,,Received Complete,Manual,,
243,12,"P+W International Co., Ltd.",Braided Buri 5010190 (Natural),"36"" Roll - ROLL",15.84,5195.52,,7-1-2025 FOB,328,328,0,,8/10/2025,JMCDONOUGH2011@GMAIL.COM,6/10/2025,JMCDONOUGH2011@GMAIL.COM,9/5/2025,,Received Complete,Manual,,
243,15,"P+W International Co., Ltd.",Linen Stripe 5010254 (Indigo),"36"" Roll - ROLL",10.53,2695.68,,7-20-2025 FOB,256,256,0,,8/25/2025,JMCDONOUGH2011@GMAIL.COM,6/10/2025,JMCDONOUGH2011@GMAIL.COM,9/5/2025,,Received Complete,Manual,,
243,16,"P+W International Co., Ltd.",Tonal Paperweave 5010290 (Ivory),"36"" Roll - ROLL",7.11,4095.36,,7-7-2025 FOB,576,576,0,,8/17/2025,JMCDONOUGH2011@GMAIL.COM,6/10/2025,JMCDONOUGH2011@GMAIL.COM,9/5/2025,,Cancelled,Manual,,
243,17,"P+W International Co., Ltd.",Tonal Paperweave 5010290 (Ivory),"36"" Roll - ROLL",7.11,4095.36,,7-7-2025 FOB,576,576,0,,8/17/2025,JMCDONOUGH2011@GMAIL.COM,6/10/2025,JMCDONOUGH2011@GMAIL.COM,9/5/2025,,Received Complete,Manual,,
237,1,"P+W International Co., Ltd.",PNW5004705 Robin's Egg,"36"" Roll - ROLL",4.77,4121.28,5004705,8-5-2025 FOB,864,864,0,,9/15/2025,JMCDONOUGH2011@GMAIL.COM,6/2/2025,DFARLEY@FSCO.COM,9/8/2025,,Received Complete,Manual,,
237,4,"P+W International Co., Ltd.",PNW5010857 Mineral,"36"" Roll - ROLL",4.77,2747.52,5010857,8-5-2025 FOB,576,576,0,,9/15/2025,JMCDONOUGH2011@GMAIL.COM,6/2/2025,DFARLEY@FSCO.COM,9/8/2025,,Received Complete,Manual,,
237,6,"P+W International Co., Ltd.",PNW5004717 Seaglass,"36"" Roll - ROLL",4.77,2747.52,5004717,8-5-2025 FOB,576,576,0,,9/15/2025,JMCDONOUGH2011@GMAIL.COM,6/2/2025,DFARLEY@FSCO.COM,9/8/2025,,Received Complete,Manual,,
232,2,"P+W International Co., Ltd.",PNW5004705 Robin's Egg,"36"" Roll - ROLL",4.77,12363.84,5004705,8-5-2025 FOB,2592,2592,0,,9/15/2025,JMCDONOUGH2011@GMAIL.COM,5/30/2025,DFARLEY@FSCO.COM,9/8/2025,,Received Complete,Manual,,
232,3,"P+W International Co., Ltd.",PNW5010857 Mineral,"36"" Roll - ROLL",4.77,9616.32,5010857,8-5-2025 FOB,2016,2016,0,,9/15/2025,JMCDONOUGH2011@GMAIL.COM,5/30/2025,DFARLEY@FSCO.COM,9/8/2025,,Received Complete,Manual,,
232,8,"P+W International Co., Ltd.",PNW5004728 Parchment,"36"" Roll - ROLL",4.77,5037.12,5004728,8-5-2025 FOB,1056,1056,0,,9/15/2025,JMCDONOUGH2011@GMAIL.COM,5/30/2025,DFARLEY@FSCO.COM,9/8/2025,,Received Complete,Manual,,
220,2,"P+W International Co., Ltd.",PNW5004713 Water Blue,"36"" Roll - ROLL",4.77,9616.32,5004713,8-5-2025 FOB,2016,2016,0,,9/15/2025,BLAWLOR@FSCO.COM,5/2/2025,DFARLEY@FSCO.COM,9/8/2025,,Received Complete,Manual,,
220,3,"P+W International Co., Ltd.",PNW5004705 Robin's Egg,"36"" Roll - ROLL",4.77,16943.04,5004705,8-5-2025 FOB,3552,3552,0,,9/15/2025,BLAWLOR@FSCO.COM,5/2/2025,DFARLEY@FSCO.COM,9/8/2025,,Received Complete,Manual,,
220,4,"P+W International Co., Ltd.",PNW5004721 Plum,"36"" Roll - ROLL",4.77,19232.64,5004721,8-5-2025 FOB,4032,4032,0,,9/15/2025,BLAWLOR@FSCO.COM,5/2/2025,DFARLEY@FSCO.COM,9/8/2025,,Received Complete,Manual,,
220,6,"P+W International Co., Ltd.",PNW5010857 Mineral,"36"" Roll - ROLL",4.77,5495.04,5010857,8-5-2025 FOB,1152,1152,0,,9/15/2025,BLAWLOR@FSCO.COM,5/2/2025,DFARLEY@FSCO.COM,9/8/2025,,Received Complete,Manual,,
220,7,"P+W International Co., Ltd.",PNW5004717 Seaglass,"36"" Roll - ROLL",4.77,2747.52,5004717,8-5-2025 FOB,576,576,0,,9/15/2025,BLAWLOR@FSCO.COM,5/2/2025,DFARLEY@FSCO.COM,9/8/2025,,Received Complete,Manual,,
220,8,"P+W International Co., Ltd.",PNW5004712 Peacock,"36"" Roll - ROLL",4.77,2747.52,5004712,8-5-2025 FOB,576,576,0,,9/15/2025,BLAWLOR@FSCO.COM,5/2/2025,DFARLEY@FSCO.COM,9/8/2025,,Received Complete,Manual,,
220,9,"P+W International Co., Ltd.",PNW5004703 Mocha,"36"" Roll - ROLL",4.77,2747.52,5004703,8-5-2025 FOB,576,576,0,,9/15/2025,BLAWLOR@FSCO.COM,5/2/2025,DFARLEY@FSCO.COM,9/8/2025,,Received Complete,Manual,,
210,1,OMNI W.C. INC,"PARGR-FS-5008182 30"" 500Y","30"" Roll - ROLL",1.83,1830,GR-FS-5008182,Shipping Confirmed,1000,1000,0,,5/2/2025,JMCDONOUGH2011@GMAIL.COM,4/17/2025,DFARLEY@FSCO.COM,5/14/2025,,Received Complete,Manual,,
210,2,OMNI W.C. INC,"PARGR-FS-5009160 30"" 500Y","30"" Roll - ROLL",1.41,1410,GR-FS-5009160,Shipping Confirmed,1000,1000,0,,5/2/2025,JMCDONOUGH2011@GMAIL.COM,4/17/2025,DFARLEY@FSCO.COM,5/14/2025,,Received Complete,Manual,,
209,1,"P+W International Co., Ltd.",PNW5004716 Ivory,"36"" Roll - ROLL",4.77,42586.56,5004716,8-5-2025 FOB,8928,8928,0,,9/15/2025,BLAWLOR@FSCO.COM,4/16/2025,DFARLEY@FSCO.COM,9/8/2025,,Received Complete,Manual,,
209,2,"P+W International Co., Ltd.",PNW5004701 Oatmeal,"36"" Roll - ROLL",4.77,9616.32,5004701,8-5-2025 FOB,2016,2016,0,,9/15/2025,BLAWLOR@FSCO.COM,4/16/2025,DFARLEY@FSCO.COM,9/8/2025,,Received Complete,Manual,,
209,3,"P+W International Co., Ltd.",PNW5004717 Seaglass,"36"" Roll - ROLL",4.77,13279.68,5004717,8-5-2025 FOB,2784,2784,0,,9/15/2025,BLAWLOR@FSCO.COM,4/16/2025,DFARLEY@FSCO.COM,9/8/2025,,Received Complete,Manual,,
209,4,"P+W International Co., Ltd.",PNW5010857 Mineral,"36"" Roll - ROLL",4.77,9616.32,5010857,8-5-2025 FOB,2016,2016,0,,9/15/2025,BLAWLOR@FSCO.COM,4/16/2025,DFARLEY@FSCO.COM,9/8/2025,,Received Complete,Manual,,
209,5,"P+W International Co., Ltd.",PNW5004707 Nile,"36"" Roll - ROLL",4.77,9616.32,5004707,8-5-2025 FOB,2016,2016,0,,9/15/2025,BLAWLOR@FSCO.COM,4/16/2025,DFARLEY@FSCO.COM,9/8/2025,,Received Complete,Manual,,
209,6,"P+W International Co., Ltd.",PNW5010850 Sand,"36"" Roll - ROLL",4.77,9616.32,5010850,8-5-2025 FOB,2016,2016,0,,9/15/2025,BLAWLOR@FSCO.COM,4/16/2025,DFARLEY@FSCO.COM,9/8/2025,,Received Complete,Manual,,
207,1,OMNI W.C. INC,"PARCPG7101 60"" 120Y","60"" Roll - ROLL",2.19,1051.2,"7101 60""",Shipping Confirmed,480,480,0,,5/2/2025,JMCDONOUGH2011@GMAIL.COM,4/11/2025,DFARLEY@FSCO.COM,5/14/2025,,Received Complete,Manual,,
122,1,"P+W International Co., Ltd.",PNW5004717 Seaglass,"36"" Roll - ROLL",4.77,5495.04,5004717,7-20-2025 FOB,1152,1152,0,,8/25/2025,BLAWLOR@FSCO.COM,1/15/2025,DFARLEY@FSCO.COM,9/11/2025,,Received Complete,Manual,,
122,2,"P+W International Co., Ltd.",PNW5004702 Driftwood,"36"" Roll - ROLL",4.77,4579.2,5004702,7-20-2025 FOB,960,960,0,,8/25/2025,BLAWLOR@FSCO.COM,1/15/2025,DFARLEY@FSCO.COM,9/11/2025,,Received Complete,Manual,,
122,3,"P+W International Co., Ltd.",PNW5010852 Dove,"36"" Roll - ROLL",4.77,2776.14,5010852,5-25-2025 FOB,582,582,0,,6/25/2025,BLAWLOR@FSCO.COM,1/15/2025,DFARLEY@FSCO.COM,9/11/2025,,Received Complete,Manual,,
122,5,"P+W International Co., Ltd.",PNW5004700 Silver,"36"" Roll - ROLL",4.77,28848.96,5004700,7-7-2025 FOB,6048,6048,0,,8/17/2025,BLAWLOR@FSCO.COM,1/15/2025,DFARLEY@FSCO.COM,9/11/2025,,Received Complete,Manual,,
122,7,"P+W International Co., Ltd.",PNW5010852 Dove,"36"" Roll - ROLL",4.77,9158.4,5010852,8-5-2025 FOB,1920,1920,0,,9/15/2025,BLAWLOR@FSCO.COM,1/15/2025,DFARLEY@FSCO.COM,9/11/2025,,Received Complete,Manual,,
122,9,"P+W International Co., Ltd.",PNW5004706 Cornflower,"36"" Roll - ROLL",4.77,9616.32,5004706,7-20-2025 FOB,2016,2016,0,,8/25/2025,BLAWLOR@FSCO.COM,1/15/2025,DFARLEY@FSCO.COM,9/11/2025,,Received Complete,Manual,,
122,10,"P+W International Co., Ltd.",PNW5004716 Ivory,"36"" Roll - ROLL",4.77,33428.16,5004716,7-20-2025 FOB,7008,7008,0,,8/25/2025,BLAWLOR@FSCO.COM,1/15/2025,DFARLEY@FSCO.COM,9/11/2025,,Received Complete,Manual,,
122,11,"P+W International Co., Ltd.",PNW5010850 Sand,"36"" Roll - ROLL",4.77,4579.2,5010850,7-20-2025 FOB,960,960,0,,8/25/2025,BLAWLOR@FSCO.COM,1/15/2025,DFARLEY@FSCO.COM,9/11/2025,,Received Complete,Manual,,
122,12,"P+W International Co., Ltd.",PNW5010858 Aloe,"36"" Roll - ROLL",4.77,4579.2,5010858,7-20-2025 FOB,960,960,0,,8/25/2025,BLAWLOR@FSCO.COM,1/15/2025,DFARLEY@FSCO.COM,9/11/2025,,Received Complete,Manual,,
122,13,"P+W International Co., Ltd.",PNW5002197 (Ivory),"36"" Roll - ROLL",4.77,10279.35,5002197,5-25-2025 FOB,2155,2155,0,,6/25/2025,BLAWLOR@FSCO.COM,1/15/2025,DFARLEY@FSCO.COM,9/11/2025,,Received Complete,Manual,,
121,4,"P+W International Co., Ltd.",PNW5004716 Ivory,"36"" Roll - ROLL",4.77,48081.6,5004716,7-1-2025 FOB,10080,10080,0,,8/10/2025,BLAWLOR@FSCO.COM,1/15/2025,JMCDONOUGH2011@GMAIL.COM,9/18/2025,,Received Complete,Manual,,
121,6,"P+W International Co., Ltd.",PNW5004706 Cornflower,"36"" Roll - ROLL",4.77,14653.44,5004706,7-1-2025 FOB,3072,3072,0,,8/10/2025,BLAWLOR@FSCO.COM,1/15/2025,JMCDONOUGH2011@GMAIL.COM,9/18/2025,,Received Complete,Manual,,
121,7,"P+W International Co., Ltd.",PNW5010850 Sand,"36"" Roll - ROLL",4.77,5037.12,5010850,7-20-2025 FOB,1056,1056,0,,8/25/2025,BLAWLOR@FSCO.COM,1/15/2025,JMCDONOUGH2011@GMAIL.COM,9/18/2025,,Received Complete,Manual,,
121,8,"P+W International Co., Ltd.",PNW5004717 Seaglass,"36"" Roll - ROLL",4.77,5952.96,5004717,7-20-2025 FOB,1248,1248,0,,8/25/2025,BLAWLOR@FSCO.COM,1/15/2025,JMCDONOUGH2011@GMAIL.COM,9/18/2025,,Received Complete,Manual,,
121,9,"P+W International Co., Ltd.",PNW5004702 Driftwood,"36"" Roll - ROLL",4.77,5037.12,5004702,7-20-2025 FOB,1056,1056,0,,8/25/2025,BLAWLOR@FSCO.COM,1/15/2025,JMCDONOUGH2011@GMAIL.COM,9/18/2025,,Received Complete,Manual,,
121,10,"P+W International Co., Ltd.",PNW5010858 Aloe,"36"" Roll - ROLL",4.77,5037.12,5010858,7-20-2025 FOB,1056,1056,0,,8/25/2025,BLAWLOR@FSCO.COM,1/15/2025,JMCDONOUGH2011@GMAIL.COM,9/18/2025,,Received Complete,Manual,,
121,11,"P+W International Co., Ltd.",PNW5004701 Oatmeal,"36"" Roll - ROLL",4.77,4121.28,5004701,7-20-2025 FOB,864,864,0,,8/25/2025,BLAWLOR@FSCO.COM,1/15/2025,JMCDONOUGH2011@GMAIL.COM,9/18/2025,,Received Complete,Manual,,
121,12,"P+W International Co., Ltd.",PNW5010851 Petal,"36"" Roll - ROLL",4.77,5037.12,5010851,7-20-2025 FOB,1056,1056,0,,8/25/2025,BLAWLOR@FSCO.COM,1/15/2025,JMCDONOUGH2011@GMAIL.COM,9/18/2025,,Received Complete,Manual,,
110,1,NEU KALISS SPZIALPAPIER,"BNYNeuKaliss 60"" 315Y","60"" Roll - ROLL",1.2,52164,RD10197,FOB Ship Date 8/15/2025,43470,43470,0,,8/15/2025,BLAWLOR@FSCO.COM,12/19/2024,JMCDONOUGH2011@GMAIL.COM,8/6/2025,,Received Complete,Manual,,
109,1,NEU KALISS SPZIALPAPIER,"BNYNeuKaliss 60"" 315Y","60"" Roll - ROLL",1.2,52164,RD10197,FOB Ship Date 7/15/2025,43470,43785,0,,7/15/2025,BLAWLOR@FSCO.COM,12/19/2024,JMCDONOUGH2011@GMAIL.COM,9/18/2025,,Received Complete,Manual,,
108,1,NEU KALISS SPZIALPAPIER,"BNYNeuKaliss 60"" 315Y","60"" Roll - ROLL",1.2,52164,TV130-1126-315,FOB Ship Date 6/15/2025,43470,43470,0,,9/15/2025,BLAWLOR@FSCO.COM,12/19/2024,JMCDONOUGH2011@GMAIL.COM,9/24/2025,,Received Complete,Manual,,
107,1,NEU KALISS SPZIALPAPIER,"BNYNeuKaliss 60"" 315Y","60"" Roll - ROLL",1.2,50508,TV130-1126-315,FOB Ship Date 5/15/2025,42090,42090,0,,6/11/2025,BLAWLOR@FSCO.COM,12/19/2024,JMCDONOUGH2011@GMAIL.COM,6/17/2025,,Partially Received,Manual,,
106,1,NEU KALISS SPZIALPAPIER,"BNYNeuKaliss 60"" 315Y","60"" Roll - ROLL",1.2,50535.6,TV130-1126 W 1525 C76/187 LFM,FOB Ship Date 5/5/2025,42113,42113,0,,5/23/2025,BLAWLOR@FSCO.COM,12/19/2024,JMCDONOUGH2011@GMAIL.COM,6/13/2025,,Received Complete,Manual,,
100,2,"P+W International Co., Ltd.",PNW5008840 PAPERWEAVE (WHITE),"36"" Roll - ROLL",5.01,8126.22,5008840,7-7-2025 FOB,1622,1622,0,,8/17/2025,BLAWLOR@FSCO.COM,12/10/2024,DFARLEY@FSCO.COM,9/8/2025,,Received Complete,Manual,,
100,3,"P+W International Co., Ltd.",PNW5008841 PAPERWEAVE (NATURAL),"36"" Roll - ROLL",5.46,8315.58,5008841,7-7-2025 FOB,1523,1523,0,,8/17/2025,BLAWLOR@FSCO.COM,12/10/2024,DFARLEY@FSCO.COM,9/8/2025,,Received Complete,Manual,,
100,4,"P+W International Co., Ltd.",PNW5010275 Fawn,Fabric - ROLL,18,10368,5010275,7-1-2025 FOB,576,576,0,,8/10/2025,BLAWLOR@FSCO.COM,12/10/2024,DFARLEY@FSCO.COM,9/8/2025,,Received Complete,Manual,,
100,7,"P+W International Co., Ltd.",PNW5010859 Blue Grey,"36"" Roll - ROLL",4.65,4017.6,5010859,7-7-2025 FOB,864,864,0,,8/17/2025,BLAWLOR@FSCO.COM,12/10/2024,DFARLEY@FSCO.COM,9/8/2025,,Received Complete,Manual,,
100,8,"P+W International Co., Ltd.",PNW5010857 Mineral,"36"" Roll - ROLL",4.65,9374.4,5010857,7-7-2025 FOB,2016,2016,0,,8/17/2025,BLAWLOR@FSCO.COM,12/10/2024,DFARLEY@FSCO.COM,9/8/2025,,Received Complete,Manual,,
100,9,"P+W International Co., Ltd.",PNW5010854 Thistle,"36"" Roll - ROLL",4.65,4017.6,5010854,7-7-2025 FOB,864,864,0,,8/17/2025,BLAWLOR@FSCO.COM,12/10/2024,DFARLEY@FSCO.COM,9/8/2025,,Received Complete,Manual,,
100,10,"P+W International Co., Ltd.",PNW5010853 Smoke,"36"" Roll - ROLL",4.65,1339.2,5010853,7-1-2025 FOB,288,288,0,,8/10/2025,BLAWLOR@FSCO.COM,12/10/2024,DFARLEY@FSCO.COM,9/8/2025,,Received Complete,Manual,,
100,11,"P+W International Co., Ltd.",PNW5004727 Garnet,"36"" Roll - ROLL",4.65,2678.4,5004727,7-7-2025 FOB,576,576,0,,8/17/2025,BLAWLOR@FSCO.COM,12/10/2024,DFARLEY@FSCO.COM,9/8/2025,,Received Complete,Manual,,
100,12,"P+W International Co., Ltd.",PNW5004709 Olive,"36"" Roll - ROLL",4.65,4017.6,5004709,7-7-2025 FOB,864,864,0,,8/17/2025,BLAWLOR@FSCO.COM,12/10/2024,DFARLEY@FSCO.COM,9/8/2025,,Received Complete,Manual,,
100,14,"P+W International Co., Ltd.",PNW5007861 Aqua,Fabric - ROLL,16.83,18311.04,5007861,5-25-2025 FOB,1088,1088,0,,6/25/2025,BLAWLOR@FSCO.COM,12/10/2024,DFARLEY@FSCO.COM,9/8/2025,,Received Complete,Manual,,
100,15,"P+W International Co., Ltd.",PNW5010275 Fawn,Fabric - ROLL,18,10602,5010275,8-5-2025 FOB,589,589,0,,9/15/2025,BLAWLOR@FSCO.COM,12/10/2024,DFARLEY@FSCO.COM,9/8/2025,,Received Complete,Manual,,
100,16,"P+W International Co., Ltd.",PNW5002197 (Ivory),"36"" Roll - ROLL",4.65,7142.4,5002197,7-7-2025 FOB,1536,1536,0,,8/17/2025,BLAWLOR@FSCO.COM,12/10/2024,DFARLEY@FSCO.COM,9/8/2025,,Received Complete,Manual,,
100,17,"P+W International Co., Ltd.",PNW5010853 Smoke,"36"" Roll - ROLL",4.65,2678.4,5010853,7-7-2025 FOB,576,576,0,,8/17/2025,BLAWLOR@FSCO.COM,12/10/2024,DFARLEY@FSCO.COM,9/8/2025,,Received Complete,Manual,,
100,18,"P+W International Co., Ltd.",PNW5004716 Ivory,"36"" Roll - ROLL",4.77,8700.48,5004716,7-1-2025 FOB,1824,1824,0,,8/10/2025,BLAWLOR@FSCO.COM,12/10/2024,DFARLEY@FSCO.COM,9/8/2025,,Received Complete,Manual,,
53,1,"P+W International Co., Ltd.",PNW5004718 Haze,"36"" Roll - ROLL",4.65,2678.4,5004718,5-25-2025 FOB,576,576,0,,6/25/2025,BLAWLOR@FSCO.COM,10/8/2024,DFARLEY@FSCO.COM,6/27/2025,,Received Complete,Manual,,
53,2,"P+W International Co., Ltd.",PNW5004719 Mandarin,"36"" Roll - ROLL",4.65,3785.1,5004719,5-25-2025 FOB,814,814,0,,6/25/2025,BLAWLOR@FSCO.COM,10/8/2024,DFARLEY@FSCO.COM,6/27/2025,,Received Complete,Manual,,
53,3,"P+W International Co., Ltd.",PNW5004707 Nile,"36"" Roll - ROLL",4.65,2255.25,5004707,5-25-2025 FOB,485,485,0,,6/25/2025,BLAWLOR@FSCO.COM,10/8/2024,DFARLEY@FSCO.COM,6/27/2025,,Received Complete,Manual,,
53,4,"P+W International Co., Ltd.",PNW5004725 Caribbean,"36"" Roll - ROLL",4.65,2362.2,5004725,5-25-2025 FOB,508,508,0,,6/25/2025,BLAWLOR@FSCO.COM,10/8/2024,DFARLEY@FSCO.COM,6/27/2025,,Received Complete,Manual,,
53,5,"P+W International Co., Ltd.",PNW5004704 Patina,"36"" Roll - ROLL",4.65,2418,5004704,5-25-2025 FOB,520,520,0,,6/25/2025,BLAWLOR@FSCO.COM,10/8/2024,DFARLEY@FSCO.COM,6/27/2025,,Received Complete,Manual,,
53,6,"P+W International Co., Ltd.",PNW5004708 Celery,"36"" Roll - ROLL",4.65,2325,5004708,5-25-2025 FOB,500,500,0,,6/25/2025,BLAWLOR@FSCO.COM,10/8/2024,DFARLEY@FSCO.COM,6/27/2025,,Received Complete,Manual,,
53,8,"P+W International Co., Ltd.",PNW5004726 (Mauve),"36"" Roll - ROLL",4.65,2706.3,5004726,5-25-2025 FOB,582,582,0,,6/25/2025,BLAWLOR@FSCO.COM,10/8/2024,DFARLEY@FSCO.COM,6/27/2025,,Received Complete,Manual,,
53,10,"P+W International Co., Ltd.",PNW5010852 Dove,"36"" Roll - ROLL",4.65,2697,5010852,5-25-2025 FOB,580,580,0,,6/25/2025,BLAWLOR@FSCO.COM,10/8/2024,DFARLEY@FSCO.COM,6/27/2025,,Received Complete,Manual,,
53,11,"P+W International Co., Ltd.",PNW5010858 Aloe,"36"" Roll - ROLL",4.65,2678.4,5010858,5-25-2025 FOB,576,576,0,,6/25/2025,BLAWLOR@FSCO.COM,10/8/2024,DFARLEY@FSCO.COM,6/27/2025,,Received Complete,Manual,,
53,12,"P+W International Co., Ltd.",PNW5004701 Oatmeal,"36"" Roll - ROLL",4.65,5338.2,5004701,5-25-2025 FOB,1148,1148,0,,6/25/2025,BLAWLOR@FSCO.COM,10/8/2024,DFARLEY@FSCO.COM,6/27/2025,,Received Complete,Manual,,
53,13,"P+W International Co., Ltd.",PNW5004728 Parchment,"36"" Roll - ROLL",4.65,4910.4,5004728,5-25-2025 FOB,1056,1056,0,,6/25/2025,BLAWLOR@FSCO.COM,10/8/2024,DFARLEY@FSCO.COM,6/27/2025,,Received Complete,Manual,,
53,14,"P+W International Co., Ltd.",PNW5004712 Peacock,"36"" Roll - ROLL",4.65,7119.15,5004712,5-25-2025 FOB,1531,1531,0,,6/25/2025,BLAWLOR@FSCO.COM,10/8/2024,DFARLEY@FSCO.COM,6/27/2025,,Received Complete,Manual,,
53,15,"P+W International Co., Ltd.",PNW5010855 Cloud,"36"" Roll - ROLL",4.65,2715.6,5010855,5-25-2025 FOB,584,584,0,,6/25/2025,BLAWLOR@FSCO.COM,10/8/2024,DFARLEY@FSCO.COM,6/27/2025,,Received Complete,Manual,,
53,16,"P+W International Co., Ltd.",PNW5004710 Sage,"36"" Roll - ROLL",4.65,2376.15,5004710,5-25-2025 FOB,511,511,0,,6/25/2025,BLAWLOR@FSCO.COM,10/8/2024,DFARLEY@FSCO.COM,6/27/2025,,Received Complete,Manual,,
53,17,"P+W International Co., Ltd.",PNW5004724 Fog,"36"" Roll - ROLL",4.65,4910.4,5004724,5-25-2025 FOB,1056,1056,0,,6/25/2025,BLAWLOR@FSCO.COM,10/8/2024,DFARLEY@FSCO.COM,6/27/2025,,Received Complete,Manual,,
52,2,"P+W International Co., Ltd.",PNW5004703 Mocha,"36"" Roll - ROLL",4.65,4910.4,5004703,5-25-2025 FOB,1056,1056,0,,6/25/2025,BLAWLOR@FSCO.COM,10/8/2024,JMCDONOUGH2011@GMAIL.COM,7/11/2025,,Received Complete,Manual,,
52,5,"P+W International Co., Ltd.",PNW5004722 Indigo,"36"" Roll - ROLL",4.65,14256.9,5004722,5-25-2025 FOB,3066,3066,0,,6/25/2025,BLAWLOR@FSCO.COM,10/8/2024,JMCDONOUGH2011@GMAIL.COM,7/11/2025,,Received Complete,Manual,,
8,1,NEU KALISS SPZIALPAPIER,"BNYNeuKaliss 60"" 315Y","60"" Roll - ROLL",1143.48,52600.08,TV130-1126-315,"43,470 Total YDS",138,138,0,,1/17/2024,BNY LIFT ADMIN,1/17/2024,BLAWLOR@FSCO.COM,10/11/2024,,Cancelled,Manual,,
238,1,Test Vendor,TESTSku,"60"" Roll - ROLL",3,1350,TESTSku1,,450,600,-150,,6/2/2025,JMCDONOUGH2011@GMAIL.COM,6/2/2025,JMCDONOUGH2011@GMAIL.COM,8/22/2025,,Cancelled,Manual,,
211,1,EPIC TEXTILES,PARComo Bleached,Fabric - ROLL,10.44,70992,H56-735,,6800,1984,4816,,9/15/2025,BLAWLOR@FSCO.COM,4/18/2025,JMCDONOUGH2011@GMAIL.COM,7/14/2025,,Partially Received,Manual,,
87,1,P K TEXTILES LIMITED,PARThar (Sesame),Fabric - ROLL,14.58,0,THAR SESAME,,0,500,-500,,5/22/2025,BLAWLOR@FSCO.COM,11/15/2024,DFARLEY@FSCO.COM,4/29/2025,,Cancelled,Manual,,
87,2,P K TEXTILES LIMITED,PARThar (Ivory),Fabric - ROLL,14.58,0,THAR IVORY,,0,2126.67,-2126.67,,5/22/2025,BLAWLOR@FSCO.COM,11/15/2024,DFARLEY@FSCO.COM,4/29/2025,,Cancelled,Manual,,
65,1,OMNI W.C. INC,"PARCPG7100 30"" 500Y","30"" Roll - ROLL",0.87,13050,CPG7100-30,,15000,9000,6000,,11/18/2024,BLAWLOR@FSCO.COM,10/28/2024,JMCDONOUGH2011@GMAIL.COM,3/17/2025,,Cancelled,Manual,,
49,1,"P+W International Co., Ltd.",PNW5004711 Sepia,"36"" Roll - ROLL",4.59,1836,5004711,,400,503,-103,,9/23/2024,BLAWLOR@FSCO.COM,9/23/2024,JMCDONOUGH2011@GMAIL.COM,10/8/2024,,Cancelled,Manual,,
44,1,NEU KALISS SPZIALPAPIER,"BNYNeuKaliss 60"" 100Y","60"" Roll - ROLL",1.2,1200,TV130-1126-100,,1000,999,1,,8/22/2024,LIFTADMIN,8/22/2024,BLAWLOR@FSCO.COM,10/11/2024,,Cancelled,Manual,,
42,2,TWIL WALLCOVERINGS,BNY5004716 96y Ivory,"36"" Roll - ROLL",7.71,3700.8,HARUKI-SISAL-96,,480,160,320,,7/26/2024,LIFTADMIN,7/26/2024,BLAWLOR@FSCO.COM,10/11/2024,,Cancelled,Manual,,
39,1,ULTRAFLEX,"BNYBaliHai 54"" 100Y","54"" Roll - ROLL",2.01,2010,BNY-BALI-HAI,these are the rolls of bali wowie,1000,33.33,966.67,,7/19/2024,LIFTADMIN,7/11/2024,BLAWLOR@FSCO.COM,10/11/2024,,Cancelled,Manual,,
38,1,NEU KALISS SPZIALPAPIER,"BNYNeuKaliss 60"" 315Y","60"" Roll - ROLL",1.2,1512,TV130-1126-315,,1260,1130,130,,7/26/2024,BLAWLOR@FSCO.COM,7/5/2024,BLAWLOR@FSCO.COM,10/11/2024,,Cancelled,Manual,,
36,1,NEU KALISS SPZIALPAPIER,"BNYNeuKaliss 60"" 100Y","60"" Roll - ROLL",3.63,1210,TV130-1126-100,Neu Kalliss by the Yard,1000,3000,-2000,,6/7/2024,LIFTADMIN,6/6/2024,BLAWLOR@FSCO.COM,10/11/2024,,Cancelled,Manual,,
248,1,ASCENT DECOR PRIVATE LIMITED,PLN-5539 (Ivory),Fabric - ROLL,4.11,411,,Testing for Pam,100,0,100,,8/29/2025,BLAWLOR@FSCO.COM,6/12/2025,JMCDONOUGH2011@GMAIL.COM,7/14/2025,,Ready To Send,Manual,,
248,2,ASCENT DECOR PRIVATE LIMITED,PLN-5569 (01),Fabric - ROLL,14.19,1419,PLN-5569 (01),Testing for Pam,100,0,100,,8/29/2025,BLAWLOR@FSCO.COM,6/12/2025,JMCDONOUGH2011@GMAIL.COM,7/14/2025,,Ready To Send,Manual,,
234,2,OMNI W.C. INC,"PARGR-FS-5006920 30"" 500Y","30"" Roll - ROLL",1.11,1110,GR-FS-5006920,NO Sample,1000,0,1000,,11/1/2025,JMCDONOUGH2011@GMAIL.COM,5/30/2025,JMCDONOUGH2011@GMAIL.COM,9/18/2025,,Ready To Send,Manual,,
219,5,OMNI W.C. INC,"PARGR-FS-5006920 30"" 500Y","30"" Roll - ROLL",1.11,1110,GR-FS-5006920,NO Sample,1000,0,1000,,10/1/2025,JMCDONOUGH2011@GMAIL.COM,5/1/2025,JMCDONOUGH2011@GMAIL.COM,8/13/2025,,Ready To Send,Manual,,
218,5,OMNI W.C. INC,"PARGR-FS-5006920 30"" 500Y","30"" Roll - ROLL",1.11,1110,GR-FS-5006920,NO Sample,1000,0,1000,,10/1/2025,JMCDONOUGH2011@GMAIL.COM,5/1/2025,JMCDONOUGH2011@GMAIL.COM,9/12/2025,,Ready To Send,Manual,,
214,1,NEU KALISS SPZIALPAPIER,"BNYNeuKaliss 60"" 315Y","60"" Roll - ROLL",1.2,50535.6,TV130-1126-315,FOB Ship Date 12/15/2025,42113,0,42113,,1/15/2026,JMCDONOUGH2011@GMAIL.COM,4/24/2025,JMCDONOUGH2011@GMAIL.COM,8/20/2025,,Ready To Send,Manual,,
116,2,"Dwell America, LLC",PARSussex Bleached DWL,Fabric - ROLL,6.69,6690,Sussex Bleached,Need to take by 11-15,1000,0,1000,,11/15/2025,BLAWLOR@FSCO.COM,1/6/2025,JMCDONOUGH2011@GMAIL.COM,8/18/2025,,Ready To Send,Manual,,
116,4,"Dwell America, LLC",PARSussex Natural DWL,Fabric - ROLL,6.69,6690,,Need to take by 11-15,1000,0,1000,,11/15/2025,BLAWLOR@FSCO.COM,1/6/2025,JMCDONOUGH2011@GMAIL.COM,8/18/2025,,Ready To Send,Manual,,
220,1,"P+W International Co., Ltd.",PNW5004716 Ivory,"36"" Roll - ROLL",4.77,9616.32,5004716,9-15-2025 FOB,2016,0,2016,,10/30/2025,BLAWLOR@FSCO.COM,5/2/2025,DFARLEY@FSCO.COM,9/8/2025,,Ready To Send,Manual,,
100,13,"P+W International Co., Ltd.",PNW5002197 (Ivory),"36"" Roll - ROLL",4.65,8481.6,5002197,7-1-2025 FOB,1824,0,1824,,8/10/2025,BLAWLOR@FSCO.COM,12/10/2024,DFARLEY@FSCO.COM,9/8/2025,,Cancelled,Manual,,
53,18,"P+W International Co., Ltd.",PNW5010852 Dove,"36"" Roll - ROLL",4.65,2697,5010852,5-25-2025 FOB,580,0,580,,6/25/2025,BLAWLOR@FSCO.COM,10/8/2024,DFARLEY@FSCO.COM,6/27/2025,,Cancelled,Manual,,
281,12,"P+W International Co., Ltd.",PNW5007950 PM (Natural),"54"" Roll - ROLL",7.95,1701.3,5007950,9-15-2025 FOB,214,0,214,,10/30/2025,JMCDONOUGH2011@GMAIL.COM,7/30/2025,JMCDONOUGH2011@GMAIL.COM,9/2/2025,,Ready To Send,Manual,,
276,6,"P+W International Co., Ltd.",BLONDE RAFFIA 5016510 (WHEAT),"36"" Roll - ROLL",10.26,5130,,Schumacher,500,0,500,,12/15/2025,JMCDONOUGH2011@GMAIL.COM,7/29/2025,JMCDONOUGH2011@GMAIL.COM,9/2/2025,,Ready To Send,Manual,,
276,7,"P+W International Co., Ltd.",Open Paperweave 5010323 (Sky),"36"" Roll - ROLL",7.11,3555,5010323,Schumacher,500,0,500,,12/15/2025,JMCDONOUGH2011@GMAIL.COM,7/29/2025,JMCDONOUGH2011@GMAIL.COM,9/2/2025,,Ready To Send,Manual,,
276,8,"P+W International Co., Ltd.",Tortola Linen PW 5011320 (Natural),"36"" Roll - ROLL",8.91,4009.5,,Schumacher,450,0,450,,12/15/2025,JMCDONOUGH2011@GMAIL.COM,7/29/2025,JMCDONOUGH2011@GMAIL.COM,9/2/2025,,Ready To Send,Manual,,
276,9,"P+W International Co., Ltd.",June Woven Stripe 5015550 (Natural),"36"" Roll - ROLL",8.07,12912,,Schumacher,1600,0,1600,,12/15/2025,JMCDONOUGH2011@GMAIL.COM,7/29/2025,JMCDONOUGH2011@GMAIL.COM,9/2/2025,,Ready To Send,Manual,,
276,10,"P+W International Co., Ltd.",Oxnard Lin Paperweave 5011310 (Natural),"54"" Roll - ROLL",8.91,3564,,Schumacher,400,0,400,,12/15/2025,JMCDONOUGH2011@GMAIL.COM,7/29/2025,JMCDONOUGH2011@GMAIL.COM,9/2/2025,,Ready To Send,Manual,,
276,11,"P+W International Co., Ltd.",Oxnard Paperweave 5011300 (Ivory),"36"" Roll - ROLL",8.91,7128,,Schumacher,800,0,800,,12/15/2025,JMCDONOUGH2011@GMAIL.COM,7/29/2025,JMCDONOUGH2011@GMAIL.COM,9/2/2025,,Ready To Send,Manual,,
276,12,"P+W International Co., Ltd.",Silk Strie 5010270 (parchment),"36"" Roll - ROLL",18.45,6457.5,,Schumacher,350,0,350,,12/15/2025,JMCDONOUGH2011@GMAIL.COM,7/29/2025,JMCDONOUGH2011@GMAIL.COM,9/2/2025,,Ready To Send,Manual,,
276,13,"P+W International Co., Ltd.",Linen & Paperweave 5010241 (Greige),"36"" Roll - ROLL",9.51,2853,,Schumacher,300,0,300,,12/15/2025,JMCDONOUGH2011@GMAIL.COM,7/29/2025,JMCDONOUGH2011@GMAIL.COM,9/2/2025,,Ready To Send,Manual,,
276,14,"P+W International Co., Ltd.",5006204 Weston Raffia Weave (Charcoal),"36"" Roll - ROLL",10.32,2683.2,,Schumacher,260,0,260,,12/15/2025,JMCDONOUGH2011@GMAIL.COM,7/29/2025,JMCDONOUGH2011@GMAIL.COM,9/2/2025,,Ready To Send,Manual,,
276,15,"P+W International Co., Ltd.",Gilded Linen 5007844 (Silver& Gold),"36"" Roll - ROLL",8.64,2246.4,,Schumacher,260,0,260,,12/15/2025,JMCDONOUGH2011@GMAIL.COM,7/29/2025,JMCDONOUGH2011@GMAIL.COM,9/2/2025,,Ready To Send,Manual,,
276,16,"P+W International Co., Ltd.",5006201 Weston Raffia Weave (Grey),"36"" Roll - ROLL",10.32,2683.2,,Schumacher,260,0,260,,12/15/2025,JMCDONOUGH2011@GMAIL.COM,7/29/2025,JMCDONOUGH2011@GMAIL.COM,9/2/2025,,Ready To Send,Manual,,
276,17,"P+W International Co., Ltd.",Draper Stripe 5016893 (Moonlight),"36"" Roll - ROLL",5.7,3705,,Schumacher,650,0,650,,12/15/2025,JMCDONOUGH2011@GMAIL.COM,7/29/2025,JMCDONOUGH2011@GMAIL.COM,9/2/2025,,Ready To Send,Manual,,
276,18,"P+W International Co., Ltd.",Linen & Paperweave 5010240 (natural),"36"" Roll - ROLL",9.51,8083.5,,Schumacher,850,0,850,,12/15/2025,JMCDONOUGH2011@GMAIL.COM,7/29/2025,JMCDONOUGH2011@GMAIL.COM,9/2/2025,,Ready To Send,Manual,,
276,19,"P+W International Co., Ltd.",Braided Buri 5010191 (Ivory),"36"" Roll - ROLL",16.23,4057.5,,Schumacher,250,0,250,,12/15/2025,JMCDONOUGH2011@GMAIL.COM,7/29/2025,JMCDONOUGH2011@GMAIL.COM,9/2/2025,,Ready To Send,Manual,,
276,20,"P+W International Co., Ltd.",BANDED GRASSCLOTH 5007900 (Cream),"36"" Roll - ROLL",8.01,7609.5,,Schumacher,950,0,950,,12/15/2025,JMCDONOUGH2011@GMAIL.COM,7/29/2025,JMCDONOUGH2011@GMAIL.COM,9/2/2025,,Ready To Send,Manual,,
276,21,"P+W International Co., Ltd.",Zig Zag Paperweave 5016601 (Flax),"36"" Roll - ROLL",8.7,5220,,Schumacher,600,0,600,,12/15/2025,JMCDONOUGH2011@GMAIL.COM,7/29/2025,JMCDONOUGH2011@GMAIL.COM,9/2/2025,,Ready To Send,Manual,,
276,26,"P+W International Co., Ltd.",NAKARA 5007940 (NATURAL),"36"" Roll - ROLL",7.95,1717.2,,9-15-2025 FOB,216,0,216,,10/30/2025,JMCDONOUGH2011@GMAIL.COM,7/29/2025,JMCDONOUGH2011@GMAIL.COM,9/2/2025,,Ready To Send,Manual,,
272,5,"P+W International Co., Ltd.",5017830 MULBERRY PAPER (Natural),"36"" Roll - ROLL",16.47,658.8,,9-15-2025 FOB,40,0,40,,10/30/2025,JMCDONOUGH2011@GMAIL.COM,7/23/2025,JMCDONOUGH2011@GMAIL.COM,9/5/2025,,Ready To Send,Manual,,
250,1,"P+W International Co., Ltd.",Windowpane Embro. Sisal 5015200 (Navy),"36"" Roll - ROLL",10.59,8980.32,,9-15-2025 FOB,848,0,848,,10/30/2025,JMCDONOUGH2011@GMAIL.COM,6/12/2025,JMCDONOUGH2011@GMAIL.COM,9/2/2025,,Ready To Send,Manual,,
250,2,"P+W International Co., Ltd.",Hemp Shimmer 5007870 (Ivory),"36"" Roll - ROLL",9.27,7935.12,,9-15-2025 FOB,856,0,856,,10/30/2025,JMCDONOUGH2011@GMAIL.COM,6/12/2025,JMCDONOUGH2011@GMAIL.COM,9/2/2025,,Ready To Send,Manual,,
250,3,"P+W International Co., Ltd.",Mitsu Weave 5003050 (Gold),"36"" Roll - ROLL",5.4,4795.2,,9-15-2025 FOB,888,0,888,,10/30/2025,JMCDONOUGH2011@GMAIL.COM,6/12/2025,JMCDONOUGH2011@GMAIL.COM,9/2/2025,,Ready To Send,Manual,,
250,4,"P+W International Co., Ltd.",Open Paperweave 5010321 (Leaf),"36"" Roll - ROLL",7.11,4550.4,,9-15-2025 FOB,640,0,640,,10/30/2025,JMCDONOUGH2011@GMAIL.COM,6/12/2025,JMCDONOUGH2011@GMAIL.COM,9/2/2025,,Ready To Send,Manual,,
250,5,"P+W International Co., Ltd.",June Woven Stripe 5015550 (Natural),"36"" Roll - ROLL",8.07,3228,,Schumacher,400,0,400,,12/1/2025,JMCDONOUGH2011@GMAIL.COM,6/12/2025,JMCDONOUGH2011@GMAIL.COM,9/2/2025,,Ready To Send,Manual,,
250,6,"P+W International Co., Ltd.",5007869 SHADED SILK (Wisteria),"36"" Roll - ROLL",14.4,3110.4,,9-15-2025 FOB,216,0,216,,10/30/2025,JMCDONOUGH2011@GMAIL.COM,6/12/2025,JMCDONOUGH2011@GMAIL.COM,9/2/2025,,Ready To Send,Manual,,
250,7,"P+W International Co., Ltd.",5017780 SHADED SILK (CRIMSON),"36"" Roll - ROLL",14.4,3110.4,,9-15-2025 FOB,216,0,216,,10/30/2025,JMCDONOUGH2011@GMAIL.COM,6/12/2025,JMCDONOUGH2011@GMAIL.COM,9/2/2025,,Ready To Send,Manual,,
250,8,"P+W International Co., Ltd.",5017781 SHADED SILK (GINGER),"36"" Roll - ROLL",14.07,4502.4,,Schumacher,320,0,320,,12/1/2025,JMCDONOUGH2011@GMAIL.COM,6/12/2025,JMCDONOUGH2011@GMAIL.COM,9/2/2025,,Ready To Send,Manual,,
250,9,"P+W International Co., Ltd.",5017782 SHADED SILK (CELERY),"36"" Roll - ROLL",14.4,3110.4,,9-15-2025 FOB,216,0,216,,10/30/2025,JMCDONOUGH2011@GMAIL.COM,6/12/2025,JMCDONOUGH2011@GMAIL.COM,9/2/2025,,Ready To Send,Manual,,
250,10,"P+W International Co., Ltd.",5017783 SHADED SILK (AEGEAN),"36"" Roll - ROLL",14.4,3110.4,,9-15-2025 FOB,216,0,216,,10/30/2025,JMCDONOUGH2011@GMAIL.COM,6/12/2025,JMCDONOUGH2011@GMAIL.COM,9/2/2025,,Ready To Send,Manual,,
249,13,"P+W International Co., Ltd.",Palm Weave 5010260 (Natural),"36"" Roll - ROLL",11.88,4752,,Schumacher,400,0,400,,11/20/2025,JMCDONOUGH2011@GMAIL.COM,6/12/2025,JMCDONOUGH2011@GMAIL.COM,9/5/2025,,Ready To Send,Manual,,
249,15,"P+W International Co., Ltd.",Anodized Raffia 5007782 (Gold),"36"" Roll - ROLL",13.11,5244,,Schumacher,400,0,400,,11/20/2025,JMCDONOUGH2011@GMAIL.COM,6/12/2025,JMCDONOUGH2011@GMAIL.COM,9/5/2025,,Ready To Send,Manual,,
249,17,"P+W International Co., Ltd.",Palm Weave 5010261 (Bark),"36"" Roll - ROLL",11.88,2376,,Schumacher,200,0,200,,11/20/2025,JMCDONOUGH2011@GMAIL.COM,6/12/2025,JMCDONOUGH2011@GMAIL.COM,9/5/2025,,Ready To Send,Manual,,
249,22,"P+W International Co., Ltd.",Windowpane Embro. Sisal 5015201 (Java),"36"" Roll - ROLL",10.59,10844.16,,9-15-2025 FOB,1024,0,1024,,10/30/2025,JMCDONOUGH2011@GMAIL.COM,6/12/2025,JMCDONOUGH2011@GMAIL.COM,9/5/2025,,Ready To Send,Manual,,
247,2,"P+W International Co., Ltd.",PNW5004704 Patina,"36"" Roll - ROLL",4.77,4083.12,5004704,9-15-2025 FOB,856,0,856,,10/30/2025,JMCDONOUGH2011@GMAIL.COM,6/11/2025,JMCDONOUGH2011@GMAIL.COM,8/28/2025,,Ready To Send,Manual,,
247,3,"P+W International Co., Ltd.",PNW5004703 Mocha,"36"" Roll - ROLL",4.77,10532.16,5004703,9-15-2025 FOB,2208,0,2208,,10/30/2025,JMCDONOUGH2011@GMAIL.COM,6/11/2025,JMCDONOUGH2011@GMAIL.COM,8/28/2025,,Ready To Send,Manual,,
247,4,"P+W International Co., Ltd.",PNW5004701 Oatmeal,"36"" Roll - ROLL",4.77,10532.16,5004701,9-15-2025 FOB,2208,0,2208,,10/30/2025,JMCDONOUGH2011@GMAIL.COM,6/11/2025,JMCDONOUGH2011@GMAIL.COM,8/28/2025,,Ready To Send,Manual,,
247,5,"P+W International Co., Ltd.",PNW5004713 Water Blue,"36"" Roll - ROLL",4.77,9616.32,5004713,9-15-2025 FOB,2016,0,2016,,10/30/2025,JMCDONOUGH2011@GMAIL.COM,6/11/2025,JMCDONOUGH2011@GMAIL.COM,8/28/2025,,Ready To Send,Manual,,
247,7,"P+W International Co., Ltd.",PNW5004726 (Mauve),"36"" Roll - ROLL",4.77,5952.96,5004726,9-15-2025 FOB,1248,0,1248,,10/30/2025,JMCDONOUGH2011@GMAIL.COM,6/11/2025,JMCDONOUGH2011@GMAIL.COM,8/28/2025,,Ready To Send,Manual,,
247,8,"P+W International Co., Ltd.",PNW5010858 Aloe,"36"" Roll - ROLL",4.77,5952.96,5010858,9-15-2025 FOB,1248,0,1248,,10/30/2025,JMCDONOUGH2011@GMAIL.COM,6/11/2025,JMCDONOUGH2011@GMAIL.COM,8/28/2025,,Ready To Send,Manual,,
247,10,"P+W International Co., Ltd.",PNW5004708 Celery,"36"" Roll - ROLL",4.77,4121.28,5004708,9-15-2025 FOB,864,0,864,,10/30/2025,JMCDONOUGH2011@GMAIL.COM,6/11/2025,JMCDONOUGH2011@GMAIL.COM,8/28/2025,,Ready To Send,Manual,,
245,1,"P+W International Co., Ltd.",Linen Stripe 5010251 (Sand),"36"" Roll - ROLL",10.8,4320,,Schumacher,400,0,400,,11/20/2025,JMCDONOUGH2011@GMAIL.COM,6/10/2025,JMCDONOUGH2011@GMAIL.COM,8/22/2025,,Ready To Send,Manual,,
245,2,"P+W International Co., Ltd.",5006171 Pearce Herringbone (Tan),"36"" Roll - ROLL",9.54,7632,5006171,Schumacher,800,0,800,,11/20/2025,JMCDONOUGH2011@GMAIL.COM,6/10/2025,JMCDONOUGH2011@GMAIL.COM,8/22/2025,,Ready To Send,Manual,,
245,3,"P+W International Co., Ltd.",5002300 SHIJIN SILK (Silver),"36"" Roll - ROLL",19.23,7692,,Schumacher,400,0,400,,11/20/2025,JMCDONOUGH2011@GMAIL.COM,6/10/2025,JMCDONOUGH2011@GMAIL.COM,8/22/2025,,Ready To Send,Manual,,
245,4,"P+W International Co., Ltd.",PNW5007861 Aqua,Fabric - ROLL,17.25,13800,5007861,Schumacher,800,0,800,,11/20/2025,JMCDONOUGH2011@GMAIL.COM,6/10/2025,JMCDONOUGH2011@GMAIL.COM,8/22/2025,,Ready To Send,Manual,,
245,5,"P+W International Co., Ltd.",Silk Strie 5010271 (Sand),"36"" Roll - ROLL",18.45,4132.8,,9-15-2025 FOB,224,0,224,,10/30/2025,JMCDONOUGH2011@GMAIL.COM,6/10/2025,JMCDONOUGH2011@GMAIL.COM,8/22/2025,,Ready To Send,Manual,,
245,6,"P+W International Co., Ltd.",Shaded Silk 5007864 (Emerald),"36"" Roll - ROLL",17.25,6900,,Schumacher,400,0,400,,11/20/2025,JMCDONOUGH2011@GMAIL.COM,6/10/2025,JMCDONOUGH2011@GMAIL.COM,8/22/2025,,Ready To Send,Manual,,
245,7,"P+W International Co., Ltd.",Paper Stripe 5012980 (White),"36"" Roll - ROLL",7.59,3036,,Schumacher,400,0,400,,11/20/2025,JMCDONOUGH2011@GMAIL.COM,6/10/2025,JMCDONOUGH2011@GMAIL.COM,8/22/2025,,Ready To Send,Manual,,
245,8,"P+W International Co., Ltd.",Linen Stripe 5010253 (Sky),"36"" Roll - ROLL",10.8,4320,,Schumacher,400,0,400,,11/20/2025,JMCDONOUGH2011@GMAIL.COM,6/10/2025,JMCDONOUGH2011@GMAIL.COM,8/22/2025,,Ready To Send,Manual,,
245,9,"P+W International Co., Ltd.",Shaded Silk 5007863 (sapphire),"36"" Roll - ROLL",17.25,13800,,Schumacher,800,0,800,,11/20/2025,JMCDONOUGH2011@GMAIL.COM,6/10/2025,JMCDONOUGH2011@GMAIL.COM,8/22/2025,,Ready To Send,Manual,,
245,10,"P+W International Co., Ltd.",Linen Lamé 5007810 (platinum),"36"" Roll - ROLL",17.85,7140,,Schumacher,400,0,400,,11/20/2025,JMCDONOUGH2011@GMAIL.COM,6/10/2025,JMCDONOUGH2011@GMAIL.COM,8/22/2025,,Ready To Send,Manual,,
244,2,"P+W International Co., Ltd.",Dyed Raffia 5010342 (Peacock),"36"" Roll - ROLL",11.88,3564,,Schumacher,300,0,300,,11/20/2025,JMCDONOUGH2011@GMAIL.COM,6/10/2025,JMCDONOUGH2011@GMAIL.COM,9/5/2025,,Ready To Send,Manual,,
244,3,"P+W International Co., Ltd.",5006172 Pearce Herringbone (Smoke),"36"" Roll - ROLL",9.54,7632,5006172,Schumacher,800,0,800,,11/20/2025,JMCDONOUGH2011@GMAIL.COM,6/10/2025,JMCDONOUGH2011@GMAIL.COM,9/5/2025,,Ready To Send,Manual,,
244,5,"P+W International Co., Ltd.",Ruched Linen 5010220 (Natural),"36"" Roll - ROLL",17.85,5997.6,,9-15-2025 FOB,336,0,336,,10/30/2025,JMCDONOUGH2011@GMAIL.COM,6/10/2025,JMCDONOUGH2011@GMAIL.COM,9/5/2025,,Ready To Send,Manual,,
244,6,"P+W International Co., Ltd.",Metallic Mesh 5007852 (Cocoa Shimmer),"36"" Roll - ROLL",9.51,3880.08,,9-15-2025 FOB,408,0,408,,10/30/2025,JMCDONOUGH2011@GMAIL.COM,6/10/2025,JMCDONOUGH2011@GMAIL.COM,9/5/2025,,Ready To Send,Manual,,
244,9,"P+W International Co., Ltd.",Linen & Paperweave 5010241 (Greige),"36"" Roll - ROLL",9.51,4755,,Schumacher,500,0,500,,11/20/2025,JMCDONOUGH2011@GMAIL.COM,6/10/2025,JMCDONOUGH2011@GMAIL.COM,9/5/2025,,Ready To Send,Manual,,
244,12,"P+W International Co., Ltd.",PNW5007950 PM (Natural),"54"" Roll - ROLL",7.95,3243.6,5007950,9-15-2025 FOB,408,0,408,,10/30/2025,JMCDONOUGH2011@GMAIL.COM,6/10/2025,JMCDONOUGH2011@GMAIL.COM,9/5/2025,,Ready To Send,Manual,,
244,19,"P+W International Co., Ltd.",Linen Gesso 5007802 (Greige),"36"" Roll - ROLL",8.64,1244.16,,Schumacher,144,0,144,,11/20/2025,JMCDONOUGH2011@GMAIL.COM,6/10/2025,JMCDONOUGH2011@GMAIL.COM,9/5/2025,,Ready To Send,Manual,,
243,6,"P+W International Co., Ltd.",Tortola Paperweave 5011254 (Carbon),"36"" Roll - ROLL",8.91,2352.24,,9-15-2025 FOB,264,0,264,,10/30/2025,JMCDONOUGH2011@GMAIL.COM,6/10/2025,JMCDONOUGH2011@GMAIL.COM,9/5/2025,,Ready To Send,Manual,,
243,8,"P+W International Co., Ltd.",Tortola Paperweave 5011251 (Green),"36"" Roll - ROLL",8.91,1782,,9-15-2025 FOB,200,0,200,,10/30/2025,JMCDONOUGH2011@GMAIL.COM,6/10/2025,JMCDONOUGH2011@GMAIL.COM,9/5/2025,,Ready To Send,Manual,,
243,9,"P+W International Co., Ltd.",Oxnard Lin Paperweave 5011310 (Natural),"54"" Roll - ROLL",8.91,3706.56,,9-15-2025 FOB,416,0,416,,10/30/2025,JMCDONOUGH2011@GMAIL.COM,6/10/2025,JMCDONOUGH2011@GMAIL.COM,9/5/2025,,Ready To Send,Manual,,
243,13,"P+W International Co., Ltd.",Tonal Paperweave 5010290 (Ivory),"36"" Roll - ROLL",7.11,3555,,Schumacher,500,0,500,,10/1/2025,JMCDONOUGH2011@GMAIL.COM,6/10/2025,JMCDONOUGH2011@GMAIL.COM,9/5/2025,,Cancelled,Manual,,
243,14,"P+W International Co., Ltd.",Zig Zag Paperweave 5016600 (Sesame),"36"" Roll - ROLL",8.49,3973.32,,Schumacher,468,0,468,,11/20/2025,JMCDONOUGH2011@GMAIL.COM,6/10/2025,JMCDONOUGH2011@GMAIL.COM,9/5/2025,,Ready To Send,Manual,,
237,2,"P+W International Co., Ltd.",PNW5004715 Jet,"36"" Roll - ROLL",4.77,2747.52,5004715,9-15-2025 FOB,576,0,576,,10/30/2025,JMCDONOUGH2011@GMAIL.COM,6/2/2025,DFARLEY@FSCO.COM,9/8/2025,,Ready To Send,Manual,,
237,5,"P+W International Co., Ltd.",PNW5004718 Haze,"36"" Roll - ROLL",4.77,2747.52,5004718,9-15-2025 FOB,576,0,576,,10/30/2025,JMCDONOUGH2011@GMAIL.COM,6/2/2025,DFARLEY@FSCO.COM,9/8/2025,,Ready To Send,Manual,,
232,1,"P+W International Co., Ltd.",PNW5004706 Cornflower,"36"" Roll - ROLL",4.77,23811.84,5004706,9-15-2025 FOB,4992,0,4992,,10/30/2025,JMCDONOUGH2011@GMAIL.COM,5/30/2025,DFARLEY@FSCO.COM,9/8/2025,,Ready To Send,Manual,,
232,5,"P+W International Co., Ltd.",PNW5004712 Peacock,"36"" Roll - ROLL",4.77,7369.65,5004712,9-15-2025 FOB,1545,0,1545,,10/30/2025,JMCDONOUGH2011@GMAIL.COM,5/30/2025,DFARLEY@FSCO.COM,9/8/2025,,Ready To Send,Manual,,
232,7,"P+W International Co., Ltd.",PNW5004713 Water Blue,"36"" Roll - ROLL",4.77,6410.88,5004713,9-15-2025 FOB,1344,0,1344,,10/30/2025,JMCDONOUGH2011@GMAIL.COM,5/30/2025,DFARLEY@FSCO.COM,9/8/2025,,Ready To Send,Manual,,
232,10,"P+W International Co., Ltd.",PNW5004708 Celery,"36"" Roll - ROLL",4.77,2747.52,5004708,9-15-2025 FOB,576,0,576,,10/30/2025,JMCDONOUGH2011@GMAIL.COM,5/30/2025,DFARLEY@FSCO.COM,9/8/2025,,Ready To Send,Manual,,
309,2,CPS&S,KALFASS PARTS,TEMP - SHEET,1540.79,1540.79,,,1,0,1,,9/12/2025,BLAWLOR@FSCO.COM,9/5/2025,BLAWLOR@FSCO.COM,9/5/2025,,Ready To Send,Manual,,
308,2,DYE INTO PRINT,SLF-WIN-OLI,TEMP - SHEET,8.95,3132.5,slf-win-oli,,350,0,350,,9/30/2025,MMUNK@FSCO.COM,9/4/2025,MMUNK@FSCO.COM,9/4/2025,,Ready To Send,Manual,,
308,3,DYE INTO PRINT,SLF-WIN-VIN,TEMP - SHEET,8.95,3132.5,SLF-WIN-VIN,,350,0,350,,9/30/2025,MMUNK@FSCO.COM,9/4/2025,MMUNK@FSCO.COM,9/4/2025,,Ready To Send,Manual,,
305,2,OMNI W.C. INC,"BNYNeuKaliss 60"" 315Y","60"" Roll - ROLL",1.5,2700,,,1800,0,1800,,9/12/2025,BLAWLOR@FSCO.COM,8/28/2025,BLAWLOR@FSCO.COM,9/23/2025,,Ready To Send,Manual,,
304,2,Screen-Trans Development Corp.,5017451 Cassia Stripe (WALNUT),"42"" Roll - ROLL",9.99,2247.75,,,225,0,225,,9/12/2025,BLAWLOR@FSCO.COM,8/28/2025,BLAWLOR@FSCO.COM,9/3/2025,,Ready To Send,Manual,,
304,3,Screen-Trans Development Corp.,5017450 Cassia Stripe (SKY),"42"" Roll - ROLL",9.99,2247.75,,,225,0,225,,9/12/2025,BLAWLOR@FSCO.COM,8/28/2025,BLAWLOR@FSCO.COM,9/3/2025,,Ready To Send,Manual,,
296,2,Lee Phillips Packaging,9x9x38,Shipping Supplies -,2.75,4125,9x9x38,,1500,0,1500,,8/29/2025,BLAWLOR@FSCO.COM,8/14/2025,BLAWLOR@FSCO.COM,8/18/2025,,Ready To Send,Manual,,
296,3,Lee Phillips Packaging,"BOX 12x12x30 (27"" WP)",Shipping Supplies -,3.26,3260,S-4617,,1000,0,1000,,8/29/2025,BLAWLOR@FSCO.COM,8/14/2025,BLAWLOR@FSCO.COM,8/18/2025,,Ready To Send,Manual,,
296,4,Lee Phillips Packaging,9x9x60,Shipping Supplies -,4.28,4280,9x9x60,,1000,0,1000,,8/29/2025,BLAWLOR@FSCO.COM,8/14/2025,BLAWLOR@FSCO.COM,8/18/2025,,Ready To Send,Manual,,
296,5,Lee Phillips Packaging,12x12x62,Shipping Supplies -,5.44,5440,12x12x62,,1000,0,1000,,8/29/2025,BLAWLOR@FSCO.COM,8/14/2025,BLAWLOR@FSCO.COM,8/18/2025,,Ready To Send,Manual,,
296,6,Lee Phillips Packaging,20x20x20,Shipping Supplies -,5.09,1272.5,20x20x20,,250,0,250,,8/29/2025,BLAWLOR@FSCO.COM,8/14/2025,BLAWLOR@FSCO.COM,8/18/2025,,Ready To Send,Manual,,
296,7,Lee Phillips Packaging,14x14x38,Shipping Supplies -,4.35,4350,14x14x38,,1000,0,1000,,8/29/2025,BLAWLOR@FSCO.COM,8/14/2025,BLAWLOR@FSCO.COM,8/18/2025,,Ready To Send,Manual,,
284,2,Griswold,PAR377 BLEACHED,Fabric - ROLL,12,4800,377 Bleached,,400,0,400,,9/19/2025,BLAWLOR@FSCO.COM,8/6/2025,JMCDONOUGH2011@GMAIL.COM,9/23/2025,,Ready To Send,Manual,,
284,3,Griswold,PARSailcloth (White),Fabric - ROLL,8.01,1602,,,200,0,200,,9/19/2025,BLAWLOR@FSCO.COM,8/6/2025,JMCDONOUGH2011@GMAIL.COM,9/23/2025,,Ready To Send,Manual,,
284,4,Griswold,PARSailcloth (Natural),Fabric - ROLL,8.01,4806,SAILCLOTH NATURAL,,600,0,600,,9/19/2025,BLAWLOR@FSCO.COM,8/6/2025,JMCDONOUGH2011@GMAIL.COM,9/23/2025,,Ready To Send,Manual,,
275,2,schlenk USA,Constant 2250/N (Pale Gold),Ink - INK,18.82,2070.2,2250/N (Pale Gold),,110,0,110,,8/8/2025,BLAWLOR@FSCO.COM,7/29/2025,JMCDONOUGH2011@GMAIL.COM,8/18/2025,,Cancelled,Manual,,
275,3,schlenk USA,Constant 2250/N (Rich Gold),Ink - INK,18.82,2070.2,,,110,0,110,,8/8/2025,BLAWLOR@FSCO.COM,7/29/2025,JMCDONOUGH2011@GMAIL.COM,8/18/2025,,Cancelled,Manual,,
275,4,schlenk USA,Decomet 2050 12/10,Ink - INK,3.37,33.7,Decomet 2050 12/10,,10,0,10,,8/8/2025,BLAWLOR@FSCO.COM,7/29/2025,JMCDONOUGH2011@GMAIL.COM,8/18/2025,,Cancelled,Manual,,
274,2,OMNI W.C. INC,"PARCPG7101 30"" 500Y","30"" Roll - ROLL",0.99,990,CPG7101,,1000,0,1000,,9/15/2025,JMCDONOUGH2011@GMAIL.COM,7/23/2025,JMCDONOUGH2011@GMAIL.COM,9/26/2025,,Sent To Vendor,Manual,,
268,2,DYE INTO PRINT,SLF-LIL-COA,TEMP - SHEET,9.25,1850,SLF-LIL-COA,,200,0,200,,8/29/2025,MMUNK@FSCO.COM,7/23/2025,MMUNK@FSCO.COM,7/23/2025,,Ready To Send,Manual,,
268,3,DYE INTO PRINT,SLF-LIL-PIS_DIP,TEMP - SHEET,9.25,1850,SLF-LIL-PIS_DIP,,200,0,200,,8/29/2025,MMUNK@FSCO.COM,7/23/2025,MMUNK@FSCO.COM,7/23/2025,,Ready To Send,Manual,,
253,2,DYE INTO PRINT,SLF-KIM-SKY,TEMP - SHEET,9.25,1850,SLF-KIM-SKY,,200,0,200,,7/14/2025,MMUNK@FSCO.COM,6/16/2025,MMUNK@FSCO.COM,6/16/2025,,Cancelled,Manual,,
242,2,TWIL WALLCOVERINGS,PARNAT4108RSP Angora,"36"" Roll - ROLL",7.71,10794,4108RSP Angora,,1400,0,1400,,6/13/2025,BLAWLOR@FSCO.COM,6/5/2025,DFARLEY@FSCO.COM,6/16/2025,,Cancelled,Manual,,
242,3,TWIL WALLCOVERINGS,PARSG2203 Brown,"36"" Roll - ROLL",7.71,370.08,SG2203,,48,0,48,,6/13/2025,BLAWLOR@FSCO.COM,6/5/2025,DFARLEY@FSCO.COM,6/16/2025,,Cancelled,Manual,,
236,2,DYE INTO PRINT,SLF-KIM-SKY,TEMP - SHEET,10.25,2050,SLF-KIM-SKY,,200,0,200,,7/21/2025,MMUNK@FSCO.COM,6/2/2025,MMUNK@FSCO.COM,6/26/2025,,Cancelled,Manual,,
228,2,ULSTER WEAVERS,PARMadden Oyster PFP,Fabric - ROLL,8.61,17220,MADOYS142PFP,,2000,0,2000,,9/15/2025,BLAWLOR@FSCO.COM,5/13/2025,JMCDONOUGH2011@GMAIL.COM,8/13/2025,,Ready To Send,Manual,,
204,2,OMNI W.C. INC,"BNYCPG7100 60"" 210Y","60"" Roll - ROLL",5.52,18547.2,CPG 7100 60”,,3360,0,3360,,9/30/2025,JMCDONOUGH2011@GMAIL.COM,4/9/2025,JMCDONOUGH2011@GMAIL.COM,9/26/2025,,Ready To Send,Manual,,
186,2,PALLET JUNCTION,Wooden Pallets 58x41,Shipping Supplies -,20,7040,58x41,,352,0,352,,4/25/2025,BLAWLOR@FSCO.COM,3/26/2025,BLAWLOR@FSCO.COM,3/26/2025,,Cancelled,Manual,,
186,3,PALLET JUNCTION,Wooden Pallets 58x41,Shipping Supplies -,20,7040,58x41,,352,0,352,,4/25/2025,BLAWLOR@FSCO.COM,3/26/2025,BLAWLOR@FSCO.COM,3/26/2025,,Cancelled,Manual,,
183,2,ORGANIC DYES,5g Altoma White 140,Ink - INK,3.44,3096,140,,900,0,900,,4/11/2025,BLAWLOR@FSCO.COM,3/25/2025,JMCDONOUGH2011@GMAIL.COM,5/1/2025,,Cancelled,Manual,,
183,3,ORGANIC DYES,55G Cleaner NA7500,Ink - INK,2.45,1104.95,NA7500,,451,0,451,,4/11/2025,BLAWLOR@FSCO.COM,3/25/2025,JMCDONOUGH2011@GMAIL.COM,5/1/2025,,Cancelled,Manual,,
172,2,Dux Protective Coatings LLC,Screen Wash (4075),Ink - INK,20.8,2288,4705,,110,0,110,,3/14/2025,BLAWLOR@FSCO.COM,3/4/2025,JMCDONOUGH2011@GMAIL.COM,5/1/2025,,Cancelled,Manual,,
163,2,Saati Americas Corporation,"Assembled Cut Edge Squeegee 47""",TEMP - SHEET,106.69,106.69,Assembled Cut Edge Squeegee 47,,1,0,1,,3/14/2025,BLAWLOR@FSCO.COM,2/27/2025,JMCDONOUGH2011@GMAIL.COM,5/1/2025,,Cancelled,Manual,,
163,3,Saati Americas Corporation,"Assembled Cut Edge Squeegee 62""",TEMP - SHEET,140.74,562.96,Assembled Cut Edge Squeegee 62,,4,0,4,,3/14/2025,BLAWLOR@FSCO.COM,2/27/2025,JMCDONOUGH2011@GMAIL.COM,5/1/2025,,Cancelled,Manual,,
163,4,Saati Americas Corporation,"Assembled Cut Edge Squeegee 50""",TEMP - SHEET,113.5,113.5,Assembled Cut Edge Squeegee 50,,1,0,1,,3/14/2025,BLAWLOR@FSCO.COM,2/27/2025,JMCDONOUGH2011@GMAIL.COM,5/1/2025,,Cancelled,Manual,,
163,5,Saati Americas Corporation,"Assembled Cut Edge Squeegee 36""",TEMP - SHEET,81.72,326.88,Assembled Cut Edge Squeegee 36,,4,0,4,,3/14/2025,BLAWLOR@FSCO.COM,2/27/2025,JMCDONOUGH2011@GMAIL.COM,5/1/2025,,Cancelled,Manual,,
162,2,Dux Protective Coatings LLC,Low Odor Reducer (4100),Ink - INK,29.1,1600.5,4100,,55,0,55,,3/7/2025,BLAWLOR@FSCO.COM,2/26/2025,JMCDONOUGH2011@GMAIL.COM,5/1/2025,,Cancelled,Manual,,
161,2,Screen-Trans Development Corp.,TEA TABLE (3247-8F-SCT) LIMESTONE,Fabric - ROLL,11.01,825.75,TEA TABLE 3247-8F-SCT,,75,0,75,,2/28/2025,BLAWLOR@FSCO.COM,2/25/2025,JMCDONOUGH2011@GMAIL.COM,5/1/2025,,Cancelled,Manual,,
150,2,DYE INTO PRINT,SLF-LIL-PIS_DIP,TEMP - SHEET,10.25,10.25,SLF-LIL-PIS_DIP,,1,0,1,,3/7/2025,MMUNK@FSCO.COM,2/11/2025,MMUNK@FSCO.COM,5/6/2025,,Cancelled,Manual,,
150,3,DYE INTO PRINT,SLF-LIL-PIS_DIP,TEMP - SHEET,9.25,925,SLF-LIL-PIS_DIP,,100,0,100,,3/7/2025,MMUNK@FSCO.COM,2/11/2025,MMUNK@FSCO.COM,5/6/2025,,Cancelled,Manual,,
142,2,TWIL WALLCOVERINGS,PAR5004717 Seaglass,"36"" Roll - ROLL",6.45,4024.8,5004717,,624,0,624,,2/14/2025,BLAWLOR@FSCO.COM,1/31/2025,JMCDONOUGH2011@GMAIL.COM,5/1/2025,,Cancelled,Manual,,
137,2,PREMEX SOLUTIONS,BNYPheonix,Fabric - ROLL,5.94,297,2458,,50,0,50,,1/31/2025,BLAWLOR@FSCO.COM,1/30/2025,JMCDONOUGH2011@GMAIL.COM,5/1/2025,,Cancelled,Manual,,
134,2,ORGANIC DYES,5G Altoma Royal Blue (6750),Ink - INK,2.82,112.8,6750,,40,0,40,,2/7/2025,BLAWLOR@FSCO.COM,1/28/2025,JMCDONOUGH2011@GMAIL.COM,5/1/2025,,Cancelled,Manual,,
134,3,ORGANIC DYES,2g Altoma Yellow 2G N1816,Ink - INK,3.25,130,N1816,,40,0,40,,2/7/2025,BLAWLOR@FSCO.COM,1/28/2025,JMCDONOUGH2011@GMAIL.COM,5/1/2025,,Cancelled,Manual,,
134,4,ORGANIC DYES,5g Altoma Flo Pink 2346,Ink - INK,5.89,235.6,2346,,40,0,40,,2/7/2025,BLAWLOR@FSCO.COM,1/28/2025,JMCDONOUGH2011@GMAIL.COM,5/1/2025,,Cancelled,Manual,,
134,5,ORGANIC DYES,5g Altoma Orange 6830,Ink - INK,2.52,100.8,6830,,40,0,40,,2/7/2025,BLAWLOR@FSCO.COM,1/28/2025,JMCDONOUGH2011@GMAIL.COM,5/1/2025,,Cancelled,Manual,,
134,6,ORGANIC DYES,5g Altoma Red 6367,Ink - INK,2.98,119.2,6367,,40,0,40,,2/7/2025,BLAWLOR@FSCO.COM,1/28/2025,JMCDONOUGH2011@GMAIL.COM,5/1/2025,,Cancelled,Manual,,
134,7,ORGANIC DYES,2G Altoma Green 1429,Ink - INK,6.29,251.6,1429,,40,0,40,,2/7/2025,BLAWLOR@FSCO.COM,1/28/2025,JMCDONOUGH2011@GMAIL.COM,5/1/2025,,Cancelled,Manual,,
134,8,ORGANIC DYES,30G Altoma Blue (6719),Ink - INK,3.1,124,6719,,40,0,40,,2/7/2025,BLAWLOR@FSCO.COM,1/28/2025,JMCDONOUGH2011@GMAIL.COM,5/1/2025,,Cancelled,Manual,,
134,9,ORGANIC DYES,5G Altoma Black (6266),Ink - INK,2.15,86,6266,,40,0,40,,2/7/2025,BLAWLOR@FSCO.COM,1/28/2025,JMCDONOUGH2011@GMAIL.COM,5/1/2025,,Cancelled,Manual,,
134,10,ORGANIC DYES,5g Altoma Scarlet 4395,Ink - INK,4.49,179.6,4395,,40,0,40,,2/7/2025,BLAWLOR@FSCO.COM,1/28/2025,JMCDONOUGH2011@GMAIL.COM,5/1/2025,,Cancelled,Manual,,
134,11,ORGANIC DYES,5g Altoma Magenta 6393,Ink - INK,6.85,274,6393,,40,0,40,,2/7/2025,BLAWLOR@FSCO.COM,1/28/2025,JMCDONOUGH2011@GMAIL.COM,5/1/2025,,Cancelled,Manual,,
134,12,ORGANIC DYES,5g Altoma Violet 6623,Ink - INK,5.81,232.4,6623,,40,0,40,,2/7/2025,BLAWLOR@FSCO.COM,1/28/2025,JMCDONOUGH2011@GMAIL.COM,5/1/2025,,Cancelled,Manual,,
134,13,ORGANIC DYES,YELLOW HP 1800,Ink - INK,5.25,210,,,40,0,40,,2/7/2025,BLAWLOR@FSCO.COM,1/28/2025,JMCDONOUGH2011@GMAIL.COM,5/1/2025,,Cancelled,Manual,,
113,2,Spectrachem,55G Clear Conc (NA6940),Ink - INK,3.75,1800,NA6940,,480,0,480,,12/31/2024,BLAWLOR@FSCO.COM,12/24/2024,JMCDONOUGH2011@GMAIL.COM,5/1/2025,,Cancelled,Manual,,
113,3,Spectrachem,55G Low Crock (NA6969),Ink - INK,2.55,2448,,,960,0,960,,12/31/2024,BLAWLOR@FSCO.COM,12/24/2024,JMCDONOUGH2011@GMAIL.COM,5/1/2025,,Cancelled,Manual,,
113,4,Spectrachem,5G Beige (R615-08),Ink - INK,2.54,106.68,R615-08,,42,0,42,,12/31/2024,BLAWLOR@FSCO.COM,12/24/2024,JMCDONOUGH2011@GMAIL.COM,5/1/2025,,Cancelled,Manual,,
86,2,LIBECO,PARA308 Oyster,Fabric - ROLL,47.19,,A308 oyster-0021 PFP 142 R05,,,0,,,11/22/2024,BLAWLOR@FSCO.COM,11/14/2024,BLAWLOR@FSCO.COM,11/14/2024,,Cancelled,Manual,,
86,3,LIBECO,PARA683 Oyster,Fabric - ROLL,658.5,658500,A683 oyster-0021 PFP 140 R05,,1000,0,1000,,11/22/2024,BLAWLOR@FSCO.COM,11/14/2024,BLAWLOR@FSCO.COM,11/14/2024,,Cancelled,Manual,,
79,2,OMNI W.C. INC,"PARGR-FS-5008182 30"" 500Y","30"" Roll - ROLL",1.08,5400,GR-FS-5008182,,5000,0,5000,,5/15/2025,BLAWLOR@FSCO.COM,11/11/2024,JMCDONOUGH2011@GMAIL.COM,5/21/2025,,Cancelled,Manual,,
76,2,OMNI W.C. INC,Omni 7100,"30"" Roll - ROLL",1.74,1740,DG-2046,,1000,0,1000,,10/31/2024,BLAWLOR@FSCO.COM,10/31/2024,BLAWLOR@FSCO.COM,11/4/2024,,Cancelled,Manual,,
64,2,Lee Phillips Packaging,20x20x20,Shipping Supplies -,3.91,977.5,20x20x20,,250,0,250,,11/19/2024,BLAWLOR@FSCO.COM,10/23/2024,COCONNOR@FSCO.COM,5/27/2025,,Cancelled,Manual,,
64,3,Lee Phillips Packaging,12x12x38,Shipping Supplies -,2.91,2910,14x14x38,,1000,0,1000,,11/19/2024,BLAWLOR@FSCO.COM,10/23/2024,COCONNOR@FSCO.COM,5/27/2025,,Cancelled,Manual,,
64,4,Lee Phillips Packaging,6x6x38,Shipping Supplies -,1.5,750,6x6x38,,500,0,500,,11/19/2024,BLAWLOR@FSCO.COM,10/23/2024,COCONNOR@FSCO.COM,5/27/2025,,Cancelled,Manual,,
64,5,Lee Phillips Packaging,9x9x38,Shipping Supplies -,2.26,2260,9x9x38,,1000,0,1000,,11/19/2024,BLAWLOR@FSCO.COM,10/23/2024,COCONNOR@FSCO.COM,5/27/2025,,Cancelled,Manual,,
60,2,OMNI W.C. INC,"PARGR-FS-5003280 30"" 500Y","30"" Roll - ROLL",0.99,4950,GR-FS-5003280,,5000,0,5000,,11/15/2024,BLAWLOR@FSCO.COM,10/11/2024,JMCDONOUGH2011@GMAIL.COM,4/9/2025,,Cancelled,Manual,,
60,3,OMNI W.C. INC,"PARGR-FS-5003281 30"" 500Y","30"" Roll - ROLL",1.38,6900,GR-FS-5003281,,5000,0,5000,,11/15/2024,BLAWLOR@FSCO.COM,10/11/2024,JMCDONOUGH2011@GMAIL.COM,4/9/2025,,Cancelled,Manual,,
47,3,OMNI W.C. INC,"BNYCPG7100 60"" 210Y","60"" Roll - ROLL",1.74,1740,CPG 7100 60”,,1000,0,1000,,10/15/2024,BLAWLOR@FSCO.COM,9/11/2024,JMCDONOUGH2011@GMAIL.COM,4/9/2025,,Cancelled,Manual,,
314,1,OMNI W.C. INC,"PARCPG7113 30"" 500Y","30"" Roll - ROLL",0.99,2970,CPG7113-30,,3000,0,3000,,10/15/2025,JMCDONOUGH2011@GMAIL.COM,9/16/2025,JMCDONOUGH2011@GMAIL.COM,9/19/2025,,Ready To Send,Manual,,
313,1,OMNI W.C. INC,"PARCPG7100 30"" 500Y","30"" Roll - ROLL",0.87,5220,CPG7100-30,,6000,0,6000,,10/31/2025,JMCDONOUGH2011@GMAIL.COM,9/16/2025,JMCDONOUGH2011@GMAIL.COM,9/16/2025,,Ready To Send,Manual,,
308,1,DYE INTO PRINT,SLF-WIN-COA,TEMP - SHEET,8.95,3490.5,SLF-WIN-COA,,390,0,390,,9/30/2025,MMUNK@FSCO.COM,9/4/2025,MMUNK@FSCO.COM,9/4/2025,,Ready To Send,Manual,,
307,1,DYE INTO PRINT,SLF-LIL-COA,TEMP - SHEET,8.95,1790,SLF-LIL-COA,,200,0,200,,9/30/2025,MMUNK@FSCO.COM,9/4/2025,MMUNK@FSCO.COM,9/4/2025,,Ready To Send,Manual,,
300,1,OMNI W.C. INC,"PARCPG7100 30"" 500Y","30"" Roll - ROLL",0.87,4350,CPG7100-30,,5000,0,5000,,10/15/2025,JMCDONOUGH2011@GMAIL.COM,8/22/2025,JMCDONOUGH2011@GMAIL.COM,8/22/2025,,Ready To Send,Manual,,
294,1,EPIC TEXTILES,H73C-996 PFD WHITE,"60"" Roll - ROLL",10.95,17520,H73C-996 PFD WHITE,,1600,0,1600,,9/1/2025,MMUNK@FSCO.COM,8/12/2025,JMCDONOUGH2011@GMAIL.COM,9/23/2025,,Ready To Send,Manual,,
292,1,WALLQUEST,"BNYDGC57-V2NW-BW 57"" 100Y","57"" Roll - ROLL",5.79,2895,E001,,500,0,500,,10/1/2025,JMCDONOUGH2011@GMAIL.COM,8/12/2025,JMCDONOUGH2011@GMAIL.COM,9/12/2025,,Ready To Send,Manual,,
289,1,Dolly Fabrics,PARSilk Taffetta,Fabric - ROLL,39.99,7998,Silk Taffetta White,,200,0,200,,10/1/2025,JMCDONOUGH2011@GMAIL.COM,8/7/2025,JMCDONOUGH2011@GMAIL.COM,8/8/2025,,Ready To Send,Manual,,
288,1,OMNI W.C. INC,"PARCPG7100 30"" 500Y","30"" Roll - ROLL",0.87,4350,CPG7100-30,,5000,0,5000,,10/1/2025,JMCDONOUGH2011@GMAIL.COM,8/7/2025,JMCDONOUGH2011@GMAIL.COM,8/7/2025,,Ready To Send,Manual,,
286,1,OMNI W.C. INC,"PARGR-FS 5009161 30"" 500y","30"" Roll - ROLL",1.17,1170,,,1000,0,1000,,9/15/2025,JMCDONOUGH2011@GMAIL.COM,8/6/2025,JMCDONOUGH2011@GMAIL.COM,9/8/2025,,Ready To Send,Manual,,
285,1,OMNI W.C. INC,"PARCPG7100 30"" 200Y","30"" Roll - ROLL",1.08,6480,,,6000,0,6000,,8/20/2025,JMCDONOUGH2011@GMAIL.COM,8/6/2025,DFARLEY@FSCO.COM,8/19/2025,,Cancelled,Manual,,
270,1,DYE INTO PRINT,SLF-KIM-SKY,TEMP - SHEET,13.5,,SLF-KIM-SKY,,,0,,,8/8/2025,MMUNK@FSCO.COM,7/23/2025,MMUNK@FSCO.COM,8/12/2025,,Cancelled,Manual,,
268,1,DYE INTO PRINT,SLF-KIM-SKY,TEMP - SHEET,10.25,2050,SLF-KIM-SKY,,200,0,200,,8/29/2025,MMUNK@FSCO.COM,7/23/2025,MMUNK@FSCO.COM,7/23/2025,,Ready To Send,Manual,,
253,1,DYE INTO PRINT,SLF-KIM-PEA,TEMP - SHEET,9.25,1850,SLF-KIM-PEA,,200,0,200,,7/14/2025,MMUNK@FSCO.COM,6/16/2025,MMUNK@FSCO.COM,6/16/2025,,Cancelled,Manual,,
236,1,DYE INTO PRINT,SLF-KIM-PEA,TEMP - SHEET,10.25,2050,SLF-KIM-PEA,,200,0,200,,7/21/2025,MMUNK@FSCO.COM,6/2/2025,MMUNK@FSCO.COM,6/26/2025,,Cancelled,Manual,,
233,1,OMNI W.C. INC,"BNYDG2061 60"" 250Y","60"" Roll - ROLL",5.01,10020,DG-2061-PEEL,,2000,0,2000,,6/25/2025,JMCDONOUGH2011@GMAIL.COM,5/30/2025,JMCDONOUGH2011@GMAIL.COM,5/30/2025,,Cancelled,Manual,,
205,1,OMNI W.C. INC,"BNYCPG7100 60"" 210Y","60"" Roll - ROLL",1.83,6148.8,CPG 7100 60”,,3360,0,3360,,10/15/2025,JMCDONOUGH2011@GMAIL.COM,4/9/2025,JMCDONOUGH2011@GMAIL.COM,4/9/2025,,Ready To Send,Manual,,
200,1,OMNI W.C. INC,"BNYCPG7100 60"" 210Y","60"" Roll - ROLL",1.83,9150,CPG 7100 60”,,5000,0,5000,,5/15/2025,JMCDONOUGH2011@GMAIL.COM,4/9/2025,JMCDONOUGH2011@GMAIL.COM,5/21/2025,,Cancelled,Manual,,
176,1,SBI,SBI C-0 DWR Stain Treatment,TEMP - SHEET,2.75,,SBI C-0 DWR,,,0,,,4/2/2025,MMUNK@FSCO.COM,3/5/2025,MMUNK@FSCO.COM,6/26/2025,,Cancelled,Manual,,
173,1,VARTEST LABORATORIES,PFAS TEST,TEMP - SHEET,200,,PFAS-TEST,,,0,,,3/12/2025,MMUNK@FSCO.COM,3/5/2025,MMUNK@FSCO.COM,3/5/2025,,Ready To Send,Manual,,
150,1,DYE INTO PRINT,SLF-LIL-PIS_DIP,TEMP - SHEET,9.25,925,SLF-LIL-PIS_DIP,,100,0,100,,3/7/2025,MMUNK@FSCO.COM,2/11/2025,MMUNK@FSCO.COM,5/6/2025,,Cancelled,Manual,,
42,1,TWIL WALLCOVERINGS,PAR5004700 Silver,"36"" Roll - ROLL",7.44,1785.6,5004700,,240,0,240,,7/26/2024,LIFTADMIN,7/26/2024,BLAWLOR@FSCO.COM,10/11/2024,,Cancelled,Manual,,
25,1,NEU KALISS SPZIALPAPIER,"BNYNeuKaliss 60"" 315Y","60"" Roll - ROLL",378,3024,RD10197,,24,0,24,,2/28/2024,PKEEFER@FSCO.COM,2/28/2024,PKEEFER@FSCO.COM,2/28/2024,,Cancelled,Manual,,
13,1,NEU KALISS SPZIALPAPIER,"BNYNeuKaliss 60"" 315Y","60"" Roll - ROLL",1143.48,52600.08,TV130-1126-315,,138,0,138,,2/16/2024,COCONNOR@FSCO.COM,2/9/2024,BLAWLOR@FSCO.COM,10/11/2024,,Cancelled,Manual,,
315,1,TWIL WALLCOVERINGS,PARBA244 Silver,"36"" Roll - ROLL",7.71,7710,BA244,,1000,0,1000,,10/3/2025,BLAWLOR@FSCO.COM,9/22/2025,BLAWLOR@FSCO.COM,9/22/2025,,Ready To Send,Manual,,
310,1,OMNI W.C. INC,Silver Mylar (DG-2011),"30"" Roll - ROLL",6.96,1740,,,250,0,250,,10/3/2025,BLAWLOR@FSCO.COM,9/8/2025,BLAWLOR@FSCO.COM,9/8/2025,,Ready To Send,Manual,,
309,1,CPS&S,KALFASS SERVICE,TEMP - SHEET,4730,4730,,,1,0,1,,9/12/2025,BLAWLOR@FSCO.COM,9/5/2025,BLAWLOR@FSCO.COM,9/5/2025,,Ready To Send,Manual,,
306,1,TWIL WALLCOVERINGS,PARMD4033 (Mineral),"36"" Roll - ROLL",7.71,6168,MD4033,,800,0,800,,10/1/2025,BLAWLOR@FSCO.COM,9/4/2025,JMCDONOUGH2011@GMAIL.COM,9/12/2025,,Ready To Send,Manual,,
305,1,OMNI W.C. INC,"BNYNeuKaliss 30"" 157Y","30"" Roll - ROLL",1.56,5616,SPLIT-ROLLS,,3600,0,3600,,9/12/2025,BLAWLOR@FSCO.COM,8/28/2025,BLAWLOR@FSCO.COM,9/23/2025,,Cancelled,Manual,,
304,1,Screen-Trans Development Corp.,5017450 Cassia Stripe (NEUTRAL),"42"" Roll - ROLL",9.99,2247.75,,,225,0,225,,9/12/2025,BLAWLOR@FSCO.COM,8/28/2025,BLAWLOR@FSCO.COM,9/3/2025,,Ready To Send,Manual,,
297,1,Screen-Trans Development Corp.,PLUM TINT,"36"" Roll - ROLL",9.99,1958.04,,,196,0,196,,8/22/2025,BLAWLOR@FSCO.COM,8/14/2025,BLAWLOR@FSCO.COM,9/4/2025,,Ready To Send,Manual,,
296,1,Lee Phillips Packaging,9x9x30,Shipping Supplies -,2.49,2490,9x9x30,,1000,0,1000,,8/29/2025,BLAWLOR@FSCO.COM,8/14/2025,BLAWLOR@FSCO.COM,8/18/2025,,Ready To Send,Manual,,
283,1,OMNI W.C. INC,"BNYNeuKaliss 30"" 157Y","30"" Roll - ROLL",0.75,5670,SPLIT-ROLLS,,7560,0,7560,,8/21/2025,BLAWLOR@FSCO.COM,8/4/2025,JMCDONOUGH2011@GMAIL.COM,8/22/2025,,Cancelled,Manual,,
280,1,Water Base Ink USA,PMS PF Outdoor Base Aquo-Hybrid,TEMP - SHEET,1311,2622,PMS PF Outdoor Base Aquo-Hybri,,2,0,2,,8/22/2025,BLAWLOR@FSCO.COM,7/30/2025,BLAWLOR@FSCO.COM,7/30/2025,,Ready To Send,Manual,,
275,1,schlenk USA,Constant 2250/N (Red/Gold),Ink - INK,19.87,2185.7,2250/N (Copper),,110,0,110,,8/8/2025,BLAWLOR@FSCO.COM,7/29/2025,JMCDONOUGH2011@GMAIL.COM,8/18/2025,,Cancelled,Manual,,
242,1,TWIL WALLCOVERINGS,PARSG2207RSP (LIGHT BROWN),"36"" Roll - ROLL",7.71,4626,SG2207,,600,0,600,,6/13/2025,BLAWLOR@FSCO.COM,6/5/2025,DFARLEY@FSCO.COM,6/16/2025,,Cancelled,Manual,,
241,1,HP,HP Latex 3600 Printer (1HA07A),TEMP - SHEET,8100,,SG0CT1R001,,,0,,,6/30/2025,BLAWLOR@FSCO.COM,6/5/2025,BLAWLOR@FSCO.COM,6/5/2025,,Ready To Send,Manual,,
231,1,Saati Americas Corporation,"Assembled Cut Edge Squeegee 72""",TEMP - SHEET,163.44,653.76,Assembled Cut Edge Squeegee 72,,4,0,4,,6/13/2025,BLAWLOR@FSCO.COM,5/29/2025,BLAWLOR@FSCO.COM,5/29/2025,,Ready To Send,Manual,,
228,1,ULSTER WEAVERS,PARMadden Oyster PFP,Fabric - ROLL,8.61,25830,MADOYS142PFP,,3000,0,3000,,9/15/2025,BLAWLOR@FSCO.COM,5/13/2025,JMCDONOUGH2011@GMAIL.COM,8/13/2025,,Ready To Send,Manual,,
225,1,TWIL WALLCOVERINGS,PARHBD1018T Blanc,"36"" Roll - ROLL",7.71,22359,HBD1018T,,2900,0,2900,,5/16/2025,BLAWLOR@FSCO.COM,5/7/2025,JMCDONOUGH2011@GMAIL.COM,5/21/2025,,Cancelled,Manual,,
224,1,Screen-Trans Development Corp.,HENRI (302031F-CU-SCT),Fabric - ROLL,9.99,149.85,HENRI (302031F-CU-SCT),,15,0,15,,5/16/2025,BLAWLOR@FSCO.COM,5/7/2025,JMCDONOUGH2011@GMAIL.COM,6/20/2025,,Cancelled,Manual,,
223,1,Screen-Trans Development Corp.,CREEL (CR-204-F) GRASS,"60"" Roll - ROLL",9.99,149.85,CR-204-F,,15,0,15,,5/16/2025,BLAWLOR@FSCO.COM,5/7/2025,JMCDONOUGH2011@GMAIL.COM,6/20/2025,,Cancelled,Manual,,
222,1,Screen-Trans Development Corp.,Creel CR-205-F (POMEGRANATE),"60"" Roll - ROLL",9.99,199.8,CR-205-F,,20,0,20,,5/16/2025,BLAWLOR@FSCO.COM,5/7/2025,JMCDONOUGH2011@GMAIL.COM,6/20/2025,,Cancelled,Manual,,
221,1,Water Base Ink USA,PMS PF Outdoor Base Aquo-Hybrid,TEMP - SHEET,1311,1311,PMS PF Outdoor Base Aquo-Hybri,,1,0,1,,5/16/2025,BLAWLOR@FSCO.COM,5/7/2025,BLAWLOR@FSCO.COM,7/30/2025,,Ready To Send,Manual,,
213,1,HP,HP Part OSS - Adv Exch (Fixed Service),TEMP - SHEET,8100,8100,HP Part OSS - Adv Exch (Fixed,,1,0,1,,4/29/2025,BLAWLOR@FSCO.COM,4/23/2025,BLAWLOR@FSCO.COM,4/23/2025,,Ready To Send,Manual,,
208,1,LIBECO,PARP392OffWhite,Fabric - ROLL,14.58,291.6,P392-0207,,20,0,20,,5/30/2025,BLAWLOR@FSCO.COM,4/14/2025,JMCDONOUGH2011@GMAIL.COM,7/14/2025,,Cancelled,Manual,,
189,1,Screen-Trans Development Corp.,HENRI (32725-UP-SCT) Upstate,Fabric - ROLL,9.99,199.8,32725-UP-SCT,,20,0,20,,4/4/2025,BLAWLOR@FSCO.COM,3/27/2025,JMCDONOUGH2011@GMAIL.COM,5/1/2025,,Cancelled,Manual,,
188,1,Screen-Trans Development Corp.,HENRI (302031F-CU-SCT),Fabric - ROLL,9.99,749.25,HENRI (302031F-CU-SCT),,75,0,75,,4/4/2025,BLAWLOR@FSCO.COM,3/27/2025,JMCDONOUGH2011@GMAIL.COM,5/1/2025,,Cancelled,Manual,,
186,1,PALLET JUNCTION,Wooden Pallets 58x41,Shipping Supplies -,20,7040,58x41,,352,0,352,,4/25/2025,BLAWLOR@FSCO.COM,3/26/2025,BLAWLOR@FSCO.COM,3/26/2025,,Cancelled,Manual,,
185,1,Dolly Fabrics,PARSILK MATKA,Fabric - ROLL,39.99,1799.55,SILK MATKA WHITE,,45,0,45,,5/15/2025,BLAWLOR@FSCO.COM,3/26/2025,JMCDONOUGH2011@GMAIL.COM,7/14/2025,,Cancelled,Manual,,
183,1,ORGANIC DYES,55G Plastique Clear NQ1910,Ink - INK,3.75,3450,NQ1910,,920,0,920,,4/11/2025,BLAWLOR@FSCO.COM,3/25/2025,JMCDONOUGH2011@GMAIL.COM,5/1/2025,,Cancelled,Manual,,
177,1,ORGANIC DYES,5g Altoma White 140,Ink - INK,3.44,3096,140,,900,0,900,,3/10/2025,BLAWLOR@FSCO.COM,3/7/2025,JMCDONOUGH2011@GMAIL.COM,5/1/2025,,Cancelled,Manual,,
172,1,Dux Protective Coatings LLC,PRINTING WHITE (4001),Ink - INK,43.98,1759.2,4001,,40,0,40,,3/14/2025,BLAWLOR@FSCO.COM,3/4/2025,JMCDONOUGH2011@GMAIL.COM,5/1/2025,,Cancelled,Manual,,
163,1,Saati Americas Corporation,"Assembled Cut Edge Squeegee 72""",TEMP - SHEET,163.44,163.44,Assembled Cut Edge Squeegee 72,,1,0,1,,3/14/2025,BLAWLOR@FSCO.COM,2/27/2025,JMCDONOUGH2011@GMAIL.COM,5/1/2025,,Cancelled,Manual,,
162,1,Dux Protective Coatings LLC,Low Odor Reducer (4100),Ink - INK,29.1,436.5,4100,,15,0,15,,2/26/2025,BLAWLOR@FSCO.COM,2/26/2025,JMCDONOUGH2011@GMAIL.COM,5/1/2025,,Cancelled,Manual,,
161,1,Screen-Trans Development Corp.,TEA TABLE (3247-1-SCT) BARN RED,Fabric - ROLL,11.01,1101,TEA TABLE 3247-1-SCT,,100,0,100,,2/28/2025,BLAWLOR@FSCO.COM,2/25/2025,JMCDONOUGH2011@GMAIL.COM,5/1/2025,,Cancelled,Manual,,
156,1,Dux Protective Coatings LLC,Low Odor Reducer (4100),Ink - INK,29.1,145.5,4100,,5,0,5,,2/27/2025,BLAWLOR@FSCO.COM,2/19/2025,JMCDONOUGH2011@GMAIL.COM,5/1/2025,,Cancelled,Manual,,
154,1,LIBECO,PARP139 Natural,Fabric - ROLL,17.94,1079.09,P139 natural-0023 PFP 142 R05,,60.15,0,60.15,,2/28/2025,BLAWLOR@FSCO.COM,2/17/2025,JMCDONOUGH2011@GMAIL.COM,5/1/2025,,Cancelled,Manual,,
153,1,Spectrachem,40G Plastique Clear (NQ1910),Ink - INK,3.75,1350,NQ1910,,360,0,360,,2/21/2025,BLAWLOR@FSCO.COM,2/12/2025,JMCDONOUGH2011@GMAIL.COM,5/1/2025,,Cancelled,Manual,,
152,1,Spectrachem,"55G CLEANER	(NA7500)",Ink - INK,2.45,1104.95,NA7500,,451,0,451,,2/21/2025,BLAWLOR@FSCO.COM,2/12/2025,JMCDONOUGH2011@GMAIL.COM,5/1/2025,,Cancelled,Manual,,
149,1,OMNI W.C. INC,"PARGR-FS 5008183 30"" 500Y","30"" Roll - ROLL",0.99,990,,,1000,0,1000,,3/3/2025,BLAWLOR@FSCO.COM,2/10/2025,JMCDONOUGH2011@GMAIL.COM,4/9/2025,,Cancelled,Manual,,
145,1,OMNI W.C. INC,"PARCPG7101 30"" 500Y","30"" Roll - ROLL",0.99,2970,CPG7101,,3000,0,3000,,2/28/2025,BLAWLOR@FSCO.COM,2/2/2025,JMCDONOUGH2011@GMAIL.COM,4/9/2025,,Cancelled,Manual,,
141,1,BASCO USA,158 MESH,TEMP - SHEET,11.95,537.75,,,45,0,45,,2/21/2025,BLAWLOR@FSCO.COM,1/31/2025,JMCDONOUGH2011@GMAIL.COM,5/1/2025,,Cancelled,Manual,,
137,1,PREMEX SOLUTIONS,BNYArvada,"60"" Roll - ROLL",4.83,241.5,2457,,50,0,50,,1/31/2025,BLAWLOR@FSCO.COM,1/30/2025,JMCDONOUGH2011@GMAIL.COM,5/1/2025,,Cancelled,Manual,,
135,1,Carr Textile Corp.,"96"" 12 OZ CANVAS",Fabric - ROLL,5.76,1440,"96"" 12 OZ COTTON CANVAS",,250,0,250,,1/31/2025,BLAWLOR@FSCO.COM,1/29/2025,JMCDONOUGH2011@GMAIL.COM,5/1/2025,,Cancelled,Manual,,
134,1,ORGANIC DYES,5g Altoma White 140,Ink - INK,3.44,3096,140,,900,0,900,,2/7/2025,BLAWLOR@FSCO.COM,1/28/2025,JMCDONOUGH2011@GMAIL.COM,5/1/2025,,Cancelled,Manual,,
133,1,CPS&S,GPS12100,Shipping Supplies -,144,720,GPS12100,,5,0,5,,2/14/2025,BLAWLOR@FSCO.COM,1/28/2025,JMCDONOUGH2011@GMAIL.COM,5/1/2025,,Cancelled,Manual,,
131,1,Superior Felt & Filtration,PARGrey Wool Felt (Plain Finish),Fabric - ROLL,19.95,12468.75,26N0250-82,,625,0,625,,2/20/2025,BLAWLOR@FSCO.COM,1/23/2025,JMCDONOUGH2011@GMAIL.COM,5/1/2025,,Cancelled,Manual,,
119,1,SBI,SBI C-0 DWR Stain Treatment,TEMP - SHEET,2.75,550,SBI C-0 DWR,,200,0,200,,1/17/2025,BLAWLOR@FSCO.COM,1/7/2025,JMCDONOUGH2011@GMAIL.COM,5/1/2025,,Cancelled,Manual,,
118,1,WALLQUEST,BNY Vinyl Sisal,"54"" Roll - ROLL",8.01,4005,E001DGBNW300,,500,0,500,,1/27/2025,BLAWLOR@FSCO.COM,1/6/2025,JMCDONOUGH2011@GMAIL.COM,5/1/2025,,Cancelled,Manual,,
113,1,Spectrachem,40G Plastique Clear (NQ1910),Ink - INK,3.75,2700,NQ1910,,720,0,720,,12/31/2024,BLAWLOR@FSCO.COM,12/24/2024,JMCDONOUGH2011@GMAIL.COM,5/1/2025,,Cancelled,Manual,,
111,1,NEU KALISS SPZIALPAPIER,"BNYNeuKaliss 60"" 315Y","60"" Roll - ROLL",1.2,52164,RD10197,,43470,0,43470,,11/15/2025,BLAWLOR@FSCO.COM,12/19/2024,JMCDONOUGH2011@GMAIL.COM,8/20/2025,,Ready To Send,Manual,,
91,1,BREWSTER HOME FASIONS,BNY5004716 48y Brewster Ivory,"36"" Roll - ROLL",7.71,7710,,,1000,0,1000,,12/27/2024,BLAWLOR@FSCO.COM,11/18/2024,BLAWLOR@FSCO.COM,11/18/2024,,Cancelled,Manual,,
86,1,LIBECO,PARA683 Oyster,Fabric - ROLL,39.51,,A683 oyster-0021 PFP 140 R05,,,0,,,11/22/2024,BLAWLOR@FSCO.COM,11/14/2024,BLAWLOR@FSCO.COM,11/14/2024,,Cancelled,Manual,,
84,1,JAT Home,T-2525 (Bleached),Fabric - ROLL,9.96,3984,T-2525,,400,0,400,,12/15/2024,BLAWLOR@FSCO.COM,11/14/2024,DFARLEY@FSCO.COM,3/7/2025,,Cancelled,Manual,,
80,1,NEU KALISS SPZIALPAPIER,"BNYNeuKaliss 60"" 315Y","60"" Roll - ROLL",1.08,45457.2,RD10197,,42090,0,42090,,11/29/2024,BLAWLOR@FSCO.COM,11/11/2024,BLAWLOR@FSCO.COM,3/20/2025,,Cancelled,Manual,,
79,1,OMNI W.C. INC,"PARGR-FS-5008181 30"" 500Y","30"" Roll - ROLL",0.99,4950,GR-FS-5008181,,5000,0,5000,,12/16/2024,BLAWLOR@FSCO.COM,11/11/2024,JMCDONOUGH2011@GMAIL.COM,5/21/2025,,Cancelled,Manual,,
73,1,Lebanon,Full Engraving Files,Printer Supplies - INK,250,250,Full Engraving Files,,1,0,1,,11/6/2024,BLAWLOR@FSCO.COM,10/30/2024,JMCDONOUGH2011@GMAIL.COM,5/1/2025,,Cancelled,Manual,,
64,1,Lee Phillips Packaging,12x12x62,Shipping Supplies -,3.75,3750,12x12x62,,1000,0,1000,,11/19/2024,BLAWLOR@FSCO.COM,10/23/2024,COCONNOR@FSCO.COM,5/27/2025,,Cancelled,Manual,,
60,1,OMNI W.C. INC,"PARGR-FS-5003283 30"" 500Y","30"" Roll - ROLL",0.99,4950,GR-FS-5003283,,5000,0,5000,,11/15/2024,BLAWLOR@FSCO.COM,10/11/2024,JMCDONOUGH2011@GMAIL.COM,4/9/2025,,Cancelled,Manual,,
58,1,PREMEX SOLUTIONS,BNY2471 Viscosity Non Optic Pigment,Fabric - ROLL,19.89,19890,BNY2471,,1000,0,1000,,11/8/2024,BLAWLOR@FSCO.COM,10/11/2024,JMCDONOUGH2011@GMAIL.COM,5/1/2025,,Cancelled,Manual,,
57,1,Griswold,PARPolishedCotton,Fabric - ROLL,8.76,3504,POLISHED COTTON,,400,0,400,,10/25/2024,BLAWLOR@FSCO.COM,10/11/2024,JMCDONOUGH2011@GMAIL.COM,5/1/2025,,Cancelled,Manual,,
56,1,LIBECO,PARP139 Natural,Fabric - ROLL,17.94,1794,P139 natural-0023 PFP 142 R05,,100,0,100,,5/15/2025,BLAWLOR@FSCO.COM,10/11/2024,JMCDONOUGH2011@GMAIL.COM,6/27/2025,,Cancelled,Manual,,
47,1,OMNI W.C. INC,"PARCPG7101 30"" 500Y","30"" Roll - ROLL",0.99,1980,CPG7101,,2000,0,2000,,9/16/2024,BLAWLOR@FSCO.COM,9/11/2024,JMCDONOUGH2011@GMAIL.COM,4/9/2025,,Cancelled,Manual,,
46,1,LIBECO,PARP336Oyster,Fabric - ROLL,21.75,4350,P336 oyster-0021 PFP 142 R05,,200,0,200,,9/13/2024,BLAWLOR@FSCO.COM,9/10/2024,JMCDONOUGH2011@GMAIL.COM,10/8/2024,,Cancelled,Manual,,
41,1,TWIL WALLCOVERINGS,PAR5004700 Silver,"36"" Roll - ROLL",7.44,,5004700,,,0,,,7/31/2024,BLAWLOR@FSCO.COM,7/25/2024,BLAWLOR@FSCO.COM,10/11/2024,,Cancelled,Manual,,
40,1,AHLSTROM NONWOVENS LLC,"BNYAhlstrom 60"" 200Y","60"" Roll - ROLL",6.3,,WL09708D-200,,,0,,,7/31/2024,BLAWLOR@FSCO.COM,7/25/2024,BLAWLOR@FSCO.COM,10/11/2024,,Cancelled,Manual,,
10,1,CPS&S,GPS12100,Shipping Supplies -,144,2160,GPS12100,,15,0,15,,2/16/2024,BLAWLOR@FSCO.COM,1/19/2024,BLAWLOR@FSCO.COM,10/11/2024,,Cancelled,Manual,,
7,1,BREWSTER HOME FASIONS,BNY5004716 96y Brewster Ivory,"36"" Roll - ROLL",6.18,30900,ZHG-01A-96,,15000,0,15000,,2/28/2024,BLAWLOR@FSCO.COM,1/10/2024,BLAWLOR@FSCO.COM,10/11/2024,,Cancelled,Manual,,
312,2,"P+W International Co., Ltd.",Abaco Paperweave 5011280 (Blush),"54"" Roll - ROLL",8.91,2227.5,,,250,0,250,,1/15/2026,JMCDONOUGH2011@GMAIL.COM,9/9/2025,JMCDONOUGH2011@GMAIL.COM,9/22/2025,,Ready To Send,Manual,,
293,4,"P+W International Co., Ltd.",PNW5007950 PM (Natural),"54"" Roll - ROLL",7.95,7950,5007950,,1000,0,1000,,12/31/2025,JMCDONOUGH2011@GMAIL.COM,8/12/2025,JMCDONOUGH2011@GMAIL.COM,8/12/2025,,Ready To Send,Manual,,
276,23,"P+W International Co., Ltd.",Jubilee Paperweave 5011272 (Brown),"54"" Roll - ROLL",8.91,1782,,,200,0,200,,12/15/2025,JMCDONOUGH2011@GMAIL.COM,7/29/2025,JMCDONOUGH2011@GMAIL.COM,9/2/2025,,Ready To Send,Manual,,
160,1,"P+W International Co., Ltd.",PNW5007950 PM (Natural),"54"" Roll - ROLL",9.99,2997,5007950,,300,0,300,,3/14/2025,BLAWLOR@FSCO.COM,2/25/2025,DFARLEY@FSCO.COM,2/28/2025,,Cancelled,Manual,,
100,5,"P+W International Co., Ltd.",PNW5007861 Aqua,Fabric - ROLL,18,16200,5007861,,900,0,900,,8/25/2025,BLAWLOR@FSCO.COM,12/10/2024,DFARLEY@FSCO.COM,9/8/2025,,Cancelled,Manual,,
237,3,"P+W International Co., Ltd.",PNW5004706 Cornflower,"36"" Roll - ROLL",4.77,2862,5004706,,600,0,600,,11/20/2025,JMCDONOUGH2011@GMAIL.COM,6/2/2025,DFARLEY@FSCO.COM,9/8/2025,,Ready To Send,Manual,,
232,4,"P+W International Co., Ltd.",PNW5004716 Ivory,"36"" Roll - ROLL",4.77,16695,5004716,,3500,0,3500,,11/20/2025,JMCDONOUGH2011@GMAIL.COM,5/30/2025,DFARLEY@FSCO.COM,9/8/2025,,Ready To Send,Manual,,
232,6,"P+W International Co., Ltd.",PNW5010856 Mist,"36"" Roll - ROLL",4.77,5724,5010856,,1200,0,1200,,11/20/2025,JMCDONOUGH2011@GMAIL.COM,5/30/2025,DFARLEY@FSCO.COM,9/8/2025,,Ready To Send,Manual,,
232,9,"P+W International Co., Ltd.",PNW5004729 Flax,"36"" Roll - ROLL",4.77,3339,5004729,,700,0,700,,11/20/2025,JMCDONOUGH2011@GMAIL.COM,5/30/2025,DFARLEY@FSCO.COM,9/8/2025,,Ready To Send,Manual,,
232,11,"P+W International Co., Ltd.",PNW5008841 PAPERWEAVE (NATURAL),"36"" Roll - ROLL",5.46,2730,5008841,,500,0,500,,11/20/2025,JMCDONOUGH2011@GMAIL.COM,5/30/2025,DFARLEY@FSCO.COM,9/8/2025,,Ready To Send,Manual,,
232,12,"P+W International Co., Ltd.",PNW5010859 Blue Grey,"36"" Roll - ROLL",4.77,2385,5010859,,500,0,500,,11/20/2025,JMCDONOUGH2011@GMAIL.COM,5/30/2025,DFARLEY@FSCO.COM,9/8/2025,,Ready To Send,Manual,,
232,13,"P+W International Co., Ltd.",PNW5004705 Robin's Egg,"36"" Roll - ROLL",4.77,6439.5,5004705,,1350,0,1350,,11/20/2025,JMCDONOUGH2011@GMAIL.COM,5/30/2025,DFARLEY@FSCO.COM,9/8/2025,,Cancelled,Manual,,
220,5,"P+W International Co., Ltd.",PARHBD1018T Blanc,"36"" Roll - ROLL",4.77,9540,PNWHBD1018T,,2000,0,2000,,12/1/2025,BLAWLOR@FSCO.COM,5/2/2025,DFARLEY@FSCO.COM,9/8/2025,,Ready To Send,Manual,,
220,10,"P+W International Co., Ltd.",PNW5004716 Ivory,"36"" Roll - ROLL",4.77,19080,5004716,,4000,0,4000,,12/1/2025,BLAWLOR@FSCO.COM,5/2/2025,DFARLEY@FSCO.COM,9/8/2025,,Ready To Send,Manual,,
167,1,"P+W International Co., Ltd.",PNW5004713 Water Blue,"36"" Roll - ROLL",4.65,4650,5004713,,1000,0,1000,,9/8/2025,BLAWLOR@FSCO.COM,2/28/2025,BLAWLOR@FSCO.COM,2/28/2025,,Cancelled,Manual,,
167,2,"P+W International Co., Ltd.",PNW5004718 Haze,"36"" Roll - ROLL",4.65,4650,5004718,,1000,0,1000,,9/8/2025,BLAWLOR@FSCO.COM,2/28/2025,BLAWLOR@FSCO.COM,2/28/2025,,Cancelled,Manual,,
167,3,"P+W International Co., Ltd.",PNW5004717 Seaglass,"36"" Roll - ROLL",4.65,11625,5004717,,2500,0,2500,,9/8/2025,BLAWLOR@FSCO.COM,2/28/2025,BLAWLOR@FSCO.COM,2/28/2025,,Cancelled,Manual,,
167,4,"P+W International Co., Ltd.",PNW5004717 Lavender,"36"" Roll - ROLL",4.65,4650,5004717,,1000,0,1000,,9/8/2025,BLAWLOR@FSCO.COM,2/28/2025,BLAWLOR@FSCO.COM,2/28/2025,,Cancelled,Manual,,
167,5,"P+W International Co., Ltd.",PNW5004703 Mocha,"36"" Roll - ROLL",4.65,4650,5004703,,1000,0,1000,,9/8/2025,BLAWLOR@FSCO.COM,2/28/2025,BLAWLOR@FSCO.COM,2/28/2025,,Cancelled,Manual,,
167,6,"P+W International Co., Ltd.",PNW5004728 Parchment,"36"" Roll - ROLL",4.65,2325,5004728,,500,0,500,,9/8/2025,BLAWLOR@FSCO.COM,2/28/2025,BLAWLOR@FSCO.COM,2/28/2025,,Cancelled,Manual,,
167,7,"P+W International Co., Ltd.",PNW5010850 Sand,"36"" Roll - ROLL",4.65,4650,5010850,,1000,0,1000,,9/8/2025,BLAWLOR@FSCO.COM,2/28/2025,BLAWLOR@FSCO.COM,2/28/2025,,Cancelled,Manual,,
167,8,"P+W International Co., Ltd.",PNW5004726 (Mauve),"36"" Roll - ROLL",4.65,4650,5004726,,1000,0,1000,,9/8/2025,BLAWLOR@FSCO.COM,2/28/2025,BLAWLOR@FSCO.COM,2/28/2025,,Cancelled,Manual,,
122,4,"P+W International Co., Ltd.",PNW5004701 Oatmeal,"36"" Roll - ROLL",4.65,6975,5004701,,1500,0,1500,,4/21/2025,BLAWLOR@FSCO.COM,1/15/2025,DFARLEY@FSCO.COM,9/11/2025,,Cancelled,Manual,,
122,6,"P+W International Co., Ltd.",PNW5004729 Flax,"36"" Roll - ROLL",4.65,2325,5004729,,500,0,500,,4/21/2025,BLAWLOR@FSCO.COM,1/15/2025,DFARLEY@FSCO.COM,9/11/2025,,Cancelled,Manual,,
122,8,"P+W International Co., Ltd.",PNW5002197 (Ivory),"36"" Roll - ROLL",4.65,13950,5002197,,3000,0,3000,,4/21/2025,BLAWLOR@FSCO.COM,1/15/2025,DFARLEY@FSCO.COM,9/11/2025,,Cancelled,Manual,,
122,14,"P+W International Co., Ltd.",PNW5010852 Dove,"36"" Roll - ROLL",4.77,1993.86,5010852,,418,0,418,,10/1/2025,BLAWLOR@FSCO.COM,1/15/2025,DFARLEY@FSCO.COM,9/11/2025,,Cancelled,Manual,,
115,1,"P+W International Co., Ltd.",PNW5004710 Sage,"36"" Roll - ROLL",4.65,2325,5004710,,500,0,500,,7/9/2025,DFARLEY@FSCO.COM,1/2/2025,BLAWLOR@FSCO.COM,2/26/2025,,Cancelled,Manual,,
115,2,"P+W International Co., Ltd.",PNW5010851 Petal,"36"" Roll - ROLL",4.65,4650,5010851,,1000,0,1000,,7/9/2025,DFARLEY@FSCO.COM,1/2/2025,BLAWLOR@FSCO.COM,2/26/2025,,Cancelled,Manual,,
115,3,"P+W International Co., Ltd.",PNW5004721 Plum,"36"" Roll - ROLL",4.65,5580,5004721,,1200,0,1200,,7/9/2025,DFARLEY@FSCO.COM,1/2/2025,BLAWLOR@FSCO.COM,2/26/2025,,Cancelled,Manual,,
100,1,"P+W International Co., Ltd.",PNW5004716 Ivory,"36"" Roll - ROLL",4.65,15345,5004716,,3300,0,3300,,6/9/2025,BLAWLOR@FSCO.COM,12/10/2024,DFARLEY@FSCO.COM,9/8/2025,,Cancelled,Manual,,
94,1,"P+W International Co., Ltd.",PNW5002190 Paprika,"36"" Roll - ROLL",13.98,13980,5002190,,1000,0,1000,,11/22/2024,BLAWLOR@FSCO.COM,11/19/2024,BLAWLOR@FSCO.COM,12/6/2024,,Cancelled,Manual,,
82,1,"P+W International Co., Ltd.",PNW5008840 PAPERWEAVE (WHITE),"36"" Roll - ROLL",13.98,13980,5008840,,1000,0,1000,,2/14/2025,BLAWLOR@FSCO.COM,11/11/2024,BLAWLOR@FSCO.COM,12/10/2024,,Cancelled,Manual,,
82,2,"P+W International Co., Ltd.",PNW5008841 PAPERWEAVE (NATURAL),"36"" Roll - ROLL",13.98,13980,5008841,,1000,0,1000,,2/14/2025,BLAWLOR@FSCO.COM,11/11/2024,BLAWLOR@FSCO.COM,12/10/2024,,Cancelled,Manual,,
53,9,"P+W International Co., Ltd.",PNW5004721 Plum,"36"" Roll - ROLL",4.65,4650,5004721,,1000,0,1000,,6/25/2025,BLAWLOR@FSCO.COM,10/8/2024,DFARLEY@FSCO.COM,6/27/2025,,Cancelled,Manual,,
121,1,"P+W International Co., Ltd.",PNW5002197 (Ivory),"36"" Roll - ROLL",4.65,60450,5002197,,13000,0,13000,,3/21/2025,BLAWLOR@FSCO.COM,1/15/2025,JMCDONOUGH2011@GMAIL.COM,9/18/2025,,Cancelled,Manual,,
121,2,"P+W International Co., Ltd.",PNW5010858 Aloe,"36"" Roll - ROLL",4.65,3720,5010858,,800,0,800,,3/21/2025,BLAWLOR@FSCO.COM,1/15/2025,JMCDONOUGH2011@GMAIL.COM,9/18/2025,,Cancelled,Manual,,
121,3,"P+W International Co., Ltd.",PNW5004701 Oatmeal,"36"" Roll - ROLL",4.65,5580,5004701,,1200,0,1200,,3/21/2025,BLAWLOR@FSCO.COM,1/15/2025,JMCDONOUGH2011@GMAIL.COM,9/18/2025,,Cancelled,Manual,,
121,5,"P+W International Co., Ltd.",PNW5004700 Silver,"36"" Roll - ROLL",4.65,4650,5004700,,1000,0,1000,,8/25/2025,BLAWLOR@FSCO.COM,1/15/2025,JMCDONOUGH2011@GMAIL.COM,9/18/2025,,Cancelled,Manual,,
51,6,"P+W International Co., Ltd.",PNW5004717 Lavender,"36"" Roll - ROLL",4.65,3720,5004717,,800,0,800,,3/3/2025,BLAWLOR@FSCO.COM,10/8/2024,JMCDONOUGH2011@GMAIL.COM,9/18/2025,,Cancelled,Manual,,
50,1,"P+W International Co., Ltd.",PNW5004705 Robin's Egg,"36"" Roll - ROLL",4.65,9300,5004705,,2000,0,2000,,12/9/2024,BLAWLOR@FSCO.COM,10/8/2024,JMCDONOUGH2011@GMAIL.COM,10/8/2024,,Cancelled,Manual,,
50,2,"P+W International Co., Ltd.",PNW5004716 Ivory,"36"" Roll - ROLL",4.65,32550,5004716,,7000,0,7000,,12/9/2024,BLAWLOR@FSCO.COM,10/8/2024,JMCDONOUGH2011@GMAIL.COM,10/8/2024,,Cancelled,Manual,,
50,3,"P+W International Co., Ltd.",PNW5004700 Silver,"36"" Roll - ROLL",4.65,18600,5004700,,4000,0,4000,,12/9/2024,BLAWLOR@FSCO.COM,10/8/2024,JMCDONOUGH2011@GMAIL.COM,10/8/2024,,Cancelled,Manual,,
50,4,"P+W International Co., Ltd.",PNW5010851 Petal,"36"" Roll - ROLL",4.65,5580,5010851,,1200,0,1200,,12/9/2024,BLAWLOR@FSCO.COM,10/8/2024,JMCDONOUGH2011@GMAIL.COM,10/8/2024,,Cancelled,Manual,,
50,5,"P+W International Co., Ltd.",PNW5004713 Water Blue,"36"" Roll - ROLL",4.65,18600,5004713,,4000,0,4000,,12/9/2024,BLAWLOR@FSCO.COM,10/8/2024,JMCDONOUGH2011@GMAIL.COM,10/8/2024,,Cancelled,Manual,,
50,6,"P+W International Co., Ltd.",PNW5004728 Parchment,"36"" Roll - ROLL",4.65,4650,5004728,,1000,0,1000,,12/9/2024,BLAWLOR@FSCO.COM,10/8/2024,JMCDONOUGH2011@GMAIL.COM,10/8/2024,,Cancelled,Manual,,
50,7,"P+W International Co., Ltd.",PNW5004717 Lavender,"36"" Roll - ROLL",4.65,3720,5004717,,800,0,800,,12/9/2024,BLAWLOR@FSCO.COM,10/8/2024,JMCDONOUGH2011@GMAIL.COM,10/8/2024,,Cancelled,Manual,,
50,8,"P+W International Co., Ltd.",PNW5010856 Mist,"36"" Roll - ROLL",4.65,2325,5010856,,500,0,500,,12/9/2024,BLAWLOR@FSCO.COM,10/8/2024,JMCDONOUGH2011@GMAIL.COM,10/8/2024,,Cancelled,Manual,,
50,9,"P+W International Co., Ltd.",PNW5004715 Jet,"36"" Roll - ROLL",4.65,4650,5004715,,1000,0,1000,,12/9/2024,BLAWLOR@FSCO.COM,10/8/2024,JMCDONOUGH2011@GMAIL.COM,10/8/2024,,Cancelled,Manual,,
50,10,"P+W International Co., Ltd.",PNW5004701 Oatmeal,"36"" Roll - ROLL",4.65,5580,5004701,,1200,0,1200,,12/9/2024,BLAWLOR@FSCO.COM,10/8/2024,JMCDONOUGH2011@GMAIL.COM,10/8/2024,,Cancelled,Manual,,
50,11,"P+W International Co., Ltd.",PNW5010850 Sand,"36"" Roll - ROLL",4.65,2325,5010850,,500,0,500,,12/9/2024,BLAWLOR@FSCO.COM,10/8/2024,JMCDONOUGH2011@GMAIL.COM,10/8/2024,,Cancelled,Manual,,
50,12,"P+W International Co., Ltd.",PNW5010858 Aloe,"36"" Roll - ROLL",4.65,2325,5010858,,500,0,500,,12/9/2024,BLAWLOR@FSCO.COM,10/8/2024,JMCDONOUGH2011@GMAIL.COM,10/8/2024,,Cancelled,Manual,,
50,13,"P+W International Co., Ltd.",PNW5010852 Dove,"36"" Roll - ROLL",4.65,2325,5010852,,500,0,500,,12/9/2024,BLAWLOR@FSCO.COM,10/8/2024,JMCDONOUGH2011@GMAIL.COM,10/8/2024,,Cancelled,Manual,,
50,14,"P+W International Co., Ltd.",PNW5004724 Fog,"36"" Roll - ROLL",4.65,4650,5004724,,1000,0,1000,,12/9/2024,BLAWLOR@FSCO.COM,10/8/2024,JMCDONOUGH2011@GMAIL.COM,10/8/2024,,Cancelled,Manual,,
50,15,"P+W International Co., Ltd.",PNW5004721 Plum,"36"" Roll - ROLL",4.65,4650,5004721,,1000,0,1000,,12/9/2024,BLAWLOR@FSCO.COM,10/8/2024,JMCDONOUGH2011@GMAIL.COM,10/8/2024,,Cancelled,Manual,,
50,16,"P+W International Co., Ltd.",PNW5004726 (Mauve),"36"" Roll - ROLL",4.65,2325,5004726,,500,0,500,,12/9/2024,BLAWLOR@FSCO.COM,10/8/2024,JMCDONOUGH2011@GMAIL.COM,10/8/2024,,Cancelled,Manual,,
50,17,"P+W International Co., Ltd.",PNW5004719 Mandarin,"36"" Roll - ROLL",4.65,3720,5004719,,800,0,800,,12/9/2024,BLAWLOR@FSCO.COM,10/8/2024,JMCDONOUGH2011@GMAIL.COM,10/8/2024,,Cancelled,Manual,,
50,18,"P+W International Co., Ltd.",PNW5004710 Sage,"36"" Roll - ROLL",4.65,2325,5004710,,500,0,500,,12/9/2024,BLAWLOR@FSCO.COM,10/8/2024,JMCDONOUGH2011@GMAIL.COM,10/8/2024,,Cancelled,Manual,,
50,19,"P+W International Co., Ltd.",PNW5004708 Celery,"36"" Roll - ROLL",4.65,2325,5004708,,500,0,500,,12/9/2024,BLAWLOR@FSCO.COM,10/8/2024,JMCDONOUGH2011@GMAIL.COM,10/8/2024,,Cancelled,Manual,,
50,20,"P+W International Co., Ltd.",PNW5004704 Patina,"36"" Roll - ROLL",4.65,2325,5004704,,500,0,500,,12/9/2024,BLAWLOR@FSCO.COM,10/8/2024,JMCDONOUGH2011@GMAIL.COM,10/8/2024,,Cancelled,Manual,,
50,21,"P+W International Co., Ltd.",PNW5004725 Caribbean,"36"" Roll - ROLL",4.65,2325,5004725,,500,0,500,,12/9/2024,BLAWLOR@FSCO.COM,10/8/2024,JMCDONOUGH2011@GMAIL.COM,10/8/2024,,Cancelled,Manual,,
50,22,"P+W International Co., Ltd.",PNW5004722 Indigo,"36"" Roll - ROLL",4.65,13950,5004722,,3000,0,3000,,12/8/2024,BLAWLOR@FSCO.COM,10/8/2024,JMCDONOUGH2011@GMAIL.COM,10/8/2024,,Cancelled,Manual,,
50,23,"P+W International Co., Ltd.",PNW5004712 Peacock,"36"" Roll - ROLL",4.65,6975,5004712,,1500,0,1500,,12/8/2024,BLAWLOR@FSCO.COM,10/8/2024,JMCDONOUGH2011@GMAIL.COM,10/8/2024,,Cancelled,Manual,,
50,24,"P+W International Co., Ltd.",PNW5004703 Mocha,"36"" Roll - ROLL",4.65,4650,5004703,,1000,0,1000,,12/8/2024,BLAWLOR@FSCO.COM,10/8/2024,JMCDONOUGH2011@GMAIL.COM,10/8/2024,,Cancelled,Manual,,
50,25,"P+W International Co., Ltd.",PNW5004707 Nile,"36"" Roll - ROLL",4.65,2325,5004707,,500,0,500,,12/8/2024,BLAWLOR@FSCO.COM,10/8/2024,JMCDONOUGH2011@GMAIL.COM,10/8/2024,,Cancelled,Manual,,
50,26,"P+W International Co., Ltd.",PNW5004717 Seaglass,"36"" Roll - ROLL",4.65,4650,5004717,,1000,0,1000,,12/8/2024,BLAWLOR@FSCO.COM,10/8/2024,JMCDONOUGH2011@GMAIL.COM,10/8/2024,,Cancelled,Manual,,
50,27,"P+W International Co., Ltd.",PNW5004718 Haze,"36"" Roll - ROLL",4.65,2325,5004718,,500,0,500,,12/8/2024,BLAWLOR@FSCO.COM,10/8/2024,JMCDONOUGH2011@GMAIL.COM,10/8/2024,,Cancelled,Manual,,
279,1,"P+W International Co., Ltd.",528940 FIDENZA GROUND (Natural),"36"" Roll - ROLL",0.99,198,528940,,200,0,200,,11/1/2025,JMCDONOUGH2011@GMAIL.COM,7/30/2025,JMCDONOUGH2011@GMAIL.COM,8/22/2025,,Cancelled,Manual,,
249,18,"P+W International Co., Ltd.",PAR5007871 PLATINUM SHIMMER,"36"" Roll - ROLL",9.27,3708,5007871,,400,0,400,,9/10/2025,JMCDONOUGH2011@GMAIL.COM,6/12/2025,JMCDONOUGH2011@GMAIL.COM,9/5/2025,,Cancelled,Manual,,
312,1,"P+W International Co., Ltd.",5000761 Suwon Sisal (Champagne),"36"" Roll - ROLL",0.99,1584,,,1600,0,1600,,1/15/2026,JMCDONOUGH2011@GMAIL.COM,9/9/2025,JMCDONOUGH2011@GMAIL.COM,9/22/2025,,Ready To Send,Manual,,
312,3,"P+W International Co., Ltd.",Tonal Paperweave 5010290 (Ivory),"36"" Roll - ROLL",7.11,7110,,,1000,0,1000,,1/15/2026,JMCDONOUGH2011@GMAIL.COM,9/9/2025,JMCDONOUGH2011@GMAIL.COM,9/22/2025,,Ready To Send,Manual,,
312,4,"P+W International Co., Ltd.",Windowpane Embro. Sisal 5015201 (Java),"36"" Roll - ROLL",10.59,10590,,,1000,0,1000,,1/15/2026,JMCDONOUGH2011@GMAIL.COM,9/9/2025,JMCDONOUGH2011@GMAIL.COM,9/22/2025,,Ready To Send,Manual,,
312,5,"P+W International Co., Ltd.",BLONDE RAFFIA 5016510 (WHEAT),"36"" Roll - ROLL",10.26,5130,,,500,0,500,,1/15/2026,JMCDONOUGH2011@GMAIL.COM,9/9/2025,JMCDONOUGH2011@GMAIL.COM,9/22/2025,,Ready To Send,Manual,,
312,6,"P+W International Co., Ltd.",MUSA ABACA 5016870 (Ivory),"36"" Roll - ROLL",0.99,396,,,400,0,400,,1/15/2026,JMCDONOUGH2011@GMAIL.COM,9/9/2025,JMCDONOUGH2011@GMAIL.COM,9/22/2025,,Ready To Send,Manual,,
312,7,"P+W International Co., Ltd.",HARUKI SISAL 5016853 (NIGHT ON EARTH),"36"" Roll - ROLL",4.77,1908,,,400,0,400,,1/15/2026,JMCDONOUGH2011@GMAIL.COM,9/9/2025,JMCDONOUGH2011@GMAIL.COM,9/22/2025,,Ready To Send,Manual,,
311,1,"P+W International Co., Ltd.",PNW5010850 Sand,"36"" Roll - ROLL",4.77,9540,5010850,,2000,0,2000,,1/15/2026,JMCDONOUGH2011@GMAIL.COM,9/9/2025,JMCDONOUGH2011@GMAIL.COM,9/22/2025,,Ready To Send,Manual,,
311,2,"P+W International Co., Ltd.",PNW5010851 Petal,"36"" Roll - ROLL",4.77,4770,5010851,,1000,0,1000,,1/15/2026,JMCDONOUGH2011@GMAIL.COM,9/9/2025,JMCDONOUGH2011@GMAIL.COM,9/22/2025,,Ready To Send,Manual,,
311,3,"P+W International Co., Ltd.",PNW5010856 Mist,"36"" Roll - ROLL",4.77,1908,5010856,,400,0,400,,1/15/2026,JMCDONOUGH2011@GMAIL.COM,9/9/2025,JMCDONOUGH2011@GMAIL.COM,9/22/2025,,Ready To Send,Manual,,
295,1,"P+W International Co., Ltd.",Windowpane Embro. Sisal 5015200 (Navy),"36"" Roll - ROLL",10.59,8472,,,800,0,800,,12/31/2025,JMCDONOUGH2011@GMAIL.COM,8/13/2025,JMCDONOUGH2011@GMAIL.COM,8/14/2025,,Ready To Send,Manual,,
295,2,"P+W International Co., Ltd.",HARUKI SISAL 5016851 (GHOST RANCH),"36"" Roll - ROLL",4.77,1908,,,400,0,400,,12/31/2025,JMCDONOUGH2011@GMAIL.COM,8/13/2025,JMCDONOUGH2011@GMAIL.COM,8/14/2025,,Ready To Send,Manual,,
295,3,"P+W International Co., Ltd.",Tortola Linen PW 5011320 (Natural),"36"" Roll - ROLL",8.91,4009.5,,,450,0,450,,12/31/2025,JMCDONOUGH2011@GMAIL.COM,8/13/2025,JMCDONOUGH2011@GMAIL.COM,8/14/2025,,Ready To Send,Manual,,
295,4,"P+W International Co., Ltd.",MUSA ABACA 5016875 (Toffee),"36"" Roll - ROLL",9.42,3768,,,400,0,400,,12/31/2025,JMCDONOUGH2011@GMAIL.COM,8/13/2025,JMCDONOUGH2011@GMAIL.COM,8/14/2025,,Ready To Send,Manual,,
293,1,"P+W International Co., Ltd.",PNW5004716 Ivory,"36"" Roll - ROLL",4.77,19080,5004716,,4000,0,4000,,12/31/2025,JMCDONOUGH2011@GMAIL.COM,8/12/2025,JMCDONOUGH2011@GMAIL.COM,8/12/2025,,Ready To Send,Manual,,
293,2,"P+W International Co., Ltd.",PNW5004700 Silver,"36"" Roll - ROLL",4.77,9540,5004700,,2000,0,2000,,12/31/2025,JMCDONOUGH2011@GMAIL.COM,8/12/2025,JMCDONOUGH2011@GMAIL.COM,8/12/2025,,Ready To Send,Manual,,
293,3,"P+W International Co., Ltd.",PNW5004712 Peacock,"36"" Roll - ROLL",4.77,7155,5004712,,1500,0,1500,,12/31/2025,JMCDONOUGH2011@GMAIL.COM,8/12/2025,JMCDONOUGH2011@GMAIL.COM,8/12/2025,,Ready To Send,Manual,,
293,5,"P+W International Co., Ltd.",PNW5008841 PAPERWEAVE (NATURAL),"36"" Roll - ROLL",5.46,2730,5008841,,500,0,500,,12/31/2025,JMCDONOUGH2011@GMAIL.COM,8/12/2025,JMCDONOUGH2011@GMAIL.COM,8/12/2025,,Ready To Send,Manual,,
281,1,"P+W International Co., Ltd.",PNW5004716 Ivory,"36"" Roll - ROLL",4.77,28620,5004716,,6000,0,6000,,12/15/2025,JMCDONOUGH2011@GMAIL.COM,7/30/2025,JMCDONOUGH2011@GMAIL.COM,9/2/2025,,Ready To Send,Manual,,
281,2,"P+W International Co., Ltd.",PNW5004718 Haze,"36"" Roll - ROLL",4.77,11448,5004718,,2400,0,2400,,12/15/2025,JMCDONOUGH2011@GMAIL.COM,7/30/2025,JMCDONOUGH2011@GMAIL.COM,9/2/2025,,Ready To Send,Manual,,
281,3,"P+W International Co., Ltd.",PNW5010850 Sand,"36"" Roll - ROLL",4.77,3339,5010850,,700,0,700,,12/15/2025,JMCDONOUGH2011@GMAIL.COM,7/30/2025,JMCDONOUGH2011@GMAIL.COM,9/2/2025,,Ready To Send,Manual,,
281,4,"P+W International Co., Ltd.",PNW5004717 Seaglass,"36"" Roll - ROLL",4.77,3339,5004717,,700,0,700,,12/15/2025,JMCDONOUGH2011@GMAIL.COM,7/30/2025,JMCDONOUGH2011@GMAIL.COM,9/2/2025,,Ready To Send,Manual,,
281,5,"P+W International Co., Ltd.",PNW5010859 Blue Grey,"36"" Roll - ROLL",4.77,3100.5,5010859,,650,0,650,,12/15/2025,JMCDONOUGH2011@GMAIL.COM,7/30/2025,JMCDONOUGH2011@GMAIL.COM,9/2/2025,,Ready To Send,Manual,,
281,6,"P+W International Co., Ltd.",PNW5002195 Black,"36"" Roll - ROLL",4.77,2862,5002195,,600,0,600,,12/15/2025,JMCDONOUGH2011@GMAIL.COM,7/30/2025,JMCDONOUGH2011@GMAIL.COM,9/2/2025,,Ready To Send,Manual,,
281,7,"P+W International Co., Ltd.",PNW5002190 Paprika,"36"" Roll - ROLL",4.77,2862,5002190,,600,0,600,,12/15/2025,JMCDONOUGH2011@GMAIL.COM,7/30/2025,JMCDONOUGH2011@GMAIL.COM,9/2/2025,,Ready To Send,Manual,,
281,8,"P+W International Co., Ltd.",Kamiko Sisal 5006141 (lagoon),"36"" Roll - ROLL",6.72,4032,5006141,,600,0,600,,12/15/2025,JMCDONOUGH2011@GMAIL.COM,7/30/2025,JMCDONOUGH2011@GMAIL.COM,9/2/2025,,Ready To Send,Manual,,
281,9,"P+W International Co., Ltd.",PNW5004700 Silver,"36"" Roll - ROLL",4.77,2385,5004700,,500,0,500,,12/15/2025,JMCDONOUGH2011@GMAIL.COM,7/30/2025,JMCDONOUGH2011@GMAIL.COM,9/2/2025,,Ready To Send,Manual,,
281,10,"P+W International Co., Ltd.",PNW5002191 Aqua,"36"" Roll - ROLL",4.77,1908,5002191,,400,0,400,,12/15/2025,JMCDONOUGH2011@GMAIL.COM,7/30/2025,JMCDONOUGH2011@GMAIL.COM,9/2/2025,,Ready To Send,Manual,,
281,11,"P+W International Co., Ltd.",PNW5004728 Parchment,"36"" Roll - ROLL",4.65,1395,5004728,,300,0,300,,12/15/2025,JMCDONOUGH2011@GMAIL.COM,7/30/2025,JMCDONOUGH2011@GMAIL.COM,9/2/2025,,Ready To Send,Manual,,
281,13,"P+W International Co., Ltd.",PNW5010856 Mist,"36"" Roll - ROLL",4.77,954,5010856,,200,0,200,,12/15/2025,JMCDONOUGH2011@GMAIL.COM,7/30/2025,JMCDONOUGH2011@GMAIL.COM,9/2/2025,,Ready To Send,Manual,,
281,14,"P+W International Co., Ltd.",PNW5004719 Mandarin,"36"" Roll - ROLL",4.77,954,5004719,,200,0,200,,12/15/2025,JMCDONOUGH2011@GMAIL.COM,7/30/2025,JMCDONOUGH2011@GMAIL.COM,9/2/2025,,Ready To Send,Manual,,
279,2,"P+W International Co., Ltd.",Tonal Paperweave 5010291 (Natural),"36"" Roll - ROLL",7.11,6754.5,,,950,0,950,,12/15/2025,JMCDONOUGH2011@GMAIL.COM,7/30/2025,JMCDONOUGH2011@GMAIL.COM,8/22/2025,,Ready To Send,Manual,,
279,3,"P+W International Co., Ltd.",Sango Jute 5002120 (Natural),"36"" Roll - ROLL",5.16,6192,,,1200,0,1200,,12/15/2025,JMCDONOUGH2011@GMAIL.COM,7/30/2025,JMCDONOUGH2011@GMAIL.COM,8/22/2025,,Ready To Send,Manual,,
279,4,"P+W International Co., Ltd.",Linen Gesso 5007803 (Blush),"36"" Roll - ROLL",8.64,6912,,,800,0,800,,12/15/2025,JMCDONOUGH2011@GMAIL.COM,7/30/2025,JMCDONOUGH2011@GMAIL.COM,8/22/2025,,Ready To Send,Manual,,
279,5,"P+W International Co., Ltd.",Dyed Raffia 5010341 (Blue),"36"" Roll - ROLL",11.88,4752,,,400,0,400,,12/15/2025,JMCDONOUGH2011@GMAIL.COM,7/30/2025,JMCDONOUGH2011@GMAIL.COM,8/22/2025,,Ready To Send,Manual,,
279,6,"P+W International Co., Ltd.",528942 FIDENZA GROUND (Straw),"36"" Roll - ROLL",9.99,3996,,,400,0,400,,12/15/2025,JMCDONOUGH2011@GMAIL.COM,7/30/2025,JMCDONOUGH2011@GMAIL.COM,8/22/2025,,Ready To Send,Manual,,
279,7,"P+W International Co., Ltd.",5003555 Linyi Embroidered Fret (Shimmer),"36"" Roll - ROLL",11.01,4404,5003555,,400,0,400,,12/15/2025,JMCDONOUGH2011@GMAIL.COM,7/30/2025,JMCDONOUGH2011@GMAIL.COM,8/22/2025,,Ready To Send,Manual,,
279,8,"P+W International Co., Ltd.",Open Paperweave 5010322 (Spruce),"36"" Roll - ROLL",7.11,2844,,,400,0,400,,12/15/2025,JMCDONOUGH2011@GMAIL.COM,7/30/2025,JMCDONOUGH2011@GMAIL.COM,8/22/2025,,Ready To Send,Manual,,
279,9,"P+W International Co., Ltd.",Tonal Paperweave 5010292 (Limestone),"36"" Roll - ROLL",7.11,2844,,,400,0,400,,12/15/2025,JMCDONOUGH2011@GMAIL.COM,7/30/2025,JMCDONOUGH2011@GMAIL.COM,8/22/2025,,Ready To Send,Manual,,
279,10,"P+W International Co., Ltd.",HARUKI SISAL 5016850 (36 HRS IN MARR),"36"" Roll - ROLL",4.77,1431,,,300,0,300,,12/15/2025,JMCDONOUGH2011@GMAIL.COM,7/30/2025,JMCDONOUGH2011@GMAIL.COM,8/22/2025,,Ready To Send,Manual,,
279,11,"P+W International Co., Ltd.",5006111 Stud Stripe (Natural/Bronze),"36"" Roll - ROLL",0.99,198,5006111,,200,0,200,,12/15/2025,JMCDONOUGH2011@GMAIL.COM,7/30/2025,JMCDONOUGH2011@GMAIL.COM,8/22/2025,,Ready To Send,Manual,,
279,12,"P+W International Co., Ltd.",Metallized Flax 5010281 (Sage),"36"" Roll - ROLL",9.51,1902,,,200,0,200,,12/15/2025,JMCDONOUGH2011@GMAIL.COM,7/30/2025,JMCDONOUGH2011@GMAIL.COM,8/22/2025,,Ready To Send,Manual,,
279,13,"P+W International Co., Ltd.",Metallized Flax 5010282 (Brass),"36"" Roll - ROLL",9.51,1902,,,200,0,200,,12/15/2025,JMCDONOUGH2011@GMAIL.COM,7/30/2025,JMCDONOUGH2011@GMAIL.COM,8/22/2025,,Ready To Send,Manual,,
279,14,"P+W International Co., Ltd.",5003581 Adhafera Ground (Straw),"36"" Roll - ROLL",8.01,1602,5003581,,200,0,200,,12/15/2025,JMCDONOUGH2011@GMAIL.COM,7/30/2025,JMCDONOUGH2011@GMAIL.COM,8/22/2025,,Ready To Send,Manual,,
279,15,"P+W International Co., Ltd.",5003551 Linyi Embroidered Fret (Celery),"36"" Roll - ROLL",10.59,2118,5003551,,200,0,200,,12/15/2025,JMCDONOUGH2011@GMAIL.COM,7/30/2025,JMCDONOUGH2011@GMAIL.COM,8/22/2025,,Ready To Send,Manual,,
279,16,"P+W International Co., Ltd.",528940 FIDENZA GROUND (Natural),"36"" Roll - ROLL",9.99,1998,528940,,200,0,200,,12/15/2025,JMCDONOUGH2011@GMAIL.COM,7/30/2025,JMCDONOUGH2011@GMAIL.COM,8/22/2025,,Ready To Send,Manual,,
279,17,"P+W International Co., Ltd.",528944 Bellezza Ground (Sand),"36"" Roll - ROLL",9.99,1998,528944,,200,0,200,,12/15/2025,JMCDONOUGH2011@GMAIL.COM,7/30/2025,JMCDONOUGH2011@GMAIL.COM,8/22/2025,,Ready To Send,Manual,,
279,18,"P+W International Co., Ltd.",5003593 Linyi Ground (Linen),"36"" Roll - ROLL",4.77,954,5003593,,200,0,200,,12/15/2025,JMCDONOUGH2011@GMAIL.COM,7/30/2025,JMCDONOUGH2011@GMAIL.COM,8/22/2025,,Ready To Send,Manual,,
279,19,"P+W International Co., Ltd.",5003594 Linyi Ground (Chestnut),"36"" Roll - ROLL",4.77,954,5003594,,200,0,200,,12/15/2025,JMCDONOUGH2011@GMAIL.COM,7/30/2025,JMCDONOUGH2011@GMAIL.COM,8/22/2025,,Ready To Send,Manual,,
279,20,"P+W International Co., Ltd.",HARUKI SISAL 5016852 (TANLINES),"36"" Roll - ROLL",4.77,1669.5,,,350,0,350,,12/15/2025,JMCDONOUGH2011@GMAIL.COM,7/30/2025,JMCDONOUGH2011@GMAIL.COM,8/22/2025,,Ready To Send,Manual,,
276,1,"P+W International Co., Ltd.",Linen Gesso 5007802 (Greige),"36"" Roll - ROLL",8.64,11232,,,1300,0,1300,,12/15/2025,JMCDONOUGH2011@GMAIL.COM,7/29/2025,JMCDONOUGH2011@GMAIL.COM,9/2/2025,,Ready To Send,Manual,,
276,2,"P+W International Co., Ltd.",Shaded Silk 5007862 (Thistle),"36"" Roll - ROLL",17.25,8280,,,480,0,480,,12/15/2025,JMCDONOUGH2011@GMAIL.COM,7/29/2025,JMCDONOUGH2011@GMAIL.COM,9/2/2025,,Ready To Send,Manual,,
276,3,"P+W International Co., Ltd.",Anodized Raffia 5007781 (Warm Silver),"36"" Roll - ROLL",13.11,24909,,,1900,0,1900,,12/15/2025,JMCDONOUGH2011@GMAIL.COM,7/29/2025,JMCDONOUGH2011@GMAIL.COM,9/2/2025,,Ready To Send,Manual,,
276,4,"P+W International Co., Ltd.",Tonal Paperweave 5010290 (Ivory),"36"" Roll - ROLL",7.11,4621.5,,,650,0,650,,12/15/2025,JMCDONOUGH2011@GMAIL.COM,7/29/2025,JMCDONOUGH2011@GMAIL.COM,9/2/2025,,Ready To Send,Manual,,
276,5,"P+W International Co., Ltd.",5006164 Harshaw Pinstripe Sisal (Smoke),"36"" Roll - ROLL",8.97,5382,5006164,,600,0,600,,12/15/2025,JMCDONOUGH2011@GMAIL.COM,7/29/2025,JMCDONOUGH2011@GMAIL.COM,9/2/2025,,Ready To Send,Manual,,
276,22,"P+W International Co., Ltd.",Metal Paperweave 5010313 (Green),"36"" Roll - ROLL",9.51,1902,,,200,0,200,,12/15/2025,JMCDONOUGH2011@GMAIL.COM,7/29/2025,JMCDONOUGH2011@GMAIL.COM,9/2/2025,,Ready To Send,Manual,,
276,24,"P+W International Co., Ltd.",Oxnard Paperweave 5011302 (Blue),"36"" Roll - ROLL",8.91,1782,,,200,0,200,,12/15/2025,JMCDONOUGH2011@GMAIL.COM,7/29/2025,JMCDONOUGH2011@GMAIL.COM,9/2/2025,,Ready To Send,Manual,,
276,25,"P+W International Co., Ltd.",Tortola Paperweave 5011250 (Blue),"36"" Roll - ROLL",8.91,1782,,,200,0,200,,12/15/2025,JMCDONOUGH2011@GMAIL.COM,7/29/2025,JMCDONOUGH2011@GMAIL.COM,9/2/2025,,Ready To Send,Manual,,
276,27,"P+W International Co., Ltd.",Open Linen Weave 5010300 (Silver),"36"" Roll - ROLL",10.71,2142,,,200,0,200,,12/15/2025,JMCDONOUGH2011@GMAIL.COM,7/29/2025,JMCDONOUGH2011@GMAIL.COM,9/2/2025,,Ready To Send,Manual,,
276,28,"P+W International Co., Ltd.",OPEN PW SHIMMER 5010331 (Copper),"36"" Roll - ROLL",7.11,1422,,,200,0,200,,12/15/2025,JMCDONOUGH2011@GMAIL.COM,7/29/2025,JMCDONOUGH2011@GMAIL.COM,9/2/2025,,Ready To Send,Manual,,
276,29,"P+W International Co., Ltd.",Metal Paperweave 5010310 (Charcoal),"36"" Roll - ROLL",9.51,1902,,,200,0,200,,12/15/2025,JMCDONOUGH2011@GMAIL.COM,7/29/2025,JMCDONOUGH2011@GMAIL.COM,9/2/2025,,Ready To Send,Manual,,
276,30,"P+W International Co., Ltd.",Linen & Paperweave 5010243 (Carbon),"36"" Roll - ROLL",9.51,1902,,,200,0,200,,12/15/2025,JMCDONOUGH2011@GMAIL.COM,7/29/2025,JMCDONOUGH2011@GMAIL.COM,9/2/2025,,Ready To Send,Manual,,
276,31,"P+W International Co., Ltd.",5006404 Zen Bamboo (ultramarine),"36"" Roll - ROLL",17.04,3408,,,200,0,200,,12/15/2025,JMCDONOUGH2011@GMAIL.COM,7/29/2025,JMCDONOUGH2011@GMAIL.COM,9/2/2025,,Ready To Send,Manual,,
276,32,"P+W International Co., Ltd.",Hemp Shimmer 5007874 (Gilt Shimmer),"36"" Roll - ROLL",9.27,1854,,,200,0,200,,12/15/2025,JMCDONOUGH2011@GMAIL.COM,7/29/2025,JMCDONOUGH2011@GMAIL.COM,9/2/2025,,Ready To Send,Manual,,
276,33,"P+W International Co., Ltd.",Tonal Paperweave 5010294 (Granite),"36"" Roll - ROLL",7.11,1422,,,200,0,200,,12/15/2025,JMCDONOUGH2011@GMAIL.COM,7/29/2025,JMCDONOUGH2011@GMAIL.COM,9/2/2025,,Ready To Send,Manual,,
247,1,"P+W International Co., Ltd.",PNW5004716 Ivory,"36"" Roll - ROLL",4.77,19080,5004716,,4000,0,4000,,12/1/2025,JMCDONOUGH2011@GMAIL.COM,6/11/2025,JMCDONOUGH2011@GMAIL.COM,8/28/2025,,Ready To Send,Manual,,
247,6,"P+W International Co., Ltd.",PNW5004729 Flax,"36"" Roll - ROLL",4.77,8109,5004729,,1700,0,1700,,12/1/2025,JMCDONOUGH2011@GMAIL.COM,6/11/2025,JMCDONOUGH2011@GMAIL.COM,8/28/2025,,Ready To Send,Manual,,
247,9,"P+W International Co., Ltd.",PNW5010853 Smoke,"36"" Roll - ROLL",4.77,4293,5010853,,900,0,900,,12/1/2025,JMCDONOUGH2011@GMAIL.COM,6/11/2025,JMCDONOUGH2011@GMAIL.COM,8/28/2025,,Ready To Send,Manual,,
247,11,"P+W International Co., Ltd.",PNW5004725 Caribbean,"36"" Roll - ROLL",4.77,2862,5004725,,600,0,600,,12/1/2025,JMCDONOUGH2011@GMAIL.COM,6/11/2025,JMCDONOUGH2011@GMAIL.COM,8/28/2025,,Ready To Send,Manual,,
247,12,"P+W International Co., Ltd.",PNW5004707 Nile,"36"" Roll - ROLL",4.77,2385,5004707,,500,0,500,,12/1/2025,JMCDONOUGH2011@GMAIL.COM,6/11/2025,JMCDONOUGH2011@GMAIL.COM,8/28/2025,,Ready To Send,Manual,,
247,13,"P+W International Co., Ltd.",PNW5004700 Silver,"36"" Roll - ROLL",4.77,2385,5004700,,500,0,500,,12/1/2025,JMCDONOUGH2011@GMAIL.COM,6/11/2025,JMCDONOUGH2011@GMAIL.COM,8/28/2025,,Ready To Send,Manual,,
