Vendor,Order Type,Material Shu vs Non Shu,Order Type Screen All Together,MATERIAL,Substrate Description,Current vs Old Sku,Replacement Ground,Material Group,Material Color,Material Group - Color,Product Type,Material Width,Cost Per Yard,Avg Sisal Cost Per Yard,All Grounds Cost Per Yard,Curr Vendor Cost Per Yard,FOB Cost Per Yard,On Hand Yards,BNY On Hand,Para On Hand,2025 Ground,3rd Party Price,Schumacher Price,Lead Time (in weeks),Lead Time in Months
"P+W International Co., Ltd.",Schumacher,Schu,Schumacher,5000722 Strie Sisal (Woodrose),5000722 Strie Sisal (Woodrose),Current,5000722 Strie Sisal (Woodrose),Schumacher,Assorted,Schumacher-Assorted,GRASS,36,1,1.5,1,1,,0,0,0,,,,,5
"P+W International Co., Ltd.",Schumacher,Schu,Schumacher,5000724 Strie Sisal (Burnt Orange),5000724 Strie Sisal (Burnt Orange),Current,5000724 Strie Sisal (Burnt Orange),Schumacher,Assorted,Schumacher-Assorted,GRASS,36,1,1.5,1,1,,0,0,0,,,,,5
"P+W International Co., Ltd.",Schumacher,Schu,Schumacher,5000730 CELEBES SISAL (Sand),5000730 CELEBES SISAL (Sand),Current,5000730 CELEBES SISAL (Sand),Schumacher,Assorted,Schumacher-Assorted,GRASS,36,1,1.5,1,1,,0,0,0,,,,,5
"P+W International Co., Ltd.",Schumacher,Schu,Schumacher,5000731 CELEBES SISAL (Camel),5000731 CELEBES SISAL (Camel),Current,5000731 CELEBES SISAL (Camel),Schumacher,Assorted,Schumacher-Assorted,GRASS,36,1,1.5,1,1,,0,0,0,,,,,5
"P+W International Co., Ltd.",Schumacher,Schu,Schumacher,5000732 CELEBES SISAL (lichen),5000732 CELEBES SISAL (lichen),Current,5000732 CELEBES SISAL (lichen),Schumacher,Assorted,Schumacher-Assorted,GRASS,36,1,1.5,1,1,,0,0,0,,,,,5
"P+W International Co., Ltd.",Schumacher,Schu,Schumacher,5000741 SUMBA SISAL (Flax),5000741 SUMBA SISAL (Flax),Current,5000741 SUMBA SISAL (Flax),Schumacher,Assorted,Schumacher-Assorted,GRASS,36,1,1.5,1,1,,0,0,0,,,,,5
"P+W International Co., Ltd.",Schumacher,Schu,Schumacher,5000743 SUMBA SISAL (Caramel),5000743 SUMBA SISAL (Caramel),Current,5000743 SUMBA SISAL (Caramel),Schumacher,Assorted,Schumacher-Assorted,GRASS,36,1,1.5,1,1,,0,0,0,,,,,5
"P+W International Co., Ltd.",Schumacher,Schu,Schumacher,5000750 Jinan Arrowroot (Pewter),5000750 Jinan Arrowroot (Pewter),Current,5000750 Jinan Arrowroot (Pewter),Schumacher,Assorted,Schumacher-Assorted,GRASS,36,1,1.5,1,1,,0,0,0,,,,,5
"P+W International Co., Ltd.",Schumacher,Schu,Schumacher,5000760 Suwon Sisal (Aqua),5000760 Suwon Sisal (Aqua),Current,5000760 Suwon Sisal (Aqua),Schumacher,Assorted,Schumacher-Assorted,GRASS,36,1,1.5,1,1,,0,0,0,,,,,5
"P+W International Co., Ltd.",Schumacher,Schu,Schumacher,5000761 Suwon Sisal (Champagne),5000761 Suwon Sisal (Champagne),Current,5000761 Suwon Sisal (Champagne),Schumacher,Assorted,Schumacher-Assorted,GRASS,36,1,1.5,1,1,,0,0,0,,,,,5
"P+W International Co., Ltd.",Schumacher,Schu,Schumacher,5000762 Suwon Sisal (Gold),5000762 Suwon Sisal (Gold),Current,5000762 Suwon Sisal (Gold),Schumacher,Assorted,Schumacher-Assorted,GRASS,36,1,1.5,1,1,,0,0,0,,,,,5
"P+W International Co., Ltd.",Schumacher,Schu,Schumacher,5000764 Suwon Sisal (Silver Surf),5000764 Suwon Sisal (Silver Surf),Current,5000764 Suwon Sisal (Silver Surf),Schumacher,Assorted,Schumacher-Assorted,GRASS,36,1,1.5,1,1,,0,0,0,,,,,5
"P+W International Co., Ltd.",Schumacher,Schu,Schumacher,5000765 Suwon Sisal (Sharkskin),5000765 Suwon Sisal (Sharkskin),Current,5000765 Suwon Sisal (Sharkskin),Schumacher,Assorted,Schumacher-Assorted,GRASS,36,1,1.5,1,1,,0,0,0,,,,,5
"P+W International Co., Ltd.",Schumacher,Schu,Schumacher,5003540 ADHAFERA SCROLL (OATMEAL),ADHAFERA SCROLL (OATMEAL),Current,5003540 ADHAFERA SCROLL (OATMEAL),Schumacher,Assorted,Schumacher-Assorted,GRASS,36,1,1.5,1,1,,0,0,0,,,,,5
"P+W International Co., Ltd.",Schumacher,Schu,Schumacher,5003541 ADHAFERA SCROLL (STRAW),ADHAFERA SCROLL (STRAW),Current,5003541 ADHAFERA SCROLL (STRAW),Schumacher,Assorted,Schumacher-Assorted,GRASS,36,1,1.5,1,1,,0,0,0,,,,,5
"P+W International Co., Ltd.",Schumacher,Schu,Schumacher,5003550 Linyi Embroidered Fret (Cream),Linyi Embroidered Fret Sisal (Cream),Current,5003550 Linyi Embroidered Fret (Cream),Schumacher,Assorted,Schumacher-Assorted,GRASS,36,1,1.5,1,1,,0,0,0,,,,,5
"P+W International Co., Ltd.",Schumacher,Schu,Schumacher,5003551 Linyi Embroidered Fret (Celery),Linyi Embroidered Fret (Celery),Current,5003551 Linyi Embroidered Fret (Celery),Schumacher,Assorted,Schumacher-Assorted,GRASS,36,1,1.5,1,1,,0,0,0,,,,,5
"P+W International Co., Ltd.",Schumacher,Schu,Schumacher,5003552 Linyi Embroidered Fret (Mist),Linyi Embroidered Fret (Mist),Current,5003552 Linyi Embroidered Fret (Mist),Schumacher,Assorted,Schumacher-Assorted,GRASS,36,1,1.5,1,1,,0,0,0,,,,,5
"P+W International Co., Ltd.",Schumacher,Schu,Schumacher,5003553 Linyi Embroidered Fret (Linen),Linyi Embroidered Fret (Linen),Current,5003553 Linyi Embroidered Fret (Linen),Schumacher,Assorted,Schumacher-Assorted,GRASS,36,1,1.5,1,1,,0,0,0,,,,,5
"P+W International Co., Ltd.",Schumacher,Schu,Schumacher,5003554 Linyi Embroidered Fret Chestnut,Linyi Embroidered Fret (Chestnut),Current,5003554 Linyi Embroidered Fret Chestnut,Schumacher,Assorted,Schumacher-Assorted,GRASS,36,1,1.5,1,1,,0,0,0,,,,,5
"P+W International Co., Ltd.",Schumacher,Schu,Schumacher,5003555 Linyi Embroidered Fret (Shimmer),Linyi Embroidered Fret (Shimmer),Current,5003555 Linyi Embroidered Fret (Shimmer),Schumacher,Assorted,Schumacher-Assorted,GRASS,36,1,1.5,1,1,,0,0,0,,,,,5
"P+W International Co., Ltd.",Schumacher,Schu,Schumacher,5003580 Adhafera Ground (Oatmeal),Adhafera Ground (Oatmeal),Current,5003580 Adhafera Ground (Oatmeal),Schumacher,Assorted,Schumacher-Assorted,GRASS,36,1,1.5,1,1,,0,0,0,,,,,5
"P+W International Co., Ltd.",Schumacher,Schu,Schumacher,5003581 Adhafera Ground (Straw),Adhafera Ground (Straw),Current,5003581 Adhafera Ground (Straw),Schumacher,Assorted,Schumacher-Assorted,GRASS,36,1,1.5,1,1,,0,0,0,,,,,5
"P+W International Co., Ltd.",Schumacher,Schu,Schumacher,5003700 BELLEZZA DAMASK (Alabaster),5003700 BELLEZZA DAMASK (Alabaster),Current,5003700 BELLEZZA DAMASK (Alabaster),Schumacher,Assorted,Schumacher-Assorted,GRASS,36,1,1.5,1,1,,0,0,0,,,,,5
"P+W International Co., Ltd.",Schumacher,Schu,Schumacher,5006110 Stud Stripe (Ivory/Silver),Stud Stripe (Ivory/Silver),Current,5006110 Stud Stripe (Ivory/Silver),Schumacher,Assorted,Schumacher-Assorted,GRASS,36,1,1.5,1,1,,0,0,0,,,,,5
"P+W International Co., Ltd.",Schumacher,Schu,Schumacher,5006111 Stud Stripe (Natural/Bronze),Stud Stripe (Natural/Bronze),Current,5006111 Stud Stripe (Natural/Bronze),Schumacher,Assorted,Schumacher-Assorted,GRASS,36,1,1.5,1,1,,0,0,0,,,,,5
"P+W International Co., Ltd.",Schumacher,Schu,Schumacher,5006405 Zen Bamboo (PALM),5006405 Zen Bamboo (PALM),Current,5006405 Zen Bamboo (PALM),Schumacher,Assorted,Schumacher-Assorted,GRASS,36,1,1.5,1,1,,0,0,0,,,,,5
"P+W International Co., Ltd.",Schumacher,Schu,Schumacher,5006406 Zen Bamboo (AEGEAN),5006406 Zen Bamboo (AEGEAN),Current,5006406 Zen Bamboo (AEGEAN),Schumacher,Assorted,Schumacher-Assorted,GRASS,36,1,1.5,1,1,,0,0,0,,,,,5
"P+W International Co., Ltd.",Schumacher,Schu,Schumacher,5006407 ZEN BAMBOO (Neutral),5006407 ZEN BAMBOO (Neutral),Current,5006407 ZEN BAMBOO (Neutral),Schumacher,Assorted,Schumacher-Assorted,GRASS,36,1,1.5,1,1,,0,0,0,,,,,5
"P+W International Co., Ltd.",Schumacher,Schu,Schumacher,5006408 Zen Bamboo (BLEACHED),5006408 Zen Bamboo (BLEACHED),Current,5006408 Zen Bamboo (BLEACHED),Schumacher,Assorted,Schumacher-Assorted,GRASS,36,1,1.5,1,1,,0,0,0,,,,,5
"P+W International Co., Ltd.",Schumacher,Schu,Schumacher,5007868 SHADED SILK (White),5007868 SHADED SILK (White),Current,5007868 SHADED SILK (White),Schumacher,Assorted,Schumacher-Assorted,GRASS,36,1,1.5,1,1,,0,0,0,,,,,5
"P+W International Co., Ltd.",Schumacher,Schu,Schumacher,5008842 KIKO PAPERWEAVE (Limestone),5008842 KIKO PAPERWEAVE (Limestone),Current,5008842 KIKO PAPERWEAVE (Limestone),Schumacher,Assorted,Schumacher-Assorted,GRASS,36,1,1.5,1,1,,0,0,0,,,,,5
"P+W International Co., Ltd.",Schumacher,Schu,Schumacher,5008843 KIKO PAPERWEAVE (Oat),5008843 KIKO PAPERWEAVE (Oat),Current,5008843 KIKO PAPERWEAVE (Oat),Schumacher,Assorted,Schumacher-Assorted,GRASS,36,1,1.5,1,1,,0,0,0,,,,,5
"P+W International Co., Ltd.",Schumacher,Schu,Schumacher,5008844 KIKO PAPERWEAVE (Burlap),5008844 KIKO PAPERWEAVE (Burlap),Current,5008844 KIKO PAPERWEAVE (Burlap),Schumacher,Assorted,Schumacher-Assorted,GRASS,36,1,1.5,1,1,,0,0,0,,,,,5
"P+W International Co., Ltd.",Schumacher,Schu,Schumacher,5017781 SHADED SILK (GINGER),5017781 SHADED SILK (GINGER),Current,5017781 SHADED SILK (GINGER),Schumacher,Assorted,Schumacher-Assorted,GRASS,36,1,1.5,1,1,,0,0,0,,,,,5
"P+W International Co., Ltd.",Schumacher,Schu,Schumacher,5017790 MINSUN PAPERWEAVE (Ivory),5017790 MINSUN PAPERWEAVE (Ivory),Current,5017790 MINSUN PAPERWEAVE (Ivory),Schumacher,Assorted,Schumacher-Assorted,GRASS,36,1,1.5,1,1,,0,0,0,,,,,5
"P+W International Co., Ltd.",Schumacher,Schu,Schumacher,5017791 MINSUN PAPERWEAVE (SKY),5017791 MINSUN PAPERWEAVE (SKY),Current,5017791 MINSUN PAPERWEAVE (SKY),Schumacher,Assorted,Schumacher-Assorted,GRASS,36,1,1.5,1,1,,0,0,0,,,,,5
"P+W International Co., Ltd.",Schumacher,Schu,Schumacher,5017792 MINSUN PAPERWEAVE (GREEN),5017792 MINSUN PAPERWEAVE (GREEN),Current,5017792 MINSUN PAPERWEAVE (GREEN),Schumacher,Assorted,Schumacher-Assorted,GRASS,36,1,1.5,1,1,,0,0,0,,,,,5
"P+W International Co., Ltd.",Schumacher,Schu,Schumacher,5017793 MINSUN PAPERWEAVE (MEDIUM BLUE),5017793 MINSUN PAPERWEAVE (MEDIUM BLUE),Current,5017793 MINSUN PAPERWEAVE (MEDIUM BLUE),Schumacher,Assorted,Schumacher-Assorted,GRASS,36,1,1.5,1,1,,0,0,0,,,,,5
"P+W International Co., Ltd.",Schumacher,Schu,Schumacher,5017800 GAMI PAPERWEAVE (CREAM),5017800 GAMI PAPERWEAVE (CREAM),Current,5017800 GAMI PAPERWEAVE (CREAM),Schumacher,Assorted,Schumacher-Assorted,GRASS,36,1,1.5,1,1,,0,0,0,,,,,5
"P+W International Co., Ltd.",Schumacher,Schu,Schumacher,5017801 GAMI PAPERWEAVE (NATURAL),5017801 GAMI PAPERWEAVE (NATURAL),Current,5017801 GAMI PAPERWEAVE (NATURAL),Schumacher,Assorted,Schumacher-Assorted,GRASS,36,1,1.5,1,1,,0,0,0,,,,,5
"P+W International Co., Ltd.",Schumacher,Schu,Schumacher,5017802 GAMI PAPERWEAVE (MOSS),5017802 GAMI PAPERWEAVE (MOSS),Current,5017802 GAMI PAPERWEAVE (MOSS),Schumacher,Assorted,Schumacher-Assorted,GRASS,36,1,1.5,1,1,,0,0,0,,,,,5
"P+W International Co., Ltd.",Schumacher,Schu,Schumacher,5017803 GAMI PAPERWEAVE (SKY),5017803 GAMI PAPERWEAVE (SKY),Current,5017803 GAMI PAPERWEAVE (SKY),Schumacher,Assorted,Schumacher-Assorted,GRASS,36,1,1.5,1,1,,0,0,0,,,,,5
"P+W International Co., Ltd.",Schumacher,Schu,Schumacher,5017810 NAMU RAFFIA & ABACA (LT NATURAL),5017810 NAMU RAFFIA & ABACA WEAVE (LIGHT NATURAL),Current,5017810 NAMU RAFFIA & ABACA (LT NATURAL),Schumacher,Assorted,Schumacher-Assorted,GRASS,36,1,1.5,1,1,,0,0,0,,,,,5
"P+W International Co., Ltd.",Schumacher,Schu,Schumacher,5017811 NAMU RAFFIA & ABACA (NATURAL),5017811 NAMU RAFFIA & ABACA WEAVE (NATURAL),Current,5017811 NAMU RAFFIA & ABACA (NATURAL),Schumacher,Assorted,Schumacher-Assorted,GRASS,36,1,1.5,1,1,,0,0,0,,,,,5
"P+W International Co., Ltd.",Schumacher,Schu,Schumacher,5017820 BORI JUTE WEAVE (BLEACHED),5017820 BORI JUTE WEAVE (BLEACHED),Current,5017820 BORI JUTE WEAVE (BLEACHED),Schumacher,Assorted,Schumacher-Assorted,GRASS,36,1,1.5,1,1,,0,0,0,,,,,5
"P+W International Co., Ltd.",Schumacher,Schu,Schumacher,5017821 BORI JUTE WEAVE (BUFF),5017821 BORI JUTE WEAVE (BUFF),Current,5017821 BORI JUTE WEAVE (BUFF),Schumacher,Assorted,Schumacher-Assorted,GRASS,36,1,1.5,1,1,,0,0,0,,,,,5
"P+W International Co., Ltd.",Schumacher,Schu,Schumacher,528940 FIDENZA GROUND (Natural),528940 FIDENZA GROUND (Natural),Current,528940 FIDENZA GROUND (Natural),Schumacher,Assorted,Schumacher-Assorted,GRASS,36,1,1.5,1,1,,0,0,0,,,,,5
"P+W International Co., Ltd.",Schumacher,Schu,Schumacher,528941 FIDENZA GROUND (patina),528941 FIDENZA GROUND (patina),Current,528941 FIDENZA GROUND (patina),Schumacher,Assorted,Schumacher-Assorted,GRASS,36,1,1.5,1,1,,0,0,0,,,,,5
"P+W International Co., Ltd.",Schumacher,Schu,Schumacher,528942 FIDENZA GROUND (Straw),528942 FIDENZA GROUND (Straw),Current,528942 FIDENZA GROUND (Straw),Schumacher,Assorted,Schumacher-Assorted,GRASS,36,1,1.5,1,1,,0,0,0,,,,,5
"P+W International Co., Ltd.",Schumacher,Schu,Schumacher,528943 FIDENZA GROUND (Sage),528943 FIDENZA GROUND (Sage),Current,528943 FIDENZA GROUND (Sage),Schumacher,Assorted,Schumacher-Assorted,GRASS,36,1,1.5,1,1,,0,0,0,,,,,5
"P+W International Co., Ltd.",Schumacher,Schu,Schumacher,529630 Osan Sisal (Lime),529630 Osan Sisal (Lime),Current,529630 Osan Sisal (Lime),Schumacher,Assorted,Schumacher-Assorted,GRASS,36,1,1.5,1,1,,0,0,0,,,,,5
"P+W International Co., Ltd.",Schumacher,Schu,Schumacher,529631 OSAN SISAL (Aqua),529631 OSAN SISAL (Aqua),Current,529631 OSAN SISAL (Aqua),Schumacher,Assorted,Schumacher-Assorted,GRASS,36,1,1.5,1,1,,0,0,0,,,,,5
"P+W International Co., Ltd.",Schumacher,Schu,Schumacher,529632 OSAN SISAL (Red),529632 OSAN SISAL (Red),Current,529632 OSAN SISAL (Red),Schumacher,Assorted,Schumacher-Assorted,GRASS,36,1,1.5,1,1,,0,0,0,,,,,5
"P+W International Co., Ltd.",Schumacher,Schu,Schumacher,529633 OSAN SISAL (Dark Camel),529633 OSAN SISAL (Dark Camel),Current,529633 OSAN SISAL (Dark Camel),Schumacher,Assorted,Schumacher-Assorted,GRASS,36,1,1.5,1,1,,0,0,0,,,,,5
"P+W International Co., Ltd.",Schumacher,Schu,Schumacher,BANDED GRASSCLOTH 5007900 (Cream),BANDED GRASSCLOTH 5007900 (Cream),Current,BANDED GRASSCLOTH 5007900 (Cream),Schumacher,Assorted,Schumacher-Assorted,GRASS,36,1,1.5,1,1,,0,0,0,,,,,5
"P+W International Co., Ltd.",Schumacher,Schu,Schumacher,HAIKU SISAL 5006860 (Nectar),HAIKU SISAL 5006860 (Nectar),Current,HAIKU SISAL 5006860 (Nectar),Schumacher,Assorted,Schumacher-Assorted,GRASS,36,1,1.5,1,1,,0,0,0,,,,,5
"P+W International Co., Ltd.",Schumacher,Schu,Schumacher,HAIKU SISAL 5006861 (Citrine),HAIKU SISAL 5006861 (Citrine),Current,HAIKU SISAL 5006861 (Citrine),Schumacher,Assorted,Schumacher-Assorted,GRASS,36,1,1.5,1,1,,0,0,0,,,,,5
"P+W International Co., Ltd.",Schumacher,Schu,Schumacher,HAIKU SISAL 5006862 (CERULEAN),HAIKU SISAL 5006862 (CERULEAN),Current,HAIKU SISAL 5006862 (CERULEAN),Schumacher,Assorted,Schumacher-Assorted,GRASS,36,1,1.5,1,1,,0,0,0,,,,,5
"P+W International Co., Ltd.",Schumacher,Schu,Schumacher,HAIKU SISAL 5006863 (Taupe),HAIKU SISAL 5006863 (Taupe),Current,HAIKU SISAL 5006863 (Taupe),Schumacher,Assorted,Schumacher-Assorted,GRASS,36,1,1.5,1,1,,0,0,0,,,,,5
"P+W International Co., Ltd.",Schumacher,Schu,Schumacher,HAIKU SISAL 5006864 (CHARCOAL),HAIKU SISAL 5006864 (CHARCOAL),Current,HAIKU SISAL 5006864 (CHARCOAL),Schumacher,Assorted,Schumacher-Assorted,GRASS,36,1,1.5,1,1,,0,0,0,,,,,5
"P+W International Co., Ltd.",Schumacher,Schu,Schumacher,Hemp Shimmer 5017770 (Gold Shimmer),Hemp Shimmer 5017770 (Gold Shimmer),Current,Hemp Shimmer 5017770 (Gold Shimmer),Schumacher,Assorted,Schumacher-Assorted,GRASS,36,1,1.5,1,1,,0,0,0,,,,,5
"P+W International Co., Ltd.",Schumacher,Schu,Schumacher,Hemp Shimmer 5017771 (Taupe Shimmer),Hemp Shimmer 5017771 (Taupe Shimmer),Current,Hemp Shimmer 5017771 (Taupe Shimmer),Schumacher,Assorted,Schumacher-Assorted,GRASS,36,1,1.5,1,1,,0,0,0,,,,,5
"P+W International Co., Ltd.",Schumacher,Schu,Schumacher,Hemp Shimmer 5017772 (Sky Shimmer),Hemp Shimmer 5017772 (Sky Shimmer),Current,Hemp Shimmer 5017772 (Sky Shimmer),Schumacher,Assorted,Schumacher-Assorted,GRASS,36,1,1.5,1,1,,0,0,0,,,,,5
"P+W International Co., Ltd.",Schumacher,Schu,Schumacher,Hemp Shimmer 5017773 (Blush Shimmer),Hemp Shimmer 5017773 (Blush Shimmer),Current,Hemp Shimmer 5017773 (Blush Shimmer),Schumacher,Assorted,Schumacher-Assorted,GRASS,36,1,1.5,1,1,,0,0,0,,,,,5
"P+W International Co., Ltd.",Schumacher,Schu,Schumacher,KAORI PANEL SET 5017460 (Driftwood),KAORI PANEL SET 5017460 (Driftwood),Current,KAORI PANEL SET 5017460 (Driftwood),Schumacher,Assorted,Schumacher-Assorted,GRASS,36,1,1.5,1,1,,0,0,0,,,,,5
"P+W International Co., Ltd.",Schumacher,Schu,Schumacher,KIYOKO JUTE 5008850 (Natural),KIYOKO JUTE 5008850 (Natural),Current,KIYOKO JUTE 5008850 (Natural),Schumacher,Assorted,Schumacher-Assorted,GRASS,36,1,1.5,1,1,,0,0,0,,,,,5
"P+W International Co., Ltd.",Schumacher,Schu,Schumacher,MUSA ABACA 5016870 (Ivory),MUSA ABACA 5016870 (Ivory),Current,MUSA ABACA 5016870 (Ivory),Schumacher,Assorted,Schumacher-Assorted,GRASS,36,1,1.5,1,1,,0,0,0,,,,,5
"P+W International Co., Ltd.",Schumacher,Schu,Schumacher,MUSA ABACA 5016871 (Antique Blush),MUSA ABACA 5016871 (Antique Blush),Current,MUSA ABACA 5016871 (Antique Blush),Schumacher,Assorted,Schumacher-Assorted,GRASS,36,1,1.5,1,1,,0,0,0,,,,,5
"P+W International Co., Ltd.",Schumacher,Schu,Schumacher,MUSA ABACA 5016872 (Sky Blue),MUSA ABACA 5016872 (Sky Blue),Current,MUSA ABACA 5016872 (Sky Blue),Schumacher,Assorted,Schumacher-Assorted,GRASS,36,1,1.5,1,1,,0,0,0,,,,,5
"P+W International Co., Ltd.",Schumacher,Schu,Schumacher,MUSA ABACA 5016873 (Soft Gold),MUSA ABACA 5016873 (Soft Gold),Current,MUSA ABACA 5016873 (Soft Gold),Schumacher,Assorted,Schumacher-Assorted,GRASS,36,1,1.5,1,1,,0,0,0,,,,,5
"P+W International Co., Ltd.",Schumacher,Schu,Schumacher,MUSA ABACA 5016874 (Seafoam),MUSA ABACA 5016874 (Seafoam),Current,MUSA ABACA 5016874 (Seafoam),Schumacher,Assorted,Schumacher-Assorted,GRASS,36,1,1.5,1,1,,0,0,0,,,,,5
"P+W International Co., Ltd.",Schumacher,Schu,Schumacher,MUSA ABACA 5016875 (Toffee),MUSA ABACA 5016875 (Toffee),Current,MUSA ABACA 5016875 (Toffee),Schumacher,Assorted,Schumacher-Assorted,GRASS,36,1,1.5,1,1,,0,0,0,,,,,5
"P+W International Co., Ltd.",Schumacher,Schu,Schumacher,MUSA ABACA 5016876 (EUCALYPTUS),MUSA ABACA 5016876 (EUCALYPTUS),Current,MUSA ABACA 5016876 (EUCALYPTUS),Schumacher,Assorted,Schumacher-Assorted,GRASS,36,1,1.5,1,1,,0,0,0,,,,,5
"P+W International Co., Ltd.",Schumacher,Schu,Schumacher,OPEN PW SHIMMER 5010331 (Copper),OPEN PW SHIMMER 5010331 (Copper),Current,OPEN PW SHIMMER 5010331 (Copper),Schumacher,Assorted,Schumacher-Assorted,GRASS,36,1,1.5,1,1,,0,0,0,,,,,5
"P+W International Co., Ltd.",Schumacher,Schu,Schumacher,Oxnard Paperweave 5011301 (Yellow),Oxnard Paperweave 5011301 (Yellow),Current,Oxnard Paperweave 5011301 (Yellow),Schumacher,Assorted,Schumacher-Assorted,GRASS,36,1,1.5,1,1,,0,0,0,,,,,5
"P+W International Co., Ltd.",Schumacher,Schu,Schumacher,TORTOLA LINEN PW Large 5017670 (Natural),TORTOLA LINEN PW Large 5017670 (Natural),Current,TORTOLA LINEN PW Large 5017670 (Natural),Schumacher,Assorted,Schumacher-Assorted,GRASS,36,1,1.5,1,1,,0,0,0,,,,,5
"P+W International Co., Ltd.",Schumacher,Schu,Schumacher,5007869 SHADED SILK (Wisteria),5007869 SHADED SILK (Wisteria),Current,5007869 SHADED SILK (Wisteria),Schumacher,Assorted,Schumacher-Assorted,GRASS,36,14.41,16.92,1,1,,0,0,0,,,,,5
"P+W International Co., Ltd.",Schumacher,Schu,Schumacher,5017780 SHADED SILK (CRIMSON),5017780 SHADED SILK (CRIMSON),Current,5017780 SHADED SILK (CRIMSON),Schumacher,Assorted,Schumacher-Assorted,GRASS,36,14.41,16.92,1,1,,0,0,0,,,,,5
"P+W International Co., Ltd.",Schumacher,Schu,Schumacher,5017782 SHADED SILK (CELERY),5017782 SHADED SILK (CELERY),Current,5017782 SHADED SILK (CELERY),Schumacher,Assorted,Schumacher-Assorted,GRASS,36,14.41,16.92,1,1,,0,0,0,,,,,5
"P+W International Co., Ltd.",Schumacher,Schu,Schumacher,5017783 SHADED SILK (AEGEAN),5017783 SHADED SILK (AEGEAN),Current,5017783 SHADED SILK (AEGEAN),Schumacher,Assorted,Schumacher-Assorted,GRASS,36,14.41,16.92,1,1,,0,0,0,,,,,5
"P+W International Co., Ltd.",Schumacher,Schu,Schumacher,5017830 MULBERRY PAPER (Natural),5017830 MULBERRY PAPER (Natural),Current,5017830 MULBERRY PAPER (Natural),Schumacher,Assorted,Schumacher-Assorted,GRASS,36,16.46,19.28,1,1,,0,0,0,,,,,5
"P+W International Co., Ltd.",Schumacher,Schu,Schumacher,5017831 MULBERRY PAPER (Whitewash),5017831 MULBERRY PAPER (Whitewash),Current,5017831 MULBERRY PAPER (Whitewash),Schumacher,Assorted,Schumacher-Assorted,GRASS,36,16.46,19.28,1,1,,0,0,0,,,,,5
"P+W International Co., Ltd.",Schumacher,Schu,Schumacher,OPEN PW SHIMMER 5010330 (Platinum),OPEN PW SHIMMER 5010330 (Platinum),Current,OPEN PW SHIMMER 5010330 (Platinum),Schumacher,Assorted,Schumacher-Assorted,GRASS,36,7.12,8.54,1,1,,0,0,0,,,,,5
"P+W International Co., Ltd.",Schumacher,Schu,Schumacher,SCONSET EMBR. RAFFIA 5016430 (Natural),SCONSET EMBROIDERED RAFFIA 5016430 (Natural),Current,SCONSET EMBR. RAFFIA 5016430 (Natural),Schumacher,Assorted,Schumacher-Assorted,GRASS,36,22,25.65,1,1,,0,0,0,,,,,5
"P+W International Co., Ltd.",Schumacher,Schu,Schumacher,PNW5007871,HEMP SHIMMER,Current,PNW5007871,Schumacher,Assorted,Schumacher-Assorted,GRASS,36,9.03,10.73,9.26,9.26,,0,0,0,,,,,5
"P+W International Co., Ltd.",Schumacher,Schu,Schumacher,5002300 SHIJIN SILK (Silver),5002300 SHIJIN SILK (Silver),Current,5002300 SHIJIN SILK (Silver),Schumacher,Assorted,Schumacher-Assorted,GRASS,36,19.22,22.45,19.22,19.22,,0,0,0,,,,,5
"P+W International Co., Ltd.",Schumacher,Schu,Schumacher,5002312 Kaji Silk (Brown),5002312 Kaji Silk (Brown),Current,5002312 Kaji Silk (Brown),Schumacher,Assorted,Schumacher-Assorted,GRASS,36,15.66,18.36,15.66,15.66,,0,0,0,,,,,5
"P+W International Co., Ltd.",Schumacher,Schu,Schumacher,5006160 Harshaw Pinstripe Sisal (Tan),Harshaw Pinstripe Sisal (Tan),Current,5006160 Harshaw Pinstripe Sisal (Tan),Schumacher,Assorted,Schumacher-Assorted,GRASS,36,8.96,10.65,8.96,8.96,,0,0,0,,,,,5
"P+W International Co., Ltd.",Schumacher,Schu,Schumacher,5006161 Harshaw Pinstripe Sisal (Malt),Harshaw Pinstripe Sisal (Malt),Current,5006161 Harshaw Pinstripe Sisal (Malt),Schumacher,Assorted,Schumacher-Assorted,GRASS,36,8.96,10.65,8.96,8.96,,0,0,0,,,,,5
"P+W International Co., Ltd.",Schumacher,Schu,Schumacher,5006162 Harshaw Pinstripe Sisal (Fog),Harshaw Pinstripe Sisal (Fog),Current,5006162 Harshaw Pinstripe Sisal (Fog),Schumacher,Assorted,Schumacher-Assorted,GRASS,36,8.96,10.65,8.96,8.96,,0,0,0,,,,,5
"P+W International Co., Ltd.",Schumacher,Schu,Schumacher,5006163 Harshaw Pinstripe Sisal (Pecan),Harshaw Pinstripe Sisal (Pecan),Current,5006163 Harshaw Pinstripe Sisal (Pecan),Schumacher,Assorted,Schumacher-Assorted,GRASS,36,8.75,10.41,8.96,8.96,,0,0,0,,,,,5
"P+W International Co., Ltd.",Schumacher,Schu,Schumacher,5006164 Harshaw Pinstripe Sisal (Smoke),Harshaw Pinstripe Sisal (Smoke),Current,5006164 Harshaw Pinstripe Sisal (Smoke),Schumacher,Assorted,Schumacher-Assorted,GRASS,36,8.96,10.65,8.96,8.96,,0,0,0,,,,,5
"P+W International Co., Ltd.",Schumacher,Schu,Schumacher,5006166 Harshaw Pinstripe Sisal (Slate),Harshaw Pinstripe Sisal (Slate),Current,5006166 Harshaw Pinstripe Sisal (Slate),Schumacher,Assorted,Schumacher-Assorted,GRASS,36,8.75,10.41,8.96,8.96,,0,0,0,,,,,5
"P+W International Co., Ltd.",Schumacher,Schu,Schumacher,5006170 Pearce Herringbone (Bone),Pearce Herringbone (Bone),Current,5006170 Pearce Herringbone (Bone),Schumacher,Assorted,Schumacher-Assorted,GRASS,36,9.53,11.31,9.53,9.53,,0,0,0,,,,,5
"P+W International Co., Ltd.",Schumacher,Schu,Schumacher,5006171 Pearce Herringbone (Tan),Pearce Herringbone (Tan),Current,5006171 Pearce Herringbone (Tan),Schumacher,Assorted,Schumacher-Assorted,GRASS,36,9.53,11.31,9.53,9.53,,0,0,0,,,,,5
"P+W International Co., Ltd.",Schumacher,Schu,Schumacher,5006172 Pearce Herringbone (Smoke),Pearce Herringbone (Smoke),Current,5006172 Pearce Herringbone (Smoke),Schumacher,Assorted,Schumacher-Assorted,GRASS,36,9.3,11.05,9.53,9.53,,0,0,0,,,,,5
"P+W International Co., Ltd.",Schumacher,Schu,Schumacher,5006173 Pearce Herringbone (Moss),Pearce Herringbone (Moss),Current,5006173 Pearce Herringbone (Moss),Schumacher,Assorted,Schumacher-Assorted,GRASS,36,9.53,11.31,9.53,9.53,,0,0,0,,,,,5
"P+W International Co., Ltd.",Schumacher,Schu,Schumacher,5006201 Weston Raffia Weave (Grey),Weston Raffia Weave (Grey),Current,5006201 Weston Raffia Weave (Grey),Schumacher,Assorted,Schumacher-Assorted,GRASS,36,10.31,12.21,10.31,10.31,,0,0,0,,,,,5
"P+W International Co., Ltd.",Schumacher,Schu,Schumacher,5006204 Weston Raffia Weave (Charcoal),5006204 Weston Raffia Weave (Charcoal),Current,5006204 Weston Raffia Weave (Charcoal),Schumacher,Assorted,Schumacher-Assorted,GRASS,36,10.31,12.21,10.31,10.31,,0,0,0,,,,,5
"P+W International Co., Ltd.",Schumacher,Schu,Schumacher,5006400 Zen Bamboo (Sesame),5006400 Zen Bamboo (Sesame),Current,5006400 Zen Bamboo (Sesame),Schumacher,Assorted,Schumacher-Assorted,GRASS,36,17.03,19.93,17.03,17.03,,0,0,0,,,,,5
"P+W International Co., Ltd.",Schumacher,Schu,Schumacher,5006401 Zen Bamboo (Sage),5006401 Zen Bamboo (Sage),Current,5006401 Zen Bamboo (Sage),Schumacher,Assorted,Schumacher-Assorted,GRASS,36,17.03,19.93,17.03,17.03,,0,0,0,,,,,5
"P+W International Co., Ltd.",Schumacher,Schu,Schumacher,5006403 Zen Bamboo (Jade),5006403 Zen Bamboo (Jade),Current,5006403 Zen Bamboo (Jade),Schumacher,Assorted,Schumacher-Assorted,GRASS,36,17.03,19.93,17.03,17.03,,0,0,0,,,,,5
"P+W International Co., Ltd.",Schumacher,Schu,Schumacher,5006404 Zen Bamboo (ultramarine),5006404 Zen Bamboo (ultramarine),Current,5006404 Zen Bamboo (ultramarine),Schumacher,Assorted,Schumacher-Assorted,GRASS,36,17.03,19.93,17.03,17.03,,0,0,0,,,,,5
"P+W International Co., Ltd.",Schumacher,Schu,Schumacher,Anodized Raffia 5007780 (platinum),Anodized Raffia 5007780 (platinum),Current,Anodized Raffia 5007780 (platinum),Schumacher,Assorted,Schumacher-Assorted,GRASS,36,13.1,15.42,13.1,13.1,,0,0,0,,,,,5
"P+W International Co., Ltd.",Schumacher,Schu,Schumacher,Anodized Raffia 5007781 (Warm Silver),Anodized Raffia 5007781 (Warm Silver),Current,Anodized Raffia 5007781 (Warm Silver),Schumacher,Assorted,Schumacher-Assorted,GRASS,36,13.1,15.42,13.1,13.1,,0,0,0,,,,,5
"P+W International Co., Ltd.",Schumacher,Schu,Schumacher,Anodized Raffia 5007782 (Gold),Anodized Raffia 5007782 (Gold),Current,Anodized Raffia 5007782 (Gold),Schumacher,Assorted,Schumacher-Assorted,GRASS,36,12.78,15.05,13.1,13.1,,0,0,0,,,,,5
"P+W International Co., Ltd.",Schumacher,Schu,Schumacher,Anodized Raffia 5007783 (oxid silver),Anodized Raffia 5007783 (oxidized silver),Current,Anodized Raffia 5007783 (oxid silver),Schumacher,Assorted,Schumacher-Assorted,GRASS,36,13.1,15.42,13.1,13.1,,0,0,0,,,,,5
"P+W International Co., Ltd.",Schumacher,Schu,Schumacher,Ashberg Paperweave 5011260 (Grey),Ashberg Paperweave 5011260 (Grey),Current,Ashberg Paperweave 5011260 (Grey),Schumacher,Assorted,Schumacher-Assorted,GRASS,36,8.91,10.6,8.91,8.91,,0,0,0,,,,,5
"P+W International Co., Ltd.",Schumacher,Schu,Schumacher,Ashberg Paperweave 5011261 (Yellow),Ashberg Paperweave 5011261 (Yellow),Current,Ashberg Paperweave 5011261 (Yellow),Schumacher,Assorted,Schumacher-Assorted,GRASS,36,8.91,10.6,8.91,8.91,,0,0,0,,,,,5
"P+W International Co., Ltd.",Schumacher,Schu,Schumacher,Ashberg Paperweave 5011262 (Brown),Ashberg Paperweave 5011262 (Brown),Current,Ashberg Paperweave 5011262 (Brown),Schumacher,Assorted,Schumacher-Assorted,GRASS,36,8.91,10.6,8.91,8.91,,0,0,0,,,,,5
"P+W International Co., Ltd.",Schumacher,Schu,Schumacher,Ayame Sisal 5002905 (Sage),Ayame Sisal 5002905 (Sage),Current,Ayame Sisal 5002905 (Sage),Schumacher,Assorted,Schumacher-Assorted,GRASS,36,5.74,6.95,5.74,5.74,,0,0,0,,,,,5
"P+W International Co., Ltd.",Schumacher,Schu,Schumacher,Bamba Rushcloth 5002842 (Ash),Bamba Rushcloth 5002842 (Ash),Current,Bamba Rushcloth 5002842 (Ash),Schumacher,Assorted,Schumacher-Assorted,GRASS,36,6.6,7.94,6.77,6.77,,0,0,0,,,,,5
"P+W International Co., Ltd.",Schumacher,Schu,Schumacher,BD Painter's Stripe 5016900 (Moonlight),Backdrop Painter's Stripe 5016900 (Moonlight),Current,BD Painter's Stripe 5016900 (Moonlight),Schumacher,Assorted,Schumacher-Assorted,GRASS,36,12.65,14.9,12.65,12.65,,0,0,0,,,,,5
"P+W International Co., Ltd.",Schumacher,Schu,Schumacher,BD Painter's Stripe 5016901 (Rococo),BD Painter's Stripe 5016901 (Rococo),Current,BD Painter's Stripe 5016901 (Rococo),Schumacher,Assorted,Schumacher-Assorted,GRASS,36,12.65,14.9,12.65,12.65,,0,0,0,,,,,5
"P+W International Co., Ltd.",Schumacher,Schu,Schumacher,BLONDE RAFFIA 5016510 (WHEAT),BLONDE RAFFIA 5016510 (WHEAT),Current,BLONDE RAFFIA 5016510 (WHEAT),Schumacher,Assorted,Schumacher-Assorted,GRASS,36,10.25,12.14,10.25,10.25,,0,0,0,,,,,5
"P+W International Co., Ltd.",Schumacher,Schu,Schumacher,Braided Bacbac Shimmer 5010210 (Copper),Braided Bacbac Shimmer 5010210 (Copper),Current,Braided Bacbac Shimmer 5010210 (Copper),Schumacher,Assorted,Schumacher-Assorted,GRASS,36,17.86,20.89,17.86,17.86,,0,0,0,,,,,5
"P+W International Co., Ltd.",Schumacher,Schu,Schumacher,Braided Buri 5010190 (Natural),Braided Buri 5010190 (Natural),Current,Braided Buri 5010190 (Natural),Schumacher,Assorted,Schumacher-Assorted,GRASS,36,15.84,18.57,16.23,16.23,,0,0,0,,,,,5
"P+W International Co., Ltd.",Schumacher,Schu,Schumacher,Braided Buri 5010191 (Ivory),Braided Buri 5010191 (Ivory),Current,Braided Buri 5010191 (Ivory),Schumacher,Assorted,Schumacher-Assorted,GRASS,36,16.23,19.01,16.23,16.23,,0,0,0,,,,,5
"P+W International Co., Ltd.",Schumacher,Schu,Schumacher,Burnished Raffia 5007820 (ivory),Burnished Raffia 5007820 (burnished ivory),Current,Burnished Raffia 5007820 (ivory),Schumacher,Assorted,Schumacher-Assorted,GRASS,36,11.91,14.05,11.91,11.91,,0,0,0,,,,,5
"P+W International Co., Ltd.",Schumacher,Schu,Schumacher,Burnished Raffia 5007821 (Gold),Burnished Raffia 5007821 (Gold),Current,Burnished Raffia 5007821 (Gold),Schumacher,Assorted,Schumacher-Assorted,GRASS,36,11.91,14.05,11.91,11.91,,0,0,0,,,,,5
"P+W International Co., Ltd.",Schumacher,Schu,Schumacher,Burnished Raffia 5007822 (Silver),Burnished Raffia 5007822 (Silver),Current,Burnished Raffia 5007822 (Silver),Schumacher,Assorted,Schumacher-Assorted,GRASS,36,11.91,14.05,11.91,11.91,,0,0,0,,,,,5
"P+W International Co., Ltd.",Schumacher,Schu,Schumacher,Cork Herringbone 5013010 (White),Cork Herringbone 5013010 (White),Current,Cork Herringbone 5013010 (White),Schumacher,Assorted,Schumacher-Assorted,GRASS,36,19.5,22.78,19.5,19.5,,0,0,0,,,,,5
"P+W International Co., Ltd.",Schumacher,Schu,Schumacher,Cork Stripe 5013000 (White),Cork Stripe 5013000 (White),Current,Cork Stripe 5013000 (White),Schumacher,Assorted,Schumacher-Assorted,GRASS,36,21.66,25.26,21.66,21.66,,0,0,0,,,,,5
"P+W International Co., Ltd.",Schumacher,Schu,Schumacher,Draper Stripe 5016890 (bada bing!),Draper Stripe 5016890 (bada bing!),Current,Draper Stripe 5016890 (bada bing!),Schumacher,Assorted,Schumacher-Assorted,GRASS,36,5.7,6.91,5.7,5.7,,0,0,0,,,,,5
"P+W International Co., Ltd.",Schumacher,Schu,Schumacher,Draper Stripe 5016891 (Surf Camp),Draper Stripe 5016891 (Surf Camp),Current,Draper Stripe 5016891 (Surf Camp),Schumacher,Assorted,Schumacher-Assorted,GRASS,36,5.7,6.91,5.7,5.7,,0,0,0,,,,,5
"P+W International Co., Ltd.",Schumacher,Schu,Schumacher,Draper Stripe 5016892 (The Earthy Stuff),Draper Stripe 5016892 (The Earthy Stuff),Current,Draper Stripe 5016892 (The Earthy Stuff),Schumacher,Assorted,Schumacher-Assorted,GRASS,36,5.7,6.91,5.7,5.7,,0,0,0,,,,,5
"P+W International Co., Ltd.",Schumacher,Schu,Schumacher,Draper Stripe 5016893 (Moonlight),Draper Stripe 5016893 (Moonlight),Current,Draper Stripe 5016893 (Moonlight),Schumacher,Assorted,Schumacher-Assorted,GRASS,36,5.7,6.91,5.7,5.7,,0,0,0,,,,,5
"P+W International Co., Ltd.",Schumacher,Schu,Schumacher,Dyed Raffia 5010340 (Slate),Dyed Raffia 5010340 (Slate),Current,Dyed Raffia 5010340 (Slate),Schumacher,Assorted,Schumacher-Assorted,GRASS,36,11.89,14.02,11.89,11.89,,0,0,0,,,,,5
"P+W International Co., Ltd.",Schumacher,Schu,Schumacher,Dyed Raffia 5010341 (Blue),Dyed Raffia 5010341 (Blue),Current,Dyed Raffia 5010341 (Blue),Schumacher,Assorted,Schumacher-Assorted,GRASS,36,11.89,14.02,11.89,11.89,,0,0,0,,,,,5
"P+W International Co., Ltd.",Schumacher,Schu,Schumacher,Dyed Raffia 5010342 (Peacock),Dyed Raffia 5010342 (Peacock),Current,Dyed Raffia 5010342 (Peacock),Schumacher,Assorted,Schumacher-Assorted,GRASS,36,11.6,13.69,11.89,11.89,,0,0,0,,,,,5
"P+W International Co., Ltd.",Schumacher,Schu,Schumacher,Dyed Raffia 5010343 (Leaf),Dyed Raffia 5010343 (Leaf),Current,Dyed Raffia 5010343 (Leaf),Schumacher,Assorted,Schumacher-Assorted,GRASS,36,11.89,14.02,11.89,11.89,,0,0,0,,,,,5
"P+W International Co., Ltd.",Schumacher,Schu,Schumacher,Dyed Raffia 5010344 (Yellow),Dyed Raffia 5010344 (Yellow),Current,Dyed Raffia 5010344 (Yellow),Schumacher,Assorted,Schumacher-Assorted,GRASS,36,11.89,14.02,11.89,11.89,,0,0,0,,,,,5
"P+W International Co., Ltd.",Schumacher,Schu,Schumacher,Gilded Linen 5007841 (Silver),Gilded Linen 5007841 (Silver),Current,Gilded Linen 5007841 (Silver),Schumacher,Assorted,Schumacher-Assorted,GRASS,36,8.64,10.29,8.64,8.64,,0,0,0,,,,,5
"P+W International Co., Ltd.",Schumacher,Schu,Schumacher,Gilded Linen 5007842 (Mineral),Gilded Linen 5007842 (Mineral),Current,Gilded Linen 5007842 (Mineral),Schumacher,Assorted,Schumacher-Assorted,GRASS,36,8.64,10.29,8.64,8.64,,0,0,0,,,,,5
"P+W International Co., Ltd.",Schumacher,Schu,Schumacher,Gilded Linen 5007843 (Celadon & Gold),Gilded Linen 5007843 (Celadon & Gold),Current,Gilded Linen 5007843 (Celadon & Gold),Schumacher,Assorted,Schumacher-Assorted,GRASS,36,8.64,10.29,8.64,8.64,,0,0,0,,,,,5
"P+W International Co., Ltd.",Schumacher,Schu,Schumacher,Gilded Linen 5007844 (Silver& Gold),Gilded Linen 5007844 (Silver& Gold),Current,Gilded Linen 5007844 (Silver& Gold),Schumacher,Assorted,Schumacher-Assorted,GRASS,36,8.64,10.29,8.64,8.64,,0,0,0,,,,,5
"P+W International Co., Ltd.",Schumacher,Schu,Schumacher,Gilded Linen 5007845 (Gold),Gilded Linen 5007845 (Gold),Current,Gilded Linen 5007845 (Gold),Schumacher,Assorted,Schumacher-Assorted,GRASS,36,8.64,10.29,8.64,8.64,,0,0,0,,,,,5
"P+W International Co., Ltd.",Schumacher,Schu,Schumacher,Gilded Linen 5007846 (Slate & Gold),Gilded Linen 5007846 (Slate & Gold),Current,Gilded Linen 5007846 (Slate & Gold),Schumacher,Assorted,Schumacher-Assorted,GRASS,36,8.64,10.29,8.64,8.64,,0,0,0,,,,,5
"P+W International Co., Ltd.",Schumacher,Schu,Schumacher,Gilded Linen 5007847 (Slate & Silver),Gilded Linen 5007847 (Slate & Silver),Current,Gilded Linen 5007847 (Slate & Silver),Schumacher,Assorted,Schumacher-Assorted,GRASS,36,8.64,10.29,8.64,8.64,,0,0,0,,,,,5
"P+W International Co., Ltd.",Schumacher,Schu,Schumacher,Gilded Linen 5007848 (Cocoa & Gold),Gilded Linen 5007848 (Cocoa & Gold),Current,Gilded Linen 5007848 (Cocoa & Gold),Schumacher,Assorted,Schumacher-Assorted,GRASS,36,8.64,10.29,8.64,8.64,,0,0,0,,,,,5
"P+W International Co., Ltd.",Schumacher,Schu,Schumacher,HARUKI SISAL 5016850 (36 HRS IN MARR),HARUKI SISAL 5016850 (36 HRS IN MARR),Current,HARUKI SISAL 5016850 (36 HRS IN MARR),Schumacher,Assorted,Schumacher-Assorted,GRASS,36,4.78,5.85,4.78,4.78,,0,0,0,,,,,5
"P+W International Co., Ltd.",Schumacher,Schu,Schumacher,HARUKI SISAL 5016851 (GHOST RANCH),HARUKI SISAL 5016851 (GHOST RANCH),Current,HARUKI SISAL 5016851 (GHOST RANCH),Schumacher,Assorted,Schumacher-Assorted,GRASS,36,4.78,5.85,4.78,4.78,,0,0,0,,,,,5
"P+W International Co., Ltd.",Schumacher,Schu,Schumacher,HARUKI SISAL 5016852 (TANLINES),HARUKI SISAL 5016852 (TANLINES),Current,HARUKI SISAL 5016852 (TANLINES),Schumacher,Assorted,Schumacher-Assorted,GRASS,36,4.78,5.85,4.78,4.78,,0,0,0,,,,,5
"P+W International Co., Ltd.",Schumacher,Schu,Schumacher,HARUKI SISAL 5016853 (NIGHT ON EARTH),HARUKI SISAL 5016853 (NIGHT ON EARTH),Current,HARUKI SISAL 5016853 (NIGHT ON EARTH),Schumacher,Assorted,Schumacher-Assorted,GRASS,36,4.78,5.85,4.78,4.78,,0,0,0,,,,,5
"P+W International Co., Ltd.",Schumacher,Schu,Schumacher,HARUKI SISAL 5016854 (DRIVE THRU),HARUKI SISAL 5016854 (DRIVE THRU),Current,HARUKI SISAL 5016854 (DRIVE THRU),Schumacher,Assorted,Schumacher-Assorted,GRASS,36,4.78,5.85,4.78,4.78,,0,0,0,,,,,5
"P+W International Co., Ltd.",Schumacher,Schu,Schumacher,HARUKI SISAL 5016855 (KISMET),HARUKI SISAL 5016855 (KISMET),Current,HARUKI SISAL 5016855 (KISMET),Schumacher,Assorted,Schumacher-Assorted,GRASS,36,4.78,5.85,4.78,4.78,,0,0,0,,,,,5
"P+W International Co., Ltd.",Schumacher,Schu,Schumacher,HARUKI SISAL 5016856 (BLUE COOLEST),HARUKI SISAL 5016856 (BLUE COOLEST),Current,HARUKI SISAL 5016856 (BLUE COOLEST),Schumacher,Assorted,Schumacher-Assorted,GRASS,36,4.78,5.85,4.78,4.78,,0,0,0,,,,,5
"P+W International Co., Ltd.",Schumacher,Schu,Schumacher,Hemp Shimmer 5007870 (Ivory),Hemp Shimmer 5007870 (Ivory),Current,Hemp Shimmer 5007870 (Ivory),Schumacher,Assorted,Schumacher-Assorted,GRASS,36,9.26,11,9.26,9.26,,0,0,0,,,,,5
"P+W International Co., Ltd.",Schumacher,Schu,Schumacher,Hemp Shimmer 5007873 (Cocoa),Hemp Shimmer 5007873 (Cocoa),Current,Hemp Shimmer 5007873 (Cocoa),Schumacher,Assorted,Schumacher-Assorted,GRASS,36,9.26,11,9.26,9.26,,0,0,0,,,,,5
"P+W International Co., Ltd.",Schumacher,Schu,Schumacher,Hemp Shimmer 5007874 (Gilt Shimmer),Hemp Shimmer 5007874 (Gilt Shimmer),Current,Hemp Shimmer 5007874 (Gilt Shimmer),Schumacher,Assorted,Schumacher-Assorted,GRASS,36,9.26,11,9.26,9.26,,0,0,0,,,,,5
"P+W International Co., Ltd.",Schumacher,Schu,Schumacher,Hemp Shimmer 5007876 (Aqua Shimmer),Hemp Shimmer 5007876 (Aqua Shimmer),Current,Hemp Shimmer 5007876 (Aqua Shimmer),Schumacher,Assorted,Schumacher-Assorted,GRASS,36,9.26,11,9.26,9.26,,0,0,0,,,,,5
"P+W International Co., Ltd.",Schumacher,Schu,Schumacher,Hemp Shimmer 5007877 (Peacock Shimmer),Hemp Shimmer 5007877 (Peacock Shimmer),Current,Hemp Shimmer 5007877 (Peacock Shimmer),Schumacher,Assorted,Schumacher-Assorted,GRASS,36,9.26,11,9.26,9.26,,0,0,0,,,,,5
"P+W International Co., Ltd.",Schumacher,Schu,Schumacher,Hemp Shimmer 5007878 (Sapphire Shimmer),Hemp Shimmer 5007878 (Sapphire Shimmer),Current,Hemp Shimmer 5007878 (Sapphire Shimmer),Schumacher,Assorted,Schumacher-Assorted,GRASS,36,9.26,11,9.26,9.26,,0,0,0,,,,,5
"P+W International Co., Ltd.",Schumacher,Schu,Schumacher,Herringbone Paperweave 5010234 (Sky),Herringbone Paperweave 5010234 (Sky),Current,Herringbone Paperweave 5010234 (Sky),Schumacher,Assorted,Schumacher-Assorted,GRASS,36,18.45,21.57,18.45,18.45,,0,0,0,,,,,5
"P+W International Co., Ltd.",Schumacher,Schu,Schumacher,Herringbone Paperweave 5010235 (Pink),Herringbone Paperweave 5010235 (Pink),Current,Herringbone Paperweave 5010235 (Pink),Schumacher,Assorted,Schumacher-Assorted,GRASS,36,18.45,21.57,18.45,18.45,,0,0,0,,,,,5
"P+W International Co., Ltd.",Schumacher,Schu,Schumacher,June Woven Stripe 5015550 (Natural),June Woven Stripe 5015550 (Natural),Current,June Woven Stripe 5015550 (Natural),Schumacher,Assorted,Schumacher-Assorted,GRASS,36,8.07,9.63,8.07,8.07,,0,0,0,,,,,5
"P+W International Co., Ltd.",Schumacher,Schu,Schumacher,Karami Weave 5003010 (Rice),Karami Weave 5003010 (Rice),Current,Karami Weave 5003010 (Rice),Schumacher,Assorted,Schumacher-Assorted,GRASS,36,7.6,9.09,7.79,7.79,,0,0,0,,,,,5
"P+W International Co., Ltd.",Schumacher,Schu,Schumacher,Kin Sisal Embroidery 5015780 (Hazel),Kin Sisal Embroidery 5015780 (Hazel),Current,Kin Sisal Embroidery 5015780 (Hazel),Schumacher,Assorted,Schumacher-Assorted,GRASS,36,12.26,14.45,12.57,12.57,,0,0,0,,,,,5
"P+W International Co., Ltd.",Schumacher,Schu,Schumacher,Kin Sisal Embroidery 5015781 (Ink),Kin Sisal Embroidery 5015781 (Ink),Current,Kin Sisal Embroidery 5015781 (Ink),Schumacher,Assorted,Schumacher-Assorted,GRASS,36,12.57,14.81,12.57,12.57,,0,0,0,,,,,5
"P+W International Co., Ltd.",Schumacher,Schu,Schumacher,Kumano Jute 5002800 (Cream),Kumano Jute 5002800 (Cream),Current,Kumano Jute 5002800 (Cream),Schumacher,Assorted,Schumacher-Assorted,GRASS,36,7.08,8.49,7.26,7.26,,0,0,0,,,,,5
"P+W International Co., Ltd.",Schumacher,Schu,Schumacher,Kumo 5012990 (White),Kumo 5012990 (White),Current,Kumo 5012990 (White),Schumacher,Assorted,Schumacher-Assorted,GRASS,36,8.67,10.32,8.67,8.67,,0,0,0,,,,,5
"P+W International Co., Ltd.",Schumacher,Schu,Schumacher,Linen & Paperweave 5010240 (natural),Linen & Paperweave 5010240 (natural),Current,Linen & Paperweave 5010240 (natural),Schumacher,Assorted,Schumacher-Assorted,GRASS,36,9.5,11.28,9.5,9.5,,0,0,0,,,,,5
"P+W International Co., Ltd.",Schumacher,Schu,Schumacher,Linen & Paperweave 5010241 (Greige),Linen & Paperweave 5010241 (Greige),Current,Linen & Paperweave 5010241 (Greige),Schumacher,Assorted,Schumacher-Assorted,GRASS,36,9.5,11.28,9.5,9.5,,0,0,0,,,,,5
"P+W International Co., Ltd.",Schumacher,Schu,Schumacher,Linen & Paperweave 5010242 (Sage),Linen & Paperweave 5010242 (Sage),Current,Linen & Paperweave 5010242 (Sage),Schumacher,Assorted,Schumacher-Assorted,GRASS,36,9.27,11.01,9.5,9.5,,0,0,0,,,,,5
"P+W International Co., Ltd.",Schumacher,Schu,Schumacher,Linen & Paperweave 5010243 (Carbon),Linen & Paperweave 5010243 (Carbon),Current,Linen & Paperweave 5010243 (Carbon),Schumacher,Assorted,Schumacher-Assorted,GRASS,36,9.5,11.28,9.5,9.5,,0,0,0,,,,,5
"P+W International Co., Ltd.",Schumacher,Schu,Schumacher,Linen Bark 5012960 (White),Linen Bark 5012960 (White),Current,Linen Bark 5012960 (White),Schumacher,Assorted,Schumacher-Assorted,GRASS,36,17.33,20.28,17.33,17.33,,0,0,0,,,,,5
"P+W International Co., Ltd.",Schumacher,Schu,Schumacher,Linen Gesso 5007800 (White),Linen Gesso 5007800 (White),Current,Linen Gesso 5007800 (White),Schumacher,Assorted,Schumacher-Assorted,GRASS,36,8.64,10.29,8.64,8.64,,0,0,0,,,,,5
"P+W International Co., Ltd.",Schumacher,Schu,Schumacher,Linen Gesso 5007801 (Cream),Linen Gesso 5007801 (Cream),Current,Linen Gesso 5007801 (Cream),Schumacher,Assorted,Schumacher-Assorted,GRASS,36,8.64,10.29,8.64,8.64,,0,0,0,,,,,5
"P+W International Co., Ltd.",Schumacher,Schu,Schumacher,Linen Gesso 5007802 (Greige),Linen Gesso 5007802 (Greige),Current,Linen Gesso 5007802 (Greige),Schumacher,Assorted,Schumacher-Assorted,GRASS,36,8.64,10.29,8.64,8.64,,0,0,0,,,,,5
"P+W International Co., Ltd.",Schumacher,Schu,Schumacher,Linen Gesso 5007803 (Blush),Linen Gesso 5007803 (Blush),Current,Linen Gesso 5007803 (Blush),Schumacher,Assorted,Schumacher-Assorted,GRASS,36,8.64,10.29,8.64,8.64,,0,0,0,,,,,5
"P+W International Co., Ltd.",Schumacher,Schu,Schumacher,Linen Gesso 5007804 (Celadon),Linen Gesso 5007804 (Celadon),Current,Linen Gesso 5007804 (Celadon),Schumacher,Assorted,Schumacher-Assorted,GRASS,36,8.64,10.29,8.64,8.64,,0,0,0,,,,,5
"P+W International Co., Ltd.",Schumacher,Schu,Schumacher,Linen Gesso 5007805 (Aqua),Linen Gesso 5007805 (Aqua),Current,Linen Gesso 5007805 (Aqua),Schumacher,Assorted,Schumacher-Assorted,GRASS,36,8.64,10.29,8.64,8.64,,0,0,0,,,,,5
"P+W International Co., Ltd.",Schumacher,Schu,Schumacher,Linen Gesso 5007806 (Cocoa),Linen Gesso 5007806 (Cocoa),Current,Linen Gesso 5007806 (Cocoa),Schumacher,Assorted,Schumacher-Assorted,GRASS,36,8.64,10.29,8.64,8.64,,0,0,0,,,,,5
"P+W International Co., Ltd.",Schumacher,Schu,Schumacher,Linen Gesso 5007807 (Pale Gold),Linen Gesso 5007807 (Pale Gold),Current,Linen Gesso 5007807 (Pale Gold),Schumacher,Assorted,Schumacher-Assorted,GRASS,36,8.64,10.29,8.64,8.64,,0,0,0,,,,,5
"P+W International Co., Ltd.",Schumacher,Schu,Schumacher,Linen Gesso 5007808 (Gilt),Linen Gesso 5007808 (Gilt),Current,Linen Gesso 5007808 (Gilt),Schumacher,Assorted,Schumacher-Assorted,GRASS,36,8.64,10.29,8.64,8.64,,0,0,0,,,,,5
"P+W International Co., Ltd.",Schumacher,Schu,Schumacher,Linen Gesso 5007809 (Silver),Linen Gesso 5007809 (Silver),Current,Linen Gesso 5007809 (Silver),Schumacher,Assorted,Schumacher-Assorted,GRASS,36,8.64,10.29,8.64,8.64,,0,0,0,,,,,5
"P+W International Co., Ltd.",Schumacher,Schu,Schumacher,Linen Lamé 5007810 (platinum),Linen Lamé 5007810 (platinum),Current,Linen Lamé 5007810 (platinum),Schumacher,Assorted,Schumacher-Assorted,GRASS,36,17.85,20.88,17.85,17.85,,0,0,0,,,,,5
"P+W International Co., Ltd.",Schumacher,Schu,Schumacher,Linen Stripe 5010250 (Blush),Linen Stripe 5010250 (Blush),Current,Linen Stripe 5010250 (Blush),Schumacher,Assorted,Schumacher-Assorted,GRASS,36,10.79,12.76,10.79,10.79,,0,0,0,,,,,5
"P+W International Co., Ltd.",Schumacher,Schu,Schumacher,Linen Stripe 5010251 (Sand),Linen Stripe 5010251 (Sand),Current,Linen Stripe 5010251 (Sand),Schumacher,Assorted,Schumacher-Assorted,GRASS,36,10.79,12.76,10.79,10.79,,0,0,0,,,,,5
"P+W International Co., Ltd.",Schumacher,Schu,Schumacher,Linen Stripe 5010253 (Sky),Linen Stripe 5010253 (Sky),Current,Linen Stripe 5010253 (Sky),Schumacher,Assorted,Schumacher-Assorted,GRASS,36,10.79,12.76,10.79,10.79,,0,0,0,,,,,5
"P+W International Co., Ltd.",Schumacher,Schu,Schumacher,Linen Stripe 5010254 (Indigo),Linen Stripe 5010254 (Indigo),Current,Linen Stripe 5010254 (Indigo),Schumacher,Assorted,Schumacher-Assorted,GRASS,36,10.53,12.46,10.79,10.79,,0,0,0,,,,,5
"P+W International Co., Ltd.",Schumacher,Schu,Schumacher,Linen Stripe 5010255 (Black),Linen Stripe 5010255 (Black),Current,Linen Stripe 5010255 (Black),Schumacher,Assorted,Schumacher-Assorted,GRASS,36,10.79,12.76,10.79,10.79,,0,0,0,,,,,5
"P+W International Co., Ltd.",Schumacher,Schu,Schumacher,Maestro 5016880 (Formentera),Maestro 5016880 (Formentera),Current,Maestro 5016880 (Formentera),Schumacher,Assorted,Schumacher-Assorted,GRASS,36,14.58,17.12,14.58,14.58,,0,0,0,,,,,5
"P+W International Co., Ltd.",Schumacher,Schu,Schumacher,Maestro 5016881 (Dark Arts),Maestro 5016881 (Dark Arts),Current,Maestro 5016881 (Dark Arts),Schumacher,Assorted,Schumacher-Assorted,GRASS,36,14.58,17.12,14.58,14.58,,0,0,0,,,,,5
"P+W International Co., Ltd.",Schumacher,Schu,Schumacher,Maestro 5016882 (Tanlines),Maestro 5016882 (Tanlines),Current,Maestro 5016882 (Tanlines),Schumacher,Assorted,Schumacher-Assorted,GRASS,36,14.58,17.12,14.58,14.58,,0,0,0,,,,,5
"P+W International Co., Ltd.",Schumacher,Schu,Schumacher,Metal Paperweave 5010310 (Charcoal),Metal Paperweave 5010310 (Charcoal),Current,Metal Paperweave 5010310 (Charcoal),Schumacher,Assorted,Schumacher-Assorted,GRASS,36,9.5,11.28,9.5,9.5,,0,0,0,,,,,5
"P+W International Co., Ltd.",Schumacher,Schu,Schumacher,Metal Paperweave 5010311 (Ivory),Metal Paperweave 5010311 (Ivory),Current,Metal Paperweave 5010311 (Ivory),Schumacher,Assorted,Schumacher-Assorted,GRASS,36,9.5,11.28,9.5,9.5,,0,0,0,,,,,5
"P+W International Co., Ltd.",Schumacher,Schu,Schumacher,Metal Paperweave 5010312 (Sand),Metal Paperweave 5010312 (Sand),Current,Metal Paperweave 5010312 (Sand),Schumacher,Assorted,Schumacher-Assorted,GRASS,36,9.5,11.28,9.5,9.5,,0,0,0,,,,,5
"P+W International Co., Ltd.",Schumacher,Schu,Schumacher,Metal Paperweave 5010313 (Green),Metal Paperweave 5010313 (Green),Current,Metal Paperweave 5010313 (Green),Schumacher,Assorted,Schumacher-Assorted,GRASS,36,9.5,11.28,9.5,9.5,,0,0,0,,,,,5
"P+W International Co., Ltd.",Schumacher,Schu,Schumacher,Metallic Mesh 5007850 (Silver),Metallic Mesh 5007850 (Silver),Current,Metallic Mesh 5007850 (Silver),Schumacher,Assorted,Schumacher-Assorted,GRASS,36,9.52,11.3,9.52,9.52,,0,0,0,,,,,5
"P+W International Co., Ltd.",Schumacher,Schu,Schumacher,Metallic Mesh 5007851 (Gold),Metallic Mesh 5007851 (Gold),Current,Metallic Mesh 5007851 (Gold),Schumacher,Assorted,Schumacher-Assorted,GRASS,36,9.52,11.3,9.52,9.52,,0,0,0,,,,,5
"P+W International Co., Ltd.",Schumacher,Schu,Schumacher,Metallic Mesh 5007852 (Cocoa Shimmer),Metallic Mesh 5007852 (Cocoa Shimmer),Current,Metallic Mesh 5007852 (Cocoa Shimmer),Schumacher,Assorted,Schumacher-Assorted,GRASS,36,9.52,11.3,9.52,9.52,,0,0,0,,,,,5
"P+W International Co., Ltd.",Schumacher,Schu,Schumacher,Metallized Flax 5010280 (peacock),Metallized Flax 5010280 peacock,Current,Metallized Flax 5010280 (peacock),Schumacher,Assorted,Schumacher-Assorted,GRASS,36,9.5,11.28,9.5,9.5,,0,0,0,,,,,5
"P+W International Co., Ltd.",Schumacher,Schu,Schumacher,Metallized Flax 5010281 (Sage),Metallized Flax 5010281 (Sage),Current,Metallized Flax 5010281 (Sage),Schumacher,Assorted,Schumacher-Assorted,GRASS,36,9.5,11.28,9.5,9.5,,0,0,0,,,,,5
"P+W International Co., Ltd.",Schumacher,Schu,Schumacher,Metallized Flax 5010282 (Brass),Metallized Flax 5010282 (Brass),Current,Metallized Flax 5010282 (Brass),Schumacher,Assorted,Schumacher-Assorted,GRASS,36,9.5,11.28,9.5,9.5,,0,0,0,,,,,5
"P+W International Co., Ltd.",Schumacher,Schu,Schumacher,Metallized Flax 5010283 (aubergine),Metallized Flax 5010283 (aubergine),Current,Metallized Flax 5010283 (aubergine),Schumacher,Assorted,Schumacher-Assorted,GRASS,36,9.5,11.28,9.5,9.5,,0,0,0,,,,,5
"P+W International Co., Ltd.",Schumacher,Schu,Schumacher,Mitsu Weave 5003050 (Gold),Mitsu Weave 5003050 (Gold),Current,Mitsu Weave 5003050 (Gold),Schumacher,Assorted,Schumacher-Assorted,GRASS,36,5.41,6.57,5.41,5.41,,0,0,0,,,,,5
"P+W International Co., Ltd.",Schumacher,Schu,Schumacher,Mitsu Weave 5003051 (Pearl),Mitsu Weave 5003051 (Pearl),Current,Mitsu Weave 5003051 (Pearl),Schumacher,Assorted,Schumacher-Assorted,GRASS,36,5.41,6.57,5.41,5.41,,0,0,0,,,,,5
"P+W International Co., Ltd.",Schumacher,Schu,Schumacher,Mitsu Weave 5003053 (Platinum),Mitsu Weave 5003053 (Platinum),Current,Mitsu Weave 5003053 (Platinum),Schumacher,Assorted,Schumacher-Assorted,GRASS,36,5.41,6.57,5.41,5.41,,0,0,0,,,,,5
"P+W International Co., Ltd.",Schumacher,Schu,Schumacher,NAKARA 5007940 (NATURAL),NAKARA 5007940 (NATURAL),Current,NAKARA 5007940 (NATURAL),Schumacher,Assorted,Schumacher-Assorted,GRASS,36,7.95,9.49,7.95,7.95,,0,0,0,,,,,5
"P+W International Co., Ltd.",Schumacher,Schu,Schumacher,Nami Rushcloth 5002861 (Woodrose),Nami Rushcloth 5002861 (Woodrose),Current,Nami Rushcloth 5002861 (Woodrose),Schumacher,Assorted,Schumacher-Assorted,GRASS,36,4.74,5.8,4.74,4.74,,0,0,0,,,,,5
"P+W International Co., Ltd.",Schumacher,Schu,Schumacher,Nami Rushcloth 5002862 (Slate),Nami Rushcloth 5002862 (Slate),Current,Nami Rushcloth 5002862 (Slate),Schumacher,Assorted,Schumacher-Assorted,GRASS,36,4.74,5.8,4.74,4.74,,0,0,0,,,,,5
"P+W International Co., Ltd.",Schumacher,Schu,Schumacher,Ningbo Sisal 524310 (Ivory),Ningbo Sisal 524310 (Ivory),Current,Ningbo Sisal 524310 (Ivory),Schumacher,Assorted,Schumacher-Assorted,GRASS,36,5.74,6.95,5.74,5.74,,0,0,0,,,,,5
"P+W International Co., Ltd.",Schumacher,Schu,Schumacher,Ningbo Sisal 524312 (Linen),Ningbo Sisal 524312 (Linen),Current,Ningbo Sisal 524312 (Linen),Schumacher,Assorted,Schumacher-Assorted,GRASS,36,5.74,6.95,5.74,5.74,,0,0,0,,,,,5
"P+W International Co., Ltd.",Schumacher,Schu,Schumacher,Ningbo Sisal 524314 (Russet),Ningbo Sisal 524314 (Russet),Current,Ningbo Sisal 524314 (Russet),Schumacher,Assorted,Schumacher-Assorted,GRASS,36,5.74,6.95,5.74,5.74,,0,0,0,,,,,5
"P+W International Co., Ltd.",Schumacher,Schu,Schumacher,Ningbo Sisal 524316 (Olive),Ningbo Sisal 524316 (Olive),Current,Ningbo Sisal 524316 (Olive),Schumacher,Assorted,Schumacher-Assorted,GRASS,36,5.74,6.95,5.74,5.74,,0,0,0,,,,,5
"P+W International Co., Ltd.",Schumacher,Schu,Schumacher,Open Linen Weave 5010300 (Silver),Open Linen Weave 5010300 (Silver),Current,Open Linen Weave 5010300 (Silver),Schumacher,Assorted,Schumacher-Assorted,GRASS,36,10.7,12.66,10.7,10.7,,0,0,0,,,,,5
"P+W International Co., Ltd.",Schumacher,Schu,Schumacher,Open Paperweave 5010320 (Straw),Open Paperweave 5010320 (Straw),Current,Open Paperweave 5010320 (Straw),Schumacher,Assorted,Schumacher-Assorted,GRASS,36,7.12,8.54,7.12,7.12,,0,0,0,,,,,5
"P+W International Co., Ltd.",Schumacher,Schu,Schumacher,Open Paperweave 5010321 (Leaf),Open Paperweave 5010321 (Leaf),Current,Open Paperweave 5010321 (Leaf),Schumacher,Assorted,Schumacher-Assorted,GRASS,36,7.12,8.54,7.12,7.12,,0,0,0,,,,,5
"P+W International Co., Ltd.",Schumacher,Schu,Schumacher,Open Paperweave 5010322 (Spruce),Open Paperweave 5010322 (Spruce),Current,Open Paperweave 5010322 (Spruce),Schumacher,Assorted,Schumacher-Assorted,GRASS,36,7.12,8.54,7.12,7.12,,0,0,0,,,,,5
"P+W International Co., Ltd.",Schumacher,Schu,Schumacher,Open Paperweave 5010323 (Sky),Open Paperweave 5010323 (Sky),Current,Open Paperweave 5010323 (Sky),Schumacher,Assorted,Schumacher-Assorted,GRASS,36,7.12,8.54,7.12,7.12,,0,0,0,,,,,5
"P+W International Co., Ltd.",Schumacher,Schu,Schumacher,Oxnard Paperweave 5011300 (Ivory),Oxnard Paperweave 5011300 (Ivory),Current,Oxnard Paperweave 5011300 (Ivory),Schumacher,Assorted,Schumacher-Assorted,GRASS,36,8.91,10.6,8.91,8.91,,0,0,0,,,,,5
"P+W International Co., Ltd.",Schumacher,Schu,Schumacher,Oxnard Paperweave 5011302 (Blue),Oxnard Paperweave 5011302 (Blue),Current,Oxnard Paperweave 5011302 (Blue),Schumacher,Assorted,Schumacher-Assorted,GRASS,36,8.91,10.6,8.91,8.91,,0,0,0,,,,,5
"P+W International Co., Ltd.",Schumacher,Schu,Schumacher,Painter's Stripe 5016902 Self Portrait,BD Painter's Stripe 5016902 Self Portrait,Current,Painter's Stripe 5016902 Self Portrait,Schumacher,Assorted,Schumacher-Assorted,GRASS,36,12.65,14.9,12.65,12.65,,0,0,0,,,,,5
"P+W International Co., Ltd.",Schumacher,Schu,Schumacher,Palm Weave 5010260 (Natural),Palm Weave 5010260 (Natural),Current,Palm Weave 5010260 (Natural),Schumacher,Assorted,Schumacher-Assorted,GRASS,36,11.6,13.69,11.89,11.89,,0,0,0,,,,,5
"P+W International Co., Ltd.",Schumacher,Schu,Schumacher,Palm Weave 5010261 (Bark),Palm Weave 5010261 (Bark),Current,Palm Weave 5010261 (Bark),Schumacher,Assorted,Schumacher-Assorted,GRASS,36,11.89,14.02,11.89,11.89,,0,0,0,,,,,5
"P+W International Co., Ltd.",Schumacher,Schu,Schumacher,Paper Stripe 5012980 (White),Paper Stripe 5012980 (White),Current,Paper Stripe 5012980 (White),Schumacher,Assorted,Schumacher-Assorted,GRASS,36,7.59,9.08,7.59,7.59,,0,0,0,,,,,5
"P+W International Co., Ltd.",Schumacher,Schu,Schumacher,Ruched Linen 5010220 (Natural),Ruched Linen 5010220 (Natural),Current,Ruched Linen 5010220 (Natural),Schumacher,Assorted,Schumacher-Assorted,GRASS,36,17.85,20.88,17.86,17.86,,0,0,0,,,,,5
"P+W International Co., Ltd.",Schumacher,Schu,Schumacher,Sango Jute 5002120 (Natural),Sango Jute 5002120 (Natural),Current,Sango Jute 5002120 (Natural),Schumacher,Assorted,Schumacher-Assorted,GRASS,36,5.16,6.28,5.16,5.16,,0,0,0,,,,,5
"P+W International Co., Ltd.",Schumacher,Schu,Schumacher,Sano Mosaic 5012950 (White),Sano Mosaic 5012950 (White),Current,Sano Mosaic 5012950 (White),Schumacher,Assorted,Schumacher-Assorted,GRASS,36,19.5,22.78,19.5,19.5,,0,0,0,,,,,5
"P+W International Co., Ltd.",Schumacher,Schu,Schumacher,Shaded Silk 5007860 (Dove),Shaded Silk 5007860 (Dove),Current,Shaded Silk 5007860 (Dove),Schumacher,Assorted,Schumacher-Assorted,GRASS,36,17.25,20.19,17.25,17.25,,0,0,0,,,,,5
"P+W International Co., Ltd.",Schumacher,Schu,Schumacher,Shaded Silk 5007862 (Thistle),Shaded Silk 5007862 (Thistle),Current,Shaded Silk 5007862 (Thistle),Schumacher,Assorted,Schumacher-Assorted,GRASS,36,17.25,20.19,17.25,17.25,,0,0,0,,,,,5
"P+W International Co., Ltd.",Schumacher,Schu,Schumacher,Shaded Silk 5007863 (sapphire),Shaded Silk 5007863 (sapphire),Current,Shaded Silk 5007863 (sapphire),Schumacher,Assorted,Schumacher-Assorted,GRASS,36,17.25,20.19,17.25,17.25,,0,0,0,,,,,5
"P+W International Co., Ltd.",Schumacher,Schu,Schumacher,Shaded Silk 5007864 (Emerald),Shaded Silk 5007864 (Emerald),Current,Shaded Silk 5007864 (Emerald),Schumacher,Assorted,Schumacher-Assorted,GRASS,36,17.25,20.19,17.25,17.25,,0,0,0,,,,,5
"P+W International Co., Ltd.",Schumacher,Schu,Schumacher,Shaded Silk 5007865 (Peacock),Shaded Silk 5007865 (Peacock),Current,Shaded Silk 5007865 (Peacock),Schumacher,Assorted,Schumacher-Assorted,GRASS,36,17.25,20.19,17.25,17.25,,0,0,0,,,,,5
"P+W International Co., Ltd.",Schumacher,Schu,Schumacher,Shaded Silk 5007866 (Umber),Shaded Silk 5007866 (Umber),Current,Shaded Silk 5007866 (Umber),Schumacher,Assorted,Schumacher-Assorted,GRASS,36,17.25,20.19,17.25,17.25,,0,0,0,,,,,5
"P+W International Co., Ltd.",Schumacher,Schu,Schumacher,Shaded Silk 5007867 (Sable),Shaded Silk 5007867 (Sable),Current,Shaded Silk 5007867 (Sable),Schumacher,Assorted,Schumacher-Assorted,GRASS,36,17.25,20.19,17.25,17.25,,0,0,0,,,,,5
"P+W International Co., Ltd.",Schumacher,Schu,Schumacher,Silk Strie 5010270 (parchment),Silk Strie 5010270 (parchment),Current,Silk Strie 5010270 (parchment),Schumacher,Assorted,Schumacher-Assorted,GRASS,36,18.45,21.57,18.45,18.45,,0,0,0,,,,,5
"P+W International Co., Ltd.",Schumacher,Schu,Schumacher,Silk Strie 5010271 (Sand),Silk Strie 5010271 (Sand),Current,Silk Strie 5010271 (Sand),Schumacher,Assorted,Schumacher-Assorted,GRASS,36,18.45,21.57,18.45,18.45,,0,0,0,,,,,5
"P+W International Co., Ltd.",Schumacher,Schu,Schumacher,Silk Strie 5010272 (Pearl),Silk Strie 5010272 (Pearl),Current,Silk Strie 5010272 (Pearl),Schumacher,Assorted,Schumacher-Assorted,GRASS,36,18.45,21.57,18.45,18.45,,0,0,0,,,,,5
"P+W International Co., Ltd.",Schumacher,Schu,Schumacher,Silk Strie 5010273 (Aqua),Silk Strie 5010273 (Aqua),Current,Silk Strie 5010273 (Aqua),Schumacher,Assorted,Schumacher-Assorted,GRASS,36,18.45,21.57,18.45,18.45,,0,0,0,,,,,5
"P+W International Co., Ltd.",Schumacher,Schu,Schumacher,Silk Strie 5010274 (Leaf),Silk Strie 5010274 (Leaf),Current,Silk Strie 5010274 (Leaf),Schumacher,Assorted,Schumacher-Assorted,GRASS,36,18.45,21.57,18.45,18.45,,0,0,0,,,,,5
"P+W International Co., Ltd.",Schumacher,Schu,Schumacher,Silk Strie 5010275 (Fawn),Silk Strie 5010275 (Fawn),Current,Silk Strie 5010275 (Fawn),Schumacher,Assorted,Schumacher-Assorted,GRASS,36,18,21.05,18.45,18.45,,0,0,0,,,,,5
"P+W International Co., Ltd.",Schumacher,Schu,Schumacher,Sonota Arrowroot 5002710 (Oatmeal),Sonota Arrowroot 5002710 (Oatmeal),Current,Sonota Arrowroot 5002710 (Oatmeal),Schumacher,Assorted,Schumacher-Assorted,GRASS,36,13.26,15.6,13.26,13.26,,0,0,0,,,,,5
"P+W International Co., Ltd.",Schumacher,Schu,Schumacher,Textured Check 5012970 (White),Textured Check 5012970 (White),Current,Textured Check 5012970 (White),Schumacher,Assorted,Schumacher-Assorted,GRASS,36,19.5,22.78,19.5,19.5,,0,0,0,,,,,5
"P+W International Co., Ltd.",Schumacher,Schu,Schumacher,Textured Linen Stripe 5013020 (White),Textured Linen Stripe 5013020 (White),Current,Textured Linen Stripe 5013020 (White),Schumacher,Assorted,Schumacher-Assorted,GRASS,36,16.91,19.8,17.33,17.33,,0,0,0,,,,,5
"P+W International Co., Ltd.",Schumacher,Schu,Schumacher,Tonal Paperweave 5010290 (Ivory),Tonal Paperweave 5010290 (Ivory),Current,Tonal Paperweave 5010290 (Ivory),Schumacher,Assorted,Schumacher-Assorted,GRASS,36,7.12,8.54,7.12,7.12,,0,0,0,,,,,5
"P+W International Co., Ltd.",Schumacher,Schu,Schumacher,Tonal Paperweave 5010291 (Natural),Tonal Paperweave 5010291 (Natural),Current,Tonal Paperweave 5010291 (Natural),Schumacher,Assorted,Schumacher-Assorted,GRASS,36,6.95,8.34,7.12,7.12,,0,0,0,,,,,5
"P+W International Co., Ltd.",Schumacher,Schu,Schumacher,Tonal Paperweave 5010292 (Limestone),Tonal Paperweave 5010292 (Limestone),Current,Tonal Paperweave 5010292 (Limestone),Schumacher,Assorted,Schumacher-Assorted,GRASS,36,7.12,8.54,7.12,7.12,,0,0,0,,,,,5
"P+W International Co., Ltd.",Schumacher,Schu,Schumacher,Tonal Paperweave 5010293 (Charcoal),Tonal Paperweave 5010293 (Charcoal),Current,Tonal Paperweave 5010293 (Charcoal),Schumacher,Assorted,Schumacher-Assorted,GRASS,36,7.12,8.54,7.12,7.12,,0,0,0,,,,,5
"P+W International Co., Ltd.",Schumacher,Schu,Schumacher,Tonal Paperweave 5010294 (Granite),Tonal Paperweave 5010294 (Granite),Current,Tonal Paperweave 5010294 (Granite),Schumacher,Assorted,Schumacher-Assorted,GRASS,36,7.12,8.54,7.12,7.12,,0,0,0,,,,,5
"P+W International Co., Ltd.",Schumacher,Schu,Schumacher,Tonal Paperweave 5010295 (White),Tonal Paperweave 5010295 (White),Current,Tonal Paperweave 5010295 (White),Schumacher,Assorted,Schumacher-Assorted,GRASS,36,7.12,8.54,7.12,7.12,,0,0,0,,,,,5
"P+W International Co., Ltd.",Schumacher,Schu,Schumacher,Tonal Paperweave 5010296 (Sage),Tonal Paperweave 5010296 (Sage),Current,Tonal Paperweave 5010296 (Sage),Schumacher,Assorted,Schumacher-Assorted,GRASS,36,7.12,8.54,7.12,7.12,,0,0,0,,,,,5
"P+W International Co., Ltd.",Schumacher,Schu,Schumacher,Tonal Paperweave 5010297 (Wheat),Tonal Paperweave 5010297 (Wheat),Current,Tonal Paperweave 5010297 (Wheat),Schumacher,Assorted,Schumacher-Assorted,GRASS,36,7.12,8.54,7.12,7.12,,0,0,0,,,,,5
"P+W International Co., Ltd.",Schumacher,Schu,Schumacher,Tonal Paperweave 5010298 (Bark),Tonal Paperweave 5010298 (Bark),Current,Tonal Paperweave 5010298 (Bark),Schumacher,Assorted,Schumacher-Assorted,GRASS,36,7.12,8.54,7.12,7.12,,0,0,0,,,,,5
"P+W International Co., Ltd.",Schumacher,Schu,Schumacher,Tortola Linen PW 5011320 (Natural),Tortola Linen Paperweave 5011320 (Natural),Current,Tortola Linen PW 5011320 (Natural),Schumacher,Assorted,Schumacher-Assorted,GRASS,36,8.91,10.6,8.91,8.91,,0,0,0,,,,,5
"P+W International Co., Ltd.",Schumacher,Schu,Schumacher,Tortola Paperweave 5011250 (Blue),Tortola Paperweave 5011250 (Blue),Current,Tortola Paperweave 5011250 (Blue),Schumacher,Assorted,Schumacher-Assorted,GRASS,36,8.91,10.6,8.91,8.91,,0,0,0,,,,,5
"P+W International Co., Ltd.",Schumacher,Schu,Schumacher,Tortola Paperweave 5011251 (Green),Tortola Paperweave 5011251 (Green),Current,Tortola Paperweave 5011251 (Green),Schumacher,Assorted,Schumacher-Assorted,GRASS,36,8.91,10.6,8.91,8.91,,0,0,0,,,,,5
"P+W International Co., Ltd.",Schumacher,Schu,Schumacher,Tortola Paperweave 5011252 (Pink),Tortola Paperweave 5011252 (Pink),Current,Tortola Paperweave 5011252 (Pink),Schumacher,Assorted,Schumacher-Assorted,GRASS,36,8.91,10.6,8.91,8.91,,0,0,0,,,,,5
"P+W International Co., Ltd.",Schumacher,Schu,Schumacher,Tortola Paperweave 5011253 (Grey),Tortola Paperweave 5011253 (Grey),Current,Tortola Paperweave 5011253 (Grey),Schumacher,Assorted,Schumacher-Assorted,GRASS,36,8.91,10.6,8.91,8.91,,0,0,0,,,,,5
"P+W International Co., Ltd.",Schumacher,Schu,Schumacher,Tortola Paperweave 5011254 (Carbon),Tortola Paperweave 5011254 (Carbon),Current,Tortola Paperweave 5011254 (Carbon),Schumacher,Assorted,Schumacher-Assorted,GRASS,36,8.91,10.6,8.91,8.91,,0,0,0,,,,,5
"P+W International Co., Ltd.",Schumacher,Schu,Schumacher,Windowpane Embro. Sisal 5015200 (Navy),Windowpane Embro. Sisal 5015200 (Navy),Current,Windowpane Embro. Sisal 5015200 (Navy),Schumacher,Assorted,Schumacher-Assorted,GRASS,36,10.6,12.54,10.6,10.6,,0,0,0,,,,,5
"P+W International Co., Ltd.",Schumacher,Schu,Schumacher,Windowpane Embro. Sisal 5015201 (Java),Windowpane Embro. Sisal 5015201 (Java),Current,Windowpane Embro. Sisal 5015201 (Java),Schumacher,Assorted,Schumacher-Assorted,GRASS,36,10.6,12.54,10.6,10.6,,0,0,0,,,,,5
"P+W International Co., Ltd.",Schumacher,Schu,Schumacher,Windowpane Embro. Sisal 5015202 (Char),Windowpane Embro. Sisal 5015202 (Char),Current,Windowpane Embro. Sisal 5015202 (Char),Schumacher,Assorted,Schumacher-Assorted,GRASS,36,10.6,12.54,10.6,10.6,,0,0,0,,,,,5
"P+W International Co., Ltd.",Schumacher,Schu,Schumacher,Zig Zag Paperweave 5016600 (Sesame),Zig Zag Paperweave 5016600 (Sesame),Current,Zig Zag Paperweave 5016600 (Sesame),Schumacher,Assorted,Schumacher-Assorted,GRASS,36,8.71,10.37,8.71,8.71,,0,0,0,,,,,5
"P+W International Co., Ltd.",Schumacher,Schu,Schumacher,Zig Zag Paperweave 5016601 (Flax),Zig Zag Paperweave 5016601 (Flax),Current,Zig Zag Paperweave 5016601 (Flax),Schumacher,Assorted,Schumacher-Assorted,GRASS,36,8.71,10.37,8.71,8.71,,0,0,0,,,,,5
"P+W International Co., Ltd.",Schumacher,Schu,Schumacher,Abaco Linen Paperweave 5011290 (Natural),Abaco Linen Paperweave 5011290 (Natural),Current,Abaco Linen Paperweave 5011290 (Natural),Schumacher,Assorted,Schumacher-Assorted,GRASS,54,8.91,10.6,8.91,8.91,,0,0,0,,,,,5
"P+W International Co., Ltd.",Schumacher,Schu,Schumacher,Abaco Paperweave 5011280 (Blush),Abaco Paperweave 5011280 (Blush),Current,Abaco Paperweave 5011280 (Blush),Schumacher,Assorted,Schumacher-Assorted,GRASS,54,8.91,10.6,8.91,8.91,,0,0,0,,,,,5
"P+W International Co., Ltd.",Schumacher,Schu,Schumacher,Abaco Paperweave 5011281 (Green),Abaco Paperweave 5011281 (Green),Current,Abaco Paperweave 5011281 (Green),Schumacher,Assorted,Schumacher-Assorted,GRASS,54,8.91,10.6,8.91,8.91,,0,0,0,,,,,5
"P+W International Co., Ltd.",Schumacher,Schu,Schumacher,Abaco Paperweave 5011282 (Blue),Abaco Paperweave 5011282 (Blue),Current,Abaco Paperweave 5011282 (Blue),Schumacher,Assorted,Schumacher-Assorted,GRASS,54,8.91,10.6,8.91,8.91,,0,0,0,,,,,5
"P+W International Co., Ltd.",Schumacher,Schu,Schumacher,Jubilee Paperweave 5011270 (Green),Jubilee Paperweave 5011270 (Green),Current,Jubilee Paperweave 5011270 (Green),Schumacher,Assorted,Schumacher-Assorted,GRASS,54,8.91,10.6,8.91,8.91,,0,0,0,,,,,5
"P+W International Co., Ltd.",Schumacher,Schu,Schumacher,Jubilee Paperweave 5011271 (Grey),Jubilee Paperweave 5011271 (Grey),Current,Jubilee Paperweave 5011271 (Grey),Schumacher,Assorted,Schumacher-Assorted,GRASS,54,8.91,10.6,8.91,8.91,,0,0,0,,,,,5
"P+W International Co., Ltd.",Schumacher,Schu,Schumacher,Jubilee Paperweave 5011272 (Brown),Jubilee Paperweave 5011272 (Brown),Current,Jubilee Paperweave 5011272 (Brown),Schumacher,Assorted,Schumacher-Assorted,GRASS,54,8.91,10.6,8.91,8.91,,0,0,0,,,,,5
"P+W International Co., Ltd.",Schumacher,Schu,Schumacher,Oxnard Lin Paperweave 5011310 (Natural),Oxnard Lin Paperweave 5011310 (Natural),Current,Oxnard Lin Paperweave 5011310 (Natural),Schumacher,Assorted,Schumacher-Assorted,GRASS,54,8.91,10.6,8.91,8.91,,0,0,0,,,,,5
Quadrille Inc.,X-Customer,Non Schu,Screen Print,QUA372Tan,100% Linen,Current,QUA372Tan,372,Tan,372-Tan,FABRIC,60,0,0,8,8,,0,0,0,,,,,
Test Vendor,X-Customer,Schu,Screen Print,"	--> Select Material","	--> Select Material",Old,,"	--> Select Material",,"	--> Select Material-",Assorted,0,0,0,0,,,0,0,0,,,,,
TAYLOR,Screen Print,Schu,Screen Print,PAR372 Tan,372 Tan,Current,PAR372 Tan,372 Tan,,372 Tan-,FABRIC,30,14.45,14.45,14.45,14.45,,0,0,0,,18.785,18.785,,
"P+W International Co., Ltd.",Schumacher,Schu,Schumacher,5003593 Linyi Ground (Linen),5003593 Linyi Ground (Linen),Current,5003593 Linyi Ground (Linen),5003593 Linyi Ground,Linen,5003593 Linyi Ground-Linen,GRASS,36,1,1.5,,,,0,0,0,,,,,6
"P+W International Co., Ltd.",Schumacher,Schu,Schumacher,5003594 Linyi Ground (Chestnut),5003594 Linyi Ground (Chestnut),Current,5003594 Linyi Ground (Chestnut),5003594 Linyi Ground,Chestnut,5003594 Linyi Ground-Chestnut,GRASS,36,1,1.5,,,,0,0,0,,,,,6
"P+W International Co., Ltd.",Schumacher,Schu,Schumacher,528944 Bellezza Ground (Sand),528944 Bellezza Ground (Sand),Current,528944 Bellezza Ground (Sand),528944 Bellezza Ground,Sand,528944 Bellezza Ground-Sand,GRASS,36,1,1.5,,,,0,0,0,,,,,6
Quadrille Inc.,X-Customer,Non Schu,Screen Print,QUA658,Linen,Current,QUA658,658 Fabric,QUA,658 Fabric-QUA,FABRIC,60,0,0,8,,,0,0,0,,,,,
Carr Textile Corp.,Screen Print,Schu,Screen Print,"96"" 12 OZ CANVAS","96"" 12 OZ CANVAS",Current,"96"" 12 OZ CANVAS","96"" 12 OZ CANVAS",,"96"" 12 OZ CANVAS-",FABRIC,60,5.75,5.75,5.75,5.75,,0,0,0,,,,,
PREMEX SOLUTIONS,Digital,Schu,Digital,BNYArvada,Arvada (2457),Current,BNYArvada,Arvada (2457),,Arvada (2457)-,FABRIC,60,4.83,4.83,4.83,4.83,,0,0,0,,,,,
Creative Services,Creative Services,Schu,Creative Services,Creative Services,Creative Services,Current,Creative Services,Creative Services,,Creative Services-,Creative Services,,0,0,0,0,,0,0,0,,,,,
Screen-Trans Development Corp.,Screen Print,Schu,Screen Print,CREEL (CR-204-F) GRASS,CREEL (CR-204-F) GRASS,Current,CREEL (CR-204-F) GRASS,CREEL (CR-204-F) GRASS,,CREEL (CR-204-F) GRASS-,FABRIC,60,10,10,10,10,,0,0,0,,,,,
Screen-Trans Development Corp.,Screen Print,Schu,Screen Print,Creel CR-205-F (POMEGRANATE),Creel CR-205-F (POMEGRANATE),Current,Creel CR-205-F (POMEGRANATE),Creel CR-205-F (POMEGRANATE),,Creel CR-205-F (POMEGRANATE)-,FABRIC,60,10,10,10,10,,0,0,0,,,,,
OMNI W.C. INC,Screen Print,Schu,Screen Print,SCH5003721 Plum,PLUM CUSTOM COATED,Current,SCH5003721 Plum,Custom Coating,Plum,Custom Coating-Plum,PAPER,30,0.98,0.98,0.98,1.2,,0,0,0,,,,,1.5
0,X-Customer,Schu,Screen Print,Generic,Generic,Current,Generic,Generic,,Generic-,FABRIC,30,0,0,0,0,,0,0,0,,,,,
TWIL WALLCOVERINGS,Screen Print,Schu,Screen Print,PAR5010858 ALOE,5010858 HARUKI SISAL ALOE,Old,PNW5010858 Aloe,HARUKI SISAL,Aloe,HARUKI SISAL -Aloe,GRASS,36,7.7,5.9,7.7,4.66,,0,0,0,,,,8-10 weeks,6
TWIL WALLCOVERINGS,Screen Print,Schu,Screen Print,PAR5004725 Caribbean,5004725 HARUKI SISAL Caribbean,Old,PNW5004725 Caribbean,HARUKI SISAL,Caribbean,HARUKI SISAL -Caribbean,GRASS,36,7.7,5.9,7.7,4.66,,0,0,0,,,,8-10 weeks,6
Greenland Natural Textured Wallcoverings,Screen Print,Schu,Screen Print,GRN5004720 Charcoal,HARUKI SISAL CHARCOAL,Old,PNW5004720 Charcoal,HARUKI SISAL,Charcoal,HARUKI SISAL -Charcoal,GRASS,36,4.3,5.9,4.3,4.3,,0,0,0,,9,7,,6
TWIL WALLCOVERINGS,Screen Print,Schu,Screen Print,PAR5004724 FOG,5004724 HARUKI SISAL FOG,Old,PNW5004724 Fog,HARUKI SISAL,Fog,HARUKI SISAL -Fog,GRASS,36,7.7,5.9,7.7,4.66,,0,0,0,,,,8-10 weeks,6
Greenland Natural Textured Wallcoverings,Screen Print,Schu,Screen Print,GRN5004722 Indigo,HARUKI SISAL INDIGO,Old,PNW5004722 Indigo,HARUKI SISAL,INDIGO,HARUKI SISAL -Indigo,GRASS,36,4.3,5.9,4.3,4.3,,0,0,0,,9,7,,6
Greenland Natural Textured Wallcoverings,Screen Print,Schu,Screen Print,GRN5004716 Ivory,HARUKI SISAL IVORY,Old,PNW5004716 Ivory,HARUKI SISAL,Ivory,HARUKI SISAL -Ivory,GRASS,36,4.3,5.9,4.3,4.78,,0,0,0,,9,7,,6
Greenland Natural Textured Wallcoverings,Screen Print,Schu,Screen Print,GRN5004701 Oatmeal,HARUKI SISAL OATMEAL,Old,PNW5004701 Oatmeal,HARUKI SISAL,Oatmeal,HARUKI SISAL -Oatmeal,GRASS,36,4.3,5.9,4.3,4.3,,0,0,0,,9,7,,6
Greenland Natural Textured Wallcoverings,Screen Print,Schu,Screen Print,GRN5010851 Petal,HARUKI SISAL PETAL,Old,PNW5010851 Petal,HARUKI SISAL,Petal,HARUKI SISAL -Petal,GRASS,36,4.3,5.9,4.3,4.3,,0,0,0,,9,7,,6
Greenland Natural Textured Wallcoverings,Screen Print,Schu,Screen Print,GRN5004710 Sage,HARUKI SISAL SAGE,Old,PNW5004710 Sage,HARUKI SISAL,Sage,HARUKI SISAL -Sage,GRASS,36,4.3,5.9,4.3,4.3,,0,0,0,,9,7,,6
TWIL WALLCOVERINGS,Screen Print,Schu,Screen Print,HARUKI SISAL - BIRCH,MGMC1717 - BIRCH,Current,HARUKI SISAL - BIRCH,HARUKI SISAL,Sepia,HARUKI SISAL -Sepia,GRASS,36,7.45,5.9,7.45,4.66,,0,0,0,,,,8-10 weeks,6
Greenland Natural Textured Wallcoverings,Screen Print,Schu,Screen Print,GRN5004700 Silver,HARUKI SISAL SILVER,Old,PNW5004700 Silver,HARUKI SISAL,SILVER,HARUKI SISAL -Silver,GRASS,36,4.3,5.9,4.3,4.3,,0,0,0,,9,7,,6
Quadrille Inc.,X-Customer,Non Schu,Screen Print,QUASG2203 Brown,SG2203 BROWN,Current,QUASG2203 Brown,HARUKI SISAL,Brown,HARUKI SISAL -Brown,GRASS,36,0,0,4.6,4.66,,0,0,0,,9,7,8-10 weeks,6
Quadrille Inc.,X-Customer,Non Schu,Screen Print,QUASG2204,SG2204,Current,QUASG2204,HARUKI SISAL,QUASG,HARUKI SISAL -QUASG,GRASS,36,0,0,4.6,4.66,,0,0,0,,9,7,8-10 weeks,6
Cowtan and Tout,X-Customer,Schu,Screen Print,COWHEMP SHIMMER off white,HEMP SHIMMER off white,Old,PAR5007872 HEMP SHIMMER (Silver),HARUKI SISAL,Shimmer White,HARUKI SISAL -Shimmer White,GRASS,36,0,0,4.6,4.66,,0,0,0,,9,7,8-10 weeks,6
Quadrille Inc.,X-Customer,Non Schu,Screen Print,QUA5004700 Silver,5004700 HARUKI SISAL: SILVER,Current,QUA5004700 Silver,HARUKI SISAL,SILVER,HARUKI SISAL -Silver,GRASS,36,0,0,4.6,4.66,,0,0,0,,,,,6
Universal Converters & Importers,X-Customer,Schu,Screen Print,UCISG2204,SG2204,Current,UCISG2204,HARUKI SISAL,UCISG,HARUKI SISAL -UCISG,GRASS,36,0,0,4.6,4.66,,0,0,0,,9,7,8-10 weeks,6
Screen-Trans Development Corp.,Screen Print,Schu,Screen Print,HENRI (302031F-CU-SCT),HENRI (302031F-CU-SCT) FRENCH BLUE GREEN,Current,HENRI (302031F-CU-SCT),HENRI (302031F-CU-SCT),FRENCH BLUE GREEN,HENRI (302031F-CU-SCT)-FRENCH BLUE GREEN,FABRIC,60,10,10,10,10,,0,0,0,,13,13,,
Screen-Trans Development Corp.,Screen Print,Schu,Screen Print,HENRI (32725-UP-SCT) Upstate,HENRI (32725-UP-SCT) UPSTATE,Current,HENRI (32725-UP-SCT) Upstate,HENRI (32725-UP-SCT),UPSTATE,HENRI (32725-UP-SCT)-UPSTATE,FABRIC,60,10,10,10,10,,0,0,0,,13,13,,
Gray Lines Linen,Screen Print,Schu,Screen Print,PARTwill Linen (HN-011),HN-011,Current,PARTwill Linen (HN-011),HN-011,,HN-011-,FABRIC,60,21.99,21.99,21.99,21.99,,0,0,0,,,,,
WALLQUEST,X-Customer,Non Schu,Screen Print,Hospitality Linen Embossed,Hospitality Linen Embossed,Current,Hospitality Linen Embossed,Hospitality Linen Embossed,Embossed,Hospitality Linen Embossed-Embossed,FABRIC,54,0,0,0,0,,0,0,0,,,,,
"P+W International Co., Ltd.",Screen Print,Schu,Screen Print,Kamiko Sisal 5006141 (lagoon),Kamiko Sisal 5006141 (lagoon),Current,Kamiko Sisal 5006141 (lagoon),Kamiko Sisal 5006141 (lagoon),,Kamiko Sisal 5006141 (lagoon)-,,36,1,1,1,1,,0,0,0,,,,8-10 weeks,6
DYE INTO PRINT,Digital,Schu,Digital,SLF-KIM-SKY,Kimbe Fabric- Sky,Current,SLF-KIM-SKY,Kimbe Fabric,Sky,Kimbe Fabric-Sky,FABRIC,1,10.25,10.25,10.25,10.25,,0,0,0,,,,,
LAMITECH,Digital,Schu,Digital,BNYBM-6725 Gold,Lamitech Mylar,Old,PARBM-6725 Gold,Lamitech Mylar,Gold,Lamitech Mylar-Gold,PAPER,30,7.7,7.7,7.7,7.7,,0,0,0,,,,4-6 weeks,1.5
DYE INTO PRINT,Digital,Schu,Digital,SLF-LIL-COA,Lily of the Valley- Coastal,Current,SLF-LIL-COA,Lily of the Valley,Coastal,Lily of the Valley-Coastal,FABRIC,60,10.25,10.25,10.25,10.25,,0,0,0,,,,,
DYE INTO PRINT,Digital,Schu,Digital,SLF-LIL-PIS_DIP,Lily of the Valley Pistachio,Current,SLF-LIL-PIS_DIP,Lily of the Valley,Pistachio,Lily of the Valley-Pistachio,FABRIC,1,10.25,10.25,10.25,10.25,,0,0,0,,,,,
Quadrille Inc.,X-Customer,Non Schu,Screen Print,QUALino Oscar,OSCAR,Current,QUALino Oscar,Lino,Oscar,Lino -Oscar,FABRIC,60,0,0,9,,,0,0,0,,,,,
Quadrille Inc.,X-Customer,Non Schu,Screen Print,QUALino Westover,WESTOVER,Current,QUALino Westover,Lino,Westover,Lino -Westover,FABRIC,60,0,0,9,,,0,0,0,,,,,
EPIC TEXTILES,Screen Print,Schu,Screen Print,H73C-996 PFD WHITE,"LONDON/BEACHED & UNTREATED, MAX 62""W",Current,H73C-996 PFD WHITE,"LONDON/BEACHED & UNTREATED, MAX 62""W",White,"LONDON/BEACHED & UNTREATED, MAX 62""W-White",FABRIC,60,11.45,11.45,11.45,11.45,,0,0,0,,14.885,14.885,,
"P+W International Co., Ltd.",Screen Print,Schu,Screen Print,PNWMadagascar (Natural),Madagascar Raffia (Natural),Current,PNWMadagascar (Natural),Madagascar Raffia,Natural,Madagascar Raffia-Natural,GRASS,60,10,12.27,10,10,,0,0,0,,,,,6
Brooklyn Navy Yard,Digital,Schu,Digital,ENG5018110W-60-BNY,"Palazzo 4 Panel Set Eng. Wings 60"" - ENG5018110W-60-BNY (Antique Blue)",Current,ENG5018110W-60-BNY,"Palazzo 4 Panel Set Eng. Wings 60"" - ENG5018110W-60-BNY (Antique Blue)",,"Palazzo 4 Panel Set Eng. Wings 60"" - ENG5018110W-60-BNY (Antique Blue)-",,60,17.49,17.49,17.49,17.49,,0,0,0,,,,,
Brooklyn Navy Yard,Digital,Schu,Digital,ENG5018110W-72-BNY,"Palazzo 4 Panel Set Eng. Wings 72"" - ENG5018110W-72-BNY (Antique Blue)",Current,ENG5018110W-72-BNY,"Palazzo 4 Panel Set Eng. Wings 72"" - ENG5018110W-72-BNY (Antique Blue)",,"Palazzo 4 Panel Set Eng. Wings 72"" - ENG5018110W-72-BNY (Antique Blue)-",,60,14.01,14.01,14.01,14.01,,0,0,0,,,,,
EPIC TEXTILES,Screen Print,Schu,Screen Print,PARComo PFP Bleached,100% Linen (7.5 oz/sqyd),Old,PARComo Bleached,PARComo Bleached,Bleached,PARComo Bleached-Bleached,FABRIC,60,10.44,10.44,10.44,10.44,,0,0,0,,13.572,13.572,1-2 weeks,0.5
LIBECO,Screen Print,Schu,Screen Print,PARP139 Opt White,P139 Opt White 142cm,Old,PARComo Bleached,PARComo Bleached,Bleached,PARComo Bleached-Bleached,FABRIC,60,18.8,18.8,18.8,8.95,,0,0,0,,,,,
EPIC TEXTILES,Screen Print,Schu,Screen Print,PARComo Natural,100% Linen (7.5 oz/sqyd),Old,PARComo Semi-Natural,PARComo Semi-Natural,Semi-Natural,PARComo Semi-Natural-Semi-Natural,FABRIC,60,11.25,11.25,11.25,11.25,,0,0,0,,14.625,14.625,1-2 weeks,0.5
OMNI W.C. INC,Screen Print,Schu,Screen Print,"PARGR-FS 5009161 30"" 500y","PARGR-FS 5009161 30"" 500y",Current,"PARGR-FS 5009161 30"" 500y","PARGR-FS 5009161 30"" 500y",,"PARGR-FS 5009161 30"" 500y-",PAPER,30,1.18,1.18,1.18,1.18,,0,0,0,,,,,1.5
LIBECO,Screen Print,Schu,Screen Print,PARL493Oatmeal,L493 Oatmeal Sanfor 140 R05,Old,PARLeon Bleached,PARLeon Bleached,Bleached,PARLeon Bleached-Bleached,FABRIC,60,21.5,21.5,21.5,21.5,,0,0,0,,,,,
Greige Textiles,X-Customer,Schu,Screen Print,GRTL493 Oyster,L493-0021,Old,PARLeon Bleached,PARLeon Bleached,Bleached,PARLeon Bleached-Bleached,FABRIC,60,0,0,21.5,21.5,,0,0,0,,,,,
PREMEX SOLUTIONS,Digital,Schu,Digital,BNYPheonix,Pheonix (2458),Current,BNYPheonix,Pheonix (2458),,Pheonix (2458)-,FABRIC,60,5.94,5.94,5.94,5.94,,0,0,0,,,,,
Screen-Trans Development Corp.,Screen Print,Schu,Screen Print,SKOPHIL-MBD-SCT,PHILLIP HERRING PRINTING,Current,SKOPHIL-MBD-SCT,PHILLIP HERRING PRINTING,,PHILLIP HERRING PRINTING-,FABRIC,60,11,11,11,11,,0,0,0,,,,,
ASCENT DECOR PRIVATE LIMITED,Screen Print,Schu,Screen Print,PLN-5539 (Ivory),PLN-5539 (Ivory),Current,PLN-5539 (Ivory),PLN-5539,Ivory,PLN-5539-Ivory,FABRIC,60,4.1,4.1,4.1,4.1,,0,0,0,,,,,
ASCENT DECOR PRIVATE LIMITED,Screen Print,Schu,Screen Print,PLN-5569 (01),PLN-5569 (01),Current,PLN-5569 (01),PLN-5569,01,PLN-5569-01,FABRIC,60,14.2,14.2,14.2,14.2,,0,0,0,,,,,
OMNI W.C. INC,Digital,Schu,Digital,"BNYDG2058 56"" 50Y","56"" 9PT TYPE I PVC FREE (WHITE)",Current,"BNYDG2058 56"" 50Y",PVC Free,White,PVC Free-White,PAPER,56,3.5,3.5,3.5,3.5,,0,0,0,,,,,
Quadrille Inc.,X-Customer,Non Schu,Screen Print,QUASuncloth,QUASuncloth White,Current,QUASuncloth,QUASuncloth White,,QUASuncloth White-,FABRIC,60,0,0,0,0,,0,0,0,,,,,
TWIL WALLCOVERINGS,Screen Print,Schu,Screen Print,PARFAB255,Seneca Sisal,Old,PNWFAB225 SENECA,Seneca Sisal,,Seneca Sisal-,GRASS,36,10.95,11.25,10.95,10.95,,0,0,0,,14.235,14.235,8-10 weeks,6
"P+W International Co., Ltd.",Screen Print,Schu,Screen Print,PNWFAB225 SENECA,PNWFAB225 SENECA,Current,PNWFAB225 SENECA,Seneca Sisal,,Seneca Sisal-,GRASS,36,8,9.55,8,8,,0,0,0,,,,,6
"NEENAH, INC",X-Customer,Schu,Digital,HOSDigiscape,Smooth Matte,Current,HOSDigiscape,Smooth Matte,,Smooth Matte-,PAPER,54,0,0,0,0,,0,0,0,,,,,
RTE Machinery,Screen Print,Schu,Screen Print,PARSussex Bleached RTE,55% Linen / 45% Cotton,Old,PARSussex Bleached DWL,Sussex Bleached,,Sussex Bleached-,FABRIC,60,9.24,9.24,8.2,8.2,,0,0,0,,7.8,7.8,,
Parthenon Prints Inc,X-Customer,Schu,Screen Print,PARSussex Bleached,55%Linen / 45% Cotton,Old,PARSussex Bleached DWL,Sussex Bleached,,Sussex Bleached-,FABRIC,60,6,6,8.2,8.2,,0,0,0,,10.66,10.66,,
Parthenon Prints Inc,Screen Print,Schu,Screen Print,PARSussex Natural,55% Linen / 45% Cotton,Old,PARSussex Natural DWL,SUSSEX-NATURAL,,SUSSEX-NATURAL -,FABRIC,60,6,6,8.2,8.2,,0,0,0,,10.66,10.66,,
UNICRAFT TEXTILES,Screen Print,Schu,Screen Print,PARSussex Natural UNI,PARSussex Natural UNI,Old,PARSussex Natural DWL,SUSSEX-NATURAL,,SUSSEX-NATURAL -,FABRIC,60,11.5,11.5,8.2,8.2,,0,0,0,,,,,
OMNI W.C. INC,X-Customer,Non Schu,Screen Print,HOSDG-2043 50Y,TYPE II PVC FREE VINYL,Current,HOSDG-2043 50Y,TYPE II PVC FREE VINYL,,TYPE II PVC FREE VINYL-,GRASS,54,0,0,,,,0,0,0,,,,,
WALLQUEST,Digital,Schu,Digital,BNY Vinyl Sisal,BNY Vinyl Sisal,Old,"BNYDGC57-V2NW-BW 57"" 100Y",Type II Sand Embossed,Bright White,Type II Sand Embossed-Bright White,PAPER,57,5.1,5.1,5.1,5.1,,0,0,0,,,,8-10 weeks,1.5
Universal Converters & Importers,X-Customer,Schu,Screen Print,UCISC1916T,TWIL SC1916T,Current,UCISC1916T,UCISC1916T,,UCISC1916T-,GRASS,36,0,0,7.45,,,0,0,0,,,,,0.5
HOSPITALITY,X-Customer,Schu,Digital,"HOSUfmMatte 54"" 25Y",Ultraflex Matte Vinyl,Current,"HOSUfmMatte 54"" 25Y",Ultraflex Matte Vinyl,,Ultraflex Matte Vinyl-,GRASS,54,0,0,0,0,,0,0,0,,,,,
TWIL WALLCOVERINGS,Screen Print,Schu,Screen Print,PARWS4748,WS4748,Current,PARWS4748,WS4748,,WS4748-,GRASS,36,7.7,7.7,7.7,7.7,,0,0,0,,10.01,10.01,8-10 weeks,6
TWIL WALLCOVERINGS,Screen Print,Schu,Screen Print,PARMD4033 (Mineral),PARMD4033 (Mineral),Current,PARMD4033 (Mineral),PARMD4033,Mineral,PARMD4033-Mineral,GRASS,36,7.7,7.7,7.7,7.7,,0,0,0,,,,,6
OMNI W.C. INC,Screen Print,Schu,Screen Print,Silver Mylar (DG-2011),Silver Mylar (DG-2011),Current,Silver Mylar (DG-2011),Silver Mylar (DG-2011),,Silver Mylar (DG-2011)-,PAPER,30,6.95,6.95,6.95,6.95,,0,0,0,,,,,1.5
OMNI W.C. INC,Screen Print,Schu,Screen Print,"PARCPG7100 30"" 200Y","WHITE COATED PAPER 30"" 200Yds",Current,"PARCPG7100 30"" 200Y","WHITE COATED PAPER 30"" 200Yds",,"WHITE COATED PAPER 30"" 200Yds-",PAPER,30,1.14,1.14,1.14,1.14,,0,0,0,,,,,1.5
OMNI W.C. INC,Digital,Non Schu,Digital,HOSDG-2096 100Y,TYPE II PS WHITE,Current,HOSDG-2096 100Y,TYPE II PS WHITE,,TYPE II PS WHITE-,PAPER,54,0,0,0,0,,0,0,0,,,,,1.5
TWIL WALLCOVERINGS,Screen Print,Schu,Screen Print,C4523RSP,C4523RSP,Current,C4523RSP,C4523RSP,,C4523RSP-,GRASS,36,7.7,7.7,7.7,7.7,,0,0,0,,,,,6
Griswold,X-Customer,Schu,Screen Print,PAR377 NATURAL,377 NATURAL,Current,PAR377 NATURAL,377,Natural,377-Natural,FABRIC,60,12,12,12,12,,0,0,0,PAR377 NATURAL,,,,
Griswold,Screen Print,Schu,Screen Print,PAR2-ply (Natural),100% Cotton (2PLY NATURAL),Current,PAR2-ply (Natural),2 Ply,Natural,2 Ply-Natural,FABRIC,60,8.75,8.75,8.75,8.75,,0,0,0,PAR2-ply (Natural),11.375,11.375,,
It Supplies,Screen Print,Schu,Screen Print,Acetate,MAGIC SCF7 CLEAR GLOSS POLYESTER FILM,Current,Acetate,Acetate,,Acetate-,INK,60,24.18,24.18,24.18,24.18,,0,0,0,MAGIC SCF7 CLEAR GLOSS POLYESTER FILM,0,0,1-2 weeks,0.5
AHLSTROM NONWOVENS LLC,Digital,Schu,Digital,"BNYAhlstrom 60"" 100Y",UNCOATED NONWOVEN (WHITE),Old,"BNYAhlstrom 60"" 200Y",Ahlstrom,White,Ahlstrom-White,PAPER,60,2.1,2.1,2.1,2.1,,0,0,0,"BNYAhlstrom 60"" 100Y",,,,
AHLSTROM NONWOVENS LLC,Digital,Schu,Digital,"BNYAhlstrom 60"" 300Y",UNCOATED NONWOVEN (WHITE),Old,"BNYAhlstrom 60"" 200Y",Ahlstrom,White,Ahlstrom-White,PAPER,60,2.1,2.1,2.1,2.1,,0,0,0,"BNYAhlstrom 60"" 300Y",,,,
ULTRAFLEX,Digital,Schu,Digital,"BNYUfmMatte 54"" 100Y",Ultraflex Matte Vinyl,Current,"BNYUfmMatte 54"" 100Y",Brewster White,White,Brewster White-White,PAPER,54,5.8,5.8,5.8,5.8,,0,0,0,"BNYUfmMatte 54"" 100Y",,,,
Cowtan and Tout,X-Customer,Schu,Screen Print,COW20498-01G Cork White,20498-01G CORK (WHITE),Current,COW20498-01G Cork White,COW20498-01G Cork White,White,COW20498-01G Cork White-White,PAPER,54,2,2,2,2,,0,0,0,COW20498-01G Cork White,0,0,,
"NEENAH, INC",Digital,Schu,Digital,BNYDreamscape vinyl,Dreamscape,Current,BNYDreamscape vinyl,Dreamscape,,Dreamscape-,PAPER,60,3,3,3,3,,0,0,0,BNYDreamscape vinyl,,,,
OMNI W.C. INC,Screen Print,Schu,Screen Print,"PARCPG7611 30"" Gold",GOLD PAPER,Current,"PARCPG7611 30"" Gold",GOLD PAPER,,GOLD PAPER -,PAPER,30,1.51,1.51,1.51,1.62,,0,0,0,"PARCPG7611 30"" Gold",2,2,4-6 weeks,1.5
OMNI W.C. INC,Screen Print,Schu,Screen Print,PARCPG7623 (Gold),"Gold Touch 30""",Current,PARCPG7623 (Gold),GOLD PAPER,,GOLD PAPER -,PAPER,60,1.62,1.62,1.62,1.62,,0,0,0,PARCPG7623 (Gold),2.106,2.11,,
Superior Felt & Filtration,Screen Print,Schu,Screen Print,PARGrey Wool Felt (Plain Finish),Grey Wool Felt (26N0250-82),Current,PARGrey Wool Felt (Plain Finish),Grey Wool Felt (26N0250-82),,Grey Wool Felt (26N0250-82)-,FABRIC,60,19.95,19.95,19.95,19.95,,0,0,0,PARGrey Wool Felt (Plain Finish),25.935,25.935,,
EPIC TEXTILES,Digital,Schu,Digital,BNYHampton,"100% Linen 58/60""",Old,PARHampton,Hampton,White,Hampton-White,FABRIC,60,15.45,15.45,15.45,15.45,,0,0,0,PARLeon Bleached,17,17,1-2 weeks,0.5
BREWSTER HOME FASIONS,Digital,Schu,Screen Print,BNY5004716 48y Brewster Ivory,Brewster Sisal 48y (Ivory),Old,PNW5004716 Ivory,HARUKI SISAL,Ivory,HARUKI SISAL -Ivory,GRASS,36,6.19,5.9,6.19,4.78,,0,0,0,PNW5004716 Ivory,9,7,8-10 weeks,6
BREWSTER HOME FASIONS,Digital,Schu,Screen Print,BNY5004716 96y Brewster Ivory,Brewster Sisal 96y (Ivory),Old,PNW5004716 Ivory,HARUKI SISAL,Ivory,HARUKI SISAL -Ivory,GRASS,36,6.19,5.9,6.19,4.78,,0,0,0,PNW5004716 Ivory,9,7,8-10 weeks,6
"P+W International Co., Ltd.",Digital,Schu,Screen Print,PW Sisal 96,PW Sisal 96,Old,PNW5004716 Ivory,HARUKI SISAL,Ivory,HARUKI SISAL -Ivory,GRASS,36,4.66,5.9,4.78,4.78,,0,0,0,PNW5004716 Ivory,9,7,8-10 weeks,6
TWIL WALLCOVERINGS,Digital,Schu,Screen Print,BNY5004716 48y Ivory,HARUKI SISAL IVORY,Old,PNW5004716 Ivory,HARUKI SISAL,Ivory,HARUKI SISAL -Ivory,GRASS,36,7.7,5.9,7.7,4.78,,0,0,0,PNW5004716 Ivory,9,7,8-10 weeks,6
TWIL WALLCOVERINGS,Digital,Schu,Screen Print,BNY5004716 96y Ivory,Haruki Sisal 96,Old,PNW5004716 Ivory,HARUKI SISAL,Ivory,HARUKI SISAL -Ivory,GRASS,36,7.7,5.9,7.7,4.78,,0,0,0,PNW5004716 Ivory,9,7,8-10 weeks,6
"P+W International Co., Ltd.",Screen Print,Schu,Screen Print,PNW5010859 Blue Grey,HARUKI SISAL: 5010859 BLUE GREY,Current,PNW5010859 Blue Grey,HARUKI SISAL,Blue Grey,HARUKI SISAL -Blue Grey,GRASS,36,4.78,5.9,4.66,4.66,,0,0,0,PNW5010859 Blue Grey,9,7,8-10 weeks,6
TWIL WALLCOVERINGS,Screen Print,Schu,Screen Print,PAR5004720 Charcoal,5004720 HARUKI SISAL (CHARCOAL),Old,PNW5004720 Charcoal,HARUKI SISAL,Charcoal,HARUKI SISAL -Charcoal,GRASS,36,7.7,5.9,7.7,4.66,,0,0,0,PNW5004720 Charcoal,9,7,8-10 weeks,6
TWIL WALLCOVERINGS,Screen Print,Schu,Screen Print,PAR5010855 Cloud,HARUKI SISAL Color: CLOUD,Old,PNW5010855 Cloud,HARUKI SISAL,Cloud,HARUKI SISAL -Cloud,GRASS,36,7.7,5.9,7.7,4.66,,0,0,0,PNW5010855 Cloud,9,7,8-10 weeks,6
TWIL WALLCOVERINGS,Screen Print,Schu,Screen Print,PAR5004706 Cornflower,5004706 HARUKI SISAL: CORNFLOWER,Old,PNW5004706 Cornflower,HARUKI SISAL,Cornflower,HARUKI SISAL -Cornflower,GRASS,36,7.45,5.9,7.45,4.66,,0,0,0,PNW5004706 Cornflower,9,7,8-10 weeks,6
F. SCHUMACHER & CO,Screen Print,Schu,Screen Print,SCH5010852 Dove,HARUKI SISAL 5010852 DOVE,Old,PNW5010852 Dove,HARUKI SISAL,Dove,HARUKI SISAL -Dove,GRASS,36,4.6,5.9,4.6,4.66,,0,0,0,PNW5010852 Dove,9,7,8-10 weeks,6
TWIL WALLCOVERINGS,Screen Print,Schu,Screen Print,PAR5004702 Driftwood,HARUKI SISAL 5004702 Driftwood,Old,PNW5004702 Driftwood,HARUKI SISAL,Driftwood,HARUKI SISAL -Driftwood,GRASS,36,7.7,5.9,7.7,4.66,,0,0,0,PNW5004702 Driftwood,9,7,8-10 weeks,6
TWIL WALLCOVERINGS,Screen Print,Schu,Screen Print,PAR5004729 Flax,5004729 HARUKI SISAL: FLAX,Old,PNW5004729 Flax,HARUKI SISAL,Flax,HARUKI SISAL -Flax,GRASS,36,7.7,5.9,7.7,4.66,,0,0,0,PNW5004729 Flax,9,7,8-10 weeks,6
TWIL WALLCOVERINGS,Screen Print,Schu,Screen Print,PAR5004727 Garnet,HARUKI SISAL Color: GARNET,Old,PNW5004727 Garnet,HARUKI SISAL,Garnet,HARUKI SISAL -Garnet,GRASS,36,7.7,5.9,7.7,4.66,,0,0,0,PNW5004727 Garnet,9,7,8-10 weeks,6
TWIL WALLCOVERINGS,Screen Print,Schu,Screen Print,PAR5004718 Haze,5004718 HARUKI SISAL HAZE,Old,PNW5004718 Haze,HARUKI SISAL,Haze,HARUKI SISAL -Haze,GRASS,36,7.45,5.9,7.45,4.66,,0,0,0,PNW5004718 Haze,9,7,8-10 weeks,6
TWIL WALLCOVERINGS,Screen Print,Schu,Screen Print,PAR5004722 Indigo,5004722 HARUKI SISAL: INDIGO,Old,PNW5004722 Indigo,HARUKI SISAL,INDIGO,HARUKI SISAL -Indigo,GRASS,36,7.45,5.9,7.45,4.66,,0,0,0,PNW5004722 Indigo,9,7,8-10 weeks,6
TWIL WALLCOVERINGS,Screen Print,Schu,Screen Print,PARBA06RSP Blue,Regular Weave Sisal (Blue),Old,PNW5004722 Indigo,HARUKI SISAL,INDIGO,HARUKI SISAL -Indigo,GRASS,36,7.7,5.9,7.7,4.66,,0,0,0,PNW5004722 Indigo,9,7,8-10 weeks,6
"P+W International Co., Ltd.",Screen Print,Schu,Screen Print,PNW5002197 (Ivory),ONNA SISAL 5002197 IVORY,Old,PNW5004716 Ivory,HARUKI SISAL,Ivory,HARUKI SISAL -Ivory,GRASS,36,4.78,5.9,4.78,4.78,,0,0,0,ONNA SISAL 5002197 IVORY,9,7,8-10 weeks,6
TWIL WALLCOVERINGS,Screen Print,Schu,Screen Print,PAR5004716 48y Ivory,5004716 HARUKI SISAL IVORY,Old,PNW5004716 Ivory,HARUKI SISAL,Ivory,HARUKI SISAL -Ivory,GRASS,36,7.45,5.9,7.45,4.78,,0,0,0,PNW5004716 Ivory,9,7,8-10 weeks,6
TWIL WALLCOVERINGS,Screen Print,Schu,Screen Print,PARSG2215 Buttercream,SISAL BUTTERCREAM,Old,PNW5004716 Ivory,HARUKI SISAL,Ivory,HARUKI SISAL -Ivory,GRASS,36,7.7,5.9,7.7,4.78,,0,0,0,PNW5004716 Ivory,9,7,8-10 weeks,6
TWIL WALLCOVERINGS,Screen Print,Schu,Screen Print,PAR5004715 Jet,HARUKI SISAL Color: JET,Old,PNW5004715 Jet,HARUKI SISAL,Jet,HARUKI SISAL -Jet,GRASS,36,7.7,5.9,7.7,4.66,,0,0,0,PNW5004715 Jet,9,7,8-10 weeks,6
TWIL WALLCOVERINGS,Screen Print,Schu,Screen Print,PAR5004719 Mandarin,5004719 MANDARIN,Old,PNW5004719 Mandarin,HARUKI SISAL,Mandarin,HARUKI SISAL -Mandarin,GRASS,36,7.7,5.9,7.7,4.66,,0,0,0,PNW5004719 Mandarin,9,7,8-10 weeks,6
TWIL WALLCOVERINGS,Screen Print,Schu,Screen Print,PAR5010857 Mineral,5010857 HARUKI SISAL MINERAL,Old,PNW5010857 Mineral,HARUKI SISAL,Mineral,HARUKI SISAL -Mineral,GRASS,36,7.7,5.9,7.7,4.66,,0,0,0,PNW5010857 Mineral,9,7,8-10 weeks,6
TWIL WALLCOVERINGS,Screen Print,Schu,Screen Print,PAR5010856 Mist,5010856 - HARUKI SISAL: MIST,Old,PNW5010856 Mist,HARUKI SISAL,Mist,HARUKI SISAL -Mist,GRASS,36,7.45,5.9,7.45,4.66,,0,0,0,PNW5010856 Mist,9,7,8-10 weeks,6
TWIL WALLCOVERINGS,Screen Print,Schu,Screen Print,PAR5004703 Mocha,5004703 HARUKI SISAL: MOCHA,Old,PNW5004703 Mocha,HARUKI SISAL,Mocha,HARUKI SISAL -Mocha,GRASS,36,7.7,5.9,7.7,4.66,,0,0,0,PNW5004703 Mocha,9,7,8-10 weeks,6
TWIL WALLCOVERINGS,Screen Print,Schu,Screen Print,PAR5004707 Nile,HARUKI SISAL: NILE,Old,PNW5004707 Nile,HARUKI SISAL,Nile,HARUKI SISAL -Nile,GRASS,36,7.7,5.9,7.7,4.66,,0,0,0,PNW5004707 Nile,9,7,8-10 weeks,6
TWIL WALLCOVERINGS,Screen Print,Schu,Screen Print,PAR5004701 Oatmeal,5004701 HARUKI SISAL: OATMEAL,Old,PNW5004701 Oatmeal,HARUKI SISAL,Oatmeal,HARUKI SISAL -Oatmeal,GRASS,36,7.45,5.9,7.45,4.66,,0,0,0,PNW5004701 Oatmeal,9,7,8-10 weeks,6
TWIL WALLCOVERINGS,Screen Print,Schu,Screen Print,PAR5004728 Parchment,HARUKI SISAL Color: Parchment,Old,PNW5004728 Parchment,HARUKI SISAL,Parchment,HARUKI SISAL -Parchment,GRASS,36,7.7,5.9,7.7,4.66,,0,0,0,PNW5004728 Parchment,9,7,8-10 weeks,6
TWIL WALLCOVERINGS,Screen Print,Schu,Screen Print,PAR5004712 Peacock,5004712 HARUKI SISAL PEACOCK,Old,PNW5004712 Peacock,HARUKI SISAL,Peacock,HARUKI SISAL -Peacock,GRASS,36,7.7,5.9,7.7,4.66,,0,0,0,PNW5004712 Peacock,9,7,8-10 weeks,6
TWIL WALLCOVERINGS,Screen Print,Schu,Screen Print,PAR5010851 Petal,5010851 HARUKI SISAL PETAL,Old,PNW5010851 Petal,HARUKI SISAL,Petal,HARUKI SISAL -Petal,GRASS,36,7.7,5.9,7.7,4.66,,0,0,0,PNW5010851 Petal,9,7,8-10 weeks,6
TWIL WALLCOVERINGS,Screen Print,Schu,Screen Print,PAR5004721 Plum,5004724 HAURKI SISAL PLUM,Old,PNW5004721 Plum,HARUKI SISAL,Plum,HARUKI SISAL -Plum,GRASS,36,7.7,5.9,7.7,4.66,,0,0,0,PNW5004721 Plum,9,7,8-10 weeks,6
TWIL WALLCOVERINGS,Screen Print,Schu,Screen Print,PAR5004705 Robin's Egg,5004705 HARUKI SISAL,Old,PNW5004705 Robin's Egg,HARUKI SISAL,Robins,HARUKI SISAL -Robins,GRASS,36,7.7,5.9,7.7,4.66,,0,0,0,PNW5004705 Robin's Egg,9,7,8-10 weeks,6
TWIL WALLCOVERINGS,Screen Print,Schu,Screen Print,PAR5004710 Sage,5008222 HARUKI SISAL SAGE,Old,PNW5004710 Sage,HARUKI SISAL,Sage,HARUKI SISAL -Sage,GRASS,36,7.7,5.9,7.7,4.66,,0,0,0,PNW5004710 Sage,9,7,8-10 weeks,6
TWIL WALLCOVERINGS,Screen Print,Schu,Screen Print,PAR5010850 Sand,5010850 HARUKI SISAL: SAND,Old,PNW5010850 Sand,HARUKI SISAL,Sand,HARUKI SISAL -Sand,GRASS,36,7.7,5.9,7.7,4.66,,0,0,0,PNW5010850 Sand,9,7,8-10 weeks,6
"P+W International Co., Ltd.",Screen Print,Schu,Screen Print,PNW5004717 Lavender,5004717 HARUKI SISAL LAVENDER,Old,PNW5004717 Seaglass,HARUKI SISAL,Seaglass,HARUKI SISAL -Seaglass,GRASS,36,4.78,5.9,4.66,4.66,,0,0,0,PNW5004717 Lavender,9,7,8-10 weeks,6
TWIL WALLCOVERINGS,Screen Print,Schu,Screen Print,PAR5004717 Seaglass,HARUKI SISAL Color: SEAGLASS,Old,PNW5004717 Seaglass,HARUKI SISAL,Seaglass,HARUKI SISAL -Seaglass,GRASS,36,7.7,5.9,7.7,4.66,,0,0,0,PNW5004717 Seaglass,9,7,8-10 weeks,6
TWIL WALLCOVERINGS,Screen Print,Schu,Screen Print,PAR5004711 Sepia,5004711 - HARUKI SISAL: SEPIA,Old,PNW5004711 Sepia,HARUKI SISAL,Sepia,HARUKI SISAL -Sepia,GRASS,36,7.45,5.9,7.45,4.66,,0,0,0,PNW5004711 Sepia,9,7,8-10 weeks,6
TWIL WALLCOVERINGS,Screen Print,Schu,Screen Print,PAR5004700 Silver,5004700 HARUKI SISAL: SILVER,Old,PNW5004700 Silver,HARUKI SISAL,SILVER,HARUKI SISAL -Silver,GRASS,36,7.45,5.9,7.45,4.66,,0,0,0,PNW5004700 Silver,9,7,8-10 weeks,6
TWIL WALLCOVERINGS,Screen Print,Schu,Screen Print,PARBA244 Silver,BA244 SILVER,Current,PARBA244 Silver,BA244 SILVER,SILVER,BA244 SILVER-Silver,GRASS,36,7.7,5.9,7.7,4.66,,0,0,0,PNW5004700 Silver,9,7,8-10 weeks,6
TWIL WALLCOVERINGS,Screen Print,Schu,Screen Print,PAR5004713 Water Blue,5004713 HARUKI SISAL: WATER BLUE,Old,PNW5004713 Water Blue,HARUKI SISAL,Waterblue,HARUKI SISAL -Waterblue,GRASS,36,7.45,5.9,7.45,4.66,,0,0,0,PNW5004713 Water Blue,9,7,8-10 weeks,6
Universal Converters & Importers,X-Customer,Schu,Screen Print,UCISG2203 Brown,SG2203 BROWN,Old,PARSG2203 Brown,HARUKI SISAL,Brown,HARUKI SISAL -Brown,GRASS,36,7.7,7.7,7.7,7.7,,0,0,0,UCISG2203 Brown,9,7,8-10 weeks,6
F. SCHUMACHER & CO,X-Customer,Schu,Screen Print,SCH5004706 Cornflower,5004706 HARUKI SISAL: CORNFLOWER,Old,PNW5004706 Cornflower,HARUKI SISAL,Cornflower,HARUKI SISAL -Cornflower,GRASS,36,4.78,5.9,4.6,4.66,,0,0,0,PNW5004706 Cornflower,9,7,8-10 weeks,6
F. SCHUMACHER & CO,X-Customer,Schu,Screen Print,SCH5004716 Ivory,5004716 HARUKI SISAL IVORY,Old,PNW5004716 Ivory,HARUKI SISAL,Ivory,HARUKI SISAL -Ivory,GRASS,36,4.78,5.9,4.6,4.78,,0,0,0,PNW5004716 Ivory,9,7,8-10 weeks,6
F. SCHUMACHER & CO,X-Customer,Schu,Screen Print,SCH5008840 PAPERWEAVE (WHITE),5008840 PAPERWEAVE (WHITE),Old,PNW5008840 PAPERWEAVE (WHITE),HARUKI SISAL,Paperweave white,HARUKI SISAL -Paperweave white,GRASS,36,7.45,5.9,7.45,4.66,,0,0,0,PNW5008840 PAPERWEAVE (WHITE),9,7,8-10 weeks,6
LAMITECH,Screen Print,Schu,Screen Print,PARBM-6725 Gold,Lamitech Mylar,Current,PARBM-6725 Gold,Lamitech Mylar,Gold,Lamitech Mylar-Gold,PAPER,30,7.7,7.7,7.7,7.7,,0,0,0,"PARCPG7611 30"" Gold",2,2,4-6 weeks,1.5
Griswold,Screen Print,Schu,Screen Print,PARPolishedCotton,GRISWOLD POLISHED COTTON,Old,PARFrench Twill (White),"MSF-WHT-59/60"" (White)",White,"MSF-WHT-59/60"" (White)-White",FABRIC,60,8.75,8.75,8.75,8.75,,0,0,0,PARPolishedCotton,11.5,11.5,2-3 weeks,0.75
NEU KALISS SPZIALPAPIER,Digital,Schu,Digital,"BNYNeuKaliss 60"" 100Y",UNCOATED NON-WOVEN (WHITE),Old,"BNYNeuKaliss 60"" 315Y",Neu Kaliss,,Neu Kaliss -,PAPER,60,1.21,1.62,1.21,1.21,,0,0,0,"BNYNeuKaliss 60"" 315Y",,,,1
NEU KALISS SPZIALPAPIER,Digital,Schu,Digital,"BNYNeuKaliss 60"" 200Y",UNCOATED NON-WOVEN (WHITE),Old,"BNYNeuKaliss 60"" 315Y",Neu Kaliss,,Neu Kaliss -,PAPER,60,1.21,1.62,1.21,1.21,,0,0,0,"BNYNeuKaliss 60"" 315Y",,,,1
NEU KALISS SPZIALPAPIER,Digital,Schu,Digital,"BNYNeuKaliss 60"" 300Y",UNCOATED NON-WOVEN (WHITE),Old,"BNYNeuKaliss 60"" 315Y",Neu Kaliss,,Neu Kaliss -,PAPER,60,1.21,1.62,1.21,1.21,,0,0,0,"BNYNeuKaliss 60"" 315Y",,,,1
OMNI W.C. INC,Screen Print,Schu,Screen Print,"PARCPG7100 36"" 500Y",WHITE COATED PAPER,Current,"PARCPG7100 36"" 500Y","Omni 7100 40""","36""","Omni 7100 40""-36""",PAPER,36,1.74,1.74,1.74,1.74,,0,0,0,"PARCPG7100 36"" 500Y",2.4,2.4,2-4 weeks,1
OMNI W.C. INC,Digital,Schu,Digital,"BNYCPG7100 60"" 120Y","60"" COATED PAPER (WHITE)",Old,"BNYCPG7100 60"" 210Y","Omni 7100 60""","60""","Omni 7100 60""-60""",PAPER,60,1.83,1.83,1.83,1.83,,0,0,0,"BNYCPG7100 60"" 120Y",,,2-4 weeks,1
OMNI W.C. INC,Digital,Schu,Digital,Omni 7100,Coated Material,Old,"BNYCPG7100 60"" 210Y","Omni 7100 60""","60""","Omni 7100 60""-60""",PAPER,60,1.84,1.84,1.84,1.84,,0,0,0,"PARCPG7100 40"" 250Y",,,2-4 weeks,1
SENTEC INTERNATIONAL,Digital,Schu,Digital,BNYDesardi,COATED NON-WOVEN,Old,"BNYCPG7100 60"" 210Y","Omni 7100 60""","60""","Omni 7100 60""-60""",PAPER,60,2.75,2.75,2.75,1.84,,0,0,0,"BNYCPG7100 60"" 210Y",,,2-4 weeks,1
SENTEC INTERNATIONAL,Digital,Schu,Digital,DESARDI ECO FLEECE,COATED NON-WOVEN,Old,"BNYCPG7100 60"" 210Y","Omni 7100 60""","60""","Omni 7100 60""-60""",PAPER,60,2.75,2.75,2.75,1.84,,0,0,0,"BNYCPG7100 60"" 210Y",,,2-4 weeks,1
OMNI W.C. INC,Screen Print,Schu,Screen Print,"PARCPG7100 60"" 120Y",WHITE COATED PAPER,Old,"BNYCPG7100 60"" 210Y","Omni 7100 60""","60""","Omni 7100 60""-60""",PAPER,60,1.84,1.84,1.84,1.84,,0,0,0,"PARCPG7100 60"" 120Y",2.4,2.4,2-4 weeks,1
OMNI W.C. INC,Digital,Schu,Digital,"BNYOM61Gold 30"" 50Y","30"" PAPER BACKED MYLAR (METALLIC)",Current,"BNYOM61Gold 30"" 50Y",Omni Metallic,Gold,Omni Metallic-Gold,PAPER,30,3.92,3.92,3.92,3.92,,0,0,0,"BNYOM61Gold 30"" 50Y",,,2-4 weeks,1
LAMITECH,Screen Print,Schu,Screen Print,PARBM-6724 Silver,Lamitech Mylar,Old,"PAROM60 Silver 30"" 50Y",Omni Metallic,SILVER,Omni Metallic-Silver,PAPER,30,7.7,7.7,7.7,7.7,,0,0,0,"PARCPG7611 30"" Silver",2,2,4-6 weeks,1.5
"P+W International Co., Ltd.",Screen Print,Schu,Screen Print,PNW5002191 Aqua,ONNA 5002191 SISAL AQUA,Current,PNW5002191 Aqua,Onna Sisal,Aqua,Onna Sisal-Aqua,GRASS,36,4.78,5.9,4.6,4.66,,0,0,0,PNW5002191 Aqua,9,7,8-10 weeks,6
"P+W International Co., Ltd.",Screen Print,Schu,Screen Print,PNW5002196 Beige,ONNA SISAL 5002196 BEIGE,Current,PNW5002196 Beige,Onna Sisal,Beige,Onna Sisal-Beige,GRASS,36,4.78,5.9,4.66,4.66,,0,0,0,ONNA SISAL 5002196 BEIGE,9,7,8-10 weeks,6
"P+W International Co., Ltd.",Screen Print,Schu,Screen Print,PNW5002195 Black,ONNA SISAL 5002195 BLACK,Current,PNW5002195 Black,Onna Sisal,Black,Onna Sisal-Black,GRASS,36,4.78,5.9,4.66,4.66,,0,0,0,ONNA SISAL 5002195 BLACK,9,7,8-10 weeks,6
"P+W International Co., Ltd.",Screen Print,Schu,Screen Print,PNW5002190 Paprika,ONNA SISAL 5002190 PAPRIKA,Current,PNW5002190 Paprika,Onna Sisal,Paprika,Onna Sisal-Paprika,GRASS,36,4.78,5.9,4.66,4.66,,0,0,0,ONNA SISAL 5002190 PAPRIKA,9,7,8-10 weeks,6
"P+W International Co., Ltd.",Screen Print,Schu,Screen Print,PNW5002193 Purple,ONNA SISAL 5002193 PURPLE,Current,PNW5002193 Purple,Onna Sisal,Purple,Onna Sisal-Purple,GRASS,36,4.78,5.9,4.66,4.66,,0,0,0,ONNA SISAL 5002193 PURPLE,9,7,8-10 weeks,6
LIBECO,Screen Print,Schu,Screen Print,PARP073Flax,P073 FLAX-0024 PFP 137,Current,PARP073Flax,P073 Fabric,Flax,P073 Fabric-Flax,FABRIC,60,18.46,18.46,18.46,18.46,,0,0,0,PARP073Flax,24,23.998,4-6 weeks,1.5
LIBECO,Screen Print,Schu,Screen Print,PARP073 Oyster,P073 OYSTER-0021 PFP 137,Current,PARP073 Oyster,P073 Fabric,Oyster,P073 Fabric-Oyster,FABRIC,60,18.89,18.89,18.89,18.89,,0,0,0,PARLeon Bleached,17,17,1-2 weeks,0.5
LIBECO,Screen Print,Schu,Screen Print,PARP191Oyster,P191 Oyster-0021 PFP 140 R05,Current,PARP191Oyster,P191,Oyster,P191-Oyster,FABRIC,60,25.26,25.26,25.26,25.26,,0,0,0,PARP191Oyster,32,32,4-6 weeks,1.5
LIBECO,Screen Print,Schu,Screen Print,PARP392OffWhite,P392 Off White 0207 Classic 140 R05,Current,PARP392OffWhite,P392 Fabric,Off White,P392 Fabric-Off White,FABRIC,60,14.57,14.57,14.57,14.57,,0,0,0,PARP392OffWhite,19,19,4-6 weeks,1.5
LIBECO,Screen Print,Schu,Screen Print,PARP470 oyster,P470 oyster-0021 Airo 140 R05,Current,PARP470 oyster,P470,Oyster,P470-Oyster,FABRIC,60,26.41,26.41,26.41,26.41,,0,0,0,PARP470 oyster,34,34,4-6 weeks,1.5
LIBECO,Screen Print,Schu,Screen Print,PARP744Flax,P744 Flax-0024 PFP 150 R05,Current,PARP744Flax,P744,Flax,P744-Flax,FABRIC,60,16.54,16.54,16.54,16.54,,0,0,0,PARP744Flax,21.5,21.502,4-6 weeks,1.5
LIBECO,Screen Print,Schu,Screen Print,PARP139 Oyster,P139 Oyster 142cm,Old,PARComo Bleached,PARComo Bleached,Bleached,PARComo Bleached-Bleached,FABRIC,60,17.29,17.29,17.29,8.95,,0,0,0,PARComo Bleached,11.5,11.5,1-2 weeks,0.5
LIBECO,Screen Print,Schu,Screen Print,PAR376W,100% Linen,Old,PARComo Bleached,PARComo Bleached,Bleached,PARComo Bleached-Bleached,FABRIC,60,16.45,16.45,16.45,8.95,,0,0,0,PARComo Bleached,,,,0.5
LIBECO,Screen Print,Schu,Screen Print,PARP139 Natural,P139 Natural 142cm,Old,PARComo Semi-Natural,PARComo Semi-Natural,Semi-Natural,PARComo Semi-Natural-Semi-Natural,FABRIC,60,17.94,17.94,17.94,8.95,,0,0,0,PARComo Bleached,11.5,11.5,1-2 weeks,0.5
ULSTER WEAVERS,Screen Print,Schu,Screen Print,PARTempleOatmeal,Temple Oatmeal,Old,PARComo Semi-Natural,PARComo Semi-Natural,Semi-Natural,PARComo Semi-Natural-Semi-Natural,FABRIC,60,16.95,16.95,16.95,11.25,,0,0,0,PARComo Unbleached,11.5,11.5,1-2 weeks,0.5
LIBECO,Screen Print,Schu,Screen Print,PARA435Oyster,A435 oyster PFP,Old,PARMadden Oyster PFP,PARMadden Oyster PFP,Oyster,PARMadden Oyster PFP-Oyster,FABRIC,60,12.42,10.37,12.42,8.6,,0,0,0,PARMadden Oyster PFP,16,16,4-6 weeks,3
ULSTER WEAVERS,Screen Print,Schu,Screen Print,PARMalone Oyster,UW MALONEOYSPFP,Old,PARMadden Oyster PFP,PARMadden Oyster PFP,Oyster,PARMadden Oyster PFP-Oyster,FABRIC,60,12.25,10.37,12.25,8.6,,0,0,0,PARMadden Oyster PFP,16,16,4-6 weeks,3
LIBECO,Screen Print,Schu,Screen Print,MSK336Oyster,oyster PFP,Old,PAROrbit Oyster,PAROrbit Oyster,Oyster,PAROrbit Oyster-Oyster,FABRIC,60,21.76,21.76,21.76,16.74,,0,0,0,PAROrbit Oyster,,,,
LIBECO,Screen Print,Schu,Screen Print,PARP336Oyster,oyster PFP,Old,PAROrbit Oyster,PAROrbit Oyster,Oyster,PAROrbit Oyster-Oyster,FABRIC,60,21.76,21.76,21.76,16.74,,0,0,0,PAROrbit Oyster,28,28,4-6 weeks,1.5
YORK WALLCOVERING,Digital,Schu,Digital,"BNYPD526 60"" 200Y",BREWSTER PEEL & STICK,Old,"BNYDG2061 60"" 250Y",Peel & Stick,White,Peel & Stick-White,PAPER,60,4.89,4.89,4.89,4.41,,0,0,0,"BNYDG2061 60"" 250Y",,,,2
Dolly Fabrics,Screen Print,Schu,Screen Print,PARSilk Taffetta,Dolly Silk Taffetta,Current,PARSilk Taffetta,Silk Taffetta,Taffetta,Silk Taffetta-Taffetta,FABRIC,60,40,40,40,40,,0,0,0,PARSilk Taffetta,52,52,4-6 weeks,1.5
OMNI W.C. INC,Screen Print,Schu,Screen Print,"PARCPG7611 30"" Silver",SILVER PAPER,Old,"PARCPG7600 30"" 500Y",SILVER PAPER,,SILVER PAPER-,PAPER,30,1.51,1.51,1.51,1.51,,0,0,0,"PARCPG7611 30"" Silver",2,2,4-6 weeks,1.5
SUMEC,Digital,Schu,Digital,BNYS5050-LC,50/50 Cotton-Linen Fabric,Current,BNYS5050-LC,Sumec Cotton Linen,,Sumec Cotton Linen-,PAPER,60,6.3,6.3,6.3,6.3,,0,0,0,BNYS5050-LC,,,,
SUMEC,Digital,Schu,Digital,BNYS1025-L,100% Linen Fabric,Current,BNYS1025-L,Sumec Linen,,Sumec Linen-,FABRIC,60,8.42,8.42,8.42,8.42,,0,0,0,BNYS1025-L,,,,
WALLQUEST,Digital,Schu,Digital,"BNYDGC57-V2NW-BW 57"" 100Y",T2 SAND EMBOSSED (NON-WOVEN BACKED/BRIGHT WHITE),Current,"BNYDGC57-V2NW-BW 57"" 100Y",Type II Sand Embossed,Bright White,Type II Sand Embossed-Bright White,PAPER,57,5.79,5.79,5.79,5.79,,0,0,0,"BNYDGC57-V2NW-BW 57"" 100Y",,,,1
ULSTER WEAVERS,Screen Print,Schu,Screen Print,PARKeel Oyster,Ulster Keel (Oyster),Current,PARKeel Oyster,Ulster Keel,Oyster,Ulster Keel-Oyster,FABRIC,60,20,23.35,20,20,,0,0,0,PARP336Oyster,28,28,4-6 weeks,1.5
Quadrille Inc.,Screen Print,Schu,Screen Print,"QUAOM01 30"" 250Y",WHITE MATTE VINYL,Old,"PAROM01 30"" 250Y",WHITE MATTE VINYL,,WHITE MATTE VINYL-,PAPER,30,1.62,1.62,1.62,1.62,,0,0,0,"PAROM01 30"" 250Y",2.2,2.2,4-6 weeks,1.5
BREWSTER HOME FASIONS,Digital,Non Schu,Digital,HOSBrewster White Matte,[VO203W Brewster White,Current,HOSBrewster White Matte,Brewster White,White,Brewster White-White,PAPER,54,6,0,0,0,,0,0,0,HOSBrewster White Matte,,,,
3form,Screen Print,Non Schu,Screen Print,3FMWhite Sheer,White Sheer (BBA 0-50-603),Current,3FMWhite Sheer,3FMWhite Sheer,,3FMWhite Sheer-,FABRIC,60,0,0,12,,,0,0,0,3FMWhite Sheer,,,,
Quadrille Inc.,X-Customer,Non Schu,Screen Print,QUAA308,A308 oyster-0021 PFP 142 R05,Current,QUAA308,A308 Fabric,Oyster,A308 Fabric-Oyster,FABRIC,60,0,0,15.73,15.73,,0,0,0,PARA308 Oyster,20,20,4-6 weeks,1.5
Quadrille Inc.,X-Customer,Non Schu,Screen Print,QUAA435Oyster,A435 oyster PFP,Current,QUAA435Oyster,A435 oyster PFP,Oyster,A435 oyster PFP-Oyster,FABRIC,60,0,0,0,12.42,,0,0,0,QUAA435Oyster,16,16,4-6 weeks,3
ULTRAFLEX,X-Customer,Non Schu,Screen Print,"HOSBaliHai 54"" 100Y",Bali Hai,Current,"HOSBaliHai 54"" 100Y",BaliHai Vinyl,White,BaliHai Vinyl-White,PAPER,54,0,0,2,0,,0,0,0,"HOSBaliHai 54"" 100Y",,,,
HOSPITALITY,X-Customer,Non Schu,Screen Print,"HOSBrewster-Osna 57"" 100Y",OSNABURG BACKED VINYL (WHITE),Current,"HOSBrewster-Osna 57"" 100Y",Brewster Osnaburg,White,Brewster Osnaburg -White,PAPER,57,0,0,4.25,0,,0,0,0,"HOSBrewster-Osna 57"" 100Y",0,0,,
HOSPITALITY,X-Customer,Non Schu,Screen Print,"HOSBrewster-Stippled 57"" 100Y",STIPPLED VINYL (WHITE),Current,"HOSBrewster-Stippled 57"" 100Y",Brewster Stippled,White,Brewster Stippled-White,PAPER,57,0,0,4.25,0,,0,0,0,"HOSBrewster-Stippled 57"" 100Y",0,0,,
Quadrille Inc.,X-Customer,Non Schu,Screen Print,QUACotton Sateen,Cotton Sateen,Current,QUACotton Sateen,Cotton Sateen,Sateen,Cotton Sateen-Sateen,FABRIC,60,0,0,9,,,0,0,0,PARCotton Sateen,12,12,,
Meg Braff Designs,X-Customer,Non Schu,Screen Print,MBD4522T Capri,MGC4522T - CAPRI,Current,MBD4522T Capri,HARUKI SISAL,Capri,HARUKI SISAL -Capri,GRASS,36,0,0,4.6,4.66,,0,0,0,PNW5004706 Cornflower,9,7,8-10 weeks,6
Quadrille Inc.,X-Customer,Non Schu,Screen Print,QUASG2215 Buttercream,SISAL BUTTERCREAM,Current,QUASG2215 Buttercream,HARUKI SISAL,Ivory,HARUKI SISAL -Ivory,GRASS,36,0,0,4.6,4.78,,0,0,0,PNW5004716 Ivory,9,7,8-10 weeks,6
Quadrille Inc.,X-Customer,Non Schu,Screen Print,QUASG2207RSP (LIGHT BROWN),SG2207RSP (LIGHT BROWN),Current,QUASG2207RSP (LIGHT BROWN),HARUKI SISAL,Mocha,HARUKI SISAL -Mocha,GRASS,36,0,0,4.6,4.66,,0,0,0,PNW5004703 Mocha,9,7,8-10 weeks,6
Quadrille Inc.,X-Customer,Non Schu,Screen Print,QUABA03RSP Oatmeal,Regular Weave Sisal (Oatmeal),Current,QUABA03RSP Oatmeal,HARUKI SISAL,Oatmeal,HARUKI SISAL -Oatmeal,GRASS,36,0,0,4.6,4.66,,0,0,0,PNW5004701 Oatmeal,9,7,8-10 weeks,6
Quadrille Inc.,X-Customer,Non Schu,Screen Print,QUABA244 Silver,BA244 SILVER,Current,QUABA244 Silver,HARUKI SISAL,SILVER,HARUKI SISAL -Silver,GRASS,36,0,0,4.6,4.66,,0,0,0,PNW5004700 Silver,9,7,8-10 weeks,6
WALLQUEST,X-Customer,Non Schu,Screen Print,Hospitality Vinyl Sisal,Hospitality Vinyl Sisal,Current,Hospitality Vinyl Sisal,Hospitality Vinyl Sisal,,Hospitality Vinyl Sisal-,PAPER,54,0,0,5,0,,0,0,0,Hospitality Vinyl Sisal,0,0,,
HOSPITALITY,X-Customer,Non Schu,Screen Print,HOSProtex PVC-Free,vinyl,Current,HOSProtex PVC-Free,HOSProtex PVC-Free,Free,HOSProtex PVC-Free-Free,PAPER,60,0,0,4,0,,0,0,0,HOSProtex PVC-Free,0,0,,
Quadrille Inc.,X-Customer,Non Schu,Screen Print,QUAP392OffWhite,P392 Off White 0207 Classic 140 R0S,Current,QUAP392OffWhite,P392 Fabric,Off White,P392 Fabric-Off White,FABRIC,60,0,0,14.57,14.57,,0,0,0,PARP392OffWhite,19,19,4-6 weeks,1.5
Quadrille Inc.,X-Customer,Non Schu,Screen Print,QUA336Oyster,oyster PFP,Current,QUA336Oyster,QUA336Oyster,Oyster,QUA336Oyster-Oyster,FABRIC,60,0,0,21.76,21.76,,0,0,0,QUA336Oyster,,,,
Quadrille Inc.,X-Customer,Non Schu,Screen Print,QUA376W,100% Linen,Current,QUA376W,QUA376W,W,QUA376W-W,FABRIC,60,0,0,8,16.45,,0,0,0,QUA376W,11.5,11.5,1-2 weeks,0.5
Quadrille Inc.,X-Customer,Non Schu,Screen Print,QUATempleOatmeal,Temple Oatmeal,Current,QUATempleOatmeal,QUATemple,Oatmeal,QUATemple-Oatmeal,FABRIC,60,0,0,1,3,,0,0,0,PARComo Unbleached,11.5,11.5,1-2 weeks,0.5
Quadrille Inc.,X-Customer,Non Schu,Screen Print,QUATempleOyster,Temple Oyster,Current,QUATempleOyster,QUATemple,Oyster,QUATemple-Oyster,FABRIC,60,0,0,1,3,,0,0,0,PARComo Bleached,11.5,11.5,1-2 weeks,0.5
Quadrille Inc.,X-Customer,Non Schu,Screen Print,QUASILK MATKA,Dolly Silk Matka,Current,QUASILK MATKA,Silk Matka,MATKA,Silk Matka -MATKA,FABRIC,60,0,0,39,,,0,0,0,QUASILK MATKA,50.7,50.7,,
Quadrille Inc.,X-Customer,Non Schu,Screen Print,QUASilk Taffetta,Dolly Silk Taffetta,Current,QUASilk Taffetta,Silk Taffetta,Taffetta,Silk Taffetta-Taffetta,FABRIC,60,0,0,40,40,,0,0,0,PARSilk Taffetta,52,52,4-6 weeks,1.5
Quadrille Inc.,X-Customer,Non Schu,Screen Print,QUATAJ Ecru,TAJ Ecru,Current,QUATAJ Ecru,Taj Fabric,Ecru,Taj Fabric -Ecru,FABRIC,60,0,0,9,,,0,0,0,PARComo Unbleached,11.5,11.5,1-2 weeks,0.5
Quadrille Inc.,X-Customer,Non Schu,Screen Print,QUATAJ Ivory,TAJ IVORY,Current,QUATAJ Ivory,Taj Fabric,Ivory,Taj Fabric -Ivory,FABRIC,60,0,0,9,,,0,0,0,PARComo Bleached,11.5,11.5,1-2 weeks,0.5
Carleton V Ltd.,X-Customer,Non Schu,Screen Print,CRVSC1916T,TWIL SC1916T,Current,CRVSC1916T,TWIL SC1916T,,TWIL SC1916T-,GRASS,36,0,0,7.45,,,0,0,0,CRVSC1916T,9,7,,
HOSPITALITY,X-Customer,Non Schu,Screen Print,"HOSDGC57-V2NW-OW 57"" 100Y",T2 SAND EMBOSSED (NON-WOVEN BACKED/OFF-WHITE),Current,"HOSDGC57-V2NW-OW 57"" 100Y",Type II Sand Embossed,Bright White,Type II Sand Embossed-Bright White,PAPER,57,0,0,5.8,0,,0,0,0,"HOSDGC57-V2NW-OW 57"" 100Y",,,,1
HOSPITALITY,X-Customer,Non Schu,Screen Print,"HOSUfmMatte 54"" 100Y",Ultraflex Matte Vinyl,Current,"HOSUfmMatte 54"" 100Y",Ultraflex Matte Vinyl,,Ultraflex Matte Vinyl-,PAPER,54,0,0,5,0,,0,0,0,"HOSUfmMatte 54"" 100Y",0,0,,
Quadrille Inc.,X-Customer,Non Schu,Screen Print,QUAWL410 Rust,WL410 JUTE RUST,Current,QUAWL410 Rust,WL410 JUTE,Rust,WL410 JUTE-Rust,GRASS,36,0,0,7.7,7.7,,0,0,0,QUAWL410 Rust,9,7,,
Mally Skok Design,X-Customer,Schu,Screen Print,MSK377 BLEACHED,377 BLEACHED,Old,PAR377 BLEACHED,377,Bleached,377-Bleached,FABRIC,60,0,0,12,12,,0,0,0,PAR377 BLEACHED,,,,
Mally Skok Design,X-Customer,Schu,Screen Print,MSK377 NATURAL,377 NATURAL,Old,PAR377 NATURAL,377,Natural,377-Natural,FABRIC,60,0,0,12,12,,0,0,0,PAR377 NATURAL,,,,
Tillett Textiles,X-Customer,Schu,Screen Print,TLT377 NATURAL,377 NATURAL,Old,PAR377 NATURAL,377,Natural,377-Natural,FABRIC,60,0,0,9,12,,0,0,0,PAR377 NATURAL,,,,
Kravet,X-Customer,Schu,Screen Print,KRVA308,A308 oyster-0021 PFP 142 R05,Old,PARA308 Oyster,A308 Fabric,Oyster,A308 Fabric-Oyster,FABRIC,60,0,0,15.73,15.73,,0,0,0,PARA308 Oyster,20,20,4-6 weeks,1.5
Meg Braff Designs,X-Customer,Schu,Screen Print,MBDSILK MATKA,Dolly Silk Matka,Old,PARSILK MATKA,Dolly Silk Matka,White,Dolly Silk Matka-White,FABRIC,60,0,0,30,,,0,0,0,MBDSILK MATKA,,,,1.5
Test Vendor,X-Customer,Schu,Screen Print,Peter Fasano Ground,PF Fabric Ground,Current,Peter Fasano Ground,FASANO,,FASANO-,FABRIC,60,0,0,0,0,,0,0,0,Peter Fasano Ground,0,0,,
FASANO,X-Customer,Schu,Screen Print,FASANO PUNTO,FASANO PUNTO,Current,FASANO PUNTO,FASANO PUNTO,,FASANO PUNTO-,FABRIC,60,0,0,9,9,,0,0,0,FASANO PUNTO,0,0,,
Universal Converters & Importers,X-Customer,Schu,Screen Print,UCINAT4108RSP Angora,NAT4108RSP ANGORA,Old,PARNAT4108RSP Angora,HARUKI SISAL,Angora,HARUKI SISAL -Angora,GRASS,36,0,0,4.6,4.66,,0,0,0,UCINAT4108RSP Angora,9,7,8-10 weeks,6
Meg Braff Designs,X-Customer,Schu,Screen Print,MBDHBD1018T Blanc,BLANC SISAL,Old,PARHBD1018T Blanc,HARUKI SISAL,Blanc,HARUKI SISAL -Blanc,GRASS,36,0,0,4.6,4.66,,0,0,0,PARHBD1018T Blanc,9,7,8-10 weeks,6
Universal Converters & Importers,X-Customer,Schu,Screen Print,UCIHBD1018T Blanc,BLANC SISAL,Old,PARHBD1018T Blanc,HARUKI SISAL,Blanc,HARUKI SISAL -Blanc,GRASS,36,0,0,4.6,4.66,,0,0,0,PARHBD1018T Blanc,9,7,8-10 weeks,6
F. SCHUMACHER & CO,X-Customer,Schu,Screen Print,SCH5004720 Charcoal,5004720 HARUKI SISAL (CHARCOAL),Old,PNW5004720 Charcoal,HARUKI SISAL,Charcoal,HARUKI SISAL -Charcoal,GRASS,36,0,0,4.6,4.66,,0,0,0,PNW5004720 Charcoal,9,7,8-10 weeks,6
F. SCHUMACHER & CO,X-Customer,Schu,Screen Print,SCH5010855 Cloud,5010855 HARUKI SISAL: CLOUD,Old,PNW5010855 Cloud,HARUKI SISAL,Cloud,HARUKI SISAL -Cloud,GRASS,36,0,0,4.6,4.66,,0,0,0,PNW5010855 Cloud,9,7,8-10 weeks,6
Cowtan and Tout,X-Customer,Schu,Screen Print,COWRH4447 Delft Blue,RH4447 DELFT BLUE,Old,PNW5004706 Cornflower,HARUKI SISAL,Cornflower,HARUKI SISAL -Cornflower,GRASS,36,0,0,4.6,4.66,,0,0,0,PNW5004713 Water Blue,9,7,8-10 weeks,6
McLaurin & Piercy,X-Customer,Schu,Screen Print,MCLRH4447 Delft Blue,RH4447 DELFT BLUE,Old,PNW5004706 Cornflower,HARUKI SISAL,Cornflower,HARUKI SISAL -Cornflower,GRASS,36,0,0,4.6,4.66,,0,0,0,PNW5004706 Cornflower,9,7,8-10 weeks,6
F. SCHUMACHER & CO,X-Customer,Schu,Screen Print,COW20242-02,20242-02,Current,COW20242-02,HARUKI SISAL,COW,HARUKI SISAL -COW,GRASS,36,0,0,4.6,4.66,,0,0,0,COW20242-02,9,7,8-10 weeks,6
F. SCHUMACHER & CO,X-Customer,Schu,Screen Print,SCH5004729 Flax,5004729 - HARUKI SISAL: FLAX,Old,PNW5004729 Flax,HARUKI SISAL,Flax,HARUKI SISAL -Flax,GRASS,36,0,0,4.6,4.66,,0,0,0,PNW5004729 Flax,9,7,8-10 weeks,6
F. SCHUMACHER & CO,X-Customer,Schu,Screen Print,SCH5004718 Haze,5004718 HARUKI SISAL HAZE,Old,PNW5004718 Haze,HARUKI SISAL,Haze,HARUKI SISAL -Haze,GRASS,36,0,0,4.6,4.66,,0,0,0,PNW5004718 Haze,9,7,8-10 weeks,6
Cowtan and Tout,X-Customer,Schu,Screen Print,COWBA06RSP Blue,Regular Waeve Sisal (Blue),Old,PNW5004722 Indigo,HARUKI SISAL,INDIGO,HARUKI SISAL -Indigo,GRASS,36,0,0,4.6,4.66,,0,0,0,PNW5004722 Indigo,9,7,8-10 weeks,6
F. SCHUMACHER & CO,X-Customer,Schu,Screen Print,SCH5004722 Indigo,5004722 HARUKI SISAL: INDIGO,Old,PNW5004722 Indigo,HARUKI SISAL,INDIGO,HARUKI SISAL -Indigo,GRASS,36,0,0,4.6,4.66,,0,0,0,PNW5004722 Indigo,9,7,8-10 weeks,6
Cowtan and Tout,X-Customer,Schu,Screen Print,COW5004716 48y Ivory,5004716 HARUKI SISAL IVORY,Old,PNW5004716 Ivory,HARUKI SISAL,Ivory,HARUKI SISAL -Ivory,GRASS,36,0,0,4.6,4.78,,0,0,0,PNW5004716 Ivory,9,7,8-10 weeks,6
Cowtan and Tout,X-Customer,Schu,Screen Print,COWSG2215 Buttercream,SISAL BUTTERCREAM,Old,PNW5004716 Ivory,HARUKI SISAL,Ivory,HARUKI SISAL -Ivory,GRASS,36,0,0,4.6,4.78,,0,0,0,PNW5004716 Ivory,9,7,8-10 weeks,6
F. SCHUMACHER & CO,X-Customer,Schu,Screen Print,SCHSG2215 Buttercream,SISAL BUTTERCREAM,Old,PNW5004716 Ivory,HARUKI SISAL,Ivory,HARUKI SISAL -Ivory,GRASS,36,0,0,4.6,4.78,,0,0,0,PNW5004716 Ivory,9,7,8-10 weeks,6
Meg Braff Designs,X-Customer,Schu,Screen Print,MBDSG2215 Buttercream,SISAL BUTTERCREAM,Old,PNW5004716 Ivory,HARUKI SISAL,Ivory,HARUKI SISAL -Ivory,GRASS,36,0,0,4.6,4.78,,0,0,0,PNW5004716 Ivory,9,7,8-10 weeks,6
Universal Converters & Importers,X-Customer,Schu,Screen Print,UCISG2215 Buttercream,SISAL BUTTERCREAM,Old,PNW5004716 Ivory,HARUKI SISAL,Ivory,HARUKI SISAL -Ivory,GRASS,36,0,0,4.6,4.78,,0,0,0,PNW5004716 Ivory,9,7,8-10 weeks,6
F. SCHUMACHER & CO,X-Customer,Schu,Screen Print,SCH5004715 Jet,5004715 - HARUKI SISAL: JET,Old,PNW5004715 Jet,HARUKI SISAL,Jet,HARUKI SISAL -Jet,GRASS,36,0,0,4.6,4.66,,0,0,0,PNW5004715 Jet,9,7,8-10 weeks,6
F. SCHUMACHER & CO,X-Customer,Schu,Screen Print,SCH5004719 Mandarin,5004719 MANDARIN,Old,PNW5004719 Mandarin,HARUKI SISAL,Mandarin,HARUKI SISAL -Mandarin,GRASS,36,0,0,4.6,4.66,,0,0,0,PNW5004719 Mandarin,9,7,8-10 weeks,6
Cowtan and Tout,X-Customer,Schu,Screen Print,COWMD4033 Mineral,MD4033 MINERAL,Old,PNW5010857 Mineral,HARUKI SISAL,Mineral,HARUKI SISAL -Mineral,GRASS,36,0,0,4.6,4.66,,0,0,0,PNW5010857 Mineral,9,7,8-10 weeks,6
F. SCHUMACHER & CO,X-Customer,Schu,Screen Print,SCH5010857 Mineral,5010857 HARUKI SISAL MINERAL,Old,PNW5010857 Mineral,HARUKI SISAL,Mineral,HARUKI SISAL -Mineral,GRASS,36,0,0,4.6,4.66,,0,0,0,PNW5010857 Mineral,9,7,8-10 weeks,6
McLaurin & Piercy,X-Customer,Schu,Screen Print,MCLMD4033 Mineral,MD4033 MINERAL,Old,PNW5010857 Mineral,HARUKI SISAL,Mineral,HARUKI SISAL -Mineral,GRASS,36,0,0,4.6,4.66,,0,0,0,PNW5010857 Mineral,9,7,8-10 weeks,6
Cowtan and Tout,X-Customer,Schu,Screen Print,COWMD5075 White Mist,MD5075 WHITE MIST,Old,PNW5010856 Mist,HARUKI SISAL,Mist,HARUKI SISAL -Mist,GRASS,36,0,0,4.6,4.66,,0,0,0,PNW5010856 Mist,9,7,8-10 weeks,6
F. SCHUMACHER & CO,X-Customer,Schu,Screen Print,SCH5010856 Mist,5010856 - HARUKI SISAL: MIST,Old,PNW5010856 Mist,HARUKI SISAL,Mist,HARUKI SISAL -Mist,GRASS,36,0,0,4.6,4.66,,0,0,0,PNW5010856 Mist,9,7,8-10 weeks,6
F. SCHUMACHER & CO,X-Customer,Schu,Screen Print,SCH5004703 Mocha,5004703 - HARUKI SISAL: MOCHA,Old,PNW5004703 Mocha,HARUKI SISAL,Mocha,HARUKI SISAL -Mocha,GRASS,36,0,0,4.6,4.66,,0,0,0,PNW5004703 Mocha,9,7,8-10 weeks,6
McLaurin & Piercy,X-Customer,Schu,Screen Print,MCLSG2207RSP (LIGHT BROWN),SG2207RSP (LIGHT BROWN),Old,PNW5004703 Mocha,HARUKI SISAL,Mocha,HARUKI SISAL -Mocha,GRASS,36,0,0,4.6,4.66,,0,0,0,PNW5004703 Mocha,9,7,8-10 weeks,6
Cowtan and Tout,X-Customer,Schu,Screen Print,COWBA03RSP Oatmeal,Regular Waeve Sisal (Oatmeal),Old,PNW5004701 Oatmeal,HARUKI SISAL,Oatmeal,HARUKI SISAL -Oatmeal,GRASS,36,0,0,4.6,4.66,,0,0,0,PNW5004701 Oatmeal,9,7,8-10 weeks,6
F. SCHUMACHER & CO,X-Customer,Schu,Screen Print,SCH5004701 Oatmeal,5004701 HARUKI SISAL: OATMEAL,Old,PNW5004701 Oatmeal,HARUKI SISAL,Oatmeal,HARUKI SISAL -Oatmeal,GRASS,36,0,0,4.6,4.66,,0,0,0,PNW5004701 Oatmeal,9,7,8-10 weeks,6
McLaurin & Piercy,X-Customer,Schu,Screen Print,MCLBA03RSP Oatmeal,Regular Weave Sisal (Oatmeal),Old,PNW5004701 Oatmeal,HARUKI SISAL,Oatmeal,HARUKI SISAL -Oatmeal,GRASS,36,0,0,4.6,4.66,,0,0,0,PNW5004701 Oatmeal,9,7,8-10 weeks,6
Universal Converters & Importers,X-Customer,Schu,Screen Print,UCIBA03RSP Oatmeal,Regular Weave Sisal (Oatmeal),Old,PNW5004701 Oatmeal,HARUKI SISAL,Oatmeal,HARUKI SISAL -Oatmeal,GRASS,36,0,0,4.6,4.66,,0,0,0,PNW5004701 Oatmeal,9,7,8-10 weeks,6
Cowtan and Tout,X-Customer,Schu,Screen Print,COW5008841 PAPERWEAVE (NATURAL),5008841 PAPERWEAVE (NATURAL),Old,SCH5008841 PAPERWEAVE (NATURAL),HARUKI SISAL,Paperweave natural,HARUKI SISAL -Paperweave natural,GRASS,36,0,0,4.6,4.66,,0,0,0,PNW5008841 PAPERWEAVE (NATURAL),9,7,8-10 weeks,6
F. SCHUMACHER & CO,X-Customer,Schu,Screen Print,SCH5008841 PAPERWEAVE (NATURAL),5008841 PAPERWEAVE (NATURAL),Current,SCH5008841 PAPERWEAVE (NATURAL),HARUKI SISAL,Paperweave natural,HARUKI SISAL -Paperweave natural,GRASS,36,0,0,4.6,4.66,,0,0,0,PNW5008841 PAPERWEAVE (NATURAL),9,7,8-10 weeks,6
F. SCHUMACHER & CO,X-Customer,Schu,Screen Print,SCH5004712 Peacock,5004712 HARUKI SISAL PEACOCK,Old,PNW5004712 Peacock,HARUKI SISAL,Peacock,HARUKI SISAL -Peacock,GRASS,36,0,0,4.6,4.66,,0,0,0,PNW5004712 Peacock,9,7,8-10 weeks,6
F. SCHUMACHER & CO,X-Customer,Schu,Screen Print,SCH5010851 Petal,5010851 HARUKI SISAL PETAL,Old,PNW5010851 Petal,HARUKI SISAL,Petal,HARUKI SISAL -Petal,GRASS,36,0,0,4.6,4.66,,0,0,0,PNW5010851 Petal,9,7,8-10 weeks,6
F. SCHUMACHER & CO,X-Customer,Schu,Screen Print,SCH5004721 Plum,5003721 HARUKI SISAL PLUM,Old,PNW5004721 Plum,HARUKI SISAL,Plum,HARUKI SISAL -Plum,GRASS,36,0,0,4.6,4.66,,0,0,0,PNW5004721 Plum,9,7,8-10 weeks,6
F. SCHUMACHER & CO,X-Customer,Schu,Screen Print,SCH5004705 Robin's Egg,5004705 HARUKI SISAL,Old,PNW5004705 Robin's Egg,HARUKI SISAL,Robins,HARUKI SISAL -Robins,GRASS,36,0,0,4.6,4.66,,0,0,0,PNW5004705 Robin's Egg,9,7,8-10 weeks,6
F. SCHUMACHER & CO,X-Customer,Schu,Screen Print,SCH5004710 Sage,5008222 HARUKI SISAL SAGE,Old,PNW5004710 Sage,HARUKI SISAL,Sage,HARUKI SISAL -Sage,GRASS,36,0,0,4.6,4.66,,0,0,0,PNW5004710 Sage,9,7,8-10 weeks,6
F. SCHUMACHER & CO,X-Customer,Schu,Screen Print,SCH5010850 Sand,5010850 HARUKI SISAL: SAND,Old,PNW5010850 Sand,HARUKI SISAL,Sand,HARUKI SISAL -Sand,GRASS,36,0,0,4.6,4.66,,0,0,0,PNW5010850 Sand,9,7,8-10 weeks,6
F. SCHUMACHER & CO,X-Customer,Schu,Screen Print,SCH5004717 Lavender,5004717 - HARUKI SISAL: LAVENDER,Old,PNW5004717 Seaglass,HARUKI SISAL,Seaglass,HARUKI SISAL -Seaglass,GRASS,36,0,0,4.6,4.66,,0,0,0,PNW5004717 Lavender,9,7,8-10 weeks,6
F. SCHUMACHER & CO,X-Customer,Schu,Screen Print,SCH5004711 Sepia,5004711 - HARUKI SISAL: SEPIA,Old,PNW5004711 Sepia,HARUKI SISAL,Sepia,HARUKI SISAL -Sepia,GRASS,36,0,0,4.6,4.66,,0,0,0,PNW5004711 Sepia,9,7,8-10 weeks,6
Cowtan and Tout,X-Customer,Schu,Screen Print,COW5007872 HEMP SHIMMER (Silver),5007872 HEMP SHIMMER (SILVER),Old,PAR5007872 HEMP SHIMMER (Silver),HARUKI SISAL,Shimmer Silver,HARUKI SISAL -Shimmer Silver,GRASS,36,0,0,4.6,4.66,,0,0,0,PAR5007872 HEMP SHIMMER (Silver),9,7,8-10 weeks,6
F. SCHUMACHER & CO,X-Customer,Schu,Screen Print,SCH5007872 HEMP SHIMMER (Silver),5007872 HEMP SHIMMER (SILVER),Old,PAR5007872 HEMP SHIMMER (Silver),HARUKI SISAL,Shimmer Silver,HARUKI SISAL -Shimmer Silver,GRASS,36,0,0,4.6,4.66,,0,0,0,PAR5007872 HEMP SHIMMER (Silver),9,7,8-10 weeks,6
Cowtan and Tout,X-Customer,Schu,Screen Print,COWBA244 Silver,BA244 SILVER,Old,PARBA244 Silver,BA244 SILVER,SILVER,BA244 SILVER-Silver,GRASS,36,0,0,4.6,4.66,,0,0,0,PNW5004700 Silver,9,7,8-10 weeks,6
Cowtan and Tout,X-Customer,Schu,Screen Print,COWEG559 Blue,EG559 BLUE,Old,PNW5004700 Silver,HARUKI SISAL,SILVER,HARUKI SISAL -Silver,GRASS,36,0,0,4.6,4.66,,0,0,0,COWEG559 Blue,9,7,8-10 weeks,6
F. SCHUMACHER & CO,X-Customer,Schu,Screen Print,SCH5004700 Silver,5004700 HARUKI SISAL: SILVER,Old,PNW5004700 Silver,HARUKI SISAL,SILVER,HARUKI SISAL -Silver,GRASS,36,0,0,4.6,4.66,,0,0,0,PNW5004700 Silver,9,7,8-10 weeks,6
F. SCHUMACHER & CO,X-Customer,Schu,Screen Print,SCHEG559 Blue,EG559 BLUE,Old,PNW5004700 Silver,HARUKI SISAL,SILVER,HARUKI SISAL -Silver,GRASS,36,0,0,4.6,4.66,,0,0,0,SCHEG559 Blue,9,7,8-10 weeks,6
McLaurin & Piercy,X-Customer,Schu,Screen Print,MCLBA244 Silver,BA244 SILVER,Old,PARBA244 Silver,BA244 SILVER,SILVER,BA244 SILVER-Silver,GRASS,36,0,0,4.6,4.66,,0,0,0,PNW5004700 Silver,9,7,8-10 weeks,6
Universal Converters & Importers,X-Customer,Schu,Screen Print,UCIBA244 Silver,BA244 SILVER,Old,PARBA244 Silver,BA244 SILVER,SILVER,BA244 SILVER-Silver,GRASS,36,0,0,4.6,4.66,,0,0,0,PNW5004700 Silver,9,7,8-10 weeks,6
F. SCHUMACHER & CO,X-Customer,Schu,Screen Print,SCH5004713 Water Blue,5004713 HARUKI SISAL: WATER BLUE,Old,PNW5004713 Water Blue,HARUKI SISAL,Waterblue,HARUKI SISAL -Waterblue,GRASS,36,0,0,4.6,4.66,,0,0,0,PNW5004713 Water Blue,9,7,8-10 weeks,6
F. SCHUMACHER & CO,X-Customer,Schu,Screen Print,SCHKUBA CLOTH,RBC KUBA CLOTH,Old,PARKUBA CLOTH,Kuba Cloth,CLOTH,Kuba Cloth-CLOTH,FABRIC,60,0,0,9,31.6,,0,0,0,SCHKUBA CLOTH,41.08,41.08,,6
Quadrille Inc.,X-Customer,Schu,Screen Print,QUABM-6724 Silver,Lamitech Mylar,Old,PARBM-6724 Silver,Lamitech Mylar,SILVER,Lamitech Mylar-Silver,PAPER,30,0,0,7.7,7.7,,0,0,0,QUABM-6724 Silver,10.01,10.01,4-6 weeks,1.5
Quadrille Inc.,X-Customer,Schu,Screen Print,"QUACPG7100 30"" 500Y",WHITE COATED PAPER,Old,"PARCPG7100 30"" 500Y","Omni 7100 30""","30""","Omni 7100 30""-30""",PAPER,30,0,0,0.87,0.87,,0,0,0,"PARCPG7100 30"" 500Y",1.2,1.2,2-4 weeks,1
Quadrille Inc.,X-Customer,Schu,Screen Print,"QUACPG7113 30"" 500Y",ALMOST WHITE PAPER,Old,"PARCPG7113 30"" 500Y","OMNI ALMOST WHITE 30""","30""","OMNI ALMOST WHITE 30""-30""",PAPER,30,0,0,0.9,0.9,,0,0,0,"PARCPG7113 30"" 500Y",1.3,1.3,2-4 weeks,1
Meg Braff Designs,X-Customer,Schu,Screen Print,"MBDOM61Gold 30"" 50Y","30"" PAPER BACKED MYLAR (METALLIC)",Old,"BNYOM61Gold 30"" 50Y",Omni Metallic,Gold,Omni Metallic-Gold,PAPER,30,0,0,3.92,3.92,,0,0,0,"BNYOM61Gold 30"" 50Y",,,2-4 weeks,1
Quadrille Inc.,X-Customer,Schu,Screen Print,"QUACPG7101 30"" 500Y",COATED PAPER (OFF WHITE),Old,"PARCPG7101 30"" 500Y","OMNI OFF WHITE 30""",Off White,"OMNI OFF WHITE 30""-Off White",PAPER,30,0,0,0.98,0.98,,0,0,0,"PARCPG7101 30"" 500Y",1.3,1.3,2-4 weeks,1
McLaurin & Piercy,X-Customer,Schu,Screen Print,MCLP073 Oyster,P073 OYSTER-0021 PFP 137,Old,PARP073 Oyster,P073 Fabric,Oyster,P073 Fabric-Oyster,FABRIC,60,0,0,17.2,18.89,,0,0,0,PARLeon Bleached,17,17,1-2 weeks,0.5
Meg Braff Designs,X-Customer,Schu,Screen Print,MBDTemple Oyster,Temple Oyster,Old,PARComo Bleached,PARComo Bleached,Bleached,PARComo Bleached-Bleached,FABRIC,60,0,0,1,8.95,,0,0,0,PARComo Bleached,11.5,11.5,1-2 weeks,0.5
TAYLOR,X-Customer,Schu,Screen Print,MSK376W,100% Linen,Old,PARComo Bleached,PARComo Bleached,Bleached,PARComo Bleached-Bleached,FABRIC,60,0,0,0,8.95,,0,0,0,PARComo Bleached,,,,0.5
Walter G Textiles,X-Customer,Schu,Screen Print,WTGTemple Oyster,Temple Oyster,Old,PARComo Bleached,PARComo Bleached,Bleached,PARComo Bleached-Bleached,FABRIC,60,0,0,1,8.95,,0,0,0,PARComo Bleached,11.5,11.5,1-2 weeks,0.5
Meg Braff Designs,X-Customer,Schu,Screen Print,MBDTemple Oatmeal,Temple Oatmeal,Old,PARComo Natural,PARComo Natural,Oatmeal,PARComo Natural-Oatmeal,FABRIC,60,0,0,11.25,11.25,,0,0,0,PARComo Unbleached,11.5,11.5,1-2 weeks,0.5
Walter G Textiles,X-Customer,Schu,Screen Print,WTGTemple Oatmeal,Temple Oatmeal,Old,PARComo Natural,PARComo Natural,Oatmeal,PARComo Natural-Oatmeal,FABRIC,60,0,0,11.25,11.25,,0,0,0,PARComo Unbleached,11.5,11.5,1-2 weeks,0.5
Carleton V Ltd.,X-Customer,Schu,Screen Print,CRVA435 Oyster,A435 Oyster,Old,PARMadden Oyster PFP,PARMadden Oyster PFP,Oyster,PARMadden Oyster PFP-Oyster,FABRIC,60,0,0,12.42,8.6,,0,0,0,PARMadden Oyster PFP,16,16,4-6 weeks,3
Kravet,X-Customer,Schu,Screen Print,KRVA435Oyster,A435 Oyster,Old,PARMadden Oyster PFP,PARMadden Oyster PFP,Oyster,PARMadden Oyster PFP-Oyster,FABRIC,60,0,0,12.42,8.6,,0,0,0,PARMadden Oyster PFP,16,16,4-6 weeks,3
Meg Braff Designs,X-Customer,Schu,Screen Print,MBDA435 Oyster,A435 Oyster,Old,PARMadden Oyster PFP,PARMadden Oyster PFP,Oyster,PARMadden Oyster PFP-Oyster,FABRIC,60,0,0,12.42,8.6,,0,0,0,PARMadden Oyster PFP,16,16,4-6 weeks,3
F. SCHUMACHER & CO,X-Customer,Schu,Screen Print,SCHSilk Taffetta,Silk Taffetta,Old,PARSilk Taffetta,Silk Taffetta,Taffetta,Silk Taffetta-Taffetta,FABRIC,60,0,0,40,40,,0,0,0,PARSilk Taffetta,52,52,4-6 weeks,1.5
Meg Braff Designs,X-Customer,Schu,Screen Print,MBDSilk Taffetta,Dolly Silk Taffetta,Old,PARSilk Taffetta,Silk Taffetta,Taffetta,Silk Taffetta-Taffetta,FABRIC,60,0,0,40,40,,0,0,0,PARSilk Taffetta,52,52,4-6 weeks,1.5
Quadrille Inc.,X-Customer,Schu,Screen Print,"QUAOM07 30"" 250Y",WHITE PATENT VINYL,Old,"PAROM07 30"" 250Y",WHITE PATENT VINYL,,WHITE PATENT VINYL-,PAPER,30,0,0,1.62,1.62,,0,0,0,"PAROM07 30"" 250Y",2.2,2.2,4-6 weeks,1.5
Universal Converters & Importers,X-Customer,Schu,Screen Print,UCIWL410 Rust,WL410 JUTE RUST,Current,UCIWL410 Rust,WL410 JUTE,Rust,WL410 JUTE-Rust,GRASS,36,0,0,7.7,7.7,,0,0,0,UCIWL410 Rust,9,7,,
LIBECO,Screen Print,Schu,Screen Print,PARA308 Opt White,PARA308 Opt White,Current,PARA308 Opt White,PARA308 Opt White,,PARA308 Opt White-,FABRIC,60,15.8,15.8,15.8,15.8,,0,,,,,,,2
Griswold,Screen Print,Schu,Screen Print,PAR377 BLEACHED,377 BLEACHD,Current,PAR377 BLEACHED,377,Bleached,377-Bleached,FABRIC,60,12,12,12,12,,259,0,259,PAR377 BLEACHED,,,,
UNICRAFT TEXTILES,Screen Print,Schu,Screen Print,PAR531174,100% Linen Cross Dyed,Current,PAR531174,100% Linen Cross Dyed,,100% Linen Cross Dyed-,FABRIC,60,11.5,11.5,11.5,11.5,,416,0,416,,,,,
Griswold,Screen Print,Schu,Screen Print,PAR2-ply (WHITE),100% Cotton (2PLY WHITE),Current,PAR2-ply (WHITE),2 Ply,White,2 Ply-White,FABRIC,60,8.75,8.75,8.75,8.75,,419,0,419,PAR2-ply (WHITE),11.375,11.375,,
JAT Home,Screen Print,Schu,Screen Print,T-2525 (Bleached),55% linen/45% cotton,Current,T-2525 (Bleached),55% linen/45% cotton,,55% linen/45% cotton-,FABRIC,60,9.96,9.96,9.96,9.96,,1451,0,1451,,,,,
LIBECO,Screen Print,Schu,Screen Print,PARA308 Oatmeal,A308 oatmeal-0003 PFP 142 R05,Current,PARA308 Oatmeal,A308 Fabric,Oatmeal,A308 Fabric-Oatmeal,FABRIC,60,16.05,16.05,16.05,15.73,,153,0,153,PARA308 Oatmeal,20,20,4-6 weeks,1.5
LIBECO,Screen Print,Schu,Screen Print,PARA308 Oyster,A308 oyster-0021 PFP 142 R05,Current,PARA308 Oyster,A308 Fabric,Oyster,A308 Fabric-Oyster,FABRIC,60,15.73,15.73,15.73,15.73,,160,0,160,PARA308 Oyster,20,20,4-6 weeks,1.5
LIBECO,Screen Print,Schu,Screen Print,PARA683 Oatmeal,A683 Oatmeal,Current,PARA683 Oatmeal,A683 Fabric,Oatmeal,A683 Fabric-Oatmeal,FABRIC,60,12.64,12.64,12.64,12.64,,50,0,50,,,,,
LIBECO,Screen Print,Schu,Screen Print,PARA683 Oyster,A683 oyster-0021 PFP 140 R05,Current,PARA683 Oyster,A683 Fabric,Oyster,A683 Fabric-Oyster,FABRIC,60,13.17,13.17,13.17,13.17,,50,0,50,,,,,
P K TEXTILES LIMITED,Screen Print,Schu,Screen Print,PARAgra AC (75000 Cream),Agra AC (75000 Cream),Current,PARAgra AC (75000 Cream),Agra AC,Cream,Agra AC-Cream,FABRIC,60,19.5,22.78,19.5,19.5,,1747,0,1747,,25.35,25.35,,
P K TEXTILES LIMITED,Screen Print,Schu,Screen Print,PARAgra AC (151 Fog),Agra AC (151 Fog),Current,PARAgra AC (151 Fog),Agra AC,Fog,Agra AC-Fog,FABRIC,60,21.66,25.26,21.66,21.66,,129,0,129,,28.158,28.158,,
AHLSTROM NONWOVENS LLC,Digital,Schu,Digital,"BNYAhlstrom 60"" 200Y",UNCOATED NONWOVEN (WHITE),Current,"BNYAhlstrom 60"" 200Y",Ahlstrom,White,Ahlstrom-White,PAPER,60,2.1,2.1,2.1,2.1,,26197,26197,0,"BNYAhlstrom 60"" 200Y",,,,
ULTRAFLEX,Digital,Schu,Digital,"BNYBaliHai 54"" 100Y",BNY OWNED Bali Hai,Current,"BNYBaliHai 54"" 100Y",BaliHai Vinyl,White,BaliHai Vinyl-White,PAPER,54,2,2,2,2,,100,100,0,,,,,
OMNI W.C. INC,Screen Print,Schu,Screen Print,"PARCPG7601 30"" 500Y",COATED PAPER (CHAMPAGNE),Current,"PARCPG7601 30"" 500Y",Champagne Paper,,Champagne Paper -,PAPER,30,1.54,1.54,1.54,1.54,,20,0,20,"PARCPG7601 30"" 500Y",2,2,2-4 weeks,1
OMNI W.C. INC,Screen Print,Schu,Screen Print,"PARGR-FS-5006924 30"" 500Y",PH BLUSH COATED PAPER (CUSTOM),Current,"PARGR-FS-5006924 30"" 500Y",Custom Coating,Blush,Custom Coating-Blush,PAPER,30,1.1,1.1,1.1,1.2,,5000,0,5000,"PARGR-FS-5006924 30"" 500Y",1.6,1.6,4-6 weeks,1.5
OMNI W.C. INC,Screen Print,Schu,Screen Print,"PARGR-FS-5008181 30"" 500Y",BONE CUSTOM COATED,Current,"PARGR-FS-5008181 30"" 500Y",Custom Coating,BONE,Custom Coating-BONE,PAPER,30,0.99,0.99,0.99,1.2,,5000,0,5000,,,,,1.5
OMNI W.C. INC,Screen Print,Schu,Screen Print,"PARGR-FS-5006925 30"" 500Y",PH BUTTERCUP COATED PAPER (CUSTOM),Current,"PARGR-FS-5006925 30"" 500Y",Custom Coating,Buttercup,Custom Coating-Buttercup,PAPER,30,1.2,1.2,1.2,1.2,,5000,0,5000,"PARGR-FS-5006925 30"" 500Y",1.6,1.6,4-6 weeks,1.5
OMNI W.C. INC,Screen Print,Schu,Screen Print,"PARGR-FS-5008182 30"" 500Y",COLBALT CUSTOM COATED,Current,"PARGR-FS-5008182 30"" 500Y",Custom Coating,COLBALT,Custom Coating-COLBALT,PAPER,30,1.08,1.08,1.08,1.2,,1000,0,1000,,,,,1.5
OMNI W.C. INC,Screen Print,Schu,Screen Print,"PARGR-FS-5006920 30"" 500Y",PH CREAM COATED PAPER (CUSTOM),Current,"PARGR-FS-5006920 30"" 500Y",Custom Coating,Cream,Custom Coating-Cream,PAPER,30,1.1,1.1,1.1,1.2,,2000,0,2000,"PARGR-FS-5006920 30"" 500Y",1.6,1.6,4-6 weeks,1.5
OMNI W.C. INC,Screen Print,Schu,Screen Print,"PARGR-FS-5003281 30"" 500Y",DARK GREY CUSTOM COATED,Current,"PARGR-FS-5003281 30"" 500Y",Custom Coating,DARK GREY,Custom Coating-DARK GREY,PAPER,30,1.39,1.39,1.39,1.2,,4000,0,4000,,1.56,1.56,,1.5
OMNI W.C. INC,Screen Print,Schu,Screen Print,"PARGR-FS-5009160 30"" 500Y",DRAPERY BONE CUSTOM COATED,Current,"PARGR-FS-5009160 30"" 500Y",Custom Coating,Drapery Bone,Custom Coating-Drapery Bone,PAPER,30,1.41,1.41,1.41,1.41,,900,0,900,,1.833,1.833,,1.5
OMNI W.C. INC,Screen Print,Schu,Screen Print,"PARGR-FS-5006923 30"" 500Y",PH GRISAILLE COATED PAPER (CUSTOM),Current,"PARGR-FS-5006923 30"" 500Y",Custom Coating,Grisaille,Custom Coating-Grisaille,PAPER,30,1.2,1.2,1.2,1.2,,2500,0,2500,"PARGR-FS-5006923 30"" 500Y",1.6,1.6,4-6 weeks,1.5
OMNI W.C. INC,Screen Print,Schu,Screen Print,"PARGR-FS-5008740 30"" 500Y",INDIGO CUSTOM COATED,Current,"PARGR-FS-5008740 30"" 500Y",Custom Coating,INDIGO,Custom Coating-INDIGO,PAPER,30,1.23,1.23,1.23,1.23,,4500,0,4500,,1.56,1.56,,1.5
OMNI W.C. INC,Screen Print,Schu,Screen Print,"PARGR-FS-5003283 30"" 500Y",LIGHT BEIGE CUSTOM COATED,Current,"PARGR-FS-5003283 30"" 500Y",Custom Coating,LIGHT BEIGE,Custom Coating-LIGHT BEIGE,PAPER,30,0.98,0.98,0.98,1.2,,5000,0,5000,,1.56,1.56,,1.5
OMNI W.C. INC,Screen Print,Schu,Screen Print,"PARGR-FS-5003280 30"" 500Y",LIGHT BLUE CUSTOM COATED,Current,"PARGR-FS-5003280 30"" 500Y",Custom Coating,LIGHT BLUE,Custom Coating-LIGHT BLUE,PAPER,30,0.98,0.98,0.98,1.2,,5000,0,5000,,1.56,1.56,,1.5
OMNI W.C. INC,Screen Print,Schu,Screen Print,"PARGR-FS-5003341 30"" 500Y",METALLIC CUSTOM COATED,Current,"PARGR-FS-5003341 30"" 500Y",Custom Coating,Metallic,Custom Coating-Metallic,PAPER,30,1.51,1.51,1.51,1.2,,2750,0,2750,"PARGR-FS-5003341 30"" 500Y",2,2,4-6 weeks,1.5
OMNI W.C. INC,Screen Print,Schu,Screen Print,"PARGR-FS-5008741 30"" 500Y",MOONSTONE CUSTOM COATED,Current,"PARGR-FS-5008741 30"" 500Y",Custom Coating,MOONSTONE,Custom Coating-MOONSTONE,PAPER,30,1.38,1.38,1.38,1.2,,5000,0,5000,,1.56,1.56,,1.5
OMNI W.C. INC,Screen Print,Schu,Screen Print,"PARCPG-optic 1 60"" 125Y",CUSTOM COATED,Current,"PARCPG-optic 1 60"" 125Y",Custom Coating,Optic,Custom Coating-Optic,PAPER,60,1.84,1.84,1.84,1.2,,2250,0,2250,"PARCPG-optic 1 60"" 125Y",2.5,2.5,4-6 weeks,1.5
OMNI W.C. INC,Screen Print,Schu,Screen Print,"PARGR-FS-5003282 30"" 500Y",CUSTOM COATED SILVER,Current,"PARGR-FS-5003282 30"" 500Y",Custom Coating,SILVER,Custom Coating-SILVER,PAPER,30,1.38,1.38,1.38,1.2,,5000,0,5000,,1.56,1.56,,1.5
OMNI W.C. INC,Screen Print,Schu,Screen Print,"PARGR-FS-5006921 30"" 500Y",PH TOBACCO COATED PAPER (CUSTOM),Current,"PARGR-FS-5006921 30"" 500Y",Custom Coating,Tobacco,Custom Coating-Tobacco,PAPER,30,1.35,1.35,1.35,1.2,,4000,0,4000,"PARGR-FS-5006921 30"" 500Y",1.6,1.6,4-6 weeks,1.5
OMNI W.C. INC,Screen Print,Schu,Screen Print,"PARGR-FS-5006922 30"" 500Y",PH WHITE COATED PAPER (CUSTOM),Current,"PARGR-FS-5006922 30"" 500Y",Custom Coating,White,Custom Coating-White,PAPER,30,1.1,1.1,1.1,1.2,,6000,0,6000,"PARGR-FS-5006922 30"" 500Y",1.6,1.6,4-6 weeks,1.5
"NEENAH, INC",Digital,Schu,Digital,BNYDigiscape,Smooth Matte,Current,BNYDigiscape,Digiscape,,Digiscape-,PAPER,54,6.5,6.5,6.5,6.5,,2500,2500,0,BNYDigiscape,,,,
Dolly Fabrics,Screen Print,Schu,Screen Print,PARSILK MATKA,Dolly Silk Matka,Current,PARSILK MATKA,Dolly Silk Matka,White,Dolly Silk Matka-White,FABRIC,60,40,40,40,40,,81,0,81,,40,40,,1.5
WALLQUEST,Digital,Schu,Digital,E019 Vinal Sisal,E019 Vinal Sisal,Current,E019 Vinal Sisal,E019 Vinal Sisal,,E019 Vinal Sisal-,PAPER,54,5.1,5.1,5.1,5.1,,300,300,0,,,,8-10 weeks,1.5
RTE Machinery,Screen Print,Schu,Screen Print,PAREmmeron Bleached,Emmeron Bleached,Current,PAREmmeron Bleached,Emmeron Bleached,,Emmeron Bleached-,FABRIC,60,2.75,2.75,2.75,2.75,,985,0,985,,,,,
GREENLAND,Digital,Schu,Digital,"BNYGreenland 54"" 50Y",PAPER BACKED LINEN,Current,"BNYGreenland 54"" 50Y",Greenland,,Greenland-,PAPER,54,9.25,9.25,9.25,9.25,,2200,2200,0,"BNYGreenland 54"" 50Y",,,,
Griswold,Screen Print,Schu,Screen Print,PARSailcloth (Natural),Sailcloth (Natural),Current,PARSailcloth (Natural),Griswold Sailcloth,Natural,Griswold Sailcloth-Natural,FABRIC,60,8,8,8,8,,3645,0,3645,PARSailcloth (Natural),10.4,10.4,2-3 weeks,0.75
Griswold,Screen Print,Schu,Screen Print,PARSailcloth (White),Sailcloth (White),Current,PARSailcloth (White),Griswold Sailcloth,White,Griswold Sailcloth-White,FABRIC,60,8,8,8,8,,475,0,475,PARSailcloth (White),10.4,10.4,2-3 weeks,0.75
EPIC TEXTILES,Screen Print,Schu,Screen Print,PARHampton,100% Linen 58/60,Current,PARHampton,Hampton,White,Hampton-White,FABRIC,60,15.45,15.45,15.45,15.45,,464,0,464,PARLeon Bleached,17,17,1-2 weeks,0.5
"P+W International Co., Ltd.",Screen Print,Schu,Screen Print,PNW5010858 Aloe,HARUKI SISAL 5010858 ALOE,Current,PNW5010858 Aloe,HARUKI SISAL,Aloe,HARUKI SISAL -Aloe,GRASS,36,4.78,5.9,4.66,4.66,,2400,0,2400,PNW5010858 Aloe,9,7,8-10 weeks,6
TWIL WALLCOVERINGS,Screen Print,Schu,Screen Print,PARNAT4108RSP Angora,NAT4108RSP ANGORA,Current,PARNAT4108RSP Angora,HARUKI SISAL,Angora,HARUKI SISAL -Angora,GRASS,36,7.7,5.9,7.7,7.7,,736,0,736,,10.01,10.01,8-10 weeks,6
TWIL WALLCOVERINGS,Screen Print,Schu,Screen Print,PARHBD1018T Blanc,BLANC SISAL,Current,PARHBD1018T Blanc,HARUKI SISAL,Blanc,HARUKI SISAL -Blanc,GRASS,36,4.78,5.9,7.7,4.66,,1661,0,1661,PARHBD1018T Blanc,9,7,8-10 weeks,6
TWIL WALLCOVERINGS,Screen Print,Schu,Screen Print,PARSG2203 Brown,SG2203 BROWN,Current,PARSG2203 Brown,HARUKI SISAL,Brown,HARUKI SISAL -Brown,GRASS,36,7.7,5.9,7.7,7.7,,368,0,368,,,,8-10 weeks,6
"P+W International Co., Ltd.",Screen Print,Schu,Screen Print,PNW5004725 Caribbean,HARUKI SISAL 5004725 CARIBBEAN,Current,PNW5004725 Caribbean,HARUKI SISAL,Caribbean,HARUKI SISAL -Caribbean,GRASS,36,4.78,5.9,4.66,4.66,,612,0,612,PNW5004725 Caribbean,9,7,8-10 weeks,6
"P+W International Co., Ltd.",Screen Print,Schu,Screen Print,PNW5004708 Celery,HARUKI SISAL 5004708 CELERY,Current,PNW5004708 Celery,HARUKI SISAL,Celery,HARUKI SISAL -Celery,GRASS,36,4.78,5.9,4.66,4.66,,292,0,292,PNW5004708 Celery,9,7,8-10 weeks,6
"P+W International Co., Ltd.",Screen Print,Schu,Screen Print,PNW5004720 Charcoal,5004720 HARUKI SISAL CHARCOAL,Current,PNW5004720 Charcoal,HARUKI SISAL,Charcoal,HARUKI SISAL -Charcoal,GRASS,36,4.78,5.9,4.66,4.66,,4368,0,4368,PNW5004720 Charcoal,9,7,8-10 weeks,6
"P+W International Co., Ltd.",Screen Print,Schu,Screen Print,PNW5010855 Cloud,HARUKI SISAL CLOUD,Current,PNW5010855 Cloud,HARUKI SISAL,Cloud,HARUKI SISAL -Cloud,GRASS,36,4.78,5.9,4.66,4.66,,1496,0,1496,PNW5010855 Cloud,9,7,8-10 weeks,6
"P+W International Co., Ltd.",Screen Print,Schu,Screen Print,PNW5004706 Cornflower,5004706 HARUKI SISAL: CORNFLOWER,Current,PNW5004706 Cornflower,HARUKI SISAL,Cornflower,HARUKI SISAL -Cornflower,GRASS,36,4.78,5.9,4.66,4.66,,2944,0,2944,PNW5004706 Cornflower,9,7,8-10 weeks,6
"P+W International Co., Ltd.",Screen Print,Schu,Screen Print,PNW5010852 Dove,HARUKI SISAL 5010852 DOVE,Current,PNW5010852 Dove,HARUKI SISAL,Dove,HARUKI SISAL -Dove,GRASS,36,4.78,5.9,4.66,4.66,,2282,0,2282,PNW5010852 Dove,9,7,8-10 weeks,6
"P+W International Co., Ltd.",Screen Print,Schu,Screen Print,PNW5004702 Driftwood,HARUKI SISAL DRIFTWOOD,Current,PNW5004702 Driftwood,HARUKI SISAL,Driftwood,HARUKI SISAL -Driftwood,GRASS,36,4.78,5.9,4.66,4.66,,2016,0,2016,PNW5004702 Driftwood,9,7,8-10 weeks,6
"P+W International Co., Ltd.",Screen Print,Schu,Screen Print,PNW5004729 Flax,5004729 HARUKI SISAL: FLAX,Current,PNW5004729 Flax,HARUKI SISAL,Flax,HARUKI SISAL -Flax,GRASS,36,4.78,5.9,4.66,4.66,,259,0,259,PNW5004729 Flax,9,7,8-10 weeks,6
"P+W International Co., Ltd.",Screen Print,Schu,Screen Print,PNW5004724 Fog,HARUKI SISAL 5004724 FOG,Current,PNW5004724 Fog,HARUKI SISAL,Fog,HARUKI SISAL -Fog,GRASS,36,4.78,5.9,4.66,4.66,,2704,0,2704,PNW5004724 Fog,9,7,8-10 weeks,6
"P+W International Co., Ltd.",Screen Print,Schu,Screen Print,PNW5004727 Garnet,HARUKI SISAL Color: GARNET,Current,PNW5004727 Garnet,HARUKI SISAL,Garnet,HARUKI SISAL -Garnet,GRASS,36,4.78,5.9,4.66,4.66,,1008,0,1008,PNW5004727 Garnet,9,7,8-10 weeks,6
"P+W International Co., Ltd.",Screen Print,Schu,Screen Print,PNW5004718 Haze,5004718 HARUKI SISAL: HAZE,Current,PNW5004718 Haze,HARUKI SISAL,Haze,HARUKI SISAL -Haze,GRASS,36,4.78,5.9,4.66,4.66,,686,0,686,PNW5004718 Haze,9,7,8-10 weeks,6
"P+W International Co., Ltd.",Screen Print,Schu,Screen Print,PNW5004722 Indigo,5004722 HARUKI SISAL: INDIGO,Current,PNW5004722 Indigo,HARUKI SISAL,INDIGO,HARUKI SISAL -Indigo,GRASS,36,4.78,5.9,4.66,4.66,,9526,0,9526,PNW5004722 Indigo,9,7,8-10 weeks,6
"P+W International Co., Ltd.",Screen Print,Schu,Screen Print,PNW5004716 Ivory,5004716 HARUKI SISAL IVORY,Current,PNW5004716 Ivory,HARUKI SISAL,Ivory,HARUKI SISAL -Ivory,GRASS,36,4.78,5.9,4.78,4.78,,24714,2581,22133,PNW5004716 Ivory,9,7,8-10 weeks,6
"P+W International Co., Ltd.",Screen Print,Schu,Screen Print,PNW5004715 Jet,HARUKI SISAL JET,Current,PNW5004715 Jet,HARUKI SISAL,Jet,HARUKI SISAL -Jet,GRASS,36,4.78,5.9,4.66,4.66,,1296,0,1296,PNW5004715 Jet,9,7,8-10 weeks,6
"P+W International Co., Ltd.",Screen Print,Schu,Screen Print,PNW5004719 Mandarin,5004719 HARUKI SISAL Mandarin,Current,PNW5004719 Mandarin,HARUKI SISAL,Mandarin,HARUKI SISAL -Mandarin,GRASS,36,4.78,5.9,4.66,4.66,,758,0,758,PNW5004719 Mandarin,9,7,8-10 weeks,6
"P+W International Co., Ltd.",Screen Print,Schu,Screen Print,PNW5004726 (Mauve),HAUKI SISAL 5004726,Current,PNW5004726 (Mauve),HARUKI SISAL,Mauve,HARUKI SISAL -Mauve,GRASS,36,4.78,5.9,4.65,4.66,,453,0,453,PNW5004726 (Mauve),9,7,8-10 weeks,6
"P+W International Co., Ltd.",Screen Print,Schu,Screen Print,PNW5010857 Mineral,HARUKI SISAL MINERAL,Current,PNW5010857 Mineral,HARUKI SISAL,Mineral,HARUKI SISAL -Mineral,GRASS,36,4.78,5.9,4.66,4.66,,7920,0,7920,PNW5010857 Mineral,9,7,8-10 weeks,6
"P+W International Co., Ltd.",Screen Print,Schu,Screen Print,PNW5010856 Mist,5010856 - HARUKI SISAL: MIST,Current,PNW5010856 Mist,HARUKI SISAL,Mist,HARUKI SISAL -Mist,GRASS,36,4.78,5.9,4.66,4.66,,752,0,752,PNW5010856 Mist,9,7,8-10 weeks,6
"P+W International Co., Ltd.",Screen Print,Schu,Screen Print,PNW5004703 Mocha,5004703 HARUKI SISAL: MOCHA,Current,PNW5004703 Mocha,HARUKI SISAL,Mocha,HARUKI SISAL -Mocha,GRASS,36,4.78,5.9,4.66,4.66,,1667,0,1667,PNW5004703 Mocha,9,7,8-10 weeks,6
"P+W International Co., Ltd.",Screen Print,Schu,Screen Print,PNW5008841 PAPERWEAVE (NATURAL),5008841 KIKO PAPERWEAVE (NATURAL),Current,PNW5008841 PAPERWEAVE (NATURAL),HARUKI SISAL,Natural,HARUKI SISAL -Natural,GRASS,36,5.49,6.66,4.66,4.66,,1680,0,1680,PNW5008841 PAPERWEAVE (NATURAL),9,7,8-10 weeks,6
"P+W International Co., Ltd.",Screen Print,Schu,Screen Print,PNW5004707 Nile,5004707 HARUKI SISAL NILE,Current,PNW5004707 Nile,HARUKI SISAL,Nile,HARUKI SISAL -Nile,GRASS,36,4.78,5.9,4.66,4.66,,2342,0,2342,PNW5004707 Nile,9,7,8-10 weeks,6
"P+W International Co., Ltd.",Screen Print,Schu,Screen Print,PNW5004701 Oatmeal,5004701 HARUKI SISAL: OATMEAL,Current,PNW5004701 Oatmeal,HARUKI SISAL,Oatmeal,HARUKI SISAL -Oatmeal,GRASS,36,4.78,5.9,4.66,4.66,,4028,0,4028,PNW5004701 Oatmeal,9,7,8-10 weeks,6
"P+W International Co., Ltd.",Screen Print,Schu,Screen Print,PNW5004709 Olive,HARUKI SISAL 5004709 OLIVE,Current,PNW5004709 Olive,HARUKI SISAL,Olive,HARUKI SISAL -Olive,GRASS,36,4.78,5.9,4.66,4.66,,864,0,864,PNW5004709 Olive,9,7,8-10 weeks,6
"P+W International Co., Ltd.",Screen Print,Schu,Screen Print,PNW5008840 PAPERWEAVE (WHITE),5008840 KIKO PAPERWEAVE (WHITE),Current,PNW5008840 PAPERWEAVE (WHITE),HARUKI SISAL,Paperweave white,HARUKI SISAL -Paperweave white,GRASS,36,5.49,6.66,4.66,4.66,,1632,0,1632,PNW5008840 PAPERWEAVE (WHITE),9,7,8-10 weeks,6
"P+W International Co., Ltd.",Screen Print,Schu,Screen Print,PNW5004728 Parchment,HARUKI SISAL Parchment,Current,PNW5004728 Parchment,HARUKI SISAL,Parchment,HARUKI SISAL -Parchment,GRASS,36,4.78,5.9,4.66,4.66,,1776,0,1776,PNW5004728 Parchment,9,7,8-10 weeks,6
"P+W International Co., Ltd.",Screen Print,Schu,Screen Print,PNW5004704 Patina,HARUKI SISAL 5004704 PATINA,Current,PNW5004704 Patina,HARUKI SISAL,Patina,HARUKI SISAL -Patina,GRASS,36,4.78,5.9,4.66,4.66,,520,0,520,PNW5004704 Patina,9,7,8-10 weeks,6
"P+W International Co., Ltd.",Screen Print,Schu,Screen Print,PNW5004712 Peacock,HARUKI SISAL Color: PEACOCK,Current,PNW5004712 Peacock,HARUKI SISAL,Peacock,HARUKI SISAL -Peacock,GRASS,36,4.78,5.9,4.66,4.66,,480,0,480,PNW5004712 Peacock,9,7,8-10 weeks,6
"P+W International Co., Ltd.",Screen Print,Schu,Screen Print,PNW5010851 Petal,HARUKI SISAL Color: PETAL,Current,PNW5010851 Petal,HARUKI SISAL,Petal,HARUKI SISAL -Petal,GRASS,36,4.78,5.9,4.66,4.66,,1920,0,1920,PNW5010851 Petal,9,7,8-10 weeks,6
"P+W International Co., Ltd.",Screen Print,Schu,Screen Print,PNW5004721 Plum,5004724 HAURKI SISAL PLUM,Current,PNW5004721 Plum,HARUKI SISAL,Plum,HARUKI SISAL -Plum,GRASS,36,4.78,5.9,4.65,4.66,,3751,0,3751,PNW5004721 Plum,9,7,8-10 weeks,6
"P+W International Co., Ltd.",Screen Print,Schu,Screen Print,PNW5004705 Robin's Egg,HARUKI SISAL Color: ROBIN'S EGG,Current,PNW5004705 Robin's Egg,HARUKI SISAL,Robins,HARUKI SISAL -Robins,GRASS,36,4.78,5.9,4.66,4.66,,5390,0,5390,PNW5004705 Robin's Egg,9,7,8-10 weeks,6
"P+W International Co., Ltd.",Screen Print,Schu,Screen Print,PNW5004710 Sage,HARUKI SISAL 5004710 SAGE,Current,PNW5004710 Sage,HARUKI SISAL,Sage,HARUKI SISAL -Sage,GRASS,36,4.78,5.9,4.66,4.66,,2880,0,2880,PNW5004710 Sage,9,7,8-10 weeks,6
"P+W International Co., Ltd.",Screen Print,Schu,Screen Print,PNW5010850 Sand,5010850 HARUKI SISAL: SAND,Current,PNW5010850 Sand,HARUKI SISAL,Sand,HARUKI SISAL -Sand,GRASS,36,4.78,5.9,4.66,4.66,,3544,0,3544,PNW5010850 Sand,9,7,8-10 weeks,6
"P+W International Co., Ltd.",Screen Print,Schu,Screen Print,PNW5004717 Seaglass,5004717 HARUKI SISAL: SEAGLASS,Current,PNW5004717 Seaglass,HARUKI SISAL,Seaglass,HARUKI SISAL -Seaglass,GRASS,36,4.78,5.9,4.66,4.66,,6240,0,6240,PNW5004717 Seaglass,9,7,8-10 weeks,6
"P+W International Co., Ltd.",Screen Print,Schu,Screen Print,PNW5004711 Sepia,5004711 HARUKI SISAL Sepia,Current,PNW5004711 Sepia,HARUKI SISAL,Sepia,HARUKI SISAL -Sepia,GRASS,36,4.78,5.9,4.66,4.66,,2808,0,2808,PNW5004711 Sepia,9,7,8-10 weeks,6
TWIL WALLCOVERINGS,Screen Print,Schu,Screen Print,PAR5007871 PLATINUM SHIMMER,HEMP SHIMMER Color: PLATINUM SHIMMER,Current,PAR5007871 PLATINUM SHIMMER,HARUKI SISAL,Shimmer Platinum,HARUKI SISAL -Shimmer Platinum,GRASS,36,7.7,5.9,7.7,4.66,,936,0,936,,9,7,8-10 weeks,6
TWIL WALLCOVERINGS,Screen Print,Schu,Screen Print,PAR5007872 HEMP SHIMMER (Silver),5007872 HEMP SHIMMER (SILVER),Current,PAR5007872 HEMP SHIMMER (Silver),HARUKI SISAL,Shimmer Silver,HARUKI SISAL -Shimmer Silver,GRASS,36,7.7,5.9,7.7,4.66,,3950,0,3950,PAR5007872 HEMP SHIMMER (Silver),9,7,8-10 weeks,6
"P+W International Co., Ltd.",Screen Print,Schu,Screen Print,PNW5004700 Silver,5004700 HARUKI SISAL: SILVER,Current,PNW5004700 Silver,HARUKI SISAL,SILVER,HARUKI SISAL -Silver,GRASS,36,4.78,5.9,4.66,4.66,,8789,0,8789,PNW5004700 Silver,9,7,8-10 weeks,6
"P+W International Co., Ltd.",Screen Print,Schu,Screen Print,PNW5010853 Smoke,HARUKI SISAL 5010853 SMOKE,Current,PNW5010853 Smoke,HARUKI SISAL,Smoke,HARUKI SISAL -Smoke,GRASS,36,4.78,5.9,4.66,4.66,,864,0,864,PNW5010853 Smoke,9,7,8-10 weeks,6
"P+W International Co., Ltd.",Screen Print,Schu,Screen Print,PNW5010854 Thistle,HARUKI SISAL 5010854 THISTLE,Current,PNW5010854 Thistle,HARUKI SISAL,Thistle,HARUKI SISAL -Thistle,GRASS,36,4.78,5.9,4.66,4.66,,863,0,863,PNW5010854 Thistle,9,7,8-10 weeks,6
"P+W International Co., Ltd.",Screen Print,Schu,Screen Print,PNW5004713 Water Blue,5004713 HARUKI SISAL: WATER BLUE,Current,PNW5004713 Water Blue,HARUKI SISAL,Waterblue,HARUKI SISAL -Waterblue,GRASS,36,4.78,5.9,4.66,4.66,,3119,0,3119,PNW5004713 Water Blue,9,7,8-10 weeks,6
Rugs By Choice,Screen Print,Schu,Screen Print,PARKUBA CLOTH,Kuba Cloth Ivory (76700),Current,PARKUBA CLOTH,Kuba Cloth,CLOTH,Kuba Cloth-CLOTH,FABRIC,60,31.6,31.6,31.6,31.6,,15,0,15,Kuba Cloth Ivory (76700),41.08,41.08,,6
EPIC TEXTILES,Digital,Schu,Digital,BNYLondon H73,London H73,Current,BNYLondon H73,London,,London-,FABRIC,60,11.45,31.55,31.55,31.55,10.95,2696,2600,96,BNYLondon H73,,,,
"P+W International Co., Ltd.",Screen Print,Schu,Screen Print,PNW5007950 PM (Natural),Madagascar Raffia (Natural),Current,PNW5007950 PM (Natural),Madagascar Raffia,Natural,Madagascar Raffia-Natural,GRASS,54,7.95,9.49,7.95,7.95,,906,0,906,,,,,6
RTE Machinery,Screen Print,Schu,Screen Print,PARMandarin Oyster,Mandarin Oyster,Current,PARMandarin Oyster,Mandarin Oyster,,Mandarin Oyster-,FABRIC,60,8,8,8,8,,186,0,186,PARMadden Oyster PFP,16,16,4-6 weeks,1.5
SIROTEX Srl,Screen Print,Schu,Screen Print,PARMark,Mark,Current,PARMark,Mark,,Mark-,FABRIC,60,12.38,12.38,12.38,12.38,,1022,0,1022,,,,,
OMNI W.C. INC,Screen Print,Schu,Screen Print,"PARGR-FS 5008183 30"" 500Y",MINERAL CUSTOM COATED,Current,"PARGR-FS 5008183 30"" 500Y",MINERAL CUSTOM COATED,,MINERAL CUSTOM COATED-,PAPER,30,0.98,0.98,0.98,0.98,,1500,0,1500,,,,,
Carr Textile Corp.,Screen Print,Schu,Screen Print,PARFrench Twill (White),"MSF-WHT-59/60"" (White)",Current,PARFrench Twill (White),"MSF-WHT-59/60"" (White)",White,"MSF-WHT-59/60"" (White)-White",FABRIC,60,4.74,4.74,4.74,4.74,,441,0,441,,,,,
NEU KALISS SPZIALPAPIER,Digital,Schu,Digital,"BNYNeuKaliss 60"" 315Y",UNCOATED NON-WOVEN (WHITE),Current,"BNYNeuKaliss 60"" 315Y",Neu Kaliss,,Neu Kaliss -,PAPER,60,1.21,1.74,1.21,1.21,,98515,98515,0,"BNYNeuKaliss 60"" 315Y",,,,1
OMNI W.C. INC,Screen Print,Schu,Screen Print,"PARCPG7100 30"" 500Y",WHITE COATED PAPER,Current,"PARCPG7100 30"" 500Y","Omni 7100 30""","30""","Omni 7100 30""-30""",PAPER,30,0.87,0.87,0.87,0.87,,15574,0,15574,"PARCPG7100 30"" 500Y",1.2,1.2,2-4 weeks,1
OMNI W.C. INC,Screen Print,Schu,Screen Print,"PARCPG7100 40"" 250Y","WHITE COATED PAPER 40""",Current,"PARCPG7100 40"" 250Y","Omni 7100 40""","40""","Omni 7100 40""-40""",PAPER,40,1.83,1.83,1.83,1.83,,1000,0,1000,"PARCPG7100 40"" 250Y",2.4,2.4,2-4 weeks,1
OMNI W.C. INC,Digital,Schu,Digital,"BNYCPG7100 60"" 210Y","60"" COATED PAPER (WHITE)",Current,"BNYCPG7100 60"" 210Y","Omni 7100 60""","60""","Omni 7100 60""-60""",PAPER,60,1.83,1.83,1.83,1.83,,10536,9076,1460,"BNYCPG7100 60"" 210Y",,,2-4 weeks,1
OMNI W.C. INC,Digital,Schu,Digital,"DG-2046 60"" 125Y",OPTIC WHITE COATED,Old,"BNYCPG7100 60"" 210Y","Omni 7100 60""","60""","Omni 7100 60""-60""",PAPER,60,1.84,1.84,1.84,1.84,,625,0,625,,,,,1
OMNI W.C. INC,Screen Print,Schu,Screen Print,"PARCPG7119 60"" 500Y","EBONY COATED PAPER 60""",Current,"PARCPG7119 60"" 500Y",Omni 7119,Ebony,Omni 7119-Ebony,PAPER,60,2.5,2.5,2.5,2.5,,1375,0,1375,"PARCPG7119 60"" 500Y",3.2,3.2,2-4 weeks,1
OMNI W.C. INC,Screen Print,Schu,Screen Print,"PARCPG7113 30"" 500Y",ALMOST WHITE PAPER,Current,"PARCPG7113 30"" 500Y","OMNI ALMOST WHITE 30""","30""","OMNI ALMOST WHITE 30""-30""",PAPER,30,0.99,0.99,0.99,0.99,,13504,0,13504,"PARCPG7113 30"" 500Y",1.3,1.3,2-4 weeks,1
OMNI W.C. INC,Screen Print,Schu,Screen Print,"PARCPG7113 40"" 250Y","ALMOST WHITE PAPER 40""",Current,"PARCPG7113 40"" 250Y","OMNI ALMOST WHITE 40""","40""","OMNI ALMOST WHITE 40""-40""",PAPER,40,5.4,5.4,5.4,5.4,,1000,0,1000,,,,2-4 weeks,1
OMNI W.C. INC,Screen Print,Schu,Screen Print,"PARCPG7113 60"" 500Y","ALMOST WHITE PAPER 60""",Current,"PARCPG7113 60"" 500Y","OMNI ALMOST WHITE 60""","60""","OMNI ALMOST WHITE 60""-60""",PAPER,60,1.8,1.8,1.8,1.8,,1500,0,1500,"PARCPG7113 60"" 500Y",2.4,2.4,2-4 weeks,1
OMNI W.C. INC,Screen Print,Schu,Screen Print,"PAROM60 Silver 30"" 50Y","30"" PAPER BACKED MYLAR (SILVER)",Current,"PAROM60 Silver 30"" 50Y",Omni Metallic,SILVER,Omni Metallic-Silver,PAPER,30,3.65,3.65,3.65,3.92,,250,0,250,"PAROM60 Silver 30"" 50Y",4.745,4.745,2-4 weeks,1
OMNI W.C. INC,Screen Print,Schu,Screen Print,"PARCPG7101 30"" 500Y",COATED PAPER (OFF-WHITE),Current,"PARCPG7101 30"" 500Y","OMNI OFF WHITE 30""",Off White,"OMNI OFF WHITE 30""-Off White",PAPER,30,0.98,0.98,0.98,0.98,,12500,0,12500,"PARCPG7101 30"" 500Y",1.3,1.3,2-4 weeks,1
OMNI W.C. INC,Screen Print,Schu,Screen Print,"PARCPG7101 60"" 120Y",COATED PAPER (OFF-WHITE),Current,"PARCPG7101 60"" 120Y","OMNI OFF WHITE 60""",Off White,"OMNI OFF WHITE 60""-Off White",PAPER,60,2.18,2.18,2.18,2.18,,480,0,480,,2.834,2.834,2-4 weeks,1
Sattler,Screen Print,Schu,Screen Print,PARAT5409 Natural White,100% SOLUTION DYED ACRYLIC,Current,PARAT5409 Natural White,Outdoor Fabric,Pretreated,Outdoor Fabric-Pretreated,FABRIC,60,11,11,11,11,,1071,0,1071,PARAT5409 Natural White,15,15,4-6 weeks,1.5
LIBECO,Screen Print,Schu,Screen Print,PARP073Oatmeal,P073 oatmeal-0003 PFP 137 R05,Current,PARP073Oatmeal,P073 Fabric,Oatmeal,P073 Fabric-Oatmeal,FABRIC,60,18.2,18.2,18.2,18.2,,366,0,366,PARLeon Unbleached,17,17,4-6 weeks,1.5
LIBECO,Screen Print,Schu,Screen Print,PARP139 Flax,P139 Flax 142 cm,Current,PARP139 Flax,P139 Fabric,Flax,P139 Fabric-Flax,FABRIC,60,15.42,15.42,15.42,15.42,,107,0,107,PARComo Bleached,11.5,11.5,1-2 weeks,0.5
LIBECO,Screen Print,Schu,Screen Print,PARP392 Oatmeal,P392 Oatmeal,Current,PARP392 Oatmeal,P392 Fabric,Oatmeal,P392 Fabric-Oatmeal,FABRIC,60,15.44,15.44,15.44,14.57,,110,0,110,PARP392 Oatmeal,19,19,4-6 weeks,1.5
LIBECO,Screen Print,Schu,Screen Print,PARP392 White,P392 White,Current,PARP392 White,P392 Fabric,White,P392 Fabric-White,FABRIC,60,15.44,15.44,15.44,14.57,,150,0,150,PARP392 White,20,20,4-6 weeks,1.5
LIBECO,Screen Print,Schu,Screen Print,PARP533Flax,PARP533Flax,Current,PARP533Flax,P533,Flax,P533-Flax,FABRIC,60,22.01,22.01,22.01,22.01,,40,0,40,,,,,
LIBECO,Screen Print,Schu,Screen Print,ParP533 natural,ParP533 natural,Current,ParP533 natural,P533,Natural,P533-Natural,FABRIC,60,22.01,22.01,22.01,22.01,,50,0,50,ParP533 natural,28,28,4-6 weeks,1.5
Brooklyn Navy Yard,Digital,Schu,Digital,5018110-BNY,Palazzo 4 Panel Set - 5018110-BNY (Antique Blue),Current,5018110-BNY,Palazzo 4 Panel Set - 5018110-BNY (Antique Blue),,Palazzo 4 Panel Set - 5018110-BNY (Antique Blue)-,,60,9,9,9,9,,600,0,600,,,,,
Brooklyn Navy Yard,Digital,Schu,Digital,Palazzo Memos - MS5018110-BNY Antique,Palazzo 4 Panel Set Memos - MS5018110-BNY (Antique Blue),Current,Palazzo Memos - MS5018110-BNY Antique,Palazzo 4 Panel Set Memos - MS5018110-BNY (Antique Blue),,Palazzo 4 Panel Set Memos - MS5018110-BNY (Antique Blue)-,,60,14.43,14.43,14.43,14.43,,90,0,90,,,,,
EPIC TEXTILES,Screen Print,Schu,Screen Print,PARComo Bleached,100% Linen (7.5 oz/sqyd),Current,PARComo Bleached,PARComo Bleached,Bleached,PARComo Bleached-Bleached,FABRIC,60,10.44,10.44,10.44,10.44,,2365,0,2365,PARComo Bleached,11.5,11.5,1-2 weeks,0.5
EPIC TEXTILES,Screen Print,Schu,Screen Print,PARComo Semi-Natural,100% Linen (7.5 oz/Sqryd),Current,PARComo Semi-Natural,PARComo Semi-Natural,Semi-Natural,PARComo Semi-Natural-Semi-Natural,FABRIC,60,11.25,11.25,11.25,11.25,,2068,0,2068,,,,,1.5
Griswold,Screen Print,Schu,Screen Print,PARCotton Sateen,Cotton Sateen,Current,PARCotton Sateen,PARCotton Sateen,,PARCotton Sateen-,FABRIC,60,9,9,9,9,,39,0,39,,,,,
EPIC TEXTILES,Screen Print,Schu,Screen Print,PARLeon Bleached,Leon Bleached,Current,PARLeon Bleached,PARLeon Bleached,Bleached,PARLeon Bleached-Bleached,FABRIC,60,12.95,12.95,12.95,12.95,,1721,0,1721,PARLeon Bleached,17,17,1-2 weeks,0.5
EPIC TEXTILES,Screen Print,Schu,Screen Print,PARLeon Natural,Leon Unbleached,Current,PARLeon Natural,ParLeon Unbleached,Unbleached,ParLeon Unbleached-Unbleached,FABRIC,60,14.94,14.94,14.94,14.94,,999,0,999,,,,,0.5
ULSTER WEAVERS,Screen Print,Schu,Screen Print,PARMadden Oyster PFP,MADOYS142PFP Madden,Current,PARMadden Oyster PFP,PARMadden Oyster PFP,Oyster,PARMadden Oyster PFP-Oyster,FABRIC,60,8.6,10.24,8.6,8.6,,3751,0,3751,PARMadden Oyster PFP,16,16,4-6 weeks,3
EPIC TEXTILES,Screen Print,Schu,Screen Print,PAROrbit Oyster,100% Linen,Current,PAROrbit Oyster,PAROrbit Oyster,Oyster,PAROrbit Oyster-Oyster,FABRIC,60,15.75,15.75,15.75,15.75,,600,0,600,PAROrbit Oyster,,,,1.5
P K TEXTILES LIMITED,Screen Print,Schu,Screen Print,PARThar (Ivory),100% Raw Silk,Current,PARThar (Ivory),ParThar,Ivory,ParThar-Ivory,FABRIC,60,14.58,17.12,14.58,14.58,,586,0,586,,,,,
P K TEXTILES LIMITED,Screen Print,Schu,Screen Print,PARThar (Sesame),100% Raw Silk,Current,PARThar (Sesame),ParThar,Sesame,ParThar-Sesame,FABRIC,60,14.58,17.12,14.58,14.58,,607,0,607,,,,,
OMNI W.C. INC,Digital,Schu,Digital,"BNYDG2061 60"" 250Y","60"" PEEL & STICK (WHITE)",Current,"BNYDG2061 60"" 250Y",Peel & Stick,White,Peel & Stick-White,PAPER,60,5.01,5.01,5.01,5.01,,2130,2130,0,"BNYDG2061 60"" 250Y",,,,2
Sattler,Screen Print,Schu,Screen Print,PARProse (14500 Snow),Prose (14500 Snow),Current,PARProse (14500 Snow),Prose (14500 Snow),,Prose (14500 Snow)-,FABRIC,30,14.01,14.01,14.01,14.01,,817,0,817,,18.213,18.213,,
PREMEX SOLUTIONS,Digital,Schu,Digital,BNY2471 Viscosity Non Optic Pigment,2471 Viscosity Non Optic Pigment,Current,BNY2471 Viscosity Non Optic Pigment,Serena Poly Fabric,,Serena Poly Fabric-,FABRIC,60,10.9,28.25,28.25,19.89,,300,300,0,BNY2471 Viscosity Non Optic Pigment,,,,
TWIL WALLCOVERINGS,Screen Print,Schu,Screen Print,PARSG2207RSP (LIGHT BROWN),SG2207RSP (LIGHT BROWN),Current,PARSG2207RSP (LIGHT BROWN),SG2207RSP (LIGHT BROWN),,SG2207RSP (LIGHT BROWN)-,GRASS,36,7.7,8.01,7.7,7.7,,209,0,209,,10.01,10.01,8-10 weeks,6
"P+W International Co., Ltd.",Screen Print,Schu,Screen Print,PNW5007861 Aqua,SHADED SILK 5007861 AQUA,Current,PNW5007861 Aqua,SHADED SILK,Aqua,SHADED SILK-Aqua,FABRIC,60,16.83,19.7,18,18,,950,0,950,,,,,6
"P+W International Co., Ltd.",Screen Print,Schu,Screen Print,PNW5010275 Fawn,SHADED SILK 5010275 Fawn,Current,PNW5010275 Fawn,SHADED SILK,Fawn,SHADED SILK-Fawn,FABRIC,60,18,21.05,18,18,,1053,0,1053,,,,,6
OMNI W.C. INC,Screen Print,Schu,Screen Print,"PARCPG7600 30"" 500Y",COATED PAPER (SILVER),Current,"PARCPG7600 30"" 500Y",SILVER PAPER,,SILVER PAPER-,PAPER,30,1.51,1.51,1.51,1.51,,295,0,295,"PARCPG7600 30"" 500Y",2,2,2-4 weeks,1
"Dwell America, LLC",Screen Print,Schu,Screen Print,PARSussex Bleached DWL,55% Linen / 45% Cotton,Current,PARSussex Bleached DWL,Sussex Bleached,,Sussex Bleached-,FABRIC,60,6.7,8.2,8.2,8.2,,1399,0,1399,,,,,
"Dwell America, LLC",Screen Print,Schu,Screen Print,PARSussex Natural DWL,55% Linen / 45% Cotton,Current,PARSussex Natural DWL,SUSSEX-NATURAL,,SUSSEX-NATURAL -,FABRIC,60,6.7,8.2,8.2,8.2,,947,0,947,,,,,
OMNI W.C. INC,Digital,Schu,Digital,"TYPE II GOLD MYLAR / NON-WOVEN 20oz 30""","TYPE II GOLD MYLAR / NON-WOVEN 20oz 30""",Current,"TYPE II GOLD MYLAR / NON-WOVEN 20oz 30""","TYPE II GOLD MYLAR / NON-WOVEN 20oz 30""",,"TYPE II GOLD MYLAR / NON-WOVEN 20oz 30""-",GRASS,30,6.96,6.96,6.96,6.96,,600,0,600,,,,,
OMNI W.C. INC,Screen Print,Schu,Screen Print,"PAROM01 30"" 250Y",WHITE MATTE VINYL,Current,"PAROM01 30"" 250Y",WHITE MATTE VINYL,,WHITE MATTE VINYL-,PAPER,30,1.62,1.62,1.62,1.62,,4821,0,4821,"PAROM01 30"" 250Y",2.2,2.2,4-6 weeks,1.5
OMNI W.C. INC,Screen Print,Schu,Screen Print,"PAROM07 30"" 250Y",WHITE PATENT VINYL,Current,"PAROM07 30"" 250Y",WHITE PATENT VINYL,,WHITE PATENT VINYL-,PAPER,30,1.6,1.6,1.6,1.62,,2300,0,2300,"PAROM07 30"" 250Y",2.2,2.2,4-6 weeks,1.5
